v -0.0352 -0.011329958 0.04
v -0.0352 -0.010794995 0.040970888
v -0.0352 -0.010170323 0.04
v -0.0352 -0.010129352 0.04
v -0.0352 -0.010087191 0.04
v -0.0352 -0.010044465 0.04
v -0.0352 -0.009440515 0.044033647
v -0.0352 -0.009412218 0.044106252
v -0.0352 -0.005564713 0.04
v -0.0352 -0.005373156 0.04
v -0.0352 -0.005274625 0.044106252
v -0.0352 -0.005165592 0.04
v -0.0352 -0.004942104 0.04
v -0.0352 -0.004703106 0.04
v -0.0352 -0.001896555 0.04
v -0.0352 -0.001775741 0.04
v -0.0352 -0.001651257 0.04
v -0.0352 -0.001632358 0.04
v -0.0352 -0.001506823 0.04
v -0.0352 -0.001379793 0.04
v -0.0352 -0.00100279 0.04
v -0.0352 -0.000916077 0.04
v -0.0352 -0.000827781 0.04
v -0.0352 -0.000738793 0.04
v -0.0352 -0.000650055 0.04
v -0.0352 -0.000562554 0.04
v -0.0352 -0.000477297 0.04
v -0.0352 -0.000395289 0.04
v -0.0352 -0.000317523 0.04
v -0.0352 -0.000244938 0.04
v -0.0352 -0.0001784 0.04
v -0.0352 -0.000118711 0.04
v -0.0352 -6.6534e-05 0.04
v -0.0352 -2.2433e-05 0.04
v -0.0352 0.000559126 0.04
v -0.0352 0.000659339 0.04
v -0.0352 0.00076752 0.04
v -0.0352 0.000882331 0.04
v -0.0352 0.001002374 0.04
v -0.0352 0.00112623 0.04
v -0.0352 0.001252494 0.04
v -0.0352 0.001379793 0.04
v -0.0352 0.001506823 0.04
v -0.0352 0.001632358 0.04
v -0.0352 0.001755263 0.04
v -0.0352 0.001874511 0.04
v -0.0352 0.001989196 0.04
v -0.0352 0.004756201 0.04
v -0.0352 0.004976801 0.04
v -0.0352 0.005182148 0.04
v -0.0352 0.005372055 0.04
v -0.0352 0.005546583 0.04
v -0.0352 0.00570598 0.04
v -0.0352 0.00585064 0.04
v -0.0352 0.005981042 0.04
v -0.0352 0.006097702 0.04
v -0.0352 0.006201185 0.04
v -0.0352 0.006292039 0.04
v -0.0352 0.006370802 0.04
v -0.0352 0.006437988 0.04
v -0.0352 0.006494078 0.04
v -0.0352 0.006539504 0.04
v -0.0352 0.00657466 0.04
v -0.0352 0.009412218 0.044106252
v -0.0352 0.010759944 0.041041832
v -0.0352 0.011331223 0.04
v -0.035199579 -0.011348485 0.04
v -0.035199445 -0.011369295 0.04
v -0.035199445 -0.010416248 0.041894704
v -0.035199322 0.009479955 0.044108119
v -0.03519883 -0.00950082 0.044109464
v -0.035198214 -0.011397 0.04
v -0.035196823 0.011438367 0.04
v -0.035196502 0.00956393 0.044115867
v -0.035196017 0.010503988 0.041935362
v -0.035196017 0.011477487 0.04
v -0.035195522 -0.00958328 0.044118561
v -0.035191588 0.009644155 0.044129368
v -0.035190392 -0.011573053 0.04
v -0.035190392 -0.01058149 0.041971274
v -0.035190273 -0.009660849 0.044132974
v -0.035188411 -0.011593024 0.04
v -0.035184659 0.009720999 0.044148404
v -0.035182992 0.011657277 0.04
v -0.035182469 -0.009741038 0.044154424
v -0.035181779 0.010663359 0.042009212
v -0.035181779 0.011674007 0.04
v -0.035175141 -0.00979925 0.044174559
v -0.035175141 0.00979925 0.044174559
v -0.035170238 -0.011776234 0.04
v -0.035170238 -0.010746261 0.042047627
v -0.035168352 -0.01178842 0.04
v -0.035155968 0.011875948 0.04
v -0.035154812 0.010834464 0.042088501
v -0.035154812 0.011884995 0.04
v -0.035154808 0.009924039 0.044221535
v -0.035138994 -0.011978069 0.04
v -0.035138994 -0.010909943 0.042123478
v -0.035138049 -0.011982532 0.04
v -0.03513639 0.010013888 0.044254687
v -0.035136387 -0.01001382 0.044254731
v -0.035116006 0.01209328 0.04
v -0.035115987 0.011003458 0.04216681
v -0.035115987 0.012093382 0.04
v -0.035115983 0.010099003 0.044285569
v -0.035115398 0.012095775 0.04
v -0.035114071 -0.012095776 0.04
v -0.035096705 -0.012160174 0.040035021
v -0.035096705 -0.01107191 0.042198531
v -0.035096703 -0.012180615 0.04
v -0.035096679 -0.010170029 0.044311084
v -0.035096309 -0.012182243 0.04
v -0.03507581 0.010239705 0.044335496
v -0.035075687 -0.010239955 0.044335738
v -0.035067644 0.012296293 0.04
v -0.035067465 0.010265785 0.044344597
v -0.035065695 0.012304661 0.04
v -0.035065558 0.011169514 0.04224376
v -0.035065558 0.012254677 0.040086415
v -0.035045169 -0.012378111 0.04
v -0.035043471 -0.012314734 0.040119074
v -0.035043471 -0.01123154 0.042272501
v -0.035043468 -0.012384396 0.04
v -0.035043437 -0.010336268 0.044369094
v -0.035040052 -0.01239526 0.04
v -0.035008952 0.01249509 0.04
v -0.0350038 0.011331991 0.042319048
v -0.0350038 0.012411995 0.040171966
v -0.0350038 0.012512738 0.04
v -0.035001215 0.012520369 0.04
v -0.034995876 0.01046083 0.044411056
v -0.034995578 -0.010461455 0.044411387
v -0.034979716 -0.01258375 0.04
v -0.034979422 -0.012466433 0.040201571
v -0.034979422 -0.011388215 0.042345103
v -0.034978762 0.010501704 0.044424616
v -0.03497259 -0.012602733 0.04
v -0.034935572 0.012702856 0.04
v -0.034931037 0.012715113 0.04
v -0.03493103 0.011490275 0.042392395
v -0.03493103 0.012565251 0.040255312
v -0.034931023 0.010607312 0.044459034
v -0.034904755 -0.012780421 0.04
v -0.034904748 -0.012614677 0.04028219
v -0.034904748 -0.011541322 0.042416051
v -0.034900528 -0.012790432 0.04
v -0.034897327 0.010675672 0.044480816
v -0.034896795 -0.010676689 0.044481158
v -0.034865931 0.010735578 0.044499572
v -0.034859618 0.012882962 0.04
v -0.034847871 0.012910977 0.04
v -0.034847606 0.011643771 0.042463526
v -0.034847606 0.012713872 0.040336132
v -0.03483016 -0.009416079 0.045122381
v -0.03483016 0.009416079 0.045122381
v -0.034827447 -0.012953989 0.04
v -0.034819679 -0.012971048 0.04
v -0.034819663 -0.012758881 0.040360611
v -0.034819663 -0.011690256 0.042485066
v -0.034819648 -0.010818231 0.044524916
v -0.034807565 -0.012995055 0.04
v -0.034784209 0.0108776 0.044542715
v -0.034784034 -0.010877869 0.044542827
v -0.034770304 0.013067698 0.04
v -0.034753937 0.01310124 0.04
v -0.034753915 0.011791907 0.042532168
v -0.034753915 0.012857304 0.040414136
v -0.034745796 0.013116251 0.04
v -0.034728996 0.0109643 0.044568103
v -0.034728985 -0.010964271 0.044568174
v -0.034727306 -0.013150445 0.04
v -0.034724433 -0.01289847 0.040436521
v -0.034724433 -0.011834425 0.042551871
v -0.034724403 -0.010971176 0.04457017
v -0.034705631 -0.013187911 0.04
v -0.034661431 0.013264534 0.04
v -0.034651127 -0.011076377 0.044599939
v -0.034651075 0.011076531 0.044599839
v -0.034650426 0.01328349 0.04
v -0.034650389 0.01193414 0.042598076
v -0.034650389 0.012995018 0.040489025
v -0.034619393 -0.013333655 0.04
v -0.034619369 -0.013032883 0.040509619
v -0.034619369 -0.011973247 0.0426162
v -0.034619328 -0.011119235 0.044611719
v -0.034614418 -0.01334151 0.04
v -0.034568623 0.011184601 0.044629112
v -0.034568593 -0.011184537 0.044629265
v -0.034562247 0.013419149 0.04
v -0.03453928 0.013455071 0.04
v -0.03453749 0.012069949 0.042661011
v -0.03453749 0.013126514 0.040560536
v -0.034537472 0.011222971 0.044639181
v -0.034525074 -0.013474144 0.04
v -0.034504867 -0.013504066 0.04
v -0.034504812 -0.013161574 0.040579602
v -0.034504812 -0.012106159 0.04267779
v -0.034496553 0.011271534 0.044651665
v -0.034496151 -0.011271903 0.044651918
v -0.034489011 -0.013525612 0.04
v -0.034481958 -0.009058622 0.046079058
v -0.034481958 0.009058622 0.046079058
v -0.034446777 0.013580307 0.04
v -0.034443628 -0.009301661 0.04615226
v -0.034443628 0.009301661 0.04615226
v -0.034422461 -0.009398949 0.046179447
v -0.034422461 0.009398947 0.046179447
v -0.034415707 0.012198847 0.042720739
v -0.034415707 0.013251318 0.040628407
v -0.03441152 0.01362839 0.04
v -0.034394178 -0.013649761 0.04
v -0.034386121 0.011393269 0.04468159
v -0.034384936 -0.00954292 0.046217415
v -0.034384936 0.00954292 0.046217415
v -0.034382187 -0.013665095 0.04
v -0.034381155 -0.013284012 0.040646188
v -0.034381155 -0.012232613 0.042736389
v -0.03438111 -0.011398434 0.044682916
v -0.034353234 0.009646617 0.046243064
v -0.03435323 -0.009646625 0.046243068
v -0.034348932 -0.013704024 0.04
v -0.034346644 -0.00966667 0.046247859
v -0.034346644 0.00966667 0.046247859
v -0.034325927 0.011454539 0.044695847
v -0.034324944 -0.011455469 0.044696119
v -0.034314705 0.013744128 0.04
v -0.034306314 -0.009780633 0.046274044
v -0.034306314 0.009780633 0.046274044
v -0.034302622 0.009790411 0.046276208
v -0.034285884 0.013778661 0.04
v -0.034285806 0.012320168 0.042776961
v -0.034285806 0.013368786 0.040692288
v -0.034285787 0.01149361 0.044704624
v -0.034266988 0.013799416 0.04
v -0.034260608 0.009895464 0.04629859
v -0.034252744 -0.009913993 0.046302371
v -0.034249057 -0.013819454 0.04
v -0.034249008 -0.013399529 0.040709008
v -0.034249008 -0.012351919 0.042791672
v -0.034248974 -0.011528243 0.044712204
v -0.034239534 -0.013829738 0.04
v -0.034208339 -0.01001306 0.046321735
v -0.034208339 0.01001306 0.046321735
v -0.034196995 0.010037005 0.046326194
v -0.034183443 0.011587327 0.044724591
v -0.034183439 -0.011587325 0.044724591
v -0.03416557 0.013906524 0.04
v -0.034152437 0.00875001 0.046984404
v -0.034147956 0.013924699 0.04
v -0.034147874 0.012433914 0.04282967
v -0.034147874 0.01347892 0.040752184
v -0.03414705 0.01161876 0.044730913
v -0.034145843 -0.011619778 0.044731122
v -0.034144245 0.010142244 0.046344735
v -0.034137417 -0.013933943 0.04
v -0.03413539 -0.010159024 0.046347529
v -0.034108548 -0.013963225 0.04
v -0.034108467 -0.013507965 0.040767979
v -0.034108467 -0.012463912 0.042843569
v -0.034108445 -0.011651073 0.044737227
v -0.034091726 -0.010238498 0.046360135
v -0.034091726 0.010238498 0.046360135
v -0.034087052 -0.013983348 0.04
v -0.03407529 0.011678064 0.044742264
v -0.034067988 0.01027962 0.046366241
v -0.034044559 0.014020966 0.04
v -0.034006698 0.01405681 0.04
v -0.034004424 0.0103835 0.046380356
v -0.03400271 0.012539475 0.042878583
v -0.03400271 0.013581128 0.040807765
v -0.033994894 -0.010398357 0.046382215
v -0.033980921 -0.014078734 0.04
v -0.033974458 0.011755797 0.044755932
v -0.033973545 -0.011756365 0.044756234
v -0.033960288 -0.014096841 0.04
v -0.033960205 -0.013608686 0.040822752
v -0.033960205 -0.012567937 0.042891774
v -0.033957329 -0.010455299 0.046388961
v -0.033957329 0.010455299 0.046388961
v -0.033926096 -0.014124508 0.04
v -0.033925954 -0.010500981 0.046393927
v -0.033916242 -0.010514801 0.046395347
v -0.033916242 0.010514801 0.046395347
v -0.033900679 0.014143569 0.04
v -0.033850978 0.014184932 0.04
v -0.033850912 0.01263649 0.04292354
v -0.033850912 0.013675062 0.040858846
v -0.033847179 0.011845414 0.044769768
v -0.033839778 0.014193462 0.04
v -0.033816435 -0.014210915 0.04
v -0.03380613 -0.010661873 0.046408009
v -0.03380613 0.010661873 0.046408009
v -0.033804819 -0.014219698 0.04
v -0.033804759 -0.013701254 0.040873092
v -0.033804759 -0.012663541 0.042936075
v -0.033804689 -0.011873201 0.044773925
v -0.033779074 0.011889783 0.044775743
v -0.03377809 -0.011890229 0.044776142
v -0.033757739 -0.01425242 0.04
v -0.033752918 0.010727319 0.04641211
v -0.033752888 -0.010727354 0.046412114
v -0.033746414 0.0 0.048099946
v -0.033745438 -6.5367e-05 0.048102628
v -0.033745438 6.5367e-05 0.048102628
v -0.033743039 -0.010739109 0.046412744
v -0.033742517 -0.000130236 0.048110653
v -0.033742517 0.000130236 0.048110653
v -0.033737674 -0.000194114 0.048123963
v -0.033737674 0.000194114 0.048123963
v -0.033730946 -0.000256515 0.048142452
v -0.033730946 0.000256515 0.048142452
v -0.033730723 0.014271504 0.04
v -0.033722382 -0.000316964 0.048165977
v -0.033722382 0.000316964 0.048165977
v -0.033712048 -0.000375 0.048194367
v -0.033712048 0.000375 0.048194367
v -0.033700023 -0.000430182 0.048227403
v -0.033700023 0.000430182 0.048227403
v -0.033693205 0.014298182 0.04
v -0.033693098 0.012724639 0.042964388
v -0.033693098 0.01376041 0.040905263
v -0.033693079 0.011942485 0.044781964
v -0.033686399 -0.000482091 0.048264831
v -0.033686399 0.000482091 0.048264831
v -0.033671282 -0.00053033 0.048306368
v -0.033671282 0.00053033 0.048306368
v -0.033665967 0.014315837 0.04
v -0.033658784 0.010835398 0.046416607
v -0.03365875 -0.010835435 0.046416607
v -0.033654783 -0.000574533 0.048351701
v -0.033654783 0.000574533 0.048351701
v -0.033644998 -0.014329742 0.04
v -0.033642687 -0.013785257 0.040918775
v -0.033642687 -0.012750301 0.042976279
v -0.033639245 -0.010856708 0.046417136
v -0.033639245 0.010856708 0.046417136
v -0.033637032 -0.000614364 0.048400477
v -0.033637032 0.000614364 0.048400477
v -0.033618156 -0.000649519 0.048452333
v -0.033618156 0.000649519 0.048452333
v -0.033606011 0.011992271 0.044786837
v -0.033605963 -0.011992156 0.044787098
v -0.033598308 -0.000679731 0.048506867
v -0.033598308 0.000679731 0.048506867
v -0.033589812 -0.014362788 0.04
v -0.033577632 -0.000704769 0.04856367
v -0.033577632 0.000704769 0.04856367
v -0.033573229 0.012010128 0.044788312
v -0.033572208 -0.012010545 0.044788588
v -0.033559963 0.010939546 0.046417989
v -0.03355629 -0.000724444 0.04862231
v -0.03355629 0.000724444 0.04862231
v -0.033554363 0.014385068 0.04
v -0.033550292 -0.010949275 0.046417955
v -0.033534441 -0.000738606 0.048682336
v -0.033534441 0.000738606 0.048682336
v -0.033530002 0.014399726 0.04
v -0.033529904 0.012803636 0.043000992
v -0.033529904 0.013836898 0.040946856
v -0.033529893 0.012033008 0.044789974
v -0.033522956 -0.008238919 0.048713896
v -0.033512257 -0.000747146 0.048743293
v -0.033512257 0.000747146 0.048743293
v -0.033489898 -0.00075 0.048804715
v -0.033489898 0.00075 0.048804715
v -0.033486415 0.014423469 0.04
v -0.033481583 0.012057567 0.044791445
v -0.03347463 -0.014430848 0.04
v -0.033474591 -0.013860313 0.040959593
v -0.033474591 -0.012827818 0.043012198
v -0.033474542 -0.01206098 0.044791762
v -0.033467542 -0.000747146 0.048866142
v -0.033467542 0.000747146 0.048866142
v -0.033467502 -0.014434735 0.04
v -0.033457886 -0.011038378 0.046416275
v -0.033457886 0.011038378 0.046416275
v -0.033445355 -0.000738606 0.048927099
v -0.033445355 0.000738606 0.048927099
v -0.033423509 -0.000724444 0.048987124
v -0.033423509 0.000724444 0.048987124
v -0.033402167 -0.000704769 0.04904576
v -0.033402167 0.000704769 0.04904576
v -0.033381492 -0.000679731 0.049102563
v -0.033381492 0.000679731 0.049102563
v -0.033372723 0.014483862 0.04
v -0.033362034 0.014489221 0.04
v -0.033361986 0.012873232 0.043033242
v -0.033361986 0.013904285 0.040983506
v -0.033361644 -0.000649519 0.049157102
v -0.033361644 0.000649519 0.049157102
v -0.033358306 0.012115884 0.044793416
v -0.03335727 -0.012116314 0.044793457
v -0.033351481 -0.014492934 0.04
v -0.033349615 0.011134611 0.046411376
v -0.033342768 -0.000614364 0.049208954
v -0.033342768 0.000614364 0.049208954
v -0.033340488 -0.01114235 0.046410829
v -0.033340488 0.01114235 0.046410829
v -0.033325013 -0.000574533 0.049257733
v -0.033325013 0.000574533 0.049257733
v -0.033308517 -0.00053033 0.049303062
v -0.033308517 0.00053033 0.049303062
v -0.033301093 -0.013926071 0.040995352
v -0.033301093 -0.012895733 0.043043669
v -0.033301093 -0.012430545 0.044091117
v -0.033293396 -0.000482091 0.049344603
v -0.033293396 0.000482091 0.049344603
v -0.033284685 -0.014525575 0.04
v -0.033279773 -0.000430182 0.049382031
v -0.033279773 0.000430182 0.049382031
v -0.033267751 -0.000375 0.049415063
v -0.033267751 0.000375 0.049415063
v -0.033263385 -0.011205553 0.046405431
v -0.033263385 0.011205553 0.046405431
v -0.033257417 -0.000316964 0.049443454
v -0.033257417 0.000316964 0.049443454
v -0.033248853 -0.000256515 0.049466982
v -0.033248853 0.000256515 0.049466982
v -0.033247952 0.014540209 0.04
v -0.033242125 -0.000194114 0.049485471
v -0.033242125 0.000194114 0.049485471
v -0.033241934 -0.014543074 0.04
v -0.033237282 -0.000130236 0.049498778
v -0.033237282 0.000130236 0.049498778
v -0.033234362 -6.5367e-05 0.049506806
v -0.033234362 6.5367e-05 0.049506806
v -0.033233386 0.0 0.049509484
v -0.033227298 0.012171335 0.044792797
v -0.033227287 -0.012171319 0.044792805
v -0.033190001 0.012933219 0.04306104
v -0.033190001 0.013962367 0.041015089
v -0.033189993 0.012185955 0.044792116
v -0.03318683 0.014567659 0.04
v -0.033156116 -0.008226238 0.049694981
v -0.033156116 0.00822624 0.049694981
v -0.033145372 0.01220277 0.044791032
v -0.033133458 -0.008354661 0.049718447
v -0.033133458 0.008354659 0.049718447
v -0.033124842 0.011309964 0.046392448
v -0.033124305 -0.012210397 0.044790518
v -0.03312292 -0.01459269 0.04
v -0.033122845 -0.013982212 0.041025881
v -0.033122845 -0.013451496 0.042040236
v -0.033122845 -0.012953715 0.04307054
v -0.033122845 -0.012489364 0.044116102
v -0.033116564 -0.011315851 0.046391547
v -0.033116564 0.011315851 0.046391547
v -0.033104952 -0.008484221 0.049740069
v -0.033104952 0.008484215 0.049740069
v -0.033097025 -0.014602076 0.04
v -0.033077411 0.007927456 0.049938019
v -0.033071458 0.014609991 0.04
v -0.033070453 0.008614521 0.049759693
v -0.033070449 -0.00861453 0.049759693
v -0.033057164 -0.011357008 0.046384685
v -0.033057164 0.011357008 0.046384685
v -0.033029836 0.008745161 0.049777173
v -0.033029832 -0.008745174 0.049777173
v -0.033027731 0.010306871 0.048102327
v -0.033027697 -0.01030691 0.048102327
v -0.033014686 0.014630903 0.04
v -0.033014629 0.01224792 0.044786252
v -0.033014629 0.012519503 0.044128906
v -0.033014629 0.012983426 0.043084305
v -0.033014629 0.014010978 0.041041527
v -0.033008013 -0.011389643 0.046378501
v -0.03300032 -0.011394639 0.046377491
v -0.03300032 0.011394639 0.046377491
v -0.032998098 0.014636224 0.04
v -0.032983016 0.008875699 0.049792368
v -0.032983012 -0.008875716 0.049792372
v -0.032977092 -0.014642348 0.04
v -0.032968711 0.012262356 0.044784017
v -0.032968685 -0.012262301 0.044784117
v -0.032945212 0.012269464 0.044782761
v -0.032940582 -0.014654109 0.04
v -0.032940518 -0.014028451 0.04105103
v -0.032940518 -0.013498516 0.042063892
v -0.032940518 -0.013001473 0.043092668
v -0.032940518 -0.01253781 0.044136681
v -0.032929953 0.009005677 0.049805153
v -0.032929946 -0.009005697 0.049805157
v -0.032928642 0.010413489 0.048097655
v -0.032928605 -0.010413528 0.048097655
v -0.032905796 -0.014663767 0.04
v -0.03290493 -0.012281164 0.0447805
v -0.03288159 0.014670018 0.04
v -0.032870647 0.009134622 0.049815413
v -0.032870635 -0.009134646 0.049815413
v -0.032840736 -0.011491636 0.04635419
v -0.032840736 0.011491636 0.04635419
v -0.032838866 0.012299304 0.044776142
v -0.032838855 -0.012299273 0.044776168
v -0.032836608 0.014682724 0.04
v -0.032836549 0.012560379 0.04414627
v -0.032836549 0.01302372 0.043102976
v -0.032836549 0.013520421 0.042074911
v -0.032836549 0.014049993 0.041062742
v -0.03282503 0.010515564 0.04809
v -0.032824989 -0.010515604 0.048089996
v -0.032807381 0.014689664 0.04
v -0.03280513 0.009262051 0.049823035
v -0.032805119 -0.009262078 0.049823038
v -0.032784418 -0.014695 0.04
v -0.032767873 -0.011531912 0.046342116
v -0.032761395 -0.011535376 0.046340998
v -0.032761395 0.011535376 0.046340998
v -0.032754859 -0.014702052 0.04
v -0.032754812 -0.014064541 0.041070655
v -0.032754812 -0.013535215 0.042082354
v -0.032754812 -0.013038745 0.043109942
v -0.032754812 -0.012575621 0.044152744
v -0.032754809 -0.012320225 0.044769816
v -0.0327335 0.009387475 0.049827941
v -0.032733481 -0.009387504 0.049827941
v -0.032717273 0.01061274 0.04807939
v -0.032717228 -0.010612781 0.048079386
v -0.032711773 -0.014710484 0.04
v -0.032701135 0.012332417 0.04476529
v -0.032690097 0.01471495 0.04
v -0.032667201 -0.012339617 0.044762213
v -0.032656488 0.014721683 0.04
v -0.032656446 0.012591104 0.044159319
v -0.032656446 0.013054008 0.043117013
v -0.032656446 0.013550241 0.042089913
v -0.032656446 0.014079318 0.04107869
v -0.032655887 0.009510404 0.049830049
v -0.032655865 -0.009510436 0.049830049
v -0.032615684 -0.011608449 0.046314169
v -0.032615684 0.011608449 0.046314169
v -0.03261507 0.014728184 0.04
v -0.032605767 0.010704702 0.048065882
v -0.032605715 -0.010704743 0.048065875
v -0.032589277 -0.014732636 0.04
v -0.032580152 0.012356468 0.044753704
v -0.032572467 0.009630356 0.049829312
v -0.032572445 -0.00963039 0.049829308
v -0.032566454 -0.012358893 0.044752225
v -0.032566447 -0.014090267 0.041084643
v -0.032566447 -0.013561375 0.042095512
v -0.032566447 -0.013065315 0.043122254
v -0.032566447 -0.012602574 0.044164192
v -0.032521963 0.011650704 0.046295211
v -0.032521885 -0.011650737 0.046295192
v -0.032516785 -0.011652933 0.046294123
v -0.032515618 -0.014742114 0.04
v -0.032497343 0.014745012 0.04
v -0.032495029 -0.012114585 0.045314476
v -0.032495029 0.012114585 0.045314476
v -0.032490939 0.01079117 0.048049543
v -0.032490883 -0.010791211 0.048049536
v -0.032483473 0.00974686 0.049825691
v -0.032483444 -0.009746896 0.049825687
v -0.032475024 0.014747705 0.04
v -0.032475006 0.012611625 0.044168036
v -0.032475006 0.013074237 0.043126386
v -0.032475006 0.013570159 0.04209993
v -0.032475006 0.014098905 0.041089341
v -0.032455511 0.012376413 0.044739798
v -0.03244796 -0.012377467 0.044738822
v -0.032392455 -0.014755136 0.04
v -0.032389171 0.009859461 0.049819175
v -0.032389138 -0.0098595 0.049819171
v -0.032383654 -0.011706593 0.046264913
v -0.032383654 0.011706593 0.046264913
v -0.032376382 -0.012386562 0.04472987
v -0.032376374 -0.014756391 0.04
v -0.032376368 -0.014105443 0.041092899
v -0.032376368 -0.013576807 0.042103276
v -0.032376368 -0.013080989 0.043129515
v -0.032376368 -0.012618475 0.04417095
v -0.032373223 0.010871909 0.048030466
v -0.03237316 -0.010871949 0.048030455
v -0.032372866 -0.012147613 0.045282859
v -0.032372866 0.012147613 0.045282859
v -0.032357598 0.014756109 0.04
v -0.032325223 0.012392098 0.044723131
v -0.032314047 -0.014758544 0.04
v -0.032304287 0.014760285 0.04
v -0.032293305 0.014108706 0.04109472
v -0.032292917 0.012621925 0.044172414
v -0.032292917 0.013084391 0.043131091
v -0.032292917 0.013580156 0.042104959
v -0.032289866 0.009967732 0.049809769
v -0.032289829 -0.009967772 0.049809765
v -0.032273594 0.011745754 0.046238896
v -0.032273509 -0.011745782 0.046238873
v -0.032269884 -0.011746992 0.04623799
v -0.032253072 0.010946725 0.048008759
v -0.032253008 -0.010946764 0.048008744
v -0.032251649 -0.012175147 0.045249451
v -0.032251649 0.012175147 0.045249451
v -0.032234658 0.01475094 0.04
v -0.032209475 0.012401634 0.044706531
v -0.0322037 -0.012401975 0.044705648
v -0.032200001 -0.014762299 0.04
v -0.032200001 -0.014109832 0.041095279
v -0.032200001 -0.013659623 0.04195052
v -0.032200001 -0.013085484 0.043131597
v -0.032200001 -0.012494566 0.044479661
v -0.032200001 -0.012402205 0.044705085
v -0.032200001 0.012402205 0.044705085
v -0.032200001 0.012964128 0.043396335
v -0.032200001 0.014109827 0.04109529
v -0.032200001 0.014287371 0.040772777
v -0.032200001 0.014751784 0.04
v -0.032185916 0.010071272 0.049797505
v -0.032185875 -0.010071312 0.049797498
v -0.03214635 -0.01178535 0.04620678
v -0.03214635 0.01178535 0.04620678
v -0.032131694 -0.012197328 0.045214422
v -0.032131694 0.012197328 0.045214422
v -0.032130949 0.011015471 0.04798454
v -0.032130878 -0.011015508 0.047984529
v -0.032077696 0.010169713 0.049782425
v -0.032077648 -0.010169754 0.049782421
v -0.032026105 0.011817309 0.046174478
v -0.032023903 -0.011817846 0.046173867
v -0.032007311 0.011078046 0.047957957
v -0.032007236 -0.011078082 0.047957942
v -0.031965617 0.010262728 0.049764603
v -0.031965565 -0.010262769 0.049764596
v -0.031955022 -0.007277779 0.053021755
v -0.031932488 -0.012135403 0.045382649
v -0.031932488 0.012135403 0.045382649
v -0.031905502 -0.011844141 0.046140205
v -0.031905502 0.011844141 0.046140205
v -0.03188261 0.011134393 0.047929153
v -0.031882532 -0.011134426 0.047929134
v -0.031850114 0.01035003 0.049744125
v -0.031850059 -0.010350071 0.049744114
v -0.03184833 -0.007469146 0.053287454
v -0.03184833 0.007469147 0.053287454
v -0.031827897 -0.0076007 0.053303868
v -0.031827897 0.007600698 0.053303868
v -0.031801485 -0.007733455 0.053318329
v -0.031801485 0.007733449 0.053318325
v -0.031782452 0.011866203 0.046103328
v -0.031782355 -0.011866217 0.046103299
v -0.031781733 -0.011866316 0.046103105
v -0.031781733 0.011866316 0.046103105
v -0.031780094 0.007190691 0.05350237
v -0.0317798 -0.005274625 0.053503178
v -0.031768929 0.007866994 0.053330693
v -0.031768925 -0.007867003 0.053330693
v -0.031757299 0.011184498 0.047898285
v -0.031757217 -0.011184528 0.047898263
v -0.031731643 0.010431377 0.049721096
v -0.031731583 -0.010431417 0.049721081
v -0.031730089 0.008000895 0.053340834
v -0.031730086 -0.008000908 0.053340837
v -0.031721175 0.007162081 0.053664245
v -0.031684872 0.008134692 0.053348638
v -0.031684864 -0.008134709 0.053348638
v -0.031662881 -0.011882539 0.046065666
v -0.031662881 0.011882539 0.046065666
v -0.031633217 0.008267902 0.053353991
v -0.031633209 -0.008267922 0.053353991
v -0.031631809 0.011228389 0.047865521
v -0.031631723 -0.011228417 0.047865499
v -0.031610668 0.010506575 0.049695633
v -0.031610601 -0.010506614 0.049695618
v -0.031575114 0.008400025 0.0533568
v -0.031575102 -0.008400049 0.0533568
v -0.031519983 -0.011759029 0.046417903
v -0.031510592 0.008530549 0.053356983
v -0.031510577 -0.008530577 0.053356983
v -0.031506553 0.011266135 0.047831032
v -0.031506464 -0.01126616 0.047831006
v -0.031487662 0.010575475 0.04966788
v -0.031487592 -0.010575513 0.049667861
v -0.031439733 0.008658958 0.053354476
v -0.031439714 -0.008658987 0.053354476
v -0.031381931 0.01129784 0.047794994
v -0.031381838 -0.01129786 0.047794968
v -0.031363096 0.01063798 0.049637977
v -0.031363022 -0.010638015 0.049637958
v -0.031362671 0.008784733 0.053349234
v -0.031362649 -0.008784765 0.05334923
v -0.031279583 0.008907364 0.053341229
v -0.031279556 -0.008907399 0.053341225
v -0.031258307 0.011323639 0.047757581
v -0.031258214 -0.011323657 0.047757555
v -0.031237442 0.010694034 0.049606085
v -0.031237364 -0.010694068 0.049606066
v -0.031190697 0.009026351 0.053330451
v -0.031190669 -0.00902639 0.053330448
v -0.031136032 0.011343703 0.047718972
v -0.031135935 -0.011343716 0.047718938
v -0.03111116 0.010743635 0.049572371
v -0.031111078 -0.010743666 0.049572349
v -0.031096293 0.009141219 0.053316917
v -0.031096259 -0.009141259 0.053316914
v -0.03101542 -0.01135822 0.047679331
v -0.03101542 0.01135822 0.047679331
v -0.030996684 0.009251514 0.053300664
v -0.030996645 -0.009251554 0.053300656
v -0.030984696 0.010786817 0.049537007
v -0.03098461 -0.010786844 0.049536981
v -0.030892232 0.009356813 0.053281739
v -0.03089219 -0.009356854 0.053281732
v -0.030858476 0.01082366 0.049500167
v -0.030858386 -0.010823684 0.049500138
v -0.030783335 0.009456733 0.053260222
v -0.030783286 -0.009456775 0.053260211
v -0.030734628 0.011156564 0.048391629
v -0.030732907 0.010854281 0.049462024
v -0.030732816 -0.010854301 0.049461994
v -0.030684471 0.011121992 0.048519537
v -0.030670416 0.009550933 0.053236201
v -0.030670363 -0.009550975 0.05323619
v -0.030608369 0.010878828 0.04942276
v -0.030608276 -0.010878845 0.04942273
v -0.03055393 0.009639113 0.053209797
v -0.030553872 -0.009639155 0.053209782
v -0.030549925 -0.011031294 0.048863549
v -0.030522181 -0.011012951 0.048934642
v -0.030485217 0.010897486 0.049382541
v -0.03048512 -0.010897499 0.049382512
v -0.03043435 0.009721027 0.053181123
v -0.030434286 -0.009721068 0.053181108
v -0.03036377 -0.010910461 0.049341545
v -0.03036377 0.010910461 0.049341545
v -0.030326214 0.0 0.057496872
v -0.030325238 -6.5367e-05 0.057499554
v -0.030325238 6.5367e-05 0.057499554
v -0.030322315 -0.000130236 0.057507582
v -0.030322315 0.000130236 0.057507582
v -0.030317472 -0.000194114 0.057520889
v -0.030317472 0.000194114 0.057520889
v -0.030312158 0.009796476 0.05315033
v -0.030312093 -0.009796515 0.053150315
v -0.030310743 -0.000256515 0.057539377
v -0.030310743 0.000256515 0.057539377
v -0.03030218 -0.000316964 0.057562906
v -0.03030218 0.000316964 0.057562906
v -0.030291846 -0.000375 0.057591293
v -0.030291846 0.000375 0.057591293
v -0.030279823 -0.000430182 0.057624329
v -0.030279823 0.000430182 0.057624329
v -0.030266199 -0.000482091 0.057661757
v -0.030266199 0.000482091 0.057661757
v -0.030251082 -0.00053033 0.057703294
v -0.030251082 0.00053033 0.057703294
v -0.030234583 -0.000574533 0.057748627
v -0.030234583 0.000574533 0.057748627
v -0.030216828 -0.000614364 0.057797402
v -0.030216828 0.000614364 0.057797402
v -0.030197956 -0.000649519 0.057849258
v -0.030197956 0.000649519 0.057849258
v -0.030187855 0.009865313 0.05311757
v -0.030187782 -0.00986535 0.053117551
v -0.030178105 -0.000679731 0.057903793
v -0.030178105 0.000679731 0.057903793
v -0.030157432 -0.000704769 0.057960596
v -0.030157432 0.000704769 0.057960596
v -0.03013609 -0.000724444 0.058019236
v -0.03013609 0.000724444 0.058019236
v -0.030114241 -0.000738606 0.058079261
v -0.030114241 0.000738606 0.058079261
v -0.030092055 -0.000747146 0.058140218
v -0.030092055 0.000747146 0.058140218
v -0.03007338 0.014751784 0.04
v -0.030069698 -0.00075 0.058201645
v -0.030069698 0.00075 0.058201645
v -0.030061929 0.009927442 0.053083003
v -0.030061852 -0.009927478 0.05308298
v -0.03004734 -0.000747146 0.058263067
v -0.03004734 0.000747146 0.058263067
v -0.030025154 -0.000738606 0.058324024
v -0.030025154 0.000738606 0.058324024
v -0.030003307 -0.000724444 0.05838405
v -0.030003307 0.000724444 0.05838405
v -0.029981965 -0.000704769 0.058442689
v -0.029981965 0.000704769 0.058442689
v -0.02996129 -0.000679731 0.058499493
v -0.02996129 0.000679731 0.058499493
v -0.02994144 -0.000649519 0.058554027
v -0.02994144 0.000649519 0.058554027
v -0.029934872 0.009982821 0.053046796
v -0.029934792 -0.009982853 0.053046774
v -0.029922567 -0.000614364 0.058605883
v -0.029922567 0.000614364 0.058605883
v -0.029904813 -0.000574533 0.058654658
v -0.029904813 0.000574533 0.058654658
v -0.029888315 -0.00053033 0.058699992
v -0.029888315 0.00053033 0.058699992
v -0.029873196 -0.000482091 0.058741529
v -0.029873196 0.000482091 0.058741529
v -0.029859573 -0.000430182 0.058778957
v -0.029859573 0.000430182 0.058778957
v -0.029847549 -0.000375 0.058811992
v -0.029847549 0.000375 0.058811992
v -0.029837215 -0.000316964 0.058840379
v -0.029837215 0.000316964 0.058840379
v -0.029828653 -0.000256515 0.058863908
v -0.029828653 0.000256515 0.058863908
v -0.029821923 -0.000194114 0.058882397
v -0.029821923 0.000194114 0.058882397
v -0.02981708 -0.000130236 0.058895707
v -0.02981708 0.000130236 0.058895707
v -0.029814159 -6.5367e-05 0.058903731
v -0.029814159 6.5367e-05 0.058903731
v -0.029813183 0.0 0.058906414
v -0.029807165 0.010031452 0.053009134
v -0.029807081 -0.010031482 0.053009108
v -0.02967927 0.01007339 0.05297019
v -0.029679185 -0.010073416 0.052970164
v -0.029551636 0.010108727 0.052930143
v -0.029551545 -0.010108749 0.052930113
v -0.02942468 0.010137599 0.052889168
v -0.029424587 -0.010137618 0.052889138
v -0.029415151 0.002212897 0.06
v -0.02941515 -0.002301364 0.06
v -0.02941515 -0.002246484 0.06
v -0.02941515 -0.002127316 0.06
v -0.02941515 -0.001998773 0.06
v -0.02941515 -0.001932411 0.06
v -0.02941515 -0.001798834 0.06
v -0.02941515 -0.001548905 0.06
v -0.02941515 -0.001494349 0.06
v -0.02941515 -0.001444343 0.06
v -0.02941515 -0.001399478 0.06
v -0.02941515 0.00168422 0.06
v -0.02941515 0.001739771 0.06
v -0.02941515 0.001999914 0.06
v -0.02941515 0.002141779 0.06
v -0.02941515 0.002351878 0.06
v -0.02941515 0.003509954 0.06
v -0.02941515 0.004826008 0.06
v -0.029415149 -0.006283647 0.06
v -0.029415149 -0.0061396 0.06
v -0.029415149 -0.005274625 0.06
v -0.029415149 -0.00248182 0.06
v -0.029415149 -0.002443041 0.06
v -0.029415149 -0.00239991 0.06
v -0.029415149 -0.002352606 0.06
v -0.029415149 -0.002188327 0.06
v -0.029415149 -0.002063948 0.06
v -0.029415149 -0.001865529 0.06
v -0.029415149 -0.001668992 0.06
v -0.029415149 -0.001607357 0.06
v -0.029415149 0.001799873 0.06
v -0.029415149 0.001863784 0.06
v -0.029415149 0.002070529 0.06
v -0.029415149 0.002283158 0.06
v -0.029415149 0.002418448 0.06
v -0.029415149 0.003444921 0.06
v -0.029415149 0.004780705 0.06
v -0.029415149 0.004868743 0.06
v -0.029415149 0.004908705 0.06
v -0.029415149 0.004945763 0.06
v -0.029415149 0.004979841 0.06
v -0.029415149 0.005010911 0.06
v -0.029415149 0.005038978 0.06
v -0.029415149 0.006281806 0.06
v -0.029415148 -0.001733072 0.06
v -0.029415148 0.001930732 0.06
v -0.029405713 0.006504384 0.06
v -0.029405644 -0.006507918 0.06
v -0.029404924 -0.006524424 0.06
v -0.029404924 0.006524425 0.06
v -0.02940384 0.00653446 0.06
v -0.029391202 -0.006649828 0.06
v -0.029390106 -0.006659982 0.06
v -0.029390106 0.00665998 0.06
v -0.029388494 0.006670248 0.06
v -0.029370046 -0.006786154 0.06
v -0.029368421 -0.006796508 0.06
v -0.029368421 0.006796502 0.06
v -0.029366258 0.006806934 0.06
v -0.029341812 -0.006923078 0.06
v -0.029339642 0.006933551 0.06
v -0.029339638 -0.006933561 0.06
v -0.02933691 0.00694407 0.06
v -0.0293063 -0.007060134 0.06
v -0.029303568 0.007070655 0.06
v -0.029303564 -0.007070669 0.06
v -0.029300261 0.007081181 0.06
v -0.029298801 0.010160176 0.052847445
v -0.029298704 -0.010160191 0.052847415
v -0.029263346 -0.00719683 0.06
v -0.029260052 0.007207317 0.06
v -0.029260046 -0.007207334 0.06
v -0.029256175 0.007217766 0.06
v -0.02922029 -0.010269227 0.052318633
v -0.029212836 -0.007332652 0.06
v -0.029208989 0.007343019 0.06
v -0.029208982 -0.00734304 0.06
v -0.029204558 0.007353306 0.06
v -0.02917436 0.010176662 0.052805141
v -0.029174261 -0.010176673 0.052805107
v -0.029154703 -0.007467064 0.06
v -0.029150328 0.007477226 0.06
v -0.029150315 -0.007477251 0.06
v -0.029145371 0.007487266 0.06
v -0.0290909 0.010206092 0.052659128
v -0.02908894 -0.007599521 0.06
v -0.029084066 0.007609394 0.06
v -0.029084052 -0.007609421 0.06
v -0.029078626 0.007619102 0.06
v -0.029051691 0.010187285 0.052762423
v -0.029015588 -0.007729472 0.06
v -0.029010263 0.007738972 0.06
v -0.029010246 -0.007739002 0.06
v -0.029004392 0.007748267 0.06
v -0.029001201 0.00925055 0.056676563
v -0.029001132 -0.009250589 0.056676544
v -0.028934751 -0.007856364 0.06
v -0.028929038 0.007865413 0.06
v -0.028929015 -0.007865446 0.06
v -0.028922803 0.007874223 0.06
v -0.02887601 0.009319156 0.056640528
v -0.028875938 -0.009319194 0.05664051
v -0.028846599 -0.007979652 0.06
v -0.028840566 0.00798818 0.06
v -0.028840537 -0.007988215 0.06
v -0.028834042 0.007996438 0.06
v -0.028751353 -0.008098807 0.06
v -0.028749157 0.009380858 0.056602933
v -0.02874908 -0.009380893 0.05660291
v -0.02874508 0.008106751 0.06
v -0.028745047 -0.008106788 0.06
v -0.028738353 0.0081144 0.06
v -0.0286493 -0.008213319 0.06
v -0.028642876 0.008220627 0.06
v -0.02864284 -0.008220666 0.06
v -0.028636041 0.008227622 0.06
v -0.028621143 0.009435617 0.056563947
v -0.028621063 -0.009435649 0.056563925
v -0.028599167 0.014751784 0.04
v -0.028540776 -0.008322709 0.06
v -0.028534301 0.00832934 0.06
v -0.028534258 -0.00832938 0.06
v -0.028527457 0.008335649 0.06
v -0.028492464 0.009483447 0.056523759
v -0.02849238 -0.009483476 0.056523733
v -0.028426175 -0.008426533 0.06
v -0.02841975 0.008432459 0.06
v -0.028419702 -0.0084325 0.06
v -0.028413001 0.008438061 0.06
v -0.028363597 0.009524408 0.056482546
v -0.028363509 -0.009524434 0.05648252
v -0.028305942 -0.008524386 0.06
v -0.02829967 0.008529595 0.06
v -0.028299617 -0.008529635 0.06
v -0.02829312 0.008534484 0.06
v -0.028234996 0.009558608 0.056440491
v -0.028234905 -0.009558629 0.056440461
v -0.028213838 -0.010587021 0.050742157
v -0.028213838 0.010587021 0.050742157
v -0.028213434 -0.010592344 0.050717544
v -0.028213434 0.010592344 0.050717544
v -0.028212829 -0.01057863 0.050781064
v -0.028212829 0.01057863 0.050781064
v -0.028211011 -0.010601121 0.050677083
v -0.028211011 -0.010573004 0.050807234
v -0.028211011 0.010573004 0.050807234
v -0.028211011 0.010601121 0.050677083
v -0.028208662 -0.010606102 0.050654188
v -0.028208662 0.010606102 0.050654188
v -0.028206874 -0.010565093 0.050844133
v -0.028206874 0.010565093 0.050844133
v -0.028202547 -0.010615198 0.050612498
v -0.028202547 -0.010559175 0.050871816
v -0.028202547 0.010559175 0.050871816
v -0.028202547 0.010615198 0.050612498
v -0.028198525 -0.01061982 0.050591376
v -0.028198525 0.01061982 0.050591376
v -0.028195631 -0.010551799 0.05090642
v -0.028195631 0.010551799 0.05090642
v -0.028188512 -0.010545636 0.050935421
v -0.028188512 0.010545636 0.050935421
v -0.02818851 -0.010629145 0.050548892
v -0.02818851 0.010629145 0.050548892
v -0.028183119 -0.010633367 0.050529711
v -0.028183119 0.010633367 0.050529711
v -0.028180558 -0.008615912 0.06
v -0.028179241 -0.010538873 0.050967325
v -0.028179241 0.010538872 0.050967325
v -0.028174546 0.008620403 0.06
v -0.028174489 -0.008620443 0.06
v -0.02816901 -0.01053248 0.05099757
v -0.02816901 0.01053248 0.05099757
v -0.028169008 -0.010642852 0.050486743
v -0.028169008 0.010642852 0.050486743
v -0.0281683 0.008624587 0.06
v -0.028162563 -0.010646644 0.050469611
v -0.028162563 0.010646644 0.050469611
v -0.028157879 -0.010526397 0.05102643
v -0.028157879 0.010526397 0.05102643
v -0.028144188 -0.010519803 0.051057793
v -0.028144188 0.010519803 0.051057793
v -0.028144186 -0.010656209 0.05042652
v -0.028144186 0.010656209 0.05042652
v -0.028136997 -0.010659561 0.050411467
v -0.028136997 0.010659561 0.050411467
v -0.028131643 -0.010514406 0.051083535
v -0.028131643 0.010514406 0.051083535
v -0.028114235 -0.010507692 0.051115636
v -0.028114235 0.010507692 0.051115636
v -0.028114233 -0.010669109 0.050368678
v -0.028114233 0.010669109 0.050368678
v -0.028107096 0.009586193 0.056397773
v -0.028107002 -0.00958621 0.056397744
v -0.028106747 0.010671961 0.050355934
v -0.028106745 -0.010671962 0.050355934
v -0.028100865 -0.010503024 0.05113801
v -0.028100865 0.010503024 0.05113801
v -0.028079376 -0.010496228 0.051170662
v -0.028079376 0.010496228 0.051170662
v -0.028079374 -0.010681447 0.050313652
v -0.028079374 0.010681447 0.050313652
v -0.028072644 -0.010683585 0.050304145
v -0.028072644 0.010683585 0.050304145
v -0.028065691 -0.010492279 0.05118968
v -0.028065691 0.010492278 0.05118968
v -0.028050546 -0.008700807 0.06
v -0.028044897 0.008704592 0.06
v -0.028044834 -0.008704632 0.06
v -0.028039875 -0.010485489 0.051222455
v -0.028039875 0.010485489 0.051222455
v -0.028039871 -0.010693118 0.050261859
v -0.028039871 0.010693118 0.050261859
v -0.028039053 0.008708092 0.06
v -0.02803378 -0.010694748 0.050254647
v -0.02803378 0.010694747 0.050254647
v -0.028026715 0.010482314 0.051237814
v -0.028026713 -0.010482314 0.051237814
v -0.027996024 -0.010475545 0.051270626
v -0.027996024 0.010475545 0.051270626
v -0.027996022 -0.010704023 0.050213687
v -0.027996022 0.010704023 0.050213687
v -0.027990999 0.010705161 0.050208677
v -0.027990997 -0.010705161 0.050208677
v -0.027984027 -0.010473113 0.051282439
v -0.027984027 0.010473113 0.051282439
v -0.0279803 0.009607348 0.056354564
v -0.027980203 -0.009607362 0.05635453
v -0.027948162 -0.010466462 0.051314812
v -0.027948162 0.010466462 0.051314812
v -0.027948158 -0.01071407 0.050169501
v -0.027948158 0.01071407 0.050169501
v -0.027944664 -0.01071474 0.050166566
v -0.027944664 0.01071474 0.050166566
v -0.027937781 -0.010464693 0.051323432
v -0.027937781 0.010464693 0.051323432
v -0.027916456 -0.008778816 0.06
v -0.027911272 0.008781925 0.06
v -0.027911202 -0.008781963 0.06
v -0.027900211 0.008782789 0.06
v -0.027900141 -0.008782827 0.06
v -0.027896645 -0.010458296 0.05135468
v -0.027896645 0.010458296 0.05135468
v -0.027896639 -0.010723171 0.050129637
v -0.027896639 0.010723171 0.050129637
v -0.027895382 -0.010723374 0.050128751
v -0.027895382 0.010723374 0.050128751
v -0.027888538 -0.010457141 0.051360328
v -0.027888538 0.010457142 0.051360328
v -0.027854981 0.009622291 0.05631103
v -0.027854882 -0.0096223 0.056310993
v -0.027843364 -0.010731043 0.050095275
v -0.027843364 0.010731044 0.050095275
v -0.027841862 -0.010451102 0.051389925
v -0.027841862 0.010451102 0.051389925
v -0.027841859 -0.010731245 0.050094392
v -0.027841859 0.010731245 0.050094392
v -0.027836671 -0.01045049 0.051392924
v -0.027836671 0.010450491 0.051392924
v -0.027788905 -0.01073771 0.050066266
v -0.027788905 0.01073771 0.050066266
v -0.027784228 -0.010738223 0.050064038
v -0.027784228 0.010738223 0.050064038
v -0.027784226 -0.010444922 0.051420283
v -0.027784226 0.010444922 0.051420283
v -0.027782492 -0.010444757 0.051421098
v -0.027782492 0.010444757 0.051421098
v -0.027773924 0.00884805 0.06
v -0.027773848 -0.008848087 0.06
v -0.027764295 -0.008852518 0.06
v -0.02773275 -0.010743294 0.050042026
v -0.02773275 0.010743294 0.050042026
v -0.027731482 -0.009631265 0.056267325
v -0.027731482 0.009631265 0.056267325
v -0.027726097 -0.010439943 0.051444814
v -0.027726097 0.010439943 0.051444814
v -0.027724182 -0.010744039 0.050038796
v -0.027724182 0.010744039 0.050038796
v -0.027724179 -0.010439797 0.051445525
v -0.027724179 0.010439797 0.051445525
v -0.027674822 -0.010747814 0.050022446
v -0.027674822 0.010747814 0.050022449
v -0.027668048 -0.010436089 0.051463824
v -0.027668048 0.010436089 0.051463824
v -0.027662169 -0.010748642 0.050018858
v -0.027662169 0.010748642 0.050018858
v -0.027662167 -0.010435757 0.051465463
v -0.027662167 0.010435757 0.051465463
v -0.027642332 0.008907983 0.06
v -0.027634076 0.008911812 0.06
v -0.027633995 -0.008911847 0.06
v -0.027625777 -0.008915183 0.06
v -0.027615804 -0.010751219 0.050007716
v -0.027615804 0.010751219 0.05000772
v -0.027608801 -0.010433217 0.051478017
v -0.027608801 0.010433217 0.051478017
v -0.02759866 -0.010751992 0.050004378
v -0.02759866 0.010751992 0.050004378
v -0.027598659 -0.010432827 0.051479943
v -0.027598659 0.010432827 0.051479943
v -0.027555823 -0.010753511 0.049997821
v -0.027555823 0.010753511 0.049997825
v -0.027548725 -0.010431332 0.051487342
v -0.027548725 0.010431333 0.051487342
v -0.027534133 -0.010754057 0.049995463
v -0.027534133 0.010754057 0.049995463
v -0.027534131 -0.010431025 0.051488858
v -0.027534131 0.010431025 0.051488858
v -0.027498805 0.008965597 0.06
v -0.027495239 -0.01075467 0.049992818
v -0.027495239 0.01075467 0.049992818
v -0.027491987 0.008968365 0.06
v -0.027491902 -0.008968397 0.06
v -0.027487999 -0.010430438 0.051491771
v -0.027487999 0.010430438 0.051491771
v -0.02748515 -0.008970768 0.06
v -0.027469074 -0.010754818 0.049992178
v -0.027469074 -0.010430362 0.05149214
v -0.027469074 0.010430362 0.05149214
v -0.027469074 0.010754818 0.049992178
v -0.027434517 -0.01075469 0.049992733
v -0.027434517 0.01075469 0.049992733
v -0.027426897 -0.010430543 0.051491249
v -0.027426897 0.010430543 0.051491249
v -0.027403977 -0.010754268 0.049994554
v -0.027403977 -0.010430842 0.051489767
v -0.027403977 0.010430842 0.051489767
v -0.027403977 0.010754268 0.049994554
v -0.027374346 -0.01075358 0.04999752
v -0.027374346 0.01075358 0.04999752
v -0.027366102 -0.01043165 0.051485766
v -0.027366102 0.01043165 0.051485766
v -0.027353496 0.009015846 0.06
v -0.027348239 0.009017691 0.06
v -0.027348149 -0.00901772 0.06
v -0.027342968 -0.009019269 0.06
v -0.027339332 -0.010752412 0.050002567
v -0.027339332 -0.010432461 0.051481754
v -0.027339332 0.010432461 0.051481754
v -0.027339332 0.010752412 0.050002567
v -0.027314503 -0.010751344 0.050007176
v -0.027314503 0.010751344 0.050007179
v -0.027312053 -0.010433495 0.051476639
v -0.027312053 0.010433495 0.051476642
v -0.027275626 -0.010749266 0.050016161
v -0.027275626 -0.010435211 0.05146816
v -0.027275626 0.010435211 0.05146816
v -0.027275626 0.010749266 0.050016161
v -0.02725563 -0.010748 0.050021641
v -0.02725563 0.010748 0.050021641
v -0.027252806 -0.010436487 0.051461857
v -0.027252806 0.010436487 0.051461857
v -0.027213341 -0.010439075 0.05144909
v -0.027213341 0.010439075 0.05144909
v -0.027213339 -0.010744862 0.050035231
v -0.027213339 0.010744862 0.050035231
v -0.027206998 0.009058753 0.06
v -0.027203401 0.009059828 0.06
v -0.027203307 -0.009059854 0.06
v -0.027199779 -0.009060733 0.06
v -0.027197907 -0.010743556 0.05004089
v -0.027197907 0.010743556 0.05004089
v -0.027194759 -0.010440466 0.051442228
v -0.027194759 0.010440466 0.051442228
v -0.027152944 -0.010739237 0.050059631
v -0.027152944 -0.010444027 0.05142469
v -0.027152944 0.010444027 0.05142469
v -0.027152944 0.010739237 0.050059631
v -0.027141886 -0.010738052 0.050064776
v -0.027141886 0.010738052 0.050064776
v -0.027138274 -0.010445424 0.051417813
v -0.027138274 0.010445425 0.051417813
v -0.027094895 -0.010732442 0.05008918
v -0.027094895 -0.01045004 0.051395137
v -0.027094895 0.01045004 0.051395137
v -0.027094895 0.010732442 0.05008918
v -0.02708805 -0.010731543 0.050093096
v -0.02708805 0.010731543 0.050093096
v -0.027083876 -0.010451334 0.051388789
v -0.027083876 0.010451334 0.051388789
v -0.027059896 0.009094397 0.06
v -0.02705803 0.009094862 0.06
v -0.027057931 -0.009094884 0.06
v -0.027056109 -0.009095251 0.06
v -0.02703963 -0.01072454 0.050123654
v -0.02703963 0.01072454 0.050123654
v -0.027039628 -0.010457073 0.051360663
v -0.027039628 0.010457073 0.051360663
v -0.02703644 -0.010724036 0.050125856
v -0.02703644 0.010724036 0.050125856
v -0.027031813 -0.010458184 0.051355228
v -0.027031813 0.010458184 0.051355228
v -0.026987566 -0.010715599 0.050162796
v -0.026987566 0.010715599 0.050162796
v -0.026987562 -0.010465086 0.051321521
v -0.026987562 0.010465086 0.051321521
v -0.026987402 -0.010715568 0.05016293
v -0.026987402 0.010715568 0.05016293
v -0.026982618 -0.010465926 0.051317424
v -0.026982618 0.010465926 0.051317424
v -0.026939092 -0.010705699 0.050206304
v -0.026939092 -0.010474024 0.051278014
v -0.026939092 0.010474024 0.051278014
v -0.026939092 0.010705699 0.050206304
v -0.026912749 0.009122909 0.06
v -0.026912659 0.009122927 0.06
v -0.026912556 -0.009122944 0.06
v -0.02691247 -0.009122958 0.06
v -0.026905378 0.009123997 0.06
v -0.026905375 -0.009123999 0.06
v -0.026783282 0.009149306 0.059958354
v -0.026783187 -0.009149324 0.05995832
v -0.026768777 0.009145382 0.06
v -0.02676794 0.009145504 0.06
v -0.026767833 -0.009145519 0.06
v -0.026766991 -0.009145605 0.06
v -0.026745867 -0.009294935 0.058909986
v -0.026655847 0.00916944 0.05991419
v -0.02665575 -0.009169453 0.059914157
v -0.026625934 0.009161416 0.06
v -0.026624223 0.00916159 0.06
v -0.026624113 -0.0091616 0.06
v -0.026622399 -0.009161701 0.06
v -0.026578741 0.009243198 0.059359785
v -0.026529916 0.009183283 0.059869882
v -0.026529817 -0.009183291 0.059869848
v -0.02648451 0.009171205 0.06
v -0.026481943 0.009171356 0.06
v -0.026481832 -0.009171361 0.06
v -0.026478423 -0.009170965 0.06
v -0.0264556 0.009169799 0.06
v -0.026405836 0.009191091 0.059825584
v -0.026391895 -0.01058702 0.050742161
v -0.026391895 0.01058702 0.050742161
v -0.026343043 -0.009188194 0.06
v -0.026341171 0.009172264 0.06
v -0.02562606 0.009172053 0.06
v -0.025508895 0.009172027 0.06
v -0.025463647 0.009172018 0.06
v -0.025336392 -0.009173688 0.06
v -0.025319166 -0.009173581 0.06
v -0.025302942 -0.009173488 0.06
v -0.025279514 -0.009173367 0.06
v -0.025271946 0.00917199 0.06
v -0.025261248 -0.009173281 0.06
v -0.025230389 -0.009173146 0.06
v -0.025211876 0.009171983 0.06
v -0.025210567 -0.009173066 0.06
v -0.025170708 -0.009172919 0.06
v -0.025149711 -0.009172847 0.06
v -0.025099229 -0.009172687 0.06
v -0.025077613 -0.009172624 0.06
v -0.025014554 -0.009172453 0.06
v -0.024992988 -0.009172398 0.06
v -0.024915112 -0.009172218 0.06
v -0.024894404 -0.009172172 0.06
v -0.024865565 0.009171954 0.06
v -0.024799175 -0.009171983 0.06
v -0.024780627 -0.009171948 0.06
v -0.024780627 0.008799996 0.06
v -0.024780627 0.009171948 0.06
v -0.024780592 -0.009171969 0.059999805
v -0.024780592 0.009171969 0.059999805
v -0.024768308 -0.009177874 0.059945814
v -0.024768308 0.009177874 0.059945814
v -0.024766443 -0.009178625 0.05993896
v -0.024766443 0.009178625 0.05993896
v -0.024748804 -0.009184694 0.059883665
v -0.024748804 0.009184694 0.059883665
v -0.024747266 -0.009185157 0.059879459
v -0.024747266 0.009185157 0.059879459
v -0.024723982 -0.009191328 0.059823442
v -0.024723982 0.009191328 0.059823442
v -0.024723222 -0.009191507 0.059821811
v -0.024723222 0.009191507 0.059821811
v -0.024694553 -0.00919762 0.059766512
v -0.024694553 0.009197619 0.059766512
v -0.024694027 -0.009197721 0.0597656
v -0.024694027 0.009197721 0.0597656
v -0.024661377 -0.009203468 0.059713762
v -0.024661377 0.009203468 0.059713766
v -0.024659168 -0.009203823 0.059710573
v -0.024659168 0.009203823 0.059710573
v -0.02462388 -0.009209017 0.059663881
v -0.02462388 0.009209017 0.059663881
v -0.024619665 -0.009209585 0.059658781
v -0.024619665 0.009209585 0.059658781
v -0.024582334 -0.009214219 0.059617255
v -0.024582334 0.009214219 0.059617255
v -0.024575816 -0.009214961 0.059610613
v -0.024575816 0.009214961 0.059610613
v -0.024537211 -0.009219013 0.059574388
v -0.024537211 0.009219013 0.059574388
v -0.024527954 -0.009219904 0.059566427
v -0.024527954 0.009219904 0.059566427
v -0.024488835 -0.009223372 0.059535515
v -0.024488835 0.009223373 0.059535515
v -0.024476439 -0.009224377 0.059526563
v -0.024476439 0.009224377 0.059526563
v -0.024437372 -0.009227279 0.05950075
v -0.024437372 0.009227279 0.05950075
v -0.024421658 -0.00922834 0.059491321
v -0.024421658 0.00922834 0.059491321
v -0.024383172 -0.009230703 0.059470344
v -0.024383172 0.009230703 0.059470344
v -0.024364026 -0.00923176 0.059460964
v -0.024364026 0.00923176 0.059460964
v -0.024335276 -0.00923321 0.059448112
v -0.024335276 0.00923321 0.059448112
v -0.024303978 -0.009234609 0.059435721
v -0.024303978 0.009234609 0.059435721
v -0.024277434 -0.009235655 0.059426457
v -0.024277434 0.009235656 0.059426457
v -0.024241965 -0.009236862 0.059415784
v -0.024241965 0.009236862 0.059415784
v -0.02421795 -0.009237559 0.059409622
v -0.02421795 0.009237559 0.059409622
v -0.024178457 -0.0092385 0.059401304
v -0.024178457 0.0092385 0.059401304
v -0.024157217 -0.009238904 0.059397735
v -0.024157217 0.009238904 0.059397735
v -0.024113929 -0.00923951 0.059392389
v -0.024113929 0.00923951 0.059392389
v -0.024095651 -0.009239679 0.059390891
v -0.024095651 0.009239679 0.059390891
v -0.024048874 -0.009239881 0.059389103
v -0.024048874 0.009239881 0.059389103
v -0.02403399 -0.009239877 0.059389148
v -0.02403399 0.009239877 0.059389148
v -0.023998547 -0.014792302 0.04
v -0.023983778 -0.009239612 0.05939148
v -0.023983778 0.009239612 0.05939148
v -0.02397245 -0.009239499 0.059392471
v -0.02397245 0.0092395 0.059392475
v -0.023919133 -0.009238705 0.059399493
v -0.023919133 0.009238705 0.059399493
v -0.023911279 -0.00923855 0.059400856
v -0.023911279 0.00923855 0.059400856
v -0.023881532 -0.009237877 0.059406813
v -0.023881532 0.009237877 0.059406813
v -0.023855427 -0.009237167 0.059413087
v -0.023855427 0.009237167 0.059413087
v -0.023821741 -0.009236084 0.059422664
v -0.023821741 0.009236084 0.059422664
v -0.023793142 -0.009235012 0.059432153
v -0.023793142 0.009235012 0.059432153
v -0.023763465 -0.009233744 0.059443381
v -0.023763465 0.009233744 0.059443381
v -0.023732748 -0.009232257 0.059456557
v -0.023732748 0.009232257 0.059456557
v -0.023707148 -0.009230876 0.059468806
v -0.023707148 0.009230876 0.059468806
v -0.023674697 -0.009228927 0.059486106
v -0.023674697 0.009228927 0.059486106
v -0.023652995 -0.009227492 0.059498854
v -0.023652995 0.009227492 0.059498854
v -0.02361943 -0.009225049 0.05952058
v -0.02361943 0.009225049 0.05952058
v -0.023601551 -0.009223629 0.059533231
v -0.023601551 0.009223629 0.059533231
v -0.023567362 -0.009220656 0.059559721
v -0.023567362 0.009220656 0.059559721
v -0.023553051 -0.009219305 0.059571788
v -0.023553051 0.009219305 0.059571788
v -0.02351889 -0.009215785 0.059603233
v -0.02351889 0.009215785 0.059603233
v -0.023113724 -0.009172128 0.06
v -0.023113724 0.004388028 0.06
v -0.023113724 0.009172128 0.06
v -0.021436718 0.009172244 0.06
v -0.021203104 -0.009172196 0.06
v -0.017930446 -0.014792302 0.04
v -0.016914128 0.014751784 0.04
v -0.016000001 -0.014792302 0.04
v -0.016000001 -0.013659623 0.04195052
v -0.016000001 -0.013283974 0.042710543
v -0.016000001 -0.012494566 0.044479661
v -0.016000001 -0.011882536 0.046065666
v -0.016000001 0.011882536 0.046065666
v -0.016000001 0.012389625 0.044736136
v -0.016000001 0.012964128 0.043396335
v -0.016000001 0.013283974 0.042710543
v -0.016000001 0.014287371 0.040772777
v -0.016000001 0.014751784 0.04
v -0.015996579 0.014751759 0.04
v -0.015983614 0.014751217 0.04
v -0.015969058 -0.011881937 0.046065666
v -0.015968218 -0.013283517 0.042710327
v -0.015942646 0.011880697 0.046065666
v -0.015941212 0.012388019 0.044735488
v -0.015941212 0.012819329 0.043715697
v -0.015941212 0.013282415 0.042709798
v -0.015941212 0.013777316 0.041717693
v -0.015941212 0.014302845 0.040741488
v -0.01594121 0.014748805 0.04
v -0.015939084 -0.014749338 0.04
v -0.015935706 0.014748358 0.04
v -0.015930327 -0.014749179 0.04
v -0.015927328 -0.012404791 0.044691682
v -0.015924761 -0.014747094 0.04
v -0.015918193 -0.011878884 0.046065666
v -0.015915046 -0.014274063 0.040789247
v -0.015911741 -0.014746251 0.04
v -0.015908368 -0.014300683 0.040740281
v -0.015908368 -0.01328018 0.042708725
v -0.015908368 -0.012385722 0.044734556
v -0.015896776 -0.014744362 0.04
v -0.015889452 0.014743456 0.04
v -0.015877854 0.012382681 0.044733327
v -0.015877854 0.012814062 0.043713368
v -0.015877854 0.013277222 0.042707305
v -0.015877854 0.013772204 0.041715041
v -0.015877854 0.014297818 0.040738683
v -0.015874511 0.014741571 0.04
v -0.015864689 0.011872672 0.046065666
v -0.015852619 -0.014738036 0.04
v -0.01584789 -0.014294196 0.04073666
v -0.01584789 -0.013273481 0.042705514
v -0.01584789 -0.012378836 0.04473177
v -0.015847882 -0.01473723 0.04
v -0.015840868 -0.011868902 0.046065666
v -0.015834787 -0.014734473 0.04
v -0.015828595 0.014733244 0.04
v -0.015815068 0.012373634 0.044729665
v -0.015815068 0.012805132 0.043709427
v -0.015815068 0.01326842 0.042703088
v -0.015815068 0.013763539 0.041710548
v -0.015815068 0.014289296 0.040733922
v -0.01581506 0.014730672 0.04
v -0.015815051 0.01186411 0.046065666
v -0.015810812 0.014729691 0.04
v -0.015790898 -0.014724986 0.04
v -0.015787857 -0.014284483 0.040731236
v -0.015787857 -0.01326345 0.042700704
v -0.015787857 -0.012368524 0.044727594
v -0.01578784 -0.01185825 0.046065666
v -0.015787056 0.011858069 0.046065666
v -0.015773308 -0.014720022 0.04
v -0.015765446 0.014717986 0.04
v -0.015764322 -0.011852507 0.046065666
v -0.015753167 0.012360941 0.044724528
v -0.015753167 0.012792606 0.043703895
v -0.015753167 0.013256073 0.042697165
v -0.015753167 0.013751382 0.041704249
v -0.015753167 0.014277341 0.040727247
v -0.015753155 0.014714671 0.04
v -0.015753141 0.011849553 0.046065666
v -0.015747927 0.014713041 0.04
v -0.015729831 -0.014707377 0.04
v -0.015728496 -0.014271561 0.040724017
v -0.015728496 -0.013250103 0.042694304
v -0.015728496 -0.012354803 0.044722043
v -0.015712493 -0.014700993 0.04
v -0.015710277 0.011836862 0.046065666
v -0.015703264 0.014698001 0.04
v -0.015692392 0.012344678 0.044717941
v -0.015692392 0.013240253 0.04268958
v -0.015692392 0.014262023 0.04071869
v -0.015689183 -0.011829805 0.046065666
v -0.01568602 0.014691652 0.04
v -0.015670039 -0.014255459 0.040715024
v -0.015670039 -0.013233474 0.042686332
v -0.015670039 -0.012337708 0.044715121
v -0.015670015 -0.011822914 0.046065666
v -0.015669578 -0.014685203 0.04
v -0.015652509 -0.014677362 0.04
v -0.015642212 0.014673333 0.04
v -0.015634814 0.011809044 0.046065666
v -0.015632978 0.012324932 0.044709951
v -0.015632978 0.013221045 0.042680372
v -0.015632978 0.014243426 0.040708303
v -0.015632974 0.011808274 0.046065666
v -0.015632957 0.01466928 0.04
v -0.015625262 0.014665547 0.04
v -0.015615553 -0.011800768 0.046065666
v -0.015612712 -0.01423622 0.04070428
v -0.015612712 -0.013213603 0.042676803
v -0.015612712 -0.012317282 0.044706855
v -0.015610307 -0.014658445 0.04
v -0.015604828 -0.014655578 0.04
v -0.01558246 0.014644009 0.04
v -0.015577028 0.014641167 0.04
v -0.015575144 0.012301804 0.044700589
v -0.015575144 0.013198547 0.042669587
v -0.015575144 0.014221642 0.040696137
v -0.015563343 -0.014633478 0.04
v -0.015560833 0.011774476 0.046065666
v -0.015556738 -0.014213899 0.040691812
v -0.015556738 -0.01319055 0.04266575
v -0.015556738 -0.012293583 0.044697262
v -0.015556715 -0.014629766 0.04
v -0.015546911 -0.014623762 0.04
v -0.015543916 -0.011765477 0.046065666
v -0.015535221 0.014616389 0.04
v -0.015519113 0.012275406 0.044689905
v -0.015519113 0.013172868 0.042657275
v -0.015519113 0.014196779 0.040682252
v -0.015519072 0.011751477 0.046065666
v -0.015518958 0.014606773 0.04
v -0.015506431 -0.014598576 0.04
v -0.01550234 -0.014188563 0.040677663
v -0.01550234 -0.013164381 0.042653207
v -0.01550234 -0.012266683 0.044686373
v -0.015502321 -0.014595867 0.04
v -0.015502301 -0.011741477 0.046065666
v -0.015490774 -0.014587598 0.04
v -0.015489156 0.011733321 0.046065666
v -0.015478445 0.014578898 0.04
v -0.015474848 -0.011724113 0.046065666
v -0.015465091 0.012245862 0.044677943
v -0.015465091 0.013144127 0.042643495
v -0.015465091 0.014168952 0.040666711
v -0.015462978 0.014568053 0.04
v -0.015451452 -0.014559369 0.04
v -0.015449734 -0.01416029 0.040661871
v -0.015449734 -0.013135183 0.042639203
v -0.015449734 -0.012236667 0.044674221
v -0.015449695 -0.011707065 0.046065666
v -0.015436591 -0.01454715 0.04
v -0.015423907 0.014537166 0.04
v -0.015420318 0.011685685 0.046065666
v -0.015413275 0.012213304 0.044664767
v -0.015413275 0.013112456 0.042628307
v -0.015413275 0.014138286 0.040649582
v -0.015413257 0.011680298 0.046065666
v -0.015413256 0.014528597 0.04
v -0.015409254 0.014525118 0.04
v -0.015408504 -0.011676616 0.046065666
v -0.015399134 -0.014129175 0.040644493
v -0.015399134 -0.013103045 0.042623796
v -0.015399134 -0.01220363 0.044660851
v -0.015398583 -0.014515936 0.04
v -0.015384552 -0.014502489 0.04
v -0.015371773 0.014491319 0.04
v -0.015363854 0.012177879 0.044650428
v -0.015363854 0.013077995 0.042611785
v -0.015363854 0.01410492 0.040630948
v -0.015357966 0.014478087 0.04
v -0.015354849 0.011631723 0.046065666
v -0.015350744 -0.014095318 0.040625587
v -0.015350744 -0.013068077 0.042607032
v -0.015350744 -0.012167683 0.0446463
v -0.015348017 -0.014468357 0.04
v -0.015345304 -0.011623051 0.046065666
v -0.015339764 -0.014459414 0.04
v -0.015322223 0.014441481 0.04
v -0.015317007 0.01213974 0.04463499
v -0.015317007 0.013040895 0.042593997
v -0.015317007 0.014068998 0.040610887
v -0.015316983 0.014435899 0.04
v -0.01531697 0.011595956 0.046065666
v -0.015304765 -0.014058834 0.04060521
v -0.015304765 -0.013030397 0.042588964
v -0.015304765 -0.012128948 0.044630621
v -0.01530474 -0.014422301 0.04
v -0.015304733 -0.011583592 0.046065666
v -0.015298602 -0.014415062 0.04
v -0.015293152 0.011571496 0.046065666
v -0.015285738 -0.011563542 0.046065666
v -0.015282964 0.014396431 0.04
v -0.01527416 0.014386223 0.04
v -0.015274107 -0.011550718 0.046065666
v -0.015272959 0.012099111 0.044618543
v -0.015272959 0.013001372 0.04257505
v -0.015272959 0.014030732 0.040589515
v -0.01526525 -0.014375034 0.04
v -0.015261461 -0.01401992 0.040583476
v -0.015261461 -0.012990206 0.042569697
v -0.015261461 -0.012087633 0.044613898
v -0.015261445 -0.01437026 0.04
v -0.015253375 -0.014359292 0.04
v -0.015242007 0.014343976 0.04
v -0.015236543 0.011506158 0.046065666
v -0.015231739 0.012056048 0.044601113
v -0.015231739 0.012959481 0.042554963
v -0.015231739 0.013990172 0.040566862
v -0.015231728 0.011500066 0.046065666
v -0.015230396 0.014328583 0.04
v -0.015221914 -0.014316506 0.04
v -0.015220865 -0.013978576 0.040560387
v -0.015220865 -0.012947505 0.042549223
v -0.015220865 -0.012043738 0.044596128
v -0.01521967 -0.011484393 0.046065666
v -0.015211364 -0.014300043 0.04
v -0.015200409 0.014283875 0.04
v -0.015193553 0.012010785 0.044582792
v -0.015193553 0.01291545 0.042533852
v -0.015193553 0.01394754 0.04054305
v -0.015193541 0.01427346 0.04
v -0.015190115 0.014267812 0.04
v -0.015184155 0.011434366 0.046065666
v -0.015183229 -0.013935016 0.040536057
v -0.015183229 -0.012902515 0.042527653
v -0.015183229 -0.011997488 0.044577409
v -0.015183208 -0.011432944 0.046065666
v -0.015182009 -0.014254683 0.04
v -0.015175925 -0.014243748 0.04
v -0.015170369 -0.011413166 0.046065666
v -0.015162425 0.014220799 0.04
v -0.01515853 0.011963509 0.044563655
v -0.01515853 0.012869461 0.042511802
v -0.01515853 0.013903012 0.040518183
v -0.015158521 0.014213921 0.04
v -0.015158507 0.011394 0.046065666
v -0.015148718 -0.013889395 0.040510576
v -0.015148718 -0.012855397 0.042505059
v -0.015148718 -0.011949051 0.044557802
v -0.015148709 -0.014195715 0.04
v -0.015148697 -0.011377436 0.046065666
v -0.015145696 -0.014189783 0.04
v -0.015137422 0.01135752 0.046065666
v -0.015133048 0.014164378 0.04
v -0.015128183 0.014155 0.04
v -0.015126786 0.011914412 0.04454378
v -0.015126786 0.0128217 0.042488903
v -0.015126786 0.013856769 0.040492356
v -0.015126774 0.011337754 0.046065666
v -0.015126373 -0.01133699 0.046065666
v -0.015120675 -0.014138957 0.04
v -0.015117485 -0.01384188 0.040484041
v -0.015117485 -0.012806322 0.04248153
v -0.015117485 -0.011898603 0.04453738
v -0.015117479 -0.014132192 0.04
v -0.015113145 -0.014122044 0.04
v -0.015105116 0.014103141 0.04
v -0.015098424 0.011863691 0.04452325
v -0.015098424 0.01277236 0.042465247
v -0.015098424 0.013808996 0.040465675
v -0.015097818 0.014086748 0.04
v -0.015096853 0.011276167 0.046065666
v -0.015090704 -0.014069 0.04
v -0.015089674 -0.013792645 0.040456541
v -0.015089674 -0.012755472 0.042457152
v -0.015089674 -0.01184633 0.044516224
v -0.015088179 -0.011256261 0.046065666
v -0.015084985 -0.014053139 0.04
v -0.015077428 0.014033045 0.04
v -0.01507353 0.01181155 0.044502143
v -0.01507353 0.012721638 0.042440929
v -0.01507353 0.013759886 0.040438246
v -0.015073528 0.014022594 0.04
v -0.015073524 0.011219899 0.046065666
v -0.015065415 -0.013741874 0.040428188
v -0.015065415 -0.012703035 0.04243201
v -0.015065415 -0.011792426 0.044494405
v -0.015065409 -0.011197991 0.046065666
v -0.015065243 -0.013997996 0.04
v -0.015062807 0.011190647 0.046065666
v -0.015061784 -0.013986167 0.04
v -0.01505632 -0.011171584 0.046065666
v -0.015055812 0.013966931 0.04
v -0.015054268 0.013962302 0.04
v -0.015052181 0.011758192 0.044480547
v -0.015052181 0.012669734 0.042416044
v -0.015052181 0.013709631 0.04041018
v -0.015049574 0.013945485 0.04
v -0.015049161 0.013943718 0.04
v -0.015044826 -0.013928876 0.04
v -0.015044826 -0.013689758 0.040399078
v -0.015044826 -0.012649209 0.042406201
v -0.015044826 -0.011737093 0.044472005
v -0.015044824 -0.011134601 0.046065666
v -0.015043501 -0.013923597 0.04
v -0.015035823 0.011101913 0.046065666
v -0.015034435 0.013887013 0.04
v -0.015034434 0.011703829 0.044458542
v -0.015034434 0.01261685 0.042390689
v -0.015034434 0.013658428 0.040381581
v -0.015034433 0.011096494 0.046065666
v -0.015031314 -0.011083888 0.046065666
v -0.015029393 -0.013863923 0.04
v -0.015028014 -0.013636494 0.040369332
v -0.015028014 -0.012594197 0.042379826
v -0.015028014 -0.011680542 0.044449117
v -0.015026251 -0.013848005 0.04
v -0.015022451 0.013828068 0.04
v -0.015020338 0.01164867 0.044436213
v -0.015020338 0.012563192 0.042364962
v -0.015020338 0.013606475 0.040352564
v -0.015019794 0.013814321 0.04
v -0.015016245 0.01101085 0.046065666
v -0.015015307 -0.01378683 0.04
v -0.01501507 -0.013785288 0.04
v -0.015015069 -0.013582286 0.040339056
v -0.015015069 -0.012538211 0.042352986
v -0.015015069 -0.01162299 0.044425819
v -0.015013504 -0.013771564 0.04
v -0.015013416 -0.010993578 0.046065666
v -0.015010866 0.013754242 0.04
v -0.015009924 0.010969445 0.046065666
v -0.015009923 0.013747471 0.04
v -0.015009922 0.011592926 0.044413652
v -0.015009922 0.012508967 0.042338964
v -0.015009922 0.013553971 0.040323243
v -0.01500608 -0.010937126 0.046065666
v -0.015006077 -0.013527403 0.040308405
v -0.015006077 -0.012481526 0.042325806
v -0.015006077 -0.011564719 0.044402234
v -0.015005836 -0.013709188 0.04
v -0.015005444 -0.013702806 0.04
v -0.015004275 0.010918294 0.046065666
v -0.015004065 0.013685978 0.04
v -0.01500334 0.013678723 0.04
v -0.015003203 0.011536811 0.044390935
v -0.015003203 0.012454379 0.04231279
v -0.015003203 0.013501118 0.040293723
v -0.015002924 -0.010901348 0.046065666
v -0.015001329 -0.013643716 0.04
v -0.015001329 -0.013476282 0.040279854
v -0.015001329 -0.012428728 0.042300493
v -0.015001329 -0.011510443 0.044380262
v -0.015001166 -0.013636273 0.04
v -0.015000482 0.013595881 0.04
v -0.015000186 0.010840671 0.046065666
v -0.015000186 0.011480536 0.044368159
v -0.015000021 0.013586201 0.04
v -0.015 -0.01359311 0.04
v -0.015 -0.013284205 0.040520679
v -0.015 -0.011947446 0.043219548
v -0.015 -0.010820184 0.046065666
v -0.015 -0.009055297 0.04
v -0.015 -0.008872923 0.04
v -0.015 -0.008670106 0.04
v -0.015 -0.008445432 0.04
v -0.015 -0.008197547 0.04
v -0.015 -0.002887222 0.04
v -0.015 -0.002727919 0.04
v -0.015 -0.002562324 0.04
v -0.015 -0.002391656 0.04
v -0.015 -0.001560257 0.04
v -0.015 -0.001450806 0.04
v -0.015 -0.001338961 0.04
v -0.015 -0.00122568 0.04
v -0.015 -0.001111986 0.04
v -0.015 -0.000998946 0.04
v -0.015 -0.000887671 0.04
v -0.015 -0.000779285 0.04
v -0.015 -0.00075 0.042074945
v -0.015 -0.000747146 0.042005382
v -0.015 -0.000747146 0.042144507
v -0.015 -0.000738606 0.041936349
v -0.015 -0.000738606 0.042213537
v -0.015 -0.000724444 0.04186837
v -0.015 -0.000724444 0.042281516
v -0.015 -0.000704769 0.041801967
v -0.015 -0.000704769 0.042347923
v -0.015 -0.000679731 0.041737638
v -0.015 -0.000679731 0.042412251
v -0.015 -0.000649519 0.041675877
v -0.015 -0.000649519 0.042474009
v -0.015 -0.000614364 0.041617151
v -0.015 -0.000614364 0.042532735
v -0.015 -0.000574533 0.041561913
v -0.015 -0.000574533 0.042587973
v -0.015 -0.00053033 0.041510578
v -0.015 -0.00053033 0.042639308
v -0.015 -0.000506693 0.041486498
v -0.015 -0.000506693 0.042663388
v -0.015 -0.000482091 0.041463539
v -0.015 -0.000482091 0.042686351
v -0.015 -0.000456571 0.041441742
v -0.015 -0.000456571 0.042708144
v -0.015 -0.000430182 0.041421153
v -0.015 -0.000430182 0.042728737
v -0.015 -0.000415724 0.04
v -0.015 -0.000402975 0.041401803
v -0.015 -0.000402975 0.042748082
v -0.015 -0.000375 0.04138374
v -0.015 -0.000375 0.042766146
v -0.015 -0.000358928 0.04
v -0.015 -0.000358842 0.04
v -0.015 -0.000346311 0.041366991
v -0.015 -0.000346311 0.042782895
v -0.015 -0.000316964 0.04135159
v -0.015 -0.000316964 0.042798299
v -0.015 -0.000299497 0.04
v -0.015 -0.000287013 0.041337565
v -0.015 -0.000287013 0.042812321
v -0.015 -0.000256515 0.041324943
v -0.015 -0.000256515 0.042824943
v -0.015 -0.000238177 0.04
v -0.015 -0.000237971 0.04
v -0.015 -0.000237228 0.04
v -0.015 -0.000235899 0.04
v -0.015 -0.000233941 0.04
v -0.015 -0.000231317 0.04
v -0.015 -0.000227999 0.04
v -0.015 -0.000226074 0.04
v -0.015 -0.000225529 0.041313749
v -0.015 -0.000225529 0.042836137
v -0.015 -0.000223973 0.04
v -0.015 -0.000221695 0.04
v -0.015 -0.000219243 0.04
v -0.015 -0.000216621 0.04
v -0.015 -0.000194114 0.041304007
v -0.015 -0.000194114 0.042845882
v -0.015 -0.00016233 0.04129573
v -0.015 -0.00016233 0.042854156
v -0.015 -0.000157413 0.04
v -0.015 -0.000154912 0.04
v -0.015 -0.000152259 0.04
v -0.015 -0.000149463 0.04
v -0.015 -0.00014653 0.04
v -0.015 -0.000143473 0.04
v -0.015 -0.000140301 0.04
v -0.015 -0.000137028 0.04
v -0.015 -0.000130236 0.041288935
v -0.015 -0.000130236 0.042860951
v -0.015 -9.7895e-05 0.041283637
v -0.015 -9.7895e-05 0.042866249
v -0.015 -7.8378e-05 0.04
v -0.015 -7.5222e-05 0.04
v -0.015 -7.1992e-05 0.04
v -0.015 -6.8701e-05 0.04
v -0.015 -6.5367e-05 0.04
v -0.015 -6.5367e-05 0.041279849
v -0.015 -6.5367e-05 0.042870041
v -0.015 -6.2006e-05 0.04
v -0.015 -5.8634e-05 0.04
v -0.015 -3.2715e-05 0.041277569
v -0.015 -3.2715e-05 0.042872317
v -0.015 -0.0 0.04
v -0.015 0.0 0.041276809
v -0.015 0.0 0.042873077
v -0.015 3.309e-06 0.04
v -0.015 3.2715e-05 0.041277569
v -0.015 3.2715e-05 0.042872317
v -0.015 6.2006e-05 0.04
v -0.015 6.5367e-05 0.04
v -0.015 6.5367e-05 0.041279849
v -0.015 6.5367e-05 0.042870041
v -0.015 6.8701e-05 0.04
v -0.015 7.1992e-05 0.04
v -0.015 7.5222e-05 0.04
v -0.015 7.8378e-05 0.04
v -0.015 8.1445e-05 0.04
v -0.015 9.7895e-05 0.041283637
v -0.015 9.7895e-05 0.042866249
v -0.015 0.000130236 0.041288935
v -0.015 0.000130236 0.042860951
v -0.015 0.000140301 0.04
v -0.015 0.000143473 0.04
v -0.015 0.00014653 0.04
v -0.015 0.000149463 0.04
v -0.015 0.000152259 0.04
v -0.015 0.000154912 0.04
v -0.015 0.000157413 0.04
v -0.015 0.000159757 0.04
v -0.015 0.00016233 0.04129573
v -0.015 0.00016233 0.042854156
v -0.015 0.000194114 0.041304007
v -0.015 0.000194114 0.042845882
v -0.015 0.000219243 0.04
v -0.015 0.000221695 0.04
v -0.015 0.000223973 0.04
v -0.015 0.000225529 0.041313749
v -0.015 0.000225529 0.042836137
v -0.015 0.000226074 0.04
v -0.015 0.000227999 0.04
v -0.015 0.000231317 0.04
v -0.015 0.000233941 0.04
v -0.015 0.000235899 0.04
v -0.015 0.000237228 0.04
v -0.015 0.000237971 0.04
v -0.015 0.000238177 0.04
v -0.015 0.000256515 0.041324943
v -0.015 0.000256515 0.042824943
v -0.015 0.000287013 0.041337565
v -0.015 0.000287013 0.042812321
v -0.015 0.000299497 0.04
v -0.015 0.000316964 0.04135159
v -0.015 0.000316964 0.042798299
v -0.015 0.000346311 0.041366991
v -0.015 0.000346311 0.042782895
v -0.015 0.000358842 0.04
v -0.015 0.000358928 0.04
v -0.015 0.000375 0.04138374
v -0.015 0.000375 0.042766146
v -0.015 0.000402975 0.041401803
v -0.015 0.000402975 0.042748082
v -0.015 0.000415724 0.04
v -0.015 0.000430182 0.041421153
v -0.015 0.000430182 0.042728737
v -0.015 0.000456571 0.041441742
v -0.015 0.000456571 0.042708144
v -0.015 0.000469072 0.04
v -0.015 0.000482091 0.041463539
v -0.015 0.000482091 0.042686351
v -0.015 0.000506693 0.041486498
v -0.015 0.000506693 0.042663388
v -0.015 0.000518393 0.04
v -0.015 0.000518488 0.04
v -0.015 0.00053033 0.041510578
v -0.015 0.00053033 0.042639308
v -0.015 0.000563594 0.04
v -0.015 0.000574533 0.041561913
v -0.015 0.000574533 0.042587973
v -0.015 0.000614364 0.041617151
v -0.015 0.000614364 0.042532735
v -0.015 0.000649519 0.041675877
v -0.015 0.000649519 0.042474009
v -0.015 0.000679731 0.041737638
v -0.015 0.000679731 0.042412251
v -0.015 0.000704769 0.041801967
v -0.015 0.000704769 0.042347923
v -0.015 0.000724444 0.04186837
v -0.015 0.000724444 0.042281516
v -0.015 0.000738606 0.041936349
v -0.015 0.000738606 0.042213537
v -0.015 0.000747146 0.042005382
v -0.015 0.000747146 0.042144507
v -0.015 0.00075 0.042074945
v -0.015 0.002160835 0.04
v -0.015 0.002381579 0.04
v -0.015 0.002604011 0.04
v -0.015 0.002825566 0.04
v -0.015 0.003043942 0.04
v -0.015 0.003257121 0.04
v -0.015 0.003463396 0.04
v -0.015 0.005023936 0.04
v -0.015 0.005278576 0.04
v -0.015 0.010256003 0.04
v -0.015 0.010448183 0.04
v -0.015 0.010820184 0.046065666
v -0.015 0.0112805 0.044820193
v -0.015 0.011606161 0.044011898
v -0.015 0.012382291 0.042278226
v -0.015 0.012880591 0.04127847
v -0.015 0.013431302 0.040254731
v -0.015 0.013583634 0.04
v -0.014659324 -0.009183553 0.06
v -0.014656112 -0.009183563 0.06
v -0.014655272 -0.009183566 0.06
v -0.014651779 -0.009183581 0.06
v -0.014651134 -0.009183584 0.06
v -0.014647376 -0.009183603 0.06
v -0.014646939 -0.009183606 0.06
v -0.014642944 -0.009183631 0.06
v -0.014642714 -0.009183632 0.06
v -0.014638523 -0.009183662 0.06
v -0.014638507 -0.009183662 0.06
v -0.014634344 -0.009183696 0.06
v -0.014634152 -0.009183698 0.06
v -0.014630466 -0.009183732 0.06
v -0.014629871 -0.009183738 0.06
v -0.01458286 -0.009184214 0.06
v -0.0143 -0.011882527 0.046065666
v -0.0143 -0.011759806 0.046415787
v -0.0143 -0.011342111 0.047735326
v -0.0143 -0.011031503 0.048863154
v -0.0143 -0.010721648 0.050136298
v -0.0143 -0.010306005 0.052124877
v -0.0143 -0.009232193 0.059457123
v -0.0143 -0.009180323 0.06
v -0.0143 0.009181966 0.06
v -0.0143 0.009243938 0.059353333
v -0.0143 0.010019351 0.053725176
v -0.0143 0.010287426 0.052222427
v -0.0143 0.01072165 0.05013629
v -0.0143 0.011156963 0.048391037
v -0.0143 0.011342112 0.047735322
v -0.0143 0.011882527 0.046065662
v -0.014269076 -0.011341653 0.047735188
v -0.014269029 -0.011882016 0.046065666
v -0.014268762 -0.010721178 0.050136186
v -0.014247205 -0.00917784 0.06
v -0.014245462 0.009177188 0.06
v -0.014244802 -0.009177803 0.06
v -0.014242763 -0.009223623 0.059518643
v -0.014241321 0.010719975 0.050135907
v -0.01424132 0.011340459 0.047734834
v -0.014241317 0.010017659 0.053724889
v -0.014241213 0.009177063 0.06
v -0.014241213 0.009219522 0.059554376
v -0.014241209 0.011880689 0.046065666
v -0.014239184 0.009176914 0.06
v -0.014230314 -0.011879944 0.046065666
v -0.014218136 0.011878962 0.046065666
v -0.014213162 -0.010025105 0.053668227
v -0.014212726 -0.009174842 0.06
v -0.014208684 -0.009174603 0.06
v -0.014208337 -0.011338071 0.047734141
v -0.014208337 -0.010717548 0.050135359
v -0.014208337 -0.010015204 0.053724486
v -0.014208337 -0.009217056 0.059554111
v -0.014180409 0.009171548 0.06
v -0.014177855 0.009213799 0.059553735
v -0.014177855 0.010011973 0.053723935
v -0.014177855 0.010714355 0.050134625
v -0.014177855 0.011334926 0.047733217
v -0.014152587 -0.009167679 0.06
v -0.014152358 -0.011870886 0.046065666
v -0.014147859 -0.011330939 0.047732055
v -0.014147859 -0.010710305 0.050133705
v -0.014147859 -0.010007875 0.053723257
v -0.014147859 -0.00920967 0.059553284
v -0.014147859 -0.009167108 0.06
v -0.014147854 -0.011870162 0.046065666
v -0.014146342 -0.009166857 0.06
v -0.014140758 0.011868973 0.046065666
v -0.014122182 0.009162457 0.06
v -0.014115928 0.009161633 0.06
v -0.014115068 0.009161476 0.06
v -0.014115068 0.009204099 0.059552647
v -0.014115068 0.010002347 0.053722322
v -0.014115068 0.010704839 0.05013245
v -0.014115068 0.011325558 0.047730476
v -0.01411505 0.011864203 0.046065666
v -0.014109768 0.009160268 0.06
v -0.014090665 -0.009156492 0.06
v -0.014087826 -0.011320259 0.04772893
v -0.014087826 -0.010699457 0.050131224
v -0.014087826 -0.009996901 0.053721417
v -0.014087826 -0.009198613 0.059552044
v -0.014087826 -0.009155933 0.06
v -0.014074751 -0.011855232 0.046065666
v -0.01406416 0.011852566 0.046065666
v -0.014053168 0.009190491 0.05955112
v -0.014053168 0.009988843 0.053720053
v -0.014053168 0.01069149 0.050129399
v -0.014053168 0.011312417 0.047726627
v -0.014052355 0.009147512 0.06
v -0.014048746 0.009146444 0.06
v -0.014032792 -0.009142149 0.06
v -0.014029452 -0.009141338 0.06
v -0.014028466 -0.011306053 0.047724772
v -0.014028466 -0.010685027 0.050127927
v -0.014028466 -0.009982303 0.053718966
v -0.014028466 -0.009183902 0.059550393
v -0.014028441 -0.011842615 0.046065666
v -0.013998115 -0.011832975 0.046065666
v -0.013992393 0.009130104 0.06
v -0.013992393 0.009173056 0.059549164
v -0.013992393 0.009971539 0.053717151
v -0.013992393 0.010674387 0.050125487
v -0.013992393 0.011295578 0.047721699
v -0.013992389 0.011831029 0.046065666
v -0.013988973 0.011829849 0.046065666
v -0.013975277 -0.009124169 0.06
v -0.01397001 -0.011288351 0.04771959
v -0.01397001 -0.010667046 0.050123814
v -0.01397001 -0.009964113 0.053715914
v -0.01397001 -0.009165572 0.059548337
v -0.01397001 -0.009122542 0.06
v -0.013969203 -0.009122254 0.06
v -0.013937339 0.00911028 0.06
v -0.013934888 0.009109436 0.06
v -0.013932978 0.009108711 0.06
v -0.013932978 0.009151887 0.059546791
v -0.013932978 0.009950533 0.053713627
v -0.013932978 0.010653622 0.050120741
v -0.013932978 0.011275135 0.047715716
v -0.013928982 0.00910699 0.06
v -0.0139228 -0.011804077 0.046065666
v -0.013916089 -0.009101746 0.06
v -0.01391529 0.011800791 0.046065666
v -0.013912683 -0.011267201 0.047713399
v -0.013912683 -0.010645562 0.050118905
v -0.013912683 -0.009942379 0.053712267
v -0.013912683 -0.009143672 0.059545882
v -0.013912665 -0.011799625 0.046065666
v -0.013910172 -0.009099295 0.06
v -0.013875398 0.009083771 0.06
v -0.013875146 0.009127093 0.059544012
v -0.013875146 0.009925926 0.053709496
v -0.013875146 0.010629298 0.050115183
v -0.013875146 0.01125119 0.047708705
v -0.01387511 0.011781899 0.046065666
v -0.01387101 0.009081544 0.06
v -0.013858326 -0.009075508 0.06
v -0.013856711 -0.011242663 0.047706213
v -0.013856711 -0.010620637 0.050113209
v -0.013856711 -0.009917163 0.053708035
v -0.013856711 -0.009118263 0.059543032
v -0.013856711 -0.009074731 0.06
v -0.013849068 -0.01176843 0.046065666
v -0.013843606 0.011765478 0.046065666
v -0.013819115 0.009055052 0.06
v -0.013819115 0.009098792 0.059540838
v -0.013819115 0.00989784 0.053704783
v -0.013819115 0.010601536 0.050108835
v -0.013819115 0.011223858 0.047700707
v -0.013817788 0.009054304 0.06
v -0.013806364 -0.009047753 0.06
v -0.013802313 -0.011214809 0.047698062
v -0.013802313 -0.010592345 0.050106741
v -0.013802313 -0.009888542 0.053703234
v -0.013802313 -0.009089422 0.059539799
v -0.013802275 -0.011741652 0.046065666
v -0.013802234 -0.009045539 0.06
v -0.013777748 -0.011726214 0.046065666
v -0.013774482 0.011724081 0.046065666
v -0.013767799 0.009024681 0.06
v -0.013765092 0.009067116 0.059537288
v -0.013765092 0.009866407 0.053699508
v -0.013765092 0.010570465 0.050101735
v -0.013765092 0.011193269 0.047691751
v -0.013765072 0.011717835 0.046065666
v -0.013753575 -0.009015452 0.06
v -0.013749709 -0.01118373 0.047688965
v -0.013749709 -0.010560775 0.050099526
v -0.013749709 -0.009856605 0.053697873
v -0.013749709 -0.00905724 0.059536189
v -0.013749709 -0.00901306 0.06
v -0.013748059 -0.009011938 0.06
v -0.013719913 0.008992077 0.06
v -0.013714366 0.008988544 0.06
v -0.013713277 0.008987767 0.06
v -0.013713277 0.009032212 0.059533373
v -0.013713277 0.009831768 0.053693697
v -0.013713277 0.010536225 0.050093908
v -0.013713277 0.011159561 0.047681883
v -0.013709352 -0.011677534 0.046065666
v -0.013709144 0.008984537 0.06
v -0.013708079 0.011676543 0.046065666
v -0.013701271 -0.008978837 0.06
v -0.01369911 -0.011149524 0.047678951
v -0.01369911 -0.010526029 0.050091583
v -0.01369911 -0.009821455 0.053691972
v -0.01369911 -0.00902182 0.059532218
v -0.013699109 -0.008977265 0.06
v -0.013699086 -0.011669451 0.046065666
v -0.013663856 0.008994234 0.059529115
v -0.013663856 0.009794078 0.053687371
v -0.013663856 0.010498968 0.050085392
v -0.013663856 0.011122882 0.047671147
v -0.013663824 0.01163998 0.046065666
v -0.013663447 0.008949045 0.06
v -0.013660293 0.008946246 0.06
v -0.01365441 -0.008941284 0.06
v -0.013651312 -0.008938818 0.06
v -0.013650721 -0.011112304 0.047668055
v -0.013650721 -0.010488224 0.050082941
v -0.013650721 -0.009783208 0.053685553
v -0.013650721 -0.008983281 0.059527896
v -0.013644825 0.011622932 0.046065666
v -0.013644431 -0.011622569 0.046065666
v -0.013617008 0.008908064 0.06
v -0.013617008 0.008953345 0.059524529
v -0.013617008 0.009753501 0.053680561
v -0.013617008 0.010458859 0.05007622
v -0.013617008 0.011083395 0.047659587
v -0.013616973 0.011596316 0.046065666
v -0.013615248 0.008906359 0.06
v -0.013608876 -0.00890008 0.06
v -0.013604742 -0.011072199 0.047656316
v -0.013604742 -0.010447485 0.050073627
v -0.013604742 -0.009741995 0.053678639
v -0.013604742 -0.008941752 0.05952324
v -0.013604742 -0.008896349 0.06
v -0.013604709 -0.011583942 0.046065666
v -0.013603922 -0.00889554 0.06
v -0.013585215 0.011563378 0.046065666
v -0.01358341 -0.011561416 0.046065666
v -0.013578015 0.011555492 0.046065666
v -0.013574595 0.00886573 0.06
v -0.013572959 0.008909787 0.059519645
v -0.013572959 0.009710275 0.053673305
v -0.013572959 0.010416129 0.050066456
v -0.013572959 0.011041329 0.047647275
v -0.013563976 -0.008854242 0.06
v -0.013561442 -0.011029421 0.047643792
v -0.013561442 -0.010404035 0.050063696
v -0.013561442 -0.009698038 0.053671263
v -0.013561442 -0.008897457 0.059518274
v -0.013561441 -0.008851585 0.06
v -0.013536616 0.008822736 0.06
v -0.013535528 -0.011505377 0.046065666
v -0.013531995 0.008817693 0.06
v -0.013531739 0.008817386 0.06
v -0.013531739 0.008863619 0.059514467
v -0.013531739 0.009664457 0.053665616
v -0.013531739 0.010370839 0.050056104
v -0.013531739 0.010996742 0.047634222
v -0.013531723 0.011500563 0.046065666
v -0.013527828 0.008812262 0.06
v -0.013524031 -0.008807753 0.06
v -0.013523166 0.011489522 0.046065666
v -0.013521957 -0.00880538 0.06
v -0.013520846 -0.010983973 0.047630489
v -0.013520846 -0.010357869 0.050053142
v -0.013520846 -0.009651336 0.053663425
v -0.013520846 -0.008850397 0.059512995
v -0.013520824 -0.011486446 0.046065666
v -0.013493553 0.008815092 0.059509024
v -0.013493553 0.0096163 0.053657535
v -0.013493553 0.010323237 0.050045222
v -0.013493553 0.010949878 0.047620505
v -0.01349262 0.008767042 0.06
v -0.013490784 0.0087643 0.06
v -0.013487319 -0.008759254 0.06
v -0.013483228 -0.011433597 0.046065666
v -0.013483212 -0.010936087 0.047616471
v -0.013483212 -0.010309229 0.050042026
v -0.013483212 -0.009602129 0.053655166
v -0.013483212 -0.008800812 0.059507437
v -0.013483212 -0.008753916 0.06
v -0.013483096 -0.00875375 0.06
v -0.013473464 0.011418672 0.046065666
v -0.01345853 0.008717124 0.06
v -0.01345853 0.008764408 0.059503343
v -0.01345853 0.009566002 0.053649094
v -0.01345853 0.010273517 0.050033856
v -0.01345853 0.010900931 0.047606178
v -0.013458514 0.01139471 0.046065666
v -0.01345135 -0.008705471 0.06
v -0.013448702 -0.010885936 0.047601793
v -0.013448702 -0.010258287 0.05003038
v -0.013448702 -0.009550594 0.053646516
v -0.013448702 -0.008748882 0.059501614
v -0.013448687 -0.011378152 0.046065666
v -0.01344758 -0.008699551 0.06
v -0.013436618 -0.011356841 0.046065666
v -0.01342935 0.008668222 0.06
v -0.013429055 0.011342881 0.046065666
v -0.013427425 0.008665058 0.06
v -0.013426786 0.00866393 0.06
v -0.013426786 0.008711771 0.059497438
v -0.013426786 0.009513766 0.053640328
v -0.013426786 0.010221883 0.050022054
v -0.013426786 0.010850097 0.047591295
v -0.013424157 0.00865878 0.06
v -0.013418867 -0.008649296 0.06
v -0.013417471 -0.010833704 0.047586501
v -0.013417471 -0.010205231 0.050018251
v -0.013417471 -0.00949692 0.053637508
v -0.013417471 -0.008694796 0.05949555
v -0.013417471 -0.008646777 0.06
v -0.013398424 0.008657394 0.059491344
v -0.013398424 0.009459803 0.053631272
v -0.013398424 0.010168541 0.050009862
v -0.013398424 0.010797583 0.047575925
v -0.013398417 0.011280604 0.046065666
v -0.013398082 0.008608253 0.06
v -0.013396391 0.008604369 0.06
v -0.013396202 -0.011275678 0.046065666
v -0.01339194 -0.008594779 0.06
v -0.013390441 0.011262558 0.046065666
v -0.013390036 -0.008590956 0.06
v -0.013389661 -0.010779581 0.047570657
v -0.013389661 -0.010150255 0.050005686
v -0.013389661 -0.009441303 0.053628176
v -0.013389661 -0.008638754 0.059489265
v -0.013389658 -0.011260738 0.046065666
v -0.01337353 0.008552485 0.06
v -0.01337353 0.008601493 0.059485074
v -0.01337353 0.009404328 0.053621963
v -0.01337353 0.010113704 0.049997326
v -0.01337353 0.010743598 0.047560122
v -0.013373527 0.011221018 0.046065666
v -0.013367794 -0.0085374 0.06
v -0.013365404 -0.01072377 0.047554322
v -0.013365404 -0.010093564 0.049992729
v -0.013365404 -0.009383952 0.05361855
v -0.013365404 -0.008580962 0.059482783
v -0.013365404 -0.008531738 0.06
v -0.013365011 -0.008530682 0.06
v -0.013362328 -0.011190475 0.046065666
v -0.013358149 0.011178306 0.046065666
v -0.013353964 0.0084995 0.06
v -0.01335289 0.008496707 0.06
v -0.013352181 0.008494676 0.06
v -0.013352181 0.00854429 0.059478659
v -0.013352181 0.009347559 0.053612437
v -0.013352181 0.01005759 0.0499845
v -0.013352181 0.010688353 0.04754395
v -0.013350687 0.008489717 0.06
v -0.013346147 -0.008475744 0.06
v -0.013344817 -0.011135935 0.046065666
v -0.013344817 -0.010666479 0.04753755
v -0.013344817 -0.01003537 0.049979426
v -0.013344817 -0.009325081 0.053608671
v -0.013344817 -0.00852164 0.059476133
v -0.013343934 -0.008468724 0.06
v -0.013335519 -0.011102198 0.046065666
v -0.013334434 0.008486007 0.059472125
v -0.013334434 0.00928972 0.053602729
v -0.013334434 0.010000416 0.049971428
v -0.013334434 0.010632067 0.047527473
v -0.013334434 0.011097972 0.046065666
v -0.013334422 0.008435732 0.06
v -0.013333244 0.008430733 0.06
v -0.013332703 0.011091079 0.046065666
v -0.01332854 -0.008412613 0.06
v -0.013328006 -0.010607927 0.04752041
v -0.013328006 -0.009975895 0.049965829
v -0.013328006 -0.009264913 0.053598575
v -0.013328006 -0.008461011 0.059469335
v -0.013328006 -0.008410517 0.06
v -0.013320337 0.008376015 0.06
v -0.013320337 0.008426871 0.059465494
v -0.013320337 0.009231034 0.053592879
v -0.013320337 0.009942406 0.049958169
v -0.013320337 0.010574957 0.047510754
v -0.013316176 -0.008353513 0.06
v -0.013316094 -0.011011741 0.046065666
v -0.013315083 -0.008348272 0.06
v -0.013315065 -0.011005638 0.046065666
v -0.013315064 -0.010548339 0.047502968
v -0.013315064 -0.009915368 0.049951993
v -0.013315064 -0.009203681 0.053588297
v -0.013315064 -0.008399309 0.059462413
v -0.013314355 0.01100131 0.046065666
v -0.013310822 0.008320836 0.06
v -0.013310385 0.008318543 0.06
v -0.013309925 0.01097137 0.046065666
v -0.013309921 0.008315621 0.06
v -0.013309921 0.008367109 0.059458792
v -0.013309921 0.009171726 0.053582925
v -0.013309921 0.009883781 0.04994477
v -0.013309921 0.010517242 0.04749386
v -0.013309395 0.008311018 0.06
v -0.013306876 -0.008290623 0.06
v -0.013306075 -0.010488006 0.047485307
v -0.013306075 -0.009854084 0.049937986
v -0.013306075 -0.009141684 0.053577896
v -0.013306075 -0.008336836 0.05945541
v -0.013306075 -0.008285028 0.06
v -0.01330588 -0.008283055 0.06
v -0.013304234 -0.010919943 0.046065666
v -0.013303388 0.010909694 0.046065666
v -0.013303258 0.008255479 0.06
v -0.013303204 0.008306948 0.059452046
v -0.013303204 0.009112024 0.053572908
v -0.013303204 0.009824766 0.04993128
v -0.013303204 0.010459143 0.047476854
v -0.01330294 0.008249499 0.06
v -0.01330133 -0.010877225 0.046065666
v -0.013301327 -0.010431811 0.047468856
v -0.013301327 -0.009797003 0.04992494
v -0.013301327 -0.009083938 0.053568203
v -0.01330034 -0.008182343 0.06
v -0.013300186 0.010843117 0.046065666
v -0.013300117 -0.008179145 0.06
v -0.013300016 0.008176277 0.06
v -0.0133 -0.010822715 0.046065666
v -0.0133 -0.010234185 0.047975145
v -0.0133 -0.009494573 0.051076457
v -0.0133 -0.008687737 0.05579675
v -0.0133 -0.00822753 0.059443153
v -0.0133 -0.008174561 0.06
v -0.0133 -0.006936739 0.06
v -0.0133 -0.006907018 0.06
v -0.0133 -0.006875415 0.06
v -0.0133 -0.006842095 0.06
v -0.0133 -0.006807269 0.06
v -0.0133 -0.00677119 0.06
v -0.0133 -0.006734167 0.06
v -0.0133 -0.003455152 0.06
v -0.0133 -0.003384163 0.06
v -0.0133 -0.003312352 0.06
v -0.0133 -0.003276348 0.06
v -0.0133 -0.00324039 0.06
v -0.0133 -0.003204576 0.06
v -0.0133 -0.003168986 0.06
v -0.0133 -0.003133718 0.06
v -0.0133 -0.003098862 0.06
v -0.0133 -0.003064509 0.06
v -0.0133 -0.003030749 0.06
v -0.0133 -0.00299768 0.06
v -0.0133 -0.002965385 0.06
v -0.0133 -0.002933954 0.06
v -0.0133 -0.002903475 0.06
v -0.0133 -0.002874035 0.06
v -0.0133 -0.00284571 0.06
v -0.0133 -0.002818581 0.06
v -0.0133 -0.002792722 0.06
v -0.0133 -0.002768206 0.06
v -0.0133 -0.001724103 0.06
v -0.0133 -0.00075 0.052097972
v -0.0133 -0.000747146 0.05202841
v -0.0133 -0.000747146 0.052167535
v -0.0133 -0.000738606 0.051959377
v -0.0133 -0.000738606 0.052236568
v -0.0133 -0.000724444 0.051891401
v -0.0133 -0.000724444 0.052304544
v -0.0133 -0.000704769 0.051824994
v -0.0133 -0.000704769 0.052370951
v -0.0133 -0.000679731 0.051760666
v -0.0133 -0.000679731 0.052435279
v -0.0133 -0.000649519 0.051698904
v -0.0133 -0.000649519 0.05249704
v -0.0133 -0.000614364 0.051640183
v -0.0133 -0.000614364 0.052555762
v -0.0133 -0.000574533 0.05158494
v -0.0133 -0.000574533 0.052611001
v -0.0133 -0.00053033 0.051533606
v -0.0133 -0.00053033 0.052662339
v -0.0133 -0.000506693 0.051509526
v -0.0133 -0.000506693 0.052686419
v -0.0133 -0.000482091 0.051486567
v -0.0133 -0.000482091 0.052709378
v -0.0133 -0.000456571 0.05146477
v -0.0133 -0.000456571 0.052731175
v -0.0133 -0.000430182 0.05144418
v -0.0133 -0.000430182 0.052751765
v -0.0133 -0.000402975 0.051424835
v -0.0133 -0.000402975 0.05277111
v -0.0133 -0.000375 0.051406767
v -0.0133 -0.000375 0.052789174
v -0.0133 -0.000346311 0.051390018
v -0.0133 -0.000346311 0.052805927
v -0.0133 -0.000316964 0.051374618
v -0.0133 -0.000316964 0.052821327
v -0.0133 -0.000287013 0.051360592
v -0.0133 -0.000287013 0.052835353
v -0.0133 -0.000256515 0.051347971
v -0.0133 -0.000256515 0.05284797
v -0.0133 -0.000225529 0.05133678
v -0.0133 -0.000225529 0.052859165
v -0.0133 -0.000194114 0.051327035
v -0.0133 -0.000194114 0.05286891
v -0.0133 -0.00017468 0.06
v -0.0133 -0.00016233 0.051318757
v -0.0133 -0.00016233 0.052877188
v -0.0133 -0.00014842 0.06
v -0.0133 -0.000147767 0.06
v -0.0133 -0.000145956 0.06
v -0.0133 -0.000142978 0.06
v -0.0133 -0.000138831 0.06
v -0.0133 -0.000133528 0.06
v -0.0133 -0.000130236 0.051311962
v -0.0133 -0.000130236 0.052883979
v -0.0133 -0.000127091 0.06
v -0.0133 -0.000101186 0.06
v -0.0133 -9.7895e-05 0.051306669
v -0.0133 -9.7895e-05 0.052889276
v -0.0133 -7.5421e-05 0.06
v -0.0133 -6.5367e-05 0.051302876
v -0.0133 -6.5367e-05 0.052893069
v -0.0133 -4.9858e-05 0.06
v -0.0133 -3.2715e-05 0.0513006
v -0.0133 -3.2715e-05 0.052895345
v -0.0133 -2.4558e-05 0.06
v -0.0133 0.0 0.05129984
v -0.0133 0.0 0.052896105
v -0.0133 4.19e-07 0.06
v -0.0133 2.5015e-05 0.06
v -0.0133 3.2715e-05 0.0513006
v -0.0133 3.2715e-05 0.052895345
v -0.0133 4.9172e-05 0.06
v -0.0133 6.5367e-05 0.051302876
v -0.0133 6.5367e-05 0.052893069
v -0.0133 7.2835e-05 0.06
v -0.0133 9.595e-05 0.06
v -0.0133 9.7895e-05 0.051306669
v -0.0133 9.7895e-05 0.052889276
v -0.0133 0.000118465 0.06
v -0.0133 0.000130236 0.051311962
v -0.0133 0.000130236 0.052883979
v -0.0133 0.000140329 0.06
v -0.0133 0.000161495 0.06
v -0.0133 0.00016233 0.051318757
v -0.0133 0.00016233 0.052877188
v -0.0133 0.000181917 0.06
v -0.0133 0.000194114 0.051327035
v -0.0133 0.000194114 0.05286891
v -0.0133 0.000201553 0.06
v -0.0133 0.000220362 0.06
v -0.0133 0.000225529 0.05133678
v -0.0133 0.000225529 0.052859165
v -0.0133 0.000238308 0.06
v -0.0133 0.000255354 0.06
v -0.0133 0.000256515 0.051347971
v -0.0133 0.000256515 0.05284797
v -0.0133 0.000271468 0.06
v -0.0133 0.000287013 0.051360592
v -0.0133 0.000287013 0.052835353
v -0.0133 0.000300792 0.06
v -0.0133 0.000308443 0.06
v -0.0133 0.000316964 0.051374618
v -0.0133 0.000316964 0.052821327
v -0.0133 0.000333832 0.06
v -0.0133 0.000346311 0.051390018
v -0.0133 0.000346311 0.052805927
v -0.0133 0.000355047 0.06
v -0.0133 0.000371982 0.06
v -0.0133 0.000375 0.051406767
v -0.0133 0.000375 0.052789174
v -0.0133 0.000384577 0.06
v -0.0133 0.000392809 0.06
v -0.0133 0.000396701 0.06
v -0.0133 0.000402975 0.051424835
v -0.0133 0.000402975 0.05277111
v -0.0133 0.000406504 0.06
v -0.0133 0.000411899 0.06
v -0.0133 0.00041761 0.06
v -0.0133 0.000423626 0.06
v -0.0133 0.000429937 0.06
v -0.0133 0.000430182 0.05144418
v -0.0133 0.000430182 0.052751765
v -0.0133 0.000436529 0.06
v -0.0133 0.000443389 0.06
v -0.0133 0.000450502 0.06
v -0.0133 0.000456571 0.05146477
v -0.0133 0.000456571 0.052731175
v -0.0133 0.000457854 0.06
v -0.0133 0.000465429 0.06
v -0.0133 0.000473209 0.06
v -0.0133 0.000481177 0.06
v -0.0133 0.000482091 0.051486567
v -0.0133 0.000482091 0.052709378
v -0.0133 0.000489316 0.06
v -0.0133 0.000497606 0.06
v -0.0133 0.000506029 0.06
v -0.0133 0.000506693 0.051509526
v -0.0133 0.000506693 0.052686419
v -0.0133 0.000514564 0.06
v -0.0133 0.000523192 0.06
v -0.0133 0.00053033 0.051533606
v -0.0133 0.00053033 0.052662339
v -0.0133 0.000531892 0.06
v -0.0133 0.000540644 0.06
v -0.0133 0.000549427 0.06
v -0.0133 0.000574533 0.05158494
v -0.0133 0.000574533 0.052611001
v -0.0133 0.000614364 0.051640183
v -0.0133 0.000614364 0.052555762
v -0.0133 0.000649519 0.051698904
v -0.0133 0.000649519 0.05249704
v -0.0133 0.000679731 0.051760666
v -0.0133 0.000679731 0.052435279
v -0.0133 0.000704769 0.051824994
v -0.0133 0.000704769 0.052370951
v -0.0133 0.000724444 0.051891401
v -0.0133 0.000724444 0.052304544
v -0.0133 0.000738606 0.051959377
v -0.0133 0.000738606 0.052236568
v -0.0133 0.000747146 0.05202841
v -0.0133 0.000747146 0.052167535
v -0.0133 0.00075 0.052097972
v -0.0133 0.007961567 0.06
v -0.0133 0.008166391 0.06
v -0.0133 0.008227532 0.059443142
v -0.0133 0.009033179 0.053559676
v -0.0133 0.009187948 0.052669145
v -0.0133 0.009746889 0.049913477
v -0.0133 0.010075157 0.048567574
v -0.0133 0.010382397 0.047454387
v -0.0133 0.010822715 0.046065666
f 1247 1966 579
f 1247 1239 579
f 1395 1966 579
f 1397 1406 1966
f 862 856 96
f 273 267 285
f 178 190 179
f 2344 1714 2332
f 8 71 1
f 861 865 101
f 2331 1719 1710
f 1957 1385 1246
f 596 1341 1246
f 1233 1226 546
f 1396 1395 1966
f 1396 1397 1966
f 1123 433 1101
f 554 1232 579
f 249 267 252
f 933 935 252
f 288 273 945
f 212 224 230
f 212 916 198
f 233 224 926
f 210 212 230
f 210 212 198
f 169 178 179
f 1727 2344 1714
f 1727 2551 1941
f 1727 2344 2551
f 2346 2344 2551
f 89 83 87
f 89 95 87
f 89 95 96
f 89 856 96
f 78 83 87
f 78 76 74
f 78 89 74
f 78 89 83
f 70 64 66
f 70 76 66
f 70 76 74
f 70 8 64
f 70 89 74
f 786 757 813
f 946 274 293
f 88 101 831
f 88 786 831
f 88 786 757
f 88 757 813
f 79 81 85
f 225 927 923
f 900 177 905
f 860 101 831
f 860 861 101
f 2339 2331 1719
f 2339 1719 1728
f 2339 1728 2347
f 2339 2352 2345
f 2339 2352 2347
f 1460 1385 2036
f 1238 1239 579
f 1238 1232 579
f 1492 1485 2074
f 2139 1524 2119
f 522 1217 1193
f 522 520 1193
f 1231 554 1225
f 1231 554 1232
f 1169 494 1193
f 501 520 1193
f 501 494 1193
f 461 1123 1145
f 461 1123 433
f 116 131 129
f 116 117 129
f 116 117 113
f 105 113 866
f 105 117 104
f 105 117 113
f 105 863 866
f 105 863 862
f 149 147 888
f 149 147 151
f 149 165 151
f 149 165 162
f 130 131 129
f 142 139 151
f 142 147 151
f 142 883 147
f 941 273 945
f 941 939 273
f 264 939 935
f 264 935 252
f 264 939 273
f 264 267 252
f 264 273 267
f 386 433 1101
f 922 212 224
f 245 249 252
f 245 233 249
f 245 928 933
f 245 933 252
f 245 928 926
f 245 233 926
f 234 224 230
f 234 233 224
f 890 894 162
f 890 149 162
f 890 149 888
f 168 165 162
f 168 169 162
f 899 178 901
f 899 169 178
f 187 178 190
f 912 916 198
f 904 178 901
f 904 187 178
f 2544 2346 2551
f 830 89 813
f 830 89 856
f 84 78 87
f 84 78 76
f 814 786 813
f 814 786 831
f 534 1219 1218
f 534 1219 1226
f 534 1226 546
f 275 274 260
f 940 946 274
f 940 934 260
f 940 274 260
f 982 946 293
f 77 81 85
f 77 8 71
f 77 79 81
f 77 70 8
f 77 88 85
f 77 70 89
f 77 88 89
f 390 89 813
f 90 88 85
f 90 79 85
f 90 88 101
f 188 199 200
f 174 900 177
f 240 225 927
f 218 917 923
f 218 225 923
f 218 917 199
f 124 132 874
f 124 869 874
f 124 869 114
f 124 125 133
f 124 132 133
f 111 865 101
f 111 869 865
f 111 869 114
f 878 132 874
f 1693 2309 2307
f 2280 1669 2286
f 2280 2285 2286
f 1965 1957 1385
f 1965 1979 1385
f 2224 1607 1619
f 2224 1607 2222
f 2255 1642 2269
f 2179 2190 2165
f 2179 2195 2190
f 2162 1554 2165
f 1566 1554 2165
f 1566 2179 2165
f 1590 2195 1582
f 2056 1460 1476
f 2056 2066 1476
f 2279 2268 2269
f 2279 2280 2269
f 2279 2280 2285
f 2300 2286 2307
f 2208 2195 2190
f 578 596 1246
f 578 567 1246
f 561 1233 1246
f 561 567 1246
f 561 1233 546
f 1440 2014 2033
f 2164 2166 1561
f 2244 2249 1640
f 2043 2058 1466
f 1471 2058 1466
f 1549 1545 2149
f 1538 2139 2149
f 1538 1545 2149
f 2104 1510 2094
f 1493 1510 2094
f 1493 2089 2094
f 1493 2089 1492
f 531 522 1217
f 469 461 1145
f 469 1169 1145
f 873 116 131
f 100 105 104
f 100 95 104
f 100 95 96
f 100 862 96
f 100 105 862
f 885 147 888
f 885 883 147
f 138 130 131
f 136 142 139
f 136 138 139
f 136 138 131
f 136 131 877
f 136 142 877
f 879 142 877
f 879 142 883
f 289 288 945
f 289 273 285
f 289 288 273
f 366 1049 357
f 1079 386 1101
f 1079 386 1049
f 918 212 916
f 918 922 212
f 924 224 926
f 924 922 224
f 247 233 249
f 247 234 233
f 176 169 179
f 176 168 169
f 896 899 169
f 896 894 162
f 896 169 162
f 193 187 190
f 193 210 190
f 193 210 198
f 193 187 910
f 193 912 910
f 193 912 198
f 906 187 910
f 906 904 187
f 518 534 1218
f 485 1170 476
f 1147 1146 476
f 1147 1170 476
f 280 275 274
f 374 1050 393
f 374 368 1050
f 1020 982 332
f 1020 345 332
f 1020 345 368
f 1020 368 1050
f 299 982 293
f 299 982 332
f 68 77 79
f 68 71 1
f 68 77 71
f 389 88 813
f 389 390 813
f 92 97 101
f 92 90 101
f 911 188 905
f 911 917 199
f 911 188 199
f 195 188 200
f 170 171 163
f 170 895 163
f 170 895 900
f 170 174 900
f 175 170 171
f 175 170 174
f 246 927 934
f 246 240 927
f 237 218 225
f 237 218 221
f 215 218 199
f 215 218 221
f 160 171 163
f 160 895 889
f 160 895 163
f 137 132 133
f 137 143 132
f 123 124 125
f 123 114 120
f 123 124 114
f 110 97 101
f 110 111 101
f 1682 2286 2307
f 1694 2331 1710
f 1694 2309 2331
f 1694 1693 2309
f 1658 2280 2269
f 1658 2280 1669
f 1634 2255 2247
f 2026 1385 2036
f 1992 1979 1385
f 2234 2223 2222
f 2234 2224 2222
f 1511 2115 1515
f 1511 1503 2115
f 2055 1460 2036
f 2055 2056 1460
f 2073 1490 1476
f 2073 2066 1476
f 2101 2095 1497
f 2086 2095 1497
f 2295 2285 2286
f 2295 2300 2286
f 2308 2309 2307
f 2308 2300 2307
f 2203 2208 2195
f 2203 1590 2195
f 2203 2223 2222
f 2203 1590 1607
f 2203 1607 2222
f 2267 2268 2269
f 2267 2255 2269
f 1434 2013 2014
f 1434 1440 2014
f 2167 2164 2166
f 2167 2164 2154
f 1572 2166 1561
f 1572 2166 2186
f 1702 1714 2332
f 1624 2244 1640
f 2261 2249 1640
f 1457 2043 2033
f 2080 1492 2074
f 2080 2089 1492
f 1557 1549 2154
f 1557 2164 1561
f 1557 2164 2154
f 1531 2139 1524
f 2118 2104 1510
f 2118 1519 1510
f 2118 1519 1524
f 2118 1524 2119
f 1224 531 1225
f 1224 531 1217
f 547 554 1225
f 547 531 1225
f 487 1169 494
f 487 469 1169
f 870 116 113
f 875 131 877
f 875 873 131
f 312 981 319
f 312 289 981
f 947 289 945
f 947 289 981
f 327 1019 319
f 987 981 319
f 987 1019 319
f 1025 1049 357
f 1025 1019 357
f 385 386 1049
f 385 366 1049
f 504 485 1170
f 504 1194 508
f 1195 518 508
f 1195 1194 508
f 1195 518 1218
f 472 1146 476
f 472 450 1146
f 1124 450 441
f 408 1102 441
f 408 1050 393
f 272 275 260
f 272 263 260
f 290 274 293
f 290 280 274
f 185 195 188
f 185 177 905
f 185 188 905
f 185 186 177
f 182 175 174
f 182 186 177
f 182 174 177
f 253 934 260
f 253 246 934
f 253 263 260
f 257 240 255
f 257 246 240
f 257 253 263
f 257 253 246
f 241 240 255
f 241 240 225
f 241 237 225
f 211 199 200
f 211 215 199
f 161 160 171
f 161 160 157
f 148 160 157
f 148 143 146
f 148 143 132
f 148 878 884
f 148 878 132
f 148 884 889
f 148 160 889
f 112 114 120
f 112 111 114
f 112 110 111
f 1686 1693 2307
f 1686 1682 2307
f 1674 1669 2286
f 1674 1682 2286
f 1647 1642 2269
f 1647 1658 2269
f 1630 1634 2247
f 1635 2255 1642
f 1635 1634 2255
f 2021 2010 1385
f 2021 2026 1385
f 2008 2010 1385
f 2008 1992 1385
f 2239 2224 2247
f 2239 2234 2224
f 1568 1566 2179
f 1568 1577 2179
f 1581 2195 1582
f 1581 2179 2195
f 1581 1577 2179
f 2177 2190 2165
f 2177 2162 2165
f 2161 2162 1554
f 2161 2163 2162
f 2161 1543 1554
f 2161 1543 2142
f 2116 2115 1515
f 1525 2132 2142
f 1525 1543 2142
f 1502 2101 1497
f 1502 2101 1503
f 2110 1503 2115
f 2110 2101 1503
f 1491 2086 1497
f 1491 2086 1490
f 2081 2073 1490
f 2081 2086 1490
f 2329 2309 2331
f 2329 2308 2309
f 2217 2203 2223
f 1425 2013 1997
f 1425 1434 2013
f 2180 2167 2166
f 2180 2186 2181
f 2180 2166 2186
f 2155 2167 2154
f 2155 1549 2154
f 2155 1549 2149
f 2317 1702 2332
f 2210 2216 1600
f 1652 1663 2270
f 1652 2261 2270
f 2272 2261 2270
f 1459 2043 1466
f 1459 1457 2043
f 1450 1457 2033
f 2059 1478 1471
f 2059 1471 2058
f 1484 1485 2074
f 1484 1478 2074
f 1537 1538 2139
f 1537 1531 2139
f 871 873 116
f 871 870 116
f 867 113 866
f 867 870 113
f 353 1019 357
f 353 327 1019
f 1171 504 1170
f 1171 504 1194
f 1103 1102 441
f 1103 1124 441
f 1127 450 1146
f 1127 1124 450
f 1080 408 1050
f 194 185 186
f 194 185 195
f 156 148 146
f 156 148 157
f 1621 1630 2247
f 1621 2224 1619
f 1621 2224 2247
f 2250 2239 2247
f 2250 2255 2247
f 2250 2267 2255
f 2172 2163 2162
f 2172 2177 2162
f 2127 2116 1515
f 2127 1525 2132
f 2330 2339 2345
f 2330 2339 2331
f 2330 2329 2331
f 2209 2203 2208
f 2209 2217 2203
f 1419 1425 1997
f 1700 2317 1702
f 2314 1687 1691
f 2314 1700 1691
f 2314 1700 2317
f 2314 1687 1676
f 2314 2294 1676
f 1596 2210 1600
f 1596 2210 1589
f 2189 2210 1589
f 2189 1589 1583
f 2189 1572 1583
f 2189 1572 2186
f 2226 1614 1624
f 2226 1624 2244
f 2226 1610 1614
f 2226 1610 2216
f 1648 2261 1640
f 1648 1652 2261
f 2256 2261 2249
f 2256 2272 2261
f 1442 1440 2033
f 1442 1450 2033
f 2064 1478 2074
f 2064 2059 1478
f 1081 408 1102
f 1081 1080 408
f 1517 2127 1515
f 1517 2127 1525
f 1408 1419 1997
f 1408 1987 1997
f 1408 1987 1966
f 1408 1406 1966
f 1601 2216 1600
f 1601 1610 2216
f 2245 2244 2249
f 2245 2256 2249
f 2245 2226 2244
f 2291 2292 2270
f 2291 2292 2294
f 2291 1663 2270
f 2291 1667 1663
f 2291 1667 1676
f 2291 2294 1676
f 2273 2272 2270
f 2273 2292 2270
f 2301 2314 2294
f 2301 2292 2294
f 2227 2226 2216
f 2318 2314 2317
f 2228 2245 2226
f 2228 2227 2226
f 2211 2210 2216
f 2211 2227 2216
f 2316 2301 2314
f 2316 2318 2314
f 2333 2317 2332
f 2200 2186 2181
f 2200 2189 2186
f 2200 2189 2210
f 2200 2211 2210
f 2323 2318 2317
f 2323 2333 2317
f 2338 2344 2332
f 2338 2333 2332
f 2338 2346 2344
f 2551 1941 1728
f 2551 1728 2347
f 1341 1385 1246
f 8 66 1
f 8 64 66
f 2544 2551 2347
f 2544 2352 2347
f 389 390 89
f 389 88 89
f 1601 247 249
f 1601 66 1
f 1601 95 87
f 1601 1511 1515
f 1601 1460 1385
f 1601 1719 1710
f 1601 211 200
f 1601 1395 579
f 1601 1396 1395
f 1601 1492 1485
f 1601 1719 1728
f 1601 1941 1728
f 1601 190 179
f 1601 1702 1714
f 1601 84 87
f 1601 1341 1385
f 1601 1397 1406
f 1601 267 285
f 1601 501 520
f 1601 386 433
f 1601 210 230
f 1601 1727 1941
f 1601 272 275
f 1601 68 1
f 1601 1607 1619
f 1601 1590 1582
f 1601 561 546
f 1601 554 579
f 1601 461 433
f 1601 234 230
f 1601 117 129
f 1601 130 129
f 1601 138 139
f 1601 76 66
f 1601 534 546
f 1601 92 97
f 1601 182 186
f 1601 299 293
f 1601 241 255
f 1601 1568 1566
f 1601 596 1341
f 1601 1396 1397
f 1601 578 596
f 1601 1700 1691
f 1601 1491 1497
f 1601 1557 1561
f 1601 522 520
f 1601 95 104
f 1601 165 151
f 1601 139 151
f 1601 249 267
f 1601 312 319
f 1601 210 190
f 1601 1727 1714
f 1601 518 508
f 1601 472 476
f 1601 345 332
f 1601 123 120
f 1601 125 133
f 1601 257 255
f 1601 1686 1693
f 1601 1460 1476
f 1601 1658 1669
f 1601 1647 1642
f 1601 1581 1582
f 1601 1490 1476
f 1601 1687 1676
f 1601 1624 1640
f 1601 1667 1676
f 1601 1648 1640
f 1601 1519 1524
f 1601 1493 1492
f 1601 501 494
f 1601 1531 1524
f 1601 117 104
f 1601 547 554
f 1601 289 285
f 1601 366 357
f 1601 168 165
f 1601 84 76
f 1601 176 179
f 1601 485 476
f 1601 504 508
f 1601 374 393
f 1601 137 133
f 1601 90 79
f 1601 195 200
f 1601 175 171
f 1601 194 186
f 1601 143 146
f 1601 110 97
f 1601 1694 1710
f 1601 1566 1554
f 1601 1590 1607
f 1601 1442 1440
f 1601 1502 1497
f 1601 578 567
f 1601 561 567
f 1601 1596 1600
f 1601 1572 1561
f 1601 1517 1515
f 1601 1471 1466
f 1601 1549 1545
f 1601 1538 1545
f 1601 1519 1510
f 1601 1493 1510
f 1601 531 522
f 1601 469 461
f 1601 138 130
f 1601 487 494
f 1601 1537 1538
f 1601 247 234
f 1601 176 168
f 1601 518 534
f 1601 385 386
f 1601 450 441
f 1601 408 393
f 1601 280 275
f 1601 374 368
f 1601 345 368
f 1601 299 332
f 1601 68 79
f 1601 92 90
f 1601 353 357
f 1601 290 293
f 1601 237 221
f 1601 215 221
f 1601 137 143
f 1601 123 125
f 1601 161 171
f 1601 112 120
f 1601 1694 1693
f 1601 1674 1669
f 1601 156 146
f 1601 1635 1642
f 1601 1543 1554
f 1601 1511 1503
f 1601 1434 1440
f 1601 1572 1583
f 1601 1589 1583
f 1601 1687 1691
f 1601 1621 1619
f 1601 1408 1406
f 1601 1459 1466
f 1601 1478 1471
f 1601 1557 1549
f 1601 1484 1485
f 1601 547 531
f 1601 487 469
f 1601 312 289
f 1601 327 319
f 1601 385 366
f 1601 504 485
f 1601 472 450
f 1601 408 441
f 1601 272 263
f 1601 290 280
f 1601 182 175
f 1601 257 263
f 1601 241 237
f 1601 211 215
f 1601 161 157
f 1601 112 110
f 1601 1686 1682
f 1601 1674 1682
f 1601 1647 1658
f 1601 1630 1634
f 1601 1635 1634
f 1601 1568 1577
f 1601 1581 1577
f 1601 1525 1543
f 1601 1502 1503
f 1601 1491 1490
f 1601 1425 1434
f 1601 1614 1624
f 1601 1652 1663
f 1601 1667 1663
f 1601 1459 1457
f 1601 1450 1457
f 1601 1484 1478
f 1601 1537 1531
f 1601 353 327
f 1601 194 195
f 1601 156 157
f 1601 1621 1630
f 1601 1419 1425
f 1601 1700 1702
f 1601 1596 1589
f 1601 1610 1614
f 1601 1648 1652
f 1601 1442 1450
f 1601 1517 1525
f 1601 1408 1419
f 2338 2080 2074
f 2338 1247 1966
f 2338 860 831
f 2338 830 813
f 2338 2155 2149
f 2338 1127 1146
f 2338 2544 2352
f 2338 912 916
f 2338 1238 1239
f 2338 2295 2285
f 2338 928 926
f 2338 927 934
f 2338 863 866
f 2338 895 889
f 2338 2234 2223
f 2338 1247 1239
f 2338 1233 1246
f 2338 2043 2033
f 2338 862 856
f 2338 1169 1193
f 2338 875 877
f 2338 900 905
f 2338 2352 2345
f 2338 878 874
f 2338 1219 1218
f 2338 1123 1101
f 2338 2014 2033
f 2338 2267 2268
f 2338 1231 1225
f 2338 1217 1193
f 2338 885 888
f 2338 987 981
f 2338 890 888
f 2338 1147 1146
f 2338 814 813
f 2338 1020 1050
f 2338 861 865
f 2338 1957 1246
f 2338 1965 1957
f 2338 2279 2268
f 2338 1219 1226
f 2338 1233 1226
f 2338 2139 2119
f 2338 1987 1966
f 2338 2209 2208
f 2338 2217 2223
f 2338 1123 1145
f 2338 2118 2119
f 2338 863 862
f 2338 933 935
f 2338 939 935
f 2338 941 945
f 2338 918 916
f 2338 899 901
f 2338 904 901
f 2338 927 923
f 2338 1025 1049
f 2338 940 934
f 2338 917 923
f 2338 869 874
f 2338 884 889
f 2338 860 861
f 2338 911 905
f 2338 2161 2142
f 2338 2073 2066
f 2338 2208 2190
f 2338 1238 1232
f 2338 1987 1997
f 2338 2081 2073
f 2338 2013 1997
f 2338 2139 2149
f 2338 1231 1232
f 2338 1169 1145
f 2338 871 873
f 2338 928 933
f 2338 941 939
f 2338 879 877
f 2338 1079 1101
f 2338 890 894
f 2338 924 926
f 2338 912 910
f 2338 896 894
f 2338 2544 2346
f 2338 830 856
f 2338 814 831
f 2338 906 910
f 2338 940 946
f 2338 982 946
f 2338 869 865
f 2338 895 900
f 2338 878 884
f 2338 2026 2036
f 2338 1965 1979
f 2338 1080 1050
f 2338 2056 2066
f 2338 2055 2036
f 2338 2279 2285
f 2338 2086 2095
f 2338 2127 2132
f 2338 1992 1979
f 2338 2013 2014
f 2338 2043 2058
f 2338 2089 2094
f 2338 2104 2094
f 2338 1224 1225
f 2338 885 883
f 2338 879 883
f 2338 947 945
f 2338 1079 1049
f 2338 918 922
f 2338 924 922
f 2338 896 899
f 2338 906 904
f 2338 1147 1170
f 2338 867 866
f 2338 1195 1218
f 2338 1020 982
f 2338 911 917
f 2338 1103 1102
f 2338 2021 2010
f 2338 2008 2010
f 2338 2177 2190
f 2338 2132 2142
f 2338 2055 2056
f 2338 2116 2115
f 2338 2101 2095
f 2338 2110 2115
f 2338 2295 2300
f 2338 2308 2300
f 2338 2250 2267
f 2338 2180 2181
f 2338 2080 2089
f 2338 2118 2104
f 2338 1224 1217
f 2338 2273 2272
f 2338 875 873
f 2338 947 981
f 2338 987 1019
f 2338 1025 1019
f 2338 1195 1194
f 2338 1171 1170
f 2338 2021 2026
f 2338 2008 1992
f 2338 2239 2234
f 2338 2250 2239
f 2338 2161 2163
f 2338 2172 2163
f 2338 2110 2101
f 2338 2081 2086
f 2338 2329 2308
f 2338 2330 2345
f 2338 2180 2167
f 2338 2155 2167
f 2338 1081 1102
f 2338 2059 2058
f 2338 871 870
f 2338 867 870
f 2338 1171 1194
f 2338 1103 1124
f 2338 1127 1124
f 2338 2064 2074
f 2338 2172 2177
f 2338 2127 2116
f 2338 2330 2329
f 2338 2209 2217
f 2338 2256 2272
f 2338 2228 2245
f 2338 2064 2059
f 2338 1081 1080
f 2338 2245 2256
f 2338 2273 2292
f 2338 2301 2292
f 2338 2316 2301
f 2338 2323 2318
f 2338 2228 2227
f 2338 2211 2227
f 2338 2316 2318
f 2338 2200 2181
f 2338 2200 2211
f 2338 2323 2333
