v -0.0352 -0.012431967 0.008949704
v -0.0352 -0.012431967 0.02
v -0.0352 -0.007004584 0.02
v -0.0352 -0.006832482 0.02
v -0.0352 -0.006622548 0.02
v -0.0352 -0.006373204 0.02
v -0.0352 -0.006083216 0.02
v -0.0352 -0.005751834 0.02
v -0.0352 -0.005378946 0.02
v -0.0352 -0.004965248 0.02
v -0.0352 -0.004512421 0.02
v -0.0352 -0.00402329 0.02
v -0.0352 -0.00350196 0.02
v -0.0352 -0.002953912 0.02
v -0.0352 -0.002386015 0.02
v -0.0352 -0.002330602 0.02
v -0.0352 -0.001981306 0.019818168
v -0.0352 -0.001578315 0.019651243
v -0.0352 -0.00116231 0.019520078
v -0.0352 -0.000736455 0.019425668
v -0.0352 -0.000303993 0.019368732
v -0.0352 0.000131786 0.019349707
v -0.0352 0.000567564 0.019368732
v -0.0352 0.001000026 0.019425668
v -0.0352 0.001425881 0.019520078
v -0.0352 0.001841886 0.019651243
v -0.0352 0.002244877 0.019818168
v -0.0352 0.002594173 0.02
v -0.0352 0.00264912 0.02
v -0.0352 0.003211562 0.02
v -0.0352 0.003753696 0.02
v -0.0352 0.004268774 0.02
v -0.0352 0.004751427 0.02
v -0.0352 0.005197654 0.02
v -0.0352 0.005604723 0.02
v -0.0352 0.005971037 0.02
v -0.0352 0.006295967 0.02
v -0.0352 0.00657968 0.02
v -0.0352 0.006822973 0.02
v -0.0352 0.007027115 0.02
v -0.0352 0.00719371 0.02
v -0.0352 0.007324583 0.02
v -0.0352 0.00742168 0.02
v -0.0352 0.007486997 0.02
v -0.0352 0.007522514 0.02
v -0.0352 0.007811054 0.02
v -0.0352 0.00783726 0.02
v -0.0352 0.007863743 0.02
v -0.0352 0.007890284 0.02
v -0.0352 0.012416208 0.02
v -0.0352 0.012431967 0.008949704
v -0.0352 0.012431967 0.02
v -0.035199907 -0.012431966 0.008926143
v -0.035199907 0.012431967 0.008926143
v -0.035198633 0.012515498 0.02
v -0.035197794 0.012566778 0.008949704
v -0.035197109 0.012584614 0.02
v -0.035196331 -0.012539121 0.02
v -0.035196222 -0.012608288 0.008949704
v -0.035194397 -0.012431967 0.008766444
v -0.035194393 0.012431967 0.008766405
v -0.035193991 -0.012648372 0.02
v -0.035191849 0.012566583 0.008766421
v -0.035191718 -0.012677538 0.02
v -0.035190284 -0.012608034 0.008766461
v -0.035188797 0.012723202 0.02
v -0.035186686 -0.012431966 0.00866738
v -0.035186686 0.012431967 0.00866738
v -0.035185244 0.012700993 0.008766421
v -0.03518438 -0.012790342 0.008949704
v -0.03518438 -0.012790342 0.02
v -0.03518438 0.012790447 0.008949704
v -0.03518438 0.012790447 0.02
v -0.035183042 -0.012732805 0.008766461
v -0.035178972 -0.01284225 0.02
v -0.035178471 -0.012431967 0.008590945
v -0.035177853 -0.012858512 0.008949704
v -0.035175111 0.012566035 0.008591028
v -0.035174928 -0.012884489 0.02
v -0.035174884 0.012829021 0.008766421
v -0.035173558 -0.012607317 0.008591105
v -0.035173111 0.012894739 0.02
v -0.035172079 -0.012857916 0.008766461
v -0.035168532 0.012699898 0.008591028
v -0.035166193 0.012958764 0.008949704
v -0.035164099 -0.012958866 0.02
v -0.035161844 0.012989994 0.02
v -0.035160396 0.012958016 0.008766421
v -0.035155423 -0.012856186 0.008591105
v -0.035151187 -0.012431966 0.008410722
v -0.035151187 0.012431967 0.008410722
v -0.035147149 0.012565119 0.008413273
v -0.035145915 0.013095864 0.02
v -0.035145618 -0.012606122 0.008413387
v -0.035143785 0.012955875 0.008591028
v -0.035141695 -0.013122333 0.008949704
v -0.035141695 -0.013122333 0.02
v -0.035141543 -0.013091109 0.008766461
v -0.035140619 0.01269807 0.008413273
v -0.035140485 0.013129628 0.008949704
v -0.035140485 0.013129628 0.02
v -0.035127603 -0.012853296 0.008413387
v -0.035126504 -0.013206173 0.008949704
v -0.03512501 -0.013088427 0.008591105
v -0.035124549 -0.013208182 0.02
v -0.035123363 0.013191814 0.008766421
v -0.035121448 -0.013205221 0.008766461
v -0.035117418 0.013246835 0.02
v -0.035116039 0.012952296 0.008413273
v -0.035115136 -0.01326013 0.02
v -0.035113208 0.012431967 0.008233314
v -0.035108081 0.013296227 0.02
v -0.035107642 0.012563826 0.008234091
v -0.035106905 0.013188711 0.008591028
v -0.035106141 -0.012604431 0.008234237
v -0.035103258 0.013318788 0.008949704
v -0.035102528 -0.013321889 0.008949704
v -0.035101172 0.012695487 0.008234091
v -0.03510028 -0.01333183 0.02
v -0.035097562 0.013317525 0.008766421
v -0.035097491 -0.013320763 0.008766461
v -0.035097398 -0.013083946 0.008413387
v -0.035093673 -0.012431966 0.008158085
v -0.035093673 0.012431967 0.008158085
v -0.035091562 -0.01336781 0.02
v -0.035088293 -0.012849214 0.008234237
v -0.035086772 0.013384656 0.02
v -0.035081211 0.013313902 0.008591028
v -0.035081141 -0.013317131 0.008591105
v -0.035079412 0.013183528 0.008413273
v -0.035076834 0.012947241 0.008234091
v -0.035073701 -0.013442611 0.008949704
v -0.035073701 -0.013442611 0.02
v -0.035069413 -0.013437867 0.008766461
v -0.035068866 0.013461505 0.008949704
v -0.035068866 0.013461505 0.02
v -0.035067152 0.01344495 0.008766421
v -0.035062943 -0.012431967 0.008053291
v -0.035062887 0.012431967 0.008053114
v -0.035062184 -0.013485158 0.02
v -0.035058375 -0.013077615 0.008234237
v -0.035056364 0.012562146 0.008054523
v -0.0350549 -0.012602237 0.008054699
v -0.035053894 0.013307847 0.008413273
v -0.035053831 -0.013311064 0.008413387
v -0.035050925 0.013440794 0.008591028
v -0.035049975 0.012692133 0.008054523
v -0.035042716 -0.013556924 0.02
v -0.035042282 -0.013558435 0.008949704
v -0.035040565 0.013176204 0.008234091
v -0.035037272 -0.012843913 0.008054699
v -0.035036929 -0.0135569 0.008766461
v -0.035031364 0.013590868 0.02
v -0.035025947 0.012940679 0.008054523
v -0.035023823 0.013433851 0.008413273
v -0.035020836 -0.013552277 0.008591105
v -0.035019594 -0.013630461 0.02
v -0.03501524 -0.01330249 0.008234237
v -0.035014573 -0.012431966 0.007911353
v -0.035014573 0.012431967 0.007911353
v -0.035008341 0.013670284 0.008949704
v -0.03500773 -0.013069396 0.008054699
v -0.035006612 0.013675653 0.02
v -0.03500317 0.013668624 0.008766421
v -0.035000391 0.012431967 0.007873691
v -0.03499395 -0.013544553 0.008413387
v -0.034991831 -0.012599536 0.007876005
v -0.034990143 0.013166697 0.008054523
v -0.034987211 0.013663524 0.008591028
v -0.034986962 0.012688005 0.007875805
v -0.034985524 0.013424041 0.008234091
v -0.034983571 0.013744123 0.02
v -0.034982637 -0.013747785 0.008949704
v -0.034982637 -0.013747785 0.02
v -0.034974471 -0.012837389 0.007876005
v -0.034971155 0.013780789 0.008949704
v -0.034971155 0.013780789 0.02
v -0.034969028 0.013770707 0.008766421
v -0.034968738 -0.013770303 0.008766461
v -0.034965154 -0.013291362 0.008054699
v -0.03496331 0.012932601 0.007875805
v -0.034960557 0.013655003 0.008413273
v -0.034955963 -0.013533638 0.008234237
v -0.03495303 -0.013826652 0.02
v -0.034952939 -0.013764767 0.008591105
v -0.034949181 0.013840475 0.02
v -0.034945395 -0.013059279 0.007876005
v -0.034940027 -0.013857451 0.02
v -0.034935817 0.013411308 0.008054523
v -0.03493569 0.013877117 0.008949704
v -0.03493394 0.013881659 0.02
v -0.03493062 0.013875186 0.008766421
v -0.03492808 0.013154996 0.007875805
v -0.034926541 -0.01375552 0.008413387
v -0.034922894 0.013642963 0.008234091
v -0.034917049 -0.012596333 0.007699552
v -0.034914974 0.013869196 0.008591028
v -0.034914482 -0.012431966 0.007672367
v -0.034914482 0.012431967 0.007672367
v -0.034912251 0.012683112 0.007699333
v -0.034906663 -0.013519471 0.008054699
v -0.034903504 -0.013277662 0.007876005
v -0.03490001 -0.012829652 0.007699552
v -0.034895655 -0.013963162 0.008766461
v -0.034889244 -0.013742453 0.008234237
v -0.034889054 0.012923026 0.007699333
v -0.034888841 0.013859189 0.008413273
v -0.034884613 0.013989191 0.008766421
v -0.034880505 0.014009698 0.02
v -0.034880172 -0.013956788 0.008591105
v -0.034874637 0.013395634 0.007875805
v -0.034874011 0.013627335 0.008054523
v -0.034871485 -0.013047283 0.007699552
v -0.034870621 -0.014036088 0.008949704
v -0.034870621 -0.014036088 0.02
v -0.034869172 0.0139827 0.008591028
v -0.034854501 0.013141124 0.007699333
v -0.034854304 -0.01394614 0.008413387
v -0.03485373 -0.01406098 0.008766461
v -0.034851912 0.013845049 0.008234091
v -0.034851278 -0.014078566 0.02
v -0.03484945 0.01408376 0.008949704
v -0.03484945 0.01408376 0.02
v -0.034845974 -0.013502031 0.007876005
v -0.034843374 0.013971858 0.008413273
v -0.034840837 -0.013725492 0.008054699
v -0.034839619 -0.012431966 0.007524079
v -0.034839496 0.012431967 0.00752385
v -0.034832567 0.014106975 0.008766421
v -0.034830909 -0.012592644 0.00752684
v -0.03483041 -0.01326142 0.007699552
v -0.034826193 0.012677475 0.00752661
v -0.034817755 -0.013931095 0.008234237
v -0.034817353 0.014099961 0.008591028
v -0.034814792 -0.014158169 0.02
v -0.034814242 -0.012820739 0.00752684
v -0.03481384 0.013608099 0.007875805
v -0.034813158 0.014158135 0.02
v -0.034811735 -0.014164561 0.008949704
v -0.034806922 0.013956537 0.008234091
v -0.03480668 -0.014162131 0.008766461
v -0.034803987 0.013826695 0.008054523
v -0.034803517 0.012911995 0.00752661
v -0.034802098 0.013377053 0.007699333
v -0.034794141 -0.012431966 0.007442908
v -0.034794141 0.012431967 0.007442908
v -0.034791946 0.014088244 0.008413273
v -0.034791593 -0.014154873 0.008591105
v -0.034786351 -0.013033462 0.00752684
v -0.034784627 -0.014217948 0.02
v -0.034781247 -0.013704615 0.007876005
v -0.034774024 -0.013481352 0.007699552
v -0.034770321 -0.013911565 0.008054699
v -0.034769747 0.013125144 0.00752661
v -0.034766387 -0.014142749 0.008413387
v -0.034759615 0.013936653 0.008054523
v -0.034756042 0.014071687 0.008234091
v -0.034753773 -0.014267215 0.008766461
v -0.034746215 -0.013242707 0.00752684
v -0.034744993 0.013804103 0.007875805
v -0.034742508 0.013585292 0.007699333
v -0.034741957 -0.012431966 0.00735645
v -0.034741811 0.012431967 0.007356217
v -0.03474047 -0.014304911 0.008949704
v -0.03474047 -0.014304911 0.02
v -0.034735307 0.014302428 0.008766421
v -0.034733988 -0.012588494 0.007359401
v -0.03473077 -0.014125615 0.008234237
v -0.034729369 0.012671133 0.007359168
v -0.034724639 0.014333506 0.02
v -0.034720536 0.014294529 0.008591028
v -0.034718547 0.013355648 0.00752661
v -0.034717735 -0.01281071 0.007359401
v -0.034711927 -0.013887525 0.007876005
v -0.034710601 -0.01367986 0.007699552
v -0.034709446 0.014050198 0.008054523
v -0.034707274 0.012899584 0.007359168
v -0.034706589 0.014366793 0.008949704
v -0.034706589 0.014366793 0.02
v -0.034699325 -0.014379718 0.008949704
v -0.034695864 0.014281334 0.008413273
v -0.03469445 -0.014384458 0.02
v -0.034694258 -0.014376857 0.008766461
v -0.03469114 -0.013457532 0.00752684
v -0.034690563 -0.01301791 0.007359401
v -0.034685132 -0.014399172 0.02
v -0.034684543 -0.014103378 0.008054699
v -0.034679681 -0.014368621 0.008591105
v -0.034675054 0.013777318 0.007699333
v -0.034674387 0.013107165 0.007359168
v -0.034665227 0.014437574 0.02
v -0.034661002 0.01426269 0.008234091
v -0.034660339 0.01355902 0.00752661
v -0.034659637 -0.014445523 0.02
v -0.034655333 -0.014354862 0.008413387
v -0.03465445 -0.012431966 0.007224689
v -0.03465445 0.012431967 0.007224689
v -0.034652088 0.014023746 0.007875805
v -0.034651481 -0.01322165 0.007359401
v -0.034643922 0.014474276 0.02
v -0.0346427 -0.013859022 0.007699552
v -0.034639835 0.014481028 0.008949704
v -0.034635156 0.014478185 0.008766421
v -0.034629222 -0.013651345 0.00752684
v -0.034627642 -0.014076005 0.007876005
v -0.034627073 -0.012583915 0.00719872
v -0.034624543 0.013331564 0.007359168
v -0.034622569 0.012664137 0.007198489
v -0.034620926 -0.01433542 0.008234237
v -0.034620848 0.014469475 0.008591028
v -0.034615755 0.014238491 0.008054523
v -0.034611285 -0.012799645 0.00719872
v -0.034601118 0.012885895 0.007198489
v -0.034597885 -0.013430729 0.007359401
v -0.034597181 -0.014538814 0.008766461
v -0.034596942 0.014454925 0.008413273
v -0.03459499 -0.014552714 0.008949704
v -0.03459499 -0.014552714 0.02
v -0.034594495 0.013746464 0.00752661
v -0.034585572 0.014564949 0.02
v -0.034584899 -0.013000752 0.00719872
v -0.03458409 0.013992385 0.007699333
v -0.034583181 0.014560671 0.008766421
v -0.034583058 -0.014529821 0.008591105
v -0.034576267 -0.014310185 0.008054699
v -0.034569204 0.013087332 0.007198489
v -0.034567893 0.013529459 0.007359168
v -0.034563165 0.014434366 0.008234091
v -0.034562957 -0.013826189 0.00752684
v -0.03456078 -0.014603372 0.02
v -0.034560185 -0.014043549 0.007699552
v -0.034560058 0.014208703 0.007875805
v -0.03455947 -0.014514796 0.008413387
v -0.034546982 -0.013198422 0.00719872
v -0.034546815 -0.01462569 0.008949704
v -0.034545664 0.014627365 0.008949704
v -0.034545664 0.014627365 0.02
v -0.034541994 -0.014622421 0.008766461
v -0.034537658 -0.013619258 0.007359401
v -0.03453093 -0.014648588 0.02
v -0.034526136 -0.014493566 0.008234237
v -0.03452412 0.014648423 0.008766421
v -0.0345213 -0.014279122 0.007876005
v -0.03452085 0.013304998 0.007198489
v -0.03451933 0.014407681 0.008054523
v -0.034516823 0.012431967 0.007043837
v -0.034511138 -0.01257895 0.007046143
v -0.034510341 0.014638901 0.008591028
v -0.03450743 0.014681811 0.02
v -0.034506757 0.012656552 0.007045921
v -0.034505766 0.013956259 0.00752661
v -0.034504087 -0.014685065 0.02
v -0.034503859 0.013711746 0.007359168
v -0.034496449 -0.012431966 0.007019337
v -0.034496449 0.012431967 0.007019337
v -0.034495849 -0.012787645 0.007046143
v -0.034495018 -0.013401161 0.00719872
v -0.034494031 0.014173388 0.007699333
v -0.034487322 0.014622993 0.008413273
v -0.034486011 0.01287105 0.007045921
v -0.034483958 -0.014715235 0.008949704
v -0.034483958 0.014715235 0.008949704
v -0.03448287 -0.014466009 0.008054699
v -0.034482475 -0.014006162 0.00752684
v -0.034480855 -0.014712982 0.008802584
v -0.034479145 0.014711742 0.008766421
v -0.034477573 -0.0147106 0.008738517
v -0.034475431 0.014709048 0.00870559
v -0.034473229 -0.013789244 0.007359401
v -0.034471624 -0.014706287 0.00865596
v -0.03447032 -0.012982145 0.007046143
v -0.034465924 0.013496852 0.007198489
v -0.034465596 -0.014701915 0.008591105
v -0.034465589 0.014701908 0.008591028
v -0.034465373 0.014374834 0.007875805
v -0.03446514 -0.014740548 0.02
v -0.034456398 0.014695242 0.008510141
v -0.03445613 -0.014242291 0.007699552
v -0.03445515 0.013065828 0.007045921
v -0.0344548 0.014600516 0.008234091
v -0.03445429 0.014751979 0.02
v -0.034454133 -0.014693598 0.008492381
v -0.03445138 0.014691602 0.008471713
v -0.034436658 -0.013583863 0.00719872
v -0.034435313 -0.014679946 0.008365454
v -0.034435313 0.014679946 0.008365455
v -0.034434486 -0.014781781 0.008949704
v -0.034434486 -0.014781781 0.02
v -0.034433667 -0.013173231 0.007046143
v -0.034429617 -0.014432088 0.007876005
v -0.034417976 0.014132708 0.00752661
v -0.034417644 0.013915612 0.007359168
v -0.034413084 -0.014663823 0.008244618
v -0.034412593 0.014571343 0.008054523
v -0.034411035 0.014662337 0.008234531
v -0.034408413 0.013276191 0.007045921
v -0.034404061 -0.014820692 0.02
v -0.034403883 0.013673449 0.007198489
v -0.034401406 0.014335889 0.007699333
v -0.034398194 0.01482848 0.008949704
v -0.034398194 0.01482848 0.02
v -0.034395043 -0.013964093 0.007359401
v -0.03439188 -0.012431966 0.006901374
v -0.03439169 0.012431967 0.006901169
v -0.034387264 -0.012573645 0.006902815
v -0.034385383 -0.014844579 0.008949704
v -0.034385383 -0.014844579 0.02
v -0.034383476 -0.013369096 0.007046143
v -0.034383029 0.012648447 0.006902609
v -0.034381062 -0.014199864 0.00752684
v -0.034378599 -0.014847139 0.008802769
v -0.034378514 0.014847089 0.008802771
v -0.03437607 0.014636973 0.008080686
v -0.034374256 -0.013748489 0.00719872
v -0.034372516 -0.012774822 0.006902815
v -0.03437015 -0.014839639 0.008656172
v -0.034370057 0.014839574 0.008656177
v -0.034369461 -0.014632179 0.008054699
v -0.034366477 -0.01439187 0.007699552
v -0.034363028 0.012855191 0.006902609
v -0.034360636 0.014535433 0.007875805
v -0.034355938 -0.014827381 0.008510244
v -0.034355838 0.014827304 0.00851025
v -0.034355357 0.013461492 0.007045921
v -0.034354497 -0.014621325 0.007998618
v -0.034353904 0.014620894 0.007996462
v -0.034347903 -0.012962261 0.006902815
v -0.03433818 -0.014609489 0.007941249
v -0.034336075 -0.014810469 0.008365312
v -0.034335971 0.014810382 0.008365318
v -0.03433358 -0.014905219 0.02
v -0.034333292 0.013042851 0.006902609
v -0.034332402 0.014086938 0.007359168
v -0.034327723 0.014291028 0.00752661
v -0.034327131 -0.01354548 0.007046143
v -0.034321319 -0.012431966 0.006828384
v -0.034321319 0.012431967 0.006828384
v -0.03432044 0.013870777 0.007198489
v -0.034319806 0.014921778 0.02
v -0.034318361 -0.014595112 0.007876005
v -0.034318298 0.014595066 0.007875805
v -0.034312598 -0.013146313 0.006902815
v -0.034310676 -0.014789011 0.008221702
v -0.034310568 0.014788917 0.008221708
v -0.034299042 0.014492858 0.007699333
v -0.034298595 -0.013917687 0.00719872
v -0.034296598 -0.014152125 0.007359401
v -0.034295477 0.01363192 0.007045921
v -0.034294937 0.01457812 0.007804132
v -0.034293748 -0.014345541 0.00752684
v -0.034288287 0.013245413 0.006902609
v -0.034279857 -0.014763112 0.008079742
v -0.034279834 0.014567164 0.007760359
v -0.034279745 0.014763013 0.00807975
v -0.03427903 -0.014566582 0.007758083
v -0.03427717 0.014972863 0.02
v -0.034271736 -0.014978997 0.008949704
v -0.034271684 0.014979054 0.008949704
v -0.034269493 -0.014976197 0.008802916
v -0.034269206 0.014976015 0.008802923
v -0.034266934 -0.013704294 0.007046143
v -0.034264296 -0.013334834 0.006902815
v -0.034263163 -0.014988506 0.02
v -0.03426202 -0.012431966 0.006770698
v -0.034261607 -0.014968103 0.008656341
v -0.034261297 0.014967872 0.008656355
v -0.034258444 -0.012568128 0.006771407
v -0.034254361 0.01264002 0.00677122
v -0.034249321 -0.015003453 0.02
v -0.034248188 -0.014954833 0.008510319
v -0.034247857 0.014954561 0.008510338
v -0.034246493 -0.014542978 0.007669731
v -0.034246493 0.014542978 0.007669731
v -0.034244824 0.014240551 0.007359168
v -0.034244258 -0.012761485 0.006771407
v -0.034243736 -0.014732877 0.007939762
v -0.034243621 0.014732773 0.007939769
v -0.034240575 0.01501279 0.02
v -0.034238014 0.014036451 0.007198489
v -0.034237225 0.013423711 0.006902609
v -0.034235138 0.012838699 0.00677122
v -0.034229346 -0.014936508 0.008365193
v -0.034228995 0.014936204 0.008365216
v -0.034228094 0.014443816 0.00752661
v -0.034220599 -0.012941581 0.006771407
v -0.034215041 0.013822158 0.007045921
v -0.034212809 -0.01504329 0.008949704
v -0.034212809 -0.01504329 0.02
v -0.034212623 0.015043492 0.008949704
v -0.034212623 0.015043492 0.02
v -0.034211919 -0.01429341 0.007359401
v -0.034210112 -0.013504467 0.006902815
v -0.034206577 0.013018959 0.00677122
v -0.034205183 -0.014913248 0.008221303
v -0.034204822 0.01491292 0.008221328
v -0.034203429 -0.014099462 0.00719872
v -0.034202427 -0.014698411 0.007802086
v -0.034202311 0.014698307 0.007802094
v -0.034194011 -0.013867363 0.007046143
v -0.034189168 0.014501397 0.007529553
v -0.034187909 -0.014500484 0.007526665
v -0.034186698 -0.013118318 0.006771407
v -0.034179661 0.013587548 0.006902609
v -0.034177344 0.015080017 0.02
v -0.034175817 -0.014885174 0.008078991
v -0.034175444 0.014884829 0.008079018
v -0.03417323 -0.015083437 0.02
v -0.034163371 0.013213405 0.00677122
v -0.034156039 -0.014659821 0.007667046
v -0.034155924 0.014659717 0.007667053
v -0.034155685 0.01510244 0.008949704
v -0.034153771 -0.015099573 0.00880303
v -0.034153387 0.014184871 0.007198489
v -0.034153242 0.015099231 0.008803045
v -0.034152829 0.015105312 0.02
v -0.034152262 -0.013657073 0.006902815
v -0.034148268 0.014388635 0.007359168
v -0.034146294 -0.015091075 0.008656465
v -0.034145724 0.015090642 0.008656491
v -0.034143758 -0.015111026 0.02
v -0.034141354 -0.014852407 0.007938598
v -0.034140971 0.014852051 0.007938623
v -0.034140356 -0.013299202 0.006771407
v -0.034135666 0.013981704 0.007045921
v -0.03413444 0.014461699 0.007410112
v -0.034133539 -0.015076998 0.008510358
v -0.034132928 0.015076491 0.008510393
v -0.034130368 -0.012431966 0.006653255
v -0.034130368 0.012431967 0.006653255
v -0.034122176 -0.012562292 0.006648861
v -0.034121655 -0.014235904 0.00719872
v -0.034118257 0.012631105 0.006648696
v -0.034115605 -0.015057476 0.008365064
v -0.034114961 0.015056911 0.008365106
v -0.034114387 0.013384422 0.00677122
v -0.034109458 -0.014443577 0.007359401
v -0.034108583 -0.012747375 0.006648861
v -0.034104697 -0.014617212 0.007534966
v -0.034104582 0.014617109 0.007534972
v -0.034102436 0.013770211 0.006902609
v -0.034102399 -0.014042353 0.007046143
v -0.0341019 -0.014815067 0.007800465
v -0.034101509 0.014814706 0.00780049
v -0.034099862 0.012821253 0.006648696
v -0.034092601 -0.015032644 0.008220935
v -0.034091927 0.015032034 0.008220981
v -0.034088422 -0.013461815 0.006771407
v -0.034085937 -0.012919703 0.006648861
v -0.034082823 0.014424254 0.007307626
v -0.034082819 -0.014424251 0.00730762
v -0.034082271 -0.013813592 0.006902815
v -0.034072537 0.012993685 0.006648696
v -0.034066632 0.01518719 0.02
v -0.034064628 -0.015002637 0.008078323
v -0.034063932 0.015001995 0.00807837
v -0.034060221 0.014327767 0.007198489
v -0.034059227 0.013541404 0.00677122
v -0.034057565 -0.014773275 0.007664931
v -0.034057174 0.014772914 0.007664955
v -0.034054242 0.014124491 0.007045921
v -0.034053516 -0.013088701 0.006648861
v -0.034048509 -0.01457069 0.007406175
v -0.034048393 0.014570589 0.007406181
v -0.034033015 -0.013607963 0.006771407
v -0.03403179 -0.014967587 0.007937579
v -0.034031667 -0.015216668 0.008803117
v -0.034031279 -0.015221361 0.008949704
v -0.034031279 -0.015221361 0.02
v -0.034031238 0.013179548 0.006648696
v -0.034031078 0.014966926 0.007937628
v -0.034030925 0.015216194 0.008803138
v -0.034026321 0.013923211 0.006902609
v -0.034024462 -0.015207905 0.008656553
v -0.034023773 -0.014173543 0.007046143
v -0.034023661 0.015207305 0.00865659
v -0.034022838 -0.014380743 0.00719872
v -0.034022704 0.014380647 0.007198489
v -0.034016572 0.015234583 0.008949704
v -0.034016572 0.015234583 0.02
v -0.034012254 -0.015193183 0.008510374
v -0.034011398 0.01519248 0.008510423
v -0.034009255 -0.013261506 0.006648861
v -0.034008462 -0.014727151 0.007532341
v -0.034008067 0.014726796 0.007532362
v -0.034004353 -0.015244991 0.02
v -0.034003027 0.014366372 0.007164846
v -0.033995144 -0.015172648 0.008364939
v -0.033994455 -0.013981333 0.006902815
v -0.033994239 0.015171863 0.008364998
v -0.033994194 -0.014927628 0.007799058
v -0.033993468 0.01492696 0.007799105
v -0.033987593 -0.014520359 0.007281001
v -0.033987477 0.014520263 0.007281006
v -0.033985339 0.013716191 0.00677122
v -0.033984449 0.01334286 0.006648696
v -0.033983562 0.012431967 0.006537465
v -0.033981226 -0.012556255 0.006537416
v -0.03397749 0.012621884 0.006537274
v -0.033973228 -0.015146446 0.008220612
v -0.033972282 0.0151456 0.008220676
v -0.033968255 -0.01273278 0.006537416
v -0.033966068 -0.013757673 0.006771407
v -0.033965699 -0.014339295 0.007103555
v -0.033964749 0.014261764 0.007045921
v -0.033962268 0.014336806 0.00709808
v -0.033959944 0.01280321 0.006537274
v -0.033959694 -0.013416694 0.006648861
v -0.033954695 -0.014676817 0.007403033
v -0.0339543 0.014676472 0.007403052
v -0.033951942 -0.014882896 0.00766311
v -0.033951208 0.014882229 0.007663155
v -0.033948317 0.014059979 0.006902609
v -0.033947572 0.015293341 0.02
v -0.033946652 -0.012897071 0.006537416
v -0.033946611 -0.015114723 0.008077753
v -0.033945631 0.015113833 0.00807782
v -0.0339339 0.012967545 0.006537274
v -0.033931836 0.013492591 0.006648696
v -0.033930372 -0.01431367 0.007048377
v -0.033926422 -0.015311795 0.02
v -0.033925015 -0.012431966 0.006495256
v -0.033925015 0.012431967 0.006495256
v -0.033922061 -0.014466327 0.007159771
v -0.03392195 0.014466235 0.007159776
v -0.033919193 -0.014106912 0.006902815
v -0.033915769 -0.013058065 0.006537416
v -0.033915393 -0.015077624 0.007936723
v -0.033914384 0.015076708 0.007936791
v -0.03391261 0.013862384 0.00677122
v -0.033906873 -0.013556012 0.006648861
v -0.033905506 -0.015329177 0.008949704
v -0.033905212 0.015329413 0.008949704
v -0.033905141 -0.014833524 0.007530089
v -0.0339044 0.014832868 0.007530129
v -0.033903413 -0.015326886 0.008803181
v -0.033902556 0.01532636 0.008803206
v -0.033896372 -0.014622391 0.007277349
v -0.033896361 -0.015317947 0.008656615
v -0.033895981 0.014622061 0.007277366
v -0.033895437 0.015317278 0.008656659
v -0.033894572 0.013144528 0.006537274
v -0.033884641 0.015345716 0.02
v -0.033884604 -0.015302698 0.008510376
v -0.033883616 0.015301913 0.008510434
v -0.033882201 -0.013917874 0.006771407
v -0.033881799 -0.015347901 0.02
v -0.033879675 -0.015035295 0.007797884
v -0.033878643 0.015034369 0.007797949
v -0.033873655 -0.013222516 0.006537416
v -0.033868242 -0.015281296 0.008364831
v -0.033867199 0.01528042 0.008364899
v -0.033862751 0.014191243 0.006902609
v -0.033861473 0.013659047 0.006648696
v -0.033853892 -0.014779645 0.007400345
v -0.033853225 0.014257707 0.006936393
v -0.033853155 0.014779009 0.007400381
v -0.03385203 -0.014408698 0.007042814
v -0.033851922 0.014408613 0.007042817
v -0.033850059 0.013299871 0.006537274
v -0.033847377 -0.015253897 0.008220349
v -0.033846281 0.015252952 0.008220423
v -0.033843182 -0.015378403 0.008949704
v -0.033843182 -0.015378403 0.02
v -0.033843152 -0.013698518 0.006648861
v -0.033839554 -0.014987882 0.007661597
v -0.033838566 -0.014247074 0.006916325
v -0.033838511 0.014986961 0.007661659
v -0.033838172 0.01399289 0.00677122
v -0.033837989 -0.012431966 0.006436341
v -0.033837799 0.012431967 0.006436219
v -0.033835508 -0.012550013 0.006436247
v -0.033833608 -0.014563996 0.007155631
v -0.033833224 0.014563682 0.007155645
v -0.03383195 0.012612351 0.006436124
v -0.033829428 0.014240445 0.006903997
v -0.033828642 -0.015389396 0.02
v -0.033828031 0.015389864 0.02
v -0.033826549 -0.013370024 0.006537416
v -0.033823177 -0.012717688 0.006436247
v -0.033822097 -0.015220655 0.008077297
v -0.033820961 0.015219663 0.008077375
v -0.033815283 0.012784555 0.006436124
v -0.033813849 0.015400665 0.008949704
v -0.033813849 0.015400665 0.02
v -0.03381044 -0.014037617 0.006771407
v -0.033802655 -0.01287367 0.006436247
v -0.03380008 0.0134421 0.006537274
v -0.033798303 -0.014721395 0.007274231
v -0.03379757 0.014720785 0.007274263
v -0.033795137 -0.014935531 0.007528223
v -0.033794083 0.014934626 0.00752828
v -0.033792507 -0.015181727 0.007936045
v -0.033792332 0.01379804 0.006648696
v -0.033791333 0.015180708 0.007936122
v -0.03379057 0.012940518 0.006436124
v -0.033784305 -0.015422437 0.02
v -0.033777617 -0.014347579 0.006930456
v -0.033777509 0.014347499 0.006930459
v -0.033776402 -0.013502277 0.006537416
v -0.033773359 -0.013026389 0.006436247
v -0.033771727 -0.01419859 0.006829248
v -0.033771727 0.01419859 0.006829248
v -0.033771627 -0.015431728 0.008949704
v -0.033769231 -0.015429631 0.008803228
v -0.033768434 0.015429188 0.00880325
v -0.033768049 0.015433232 0.02
v -0.033766504 -0.014501752 0.007038219
v -0.033766132 0.014501458 0.007038231
v -0.033763461 -0.013850742 0.006648861
v -0.033762228 -0.015420552 0.008656662
v -0.033761371 0.015419982 0.008656702
v -0.033758707 -0.015137267 0.007796958
v -0.0337575 0.015136238 0.007797034
v -0.033756685 0.014117907 0.00677122
v -0.03375328 0.013108321 0.006436124
v -0.033750851 -0.015404853 0.00851038
v -0.033749931 0.01540418 0.008510434
v -0.033746526 -0.014878388 0.007398124
v -0.033745468 0.014877511 0.007398175
v -0.033738479 -0.014658906 0.007152101
v -0.033737756 0.014658329 0.007152128
v -0.03373519 -0.015382695 0.008364757
v -0.033734217 0.015381943 0.008364819
v -0.033733461 -0.013182201 0.006436247
v -0.033733368 0.013599942 0.006537274
v -0.033725373 -0.015463397 0.02
v -0.033721663 0.01392192 0.006648696
v -0.033720788 -0.015087431 0.007660407
v -0.033719562 0.01508641 0.007660479
v -0.033716016 -0.01363733 0.006537416
v -0.033715345 -0.015354242 0.008220163
v -0.033714321 0.015353431 0.008220232
v -0.033711925 0.014155211 0.006757023
v -0.033711117 0.013255423 0.006436124
v -0.033706795 -0.012431966 0.006355564
v -0.033706795 0.012431967 0.006355564
v -0.033702064 -0.014148057 0.006745591
v -0.033698935 -0.014283074 0.006823026
v -0.033698831 0.014283001 0.006823028
v -0.0336954 -0.013964311 0.006648861
v -0.033695176 -0.014435779 0.006925454
v -0.033694815 0.014435507 0.006925464
v -0.033693813 -0.014816598 0.00727166
v -0.033692762 0.014815759 0.007271705
v -0.033691414 -0.015319658 0.008076973
v -0.033690341 0.015318807 0.008077045
v -0.033688895 -0.01332177 0.006436247
v -0.033685979 -0.01413639 0.006727227
v -0.033681169 -0.012543402 0.006342525
v -0.033678852 -0.015032376 0.00752676
v -0.033677801 0.012602255 0.00634242
v -0.033677612 0.015031376 0.007526825
v -0.03367452 -0.014592314 0.007034306
v -0.033673812 0.014591774 0.007034328
v -0.03366952 -0.0127017 0.006342525
v -0.033667933 0.013731489 0.006537274
v -0.033663861 0.013389897 0.006436124
v -0.033663485 -0.015279104 0.00793556
v -0.033662368 0.015278232 0.007935632
v -0.03366207 0.012764797 0.00634242
v -0.033650145 -0.012848881 0.006342525
v -0.033650029 -0.015514984 0.008949704
v -0.033650029 -0.015514984 0.02
v -0.03364449 0.01404033 0.006648696
v -0.033641517 -0.013446718 0.006436247
v -0.033640645 -0.013781304 0.006537416
v -0.033639279 0.01552139 0.02
v -0.03363876 0.012911892 0.00634242
v -0.033637106 -0.014750306 0.007149193
v -0.033636067 0.014749514 0.007149231
v -0.033633001 -0.014972256 0.007396383
v -0.033631749 0.01497129 0.007396442
v -0.033631656 -0.015232745 0.007796297
v -0.033630505 0.015231868 0.007796367
v -0.033629362 -0.015524305 0.008803261
v -0.033628866 0.015524132 0.008803274
v -0.033622526 -0.012992837 0.006342525
v -0.033622321 -0.015515075 0.0086567
v -0.033621788 0.015514836 0.008656724
v -0.033619732 -0.014366199 0.006817678
v -0.033619381 0.01436595 0.006817686
v -0.033616096 -0.014215291 0.006720851
v -0.033615999 0.014215224 0.006720852
v -0.033613771 -0.01408401 0.006648861
v -0.03361126 -0.015498956 0.008510397
v -0.03361069 0.015498665 0.008510429
v -0.033606533 -0.014521752 0.006921198
v -0.033606026 0.015542944 0.008949704
v -0.033606026 0.015542944 0.02
v -0.033605844 0.014521253 0.006921215
v -0.033603627 0.013069971 0.00634242
v -0.033601165 0.013848513 0.006537274
v -0.033600923 0.013538833 0.006436124
v -0.033596274 -0.015476117 0.008364728
v -0.03359611 0.014071201 0.006630664
v -0.033596028 -0.015180743 0.007659557
v -0.033595663 0.015475789 0.008364766
v -0.033594843 0.015179876 0.007659623
v -0.033584982 -0.0131395 0.006342525
v -0.033584576 -0.013574068 0.006436247
v -0.033583342 -0.015554918 0.02
v -0.033583324 -0.014907228 0.007269647
v -0.033582076 0.014906306 0.007269698
v -0.03357745 -0.015446726 0.008220069
v -0.033576798 0.015446372 0.008220111
v -0.033576507 -0.014679661 0.007031085
v -0.033576414 -0.013888488 0.006537416
v -0.033575486 0.014678922 0.007031116
v -0.033574979 -0.015559478 0.02
v -0.03356396 0.013208345 0.00634242
v -0.033562623 0.014046909 0.006597152
v -0.033556689 -0.015123262 0.007525712
v -0.033555478 0.015122418 0.007525773
v -0.033555251 -0.01404156 0.006589943
v -0.033554886 -0.015410953 0.008076797
v -0.033554189 0.015410584 0.008076841
v -0.033543106 -0.01327066 0.006342525
v -0.033540279 -0.01429313 0.006715232
v -0.033539943 0.014292906 0.006715238
v -0.033539318 0.013662681 0.006436124
v -0.03353462 -0.014447356 0.00681313
v -0.033533957 0.0144469 0.006813143
v -0.033532629 0.01558625 0.02
v -0.033529926 -0.014837447 0.007146918
v -0.033529222 -0.014144332 0.006624258
v -0.033529129 0.014144273 0.00662426
v -0.033528686 0.014836579 0.007146962
v -0.033528671 -0.015368965 0.007935287
v -0.033528455 0.013960091 0.006537274
v -0.033527933 0.015368592 0.007935332
v -0.033520859 0.012431967 0.006256131
v -0.033519592 0.013334602 0.00634242
v -0.033518441 -0.012536432 0.006256872
v -0.033515282 0.01259161 0.006256787
v -0.033513732 -0.015060465 0.007395137
v -0.033513676 -0.013709512 0.006436247
v -0.033512507 0.015059656 0.007395192
v -0.033512112 -0.014604805 0.006917696
v -0.033511117 0.014604124 0.00691772
v -0.033507511 -0.012684842 0.006256872
v -0.033503789 0.015603602 0.02
v -0.033502225 -0.014003097 0.006539843
v -0.033500537 0.012743965 0.006256787
v -0.033499576 -0.014001175 0.006537416
v -0.03349942 0.014001062 0.006537274
v -0.033498894 -0.015320929 0.007795917
v -0.033498652 -0.013387873 0.006342525
v -0.033498116 0.015320562 0.00779596
v -0.033489347 -0.012822742 0.006256872
v -0.03348757 0.015612835 0.008949704
v -0.033484142 0.015610653 0.008803283
v -0.033484109 -0.015610381 0.008803285
v -0.033478703 0.012881712 0.006256787
v -0.033477336 -0.012431966 0.006235223
v -0.033477336 0.012431967 0.006235223
v -0.033477016 0.015601259 0.008656732
v -0.033476971 -0.01560095 0.008656735
v -0.033476587 0.013772615 0.006436124
v -0.033472903 -0.014763067 0.007028565
v -0.033471677 0.01476226 0.007028601
v -0.033467263 -0.014992515 0.007268204
v -0.033466242 0.015584757 0.008510428
v -0.033466198 -0.015584413 0.008510432
v -0.033466026 0.014991749 0.007268252
v -0.033465654 -0.015267015 0.007659061
v -0.033464834 0.015266662 0.007659102
v -0.0334635 -0.012957457 0.006256872
v -0.033460643 0.013474107 0.00634242
v -0.033458889 -0.014369257 0.006710453
v -0.033458252 0.014368847 0.006710464
v -0.033456925 -0.014216696 0.006618456
v -0.033456609 0.014216497 0.006618461
v -0.033453397 -0.013810094 0.006436247
v -0.033452727 -0.015631955 0.008949704
v -0.033452727 -0.015631955 0.02
v -0.033451911 0.015561319 0.008364748
v -0.033451878 -0.015560944 0.008364753
v -0.033446157 0.015634349 0.02
v -0.033445854 0.013029536 0.006256787
v -0.033445366 -0.013507062 0.006342525
v -0.033444025 -0.014525887 0.006809387
v -0.03344306 0.014525268 0.006809407
v -0.03343844 -0.014070319 0.006533564
v -0.033438355 0.014070268 0.006533565
v -0.033434112 0.015531115 0.008220071
v -0.033434097 -0.015530712 0.008220076
v -0.033429038 -0.015207391 0.007525097
v -0.033428434 -0.013094475 0.006256872
v -0.033428181 0.015207058 0.007525133
v -0.03341737 -0.014919574 0.007145287
v -0.03341613 0.01491886 0.007145327
v -0.033412952 -0.015493887 0.008076778
v -0.033412933 0.015494318 0.008076772
v -0.033412356 -0.014684245 0.006914956
v -0.033411153 0.014683506 0.006914985
v -0.033408817 0.013158705 0.006256787
v -0.033408489 0.013877131 0.006436124
v -0.033406731 0.013933827 0.006456763
v -0.033403099 0.013589803 0.00634242
v -0.033394556 0.015662458 0.008949704
v -0.033394556 0.015662458 0.02
v -0.033394352 -0.013924846 0.00644662
v -0.033389393 -0.013216771 0.006256872
v -0.03338914 -0.015142226 0.007394399
v -0.033388522 -0.015450643 0.007935235
v -0.033388466 0.015451096 0.00793523
v -0.03338825 0.015141918 0.007394432
v -0.033381799 -0.015668139 0.02
v -0.033379443 -0.01428759 0.006613521
v -0.033379197 -0.013633469 0.006342525
v -0.033378839 0.014287227 0.006613529
v -0.033372346 -0.01444305 0.006706521
v -0.033371419 0.014442496 0.006706536
v -0.033369798 -0.014137031 0.006527681
v -0.033369504 0.014136856 0.006527686
v -0.033367489 0.013276301 0.006256787
v -0.033364147 -0.014841807 0.007026757
v -0.033362914 0.014841151 0.00702679
v -0.033360895 -0.015401148 0.007795827
v -0.033360794 0.015401621 0.007795821
v -0.03335978 0.015679689 0.02
v -0.033350773 -0.012431966 0.006179195
v -0.033350609 0.012431967 0.006179127
v -0.033348378 -0.014601136 0.00680646
v -0.03334824 -0.01252914 0.00618024
v -0.033348028 -0.013325826 0.006256872
v -0.033347447 0.015685873 0.02
v -0.033347208 0.014600469 0.006806482
v -0.033346053 -0.015071686 0.007267344
v -0.033345304 0.012580476 0.006180172
v -0.033345133 0.01507141 0.007267373
v -0.033344649 0.013692225 0.00634242
v -0.033344056 -0.013993499 0.006448971
v -0.033343978 0.013993455 0.006448973
v -0.033338431 0.015690267 0.008949704
v -0.033338256 -0.015690353 0.008949704
v -0.03333807 -0.012667207 0.00618024
v -0.033334572 0.015688205 0.008803278
v -0.033334009 -0.015687509 0.008803295
v -0.033331584 0.012722177 0.006180172
v -0.033330165 -0.015345575 0.007658929
v -0.033330016 0.015346065 0.007658924
v -0.033327378 0.01567867 0.00865673
v -0.033326756 -0.015677834 0.008656761
v -0.033323109 -0.01372706 0.006342525
v -0.033321172 -0.012795398 0.00618024
v -0.033316936 0.015661841 0.008510437
v -0.033316281 -0.015660888 0.008510477
v -0.033312749 0.013405862 0.006256787
v -0.033311304 0.012850147 0.006180172
v -0.033307694 -0.014759377 0.006912989
v -0.033306472 0.014758784 0.006913015
v -0.033305338 -0.015705504 0.02
v -0.033303589 0.013859007 0.006376333
v -0.033303581 -0.013859003 0.006376329
v -0.033303335 0.015637893 0.008364774
v -0.033302661 -0.015636841 0.008364822
v -0.033299867 -0.014995941 0.007144309
v -0.033298921 0.014995701 0.007144333
v -0.033298589 -0.013436412 0.006256872
v -0.033297177 -0.014356443 0.006609458
v -0.033297177 -0.012920449 0.00618024
v -0.033296417 -0.015284094 0.00752492
v -0.033296406 -0.014202509 0.006522673
v -0.033296295 0.014355953 0.006609471
v -0.033296216 0.015284597 0.007524915
v -0.03329584 0.014202192 0.006522681
v -0.033286657 0.015606998 0.008220119
v -0.033285979 -0.015605864 0.008220172
v -0.033281431 0.013789262 0.00634242
v -0.033281069 -0.014513897 0.006703444
v -0.033280835 0.012987245 0.006180172
v -0.03327994 0.014513304 0.006703462
v -0.033279229 -0.014054433 0.006443119
v -0.033278953 0.014054283 0.006443124
v -0.033266988 0.015569326 0.008076848
v -0.033266328 -0.015568129 0.008076902
v -0.0332647 -0.01304738 0.00618024
v -0.033259738 -0.015216876 0.007394176
v -0.033259485 0.013512963 0.006256787
v -0.033259485 0.01521739 0.007394171
v -0.033251718 -0.015730184 0.008949704
v -0.033251718 -0.015730184 0.02
v -0.033250671 -0.01491516 0.00702567
v -0.03324971 0.014914957 0.007025689
v -0.033249642 0.015729236 0.02
v -0.033248104 -0.014672445 0.006804355
v -0.033246905 0.01467192 0.006804376
v -0.033246551 0.013106785 0.006180172
v -0.033244409 0.015525053 0.007935337
v -0.033243779 -0.015523807 0.007935392
v -0.033241577 0.013814027 0.006332205
v -0.033238351 -0.012431966 0.006135131
v -0.033238351 0.012431967 0.006135131
v -0.033237413 -0.013553292 0.006256872
v -0.033236311 0.002594173 0.02
v -0.033228625 -0.013160404 0.00618024
v -0.033220928 -0.013799046 0.00631817
v -0.03322022 -0.015144092 0.007267074
v -0.033219911 0.015144613 0.00726707
v -0.03321901 0.015474349 0.007795962
v -0.033218637 -0.01426623 0.006518548
v -0.033218425 -0.015473071 0.007796015
v -0.03321781 0.014265806 0.00651856
v -0.033210527 -0.014422681 0.006606277
v -0.033209451 0.014422163 0.006606291
v -0.033208407 0.01321532 0.006180172
v -0.033205546 0.013607463 0.006256787
v -0.03320278 -0.015750215 0.02
v -0.033198565 -0.014829509 0.006911802
v -0.033197593 0.014829346 0.006911817
v -0.033190873 0.015417387 0.0076591
v -0.033190489 -0.013260929 0.00618024
v -0.03319034 -0.015416089 0.00765915
v -0.033185747 -0.01363951 0.006256872
v -0.033185646 -0.01396929 0.006364917
v -0.033185471 -0.014581176 0.00670123
v -0.033185396 0.013969163 0.006364923
v -0.033184305 0.014580719 0.006701245
v -0.033180583 0.01576025 0.008949704
v -0.033180583 0.01576025 0.02
v -0.03318049 0.015756277 0.008803261
v -0.033179637 -0.015755365 0.008803287
v -0.033177946 -0.015065912 0.007143993
v -0.033177588 0.015066437 0.00714399
v -0.033173728 -0.015760746 0.02
v -0.033173237 0.015746526 0.008656722
v -0.033172298 -0.015745422 0.008656767
v -0.033171736 -0.012521579 0.006113527
v -0.033169031 0.01256893 0.006113477
v -0.033163164 0.015729349 0.008510461
v -0.033162352 -0.012648916 0.006113527
v -0.033162169 -0.015728084 0.008510521
v -0.033160083 0.01535434 0.007525126
v -0.033159614 -0.015353036 0.007525173
v -0.033158071 0.013334484 0.006180172
v -0.03315638 0.012699584 0.006113477
v -0.033150353 0.015704919 0.00836485
v -0.033149321 -0.01570352 0.008364921
v -0.033147473 0.013696617 0.006256787
v -0.033146769 -0.012767037 0.006113527
v -0.033145078 -0.013362515 0.00618024
v -0.033143636 -0.014739159 0.006803081
v -0.033142664 0.014739035 0.006803093
v -0.033137705 0.012817411 0.006113477
v -0.033137064 -0.014172801 0.006434022
v -0.033136871 -0.014327671 0.006515314
v -0.033136293 0.014172439 0.006434035
v -0.033134878 0.015673408 0.008220264
v -0.033133831 -0.015671901 0.008220342
v -0.033133008 -0.014982509 0.007025309
v -0.033132598 0.014983035 0.007025307
v -0.033126727 0.01528538 0.007394418
v -0.033126324 -0.015284083 0.00739446
v -0.033124693 -0.012882065 0.006113527
v -0.033124626 -0.01372919 0.006256872
v -0.033119895 -0.014485734 0.006603985
v -0.03311877 0.014485344 0.006603997
v -0.033117521 0.01578348 0.02
v -0.033116817 0.015634988 0.008077076
v -0.033115778 -0.015633397 0.008077158
v -0.03310971 0.012943386 0.006113477
v -0.033109277 0.013432596 0.006180172
v -0.033096254 0.015589829 0.007935659
v -0.033095237 -0.015588178 0.007935741
v -0.033094905 -0.012998537 0.006113527
v -0.033090886 0.01521068 0.007267351
v -0.033090558 -0.015209399 0.007267388
v -0.033089485 -0.013881992 0.006293223
v -0.033089262 0.013881887 0.006293229
v -0.033089124 -0.013469428 0.00618024
v -0.033085976 -0.014644275 0.006699885
v -0.033085492 -0.014894052 0.006911401
v -0.033085037 0.014894576 0.006911398
v -0.033085011 0.014644192 0.006699895
v -0.033078283 0.013052939 0.006113477
v -0.033073265 0.015538104 0.007796388
v -0.033072285 -0.015536415 0.007796467
v -0.033064403 0.013685505 0.006221851
v -0.033061899 -0.013101946 0.006113527
v -0.033060066 0.013518806 0.006180172
v -0.033052906 -0.014076663 0.006356047
v -0.033052646 0.015130412 0.007144303
v -0.033052396 -0.015129158 0.007144333
v -0.033052202 0.014076363 0.006356061
v -0.033051483 -0.014386307 0.006512981
v -0.033050414 0.014385983 0.006512993
v -0.033047926 0.015479987 0.007659635
v -0.033046998 -0.015478279 0.00765971
v -0.033046689 -0.015810529 0.008949704
v -0.033046689 -0.015810529 0.02
v -0.03304344 0.013152076 0.006113477
v -0.033042073 -0.013547936 0.00618024
v -0.033037294 -0.013665842 0.006206884
v -0.033035483 -0.014800713 0.006802644
v -0.033034988 0.014801231 0.006802642
v -0.033027116 -0.013193624 0.006113527
v -0.033025678 -0.014545028 0.006602589
v -0.033024732 0.014544983 0.006602596
v -0.033022452 0.015814545 0.008803229
v -0.033021554 -0.015813634 0.008803255
v -0.033020318 0.015415646 0.007525774
v -0.033019457 -0.015413938 0.007525843
v -0.033015199 0.015804514 0.0086567
v -0.033014216 -0.015803408 0.008656748
v -0.033012096 0.015044748 0.007025648
v -0.033011924 -0.015043531 0.007025674
v -0.033007372 0.013599714 0.006180172
v -0.033006374 -0.015823516 0.02
v -0.033005573 0.015786976 0.008510489
v -0.033004526 -0.015785705 0.008510552
v -0.032997668 0.013260459 0.006113477
v -0.032993648 0.015762098 0.008364962
v -0.03299256 -0.015760694 0.008365037
v -0.032991618 -0.012431966 0.006056032
v -0.032991618 0.012431967 0.006056032
v -0.032991186 -0.013792926 0.006228182
v -0.032990988 0.013792844 0.006228189
v -0.032990519 0.015345257 0.007395178
v -0.032990318 -0.012513807 0.006057532
v -0.032989729 -0.015343565 0.00739524
v -0.032987855 0.012557063 0.006057496
v -0.032986596 0.013629065 0.006180172
v -0.032985881 -0.013285876 0.006113527
v -0.03298478 0.015830947 0.02
v -0.032983519 -0.013626835 0.006178605
v -0.032983076 -0.014702664 0.006699416
v -0.032982551 0.014703172 0.006699415
v -0.032981746 -0.012630112 0.006057532
v -0.03298055 -0.014283354 0.006428465
v -0.032979544 0.014283094 0.006428478
v -0.032979492 0.015730053 0.00822049
v -0.032978386 -0.015728539 0.008220572
v -0.032976303 0.01267636 0.006057496
v -0.032969318 0.014953861 0.006911764
v -0.032969221 -0.014952688 0.006911784
v -0.032967962 -0.015834181 0.02
v -0.032967515 -0.012737883 0.006057532
v -0.032966621 -0.013978329 0.006284787
v -0.032966353 0.015836857 0.008949704
v -0.032966353 0.015836857 0.02
v -0.032965984 0.013978088 0.006284802
v -0.032963179 0.015691008 0.008077441
v -0.032962073 -0.01568941 0.008077526
v -0.032959279 0.012783765 0.006057496
v -0.032958608 0.015268989 0.007268221
v -0.0329579 -0.015267328 0.007268276
v -0.032953512 0.013349251 0.006113477
v -0.032947417 -0.012842609 0.006057532
v -0.032944776 0.015645133 0.007936183
v -0.032943685 -0.015643477 0.007936269
v -0.032935344 -0.013382453 0.006113527
v -0.032933824 0.012898305 0.006057496
v -0.032928351 -0.014600073 0.006602096
v -0.032927804 0.014600568 0.006602095
v -0.032924663 0.015187014 0.007145277
v -0.032924395 0.014857925 0.006803027
v -0.032924373 -0.014856803 0.006803043
v -0.032924354 0.015592598 0.007797086
v -0.032924041 -0.015185399 0.007145323
v -0.032923296 -0.015590905 0.007797169
v -0.032920387 -0.012948331 0.006057532
v -0.032909203 0.013426861 0.006113477
v -0.032907512 -0.014177485 0.006350615
v -0.032906577 0.014177285 0.006350629
v -0.032905336 0.012997591 0.006057496
v -0.032904404 0.015854746 0.02
v -0.032901987 0.015533573 0.007660517
v -0.03290097 -0.015531864 0.007660596
v -0.032893084 -0.013452966 0.006113527
v -0.032891128 -0.013702438 0.00616991
v -0.032890957 0.013702376 0.006169916
v -0.032890543 -0.013041858 0.006057532
v -0.032888766 0.015099506 0.007026718
v -0.032888234 -0.015097948 0.007026756
v -0.032878663 -0.013878311 0.006220407
v -0.032878097 0.013878124 0.006220423
v -0.03287774 0.015468227 0.007526846
v -0.03287746 -0.014756045 0.006699825
v -0.032877412 0.014757109 0.006699813
v -0.032876983 0.013549555 0.006127938
v -0.032876782 -0.01546652 0.007526919
v -0.032873891 0.013087069 0.006057496
v -0.032871421 -0.014493144 0.006511047
v -0.032870859 0.014493624 0.006511046
v -0.032866374 0.015865728 0.008949704
v -0.032862086 0.013499221 0.006113477
v -0.032861106 0.01586275 0.008803173
v -0.032860339 -0.01586199 0.008803195
v -0.032859199 -0.013124444 0.006057532
v -0.032855094 0.015868675 0.02
v -0.032853961 0.015852408 0.008656653
v -0.032853119 -0.015851483 0.008656693
v -0.032851689 0.015396729 0.007396441
v -0.032850992 0.015006634 0.006912919
v -0.032850798 -0.015395042 0.007396507
v -0.032850549 -0.015005144 0.006912949
v -0.032846287 -0.013527287 0.006114616
v -0.032844909 0.015834518 0.008510505
v -0.032844014 -0.015833454 0.008510559
v -0.032839723 -0.015872708 0.008949704
v -0.032839723 -0.015872708 0.02
v -0.032834012 0.015809247 0.008365093
v -0.032833081 -0.01580807 0.008365157
v -0.032832805 0.013184371 0.006057496
v -0.03283279 -0.014069311 0.006279608
v -0.032831933 0.014069167 0.006279625
v -0.032828569 -0.014650588 0.006602508
v -0.032828458 0.014651588 0.006602498
v -0.032823902 0.01531925 0.007269672
v -0.032823086 -0.015317597 0.007269729
v -0.032822259 -0.013207102 0.006057532
v -0.032821331 0.015776763 0.008220778
v -0.032820381 -0.015775494 0.008220848
v -0.032812536 -0.014382381 0.006426522
v -0.03281197 0.014382841 0.00642652
v -0.032811418 0.014908574 0.006804253
v -0.032811068 -0.014907159 0.006804277
v -0.032807475 -0.015880401 0.02
v -0.032806925 0.015737228 0.008077921
v -0.032805972 -0.015735891 0.008077995
v -0.032805555 -0.012505892 0.006012884
v -0.032803334 0.012544977 0.006012861
v -0.032797813 -0.012610958 0.006012884
v -0.032794449 0.015235959 0.007146907
v -0.032793712 -0.015234354 0.007146955
v -0.032793418 0.013263584 0.006057496
v -0.0327929 0.012652708 0.006012861
v -0.032790855 0.015690811 0.007936887
v -0.032789912 -0.015689425 0.00793696
v -0.032789569 -0.013610762 0.006118434
v -0.032789424 -0.013777055 0.006163017
v -0.032789424 0.013610718 0.00611844
v -0.032788932 0.013776919 0.006163033
v -0.032784961 -0.012708185 0.006012884
v -0.032784529 0.015885868 0.02
v -0.032777626 0.014541566 0.006511448
v -0.032777559 0.012749498 0.006012861
v -0.032777287 -0.013293055 0.006057532
v -0.032773182 0.015637679 0.007798034
v -0.032772262 -0.015636262 0.007798105
v -0.032770127 0.014805493 0.006701093
v -0.032769863 -0.014804163 0.006701112
v -0.032766871 -0.01280242 0.006012884
v -0.032763399 0.015147024 0.007028514
v -0.032762747 -0.015145481 0.007028553
v -0.032759193 0.013464111 0.006079819
v -0.03275919 -0.013464108 0.006079817
v -0.032756798 -0.013959444 0.006215624
v -0.032756027 0.01395935 0.006215641
v -0.032754697 0.012852391 0.006012861
v -0.032754153 0.013332351 0.006057496
v -0.032753967 0.015577995 0.007661726
v -0.03275308 -0.015576566 0.007661794
v -0.032752488 0.015893476 0.008949704
v -0.032752488 0.015893476 0.02
v -0.032752044 -0.014268461 0.006348703
v -0.032751486 0.014268897 0.006348702
v -0.032742653 -0.012897194 0.006012884
v -0.032739956 -0.013355348 0.006057532
v -0.032738984 -0.012431966 0.005998519
v -0.032738984 0.012431967 0.005998519
v -0.032733269 0.015511927 0.007528325
v -0.032732427 -0.015510501 0.007528387
v -0.032730829 0.015052617 0.006914862
v -0.032730263 -0.015051145 0.006914894
v -0.032729201 0.012941218 0.006012861
v -0.032727193 0.014697566 0.006603813
v -0.032727014 -0.014696325 0.006603829
v -0.032721543 0.015899966 0.02
v -0.032716021 -0.012980657 0.006012884
v -0.032712765 0.013395928 0.006057496
v -0.032711152 0.015439641 0.007398193
v -0.032710362 -0.015438233 0.007398249
v -0.032702547 0.01590395 0.008949704
v -0.032701217 0.013020856 0.006012861
v -0.032699138 -0.01367484 0.006112585
v -0.032698721 0.01367475 0.0061126
v -0.032697093 0.015900644 0.008803087
v -0.032696806 0.014952906 0.006806321
v -0.032696553 -0.015900116 0.008803103
v -0.032696325 -0.014951514 0.006806345
v -0.032690294 -0.014152062 0.006277776
v -0.03269022 0.015889984 0.008656566
v -0.03268975 0.01415247 0.006277774
v -0.032689631 -0.015889341 0.008656594
v -0.032688189 -0.013053983 0.006012884
v -0.032687671 0.015361303 0.007271691
v -0.032686945 -0.015359925 0.007271739
v -0.032686729 -0.01351811 0.00607377
v -0.03268661 0.013518083 0.006073775
v -0.032685056 0.015907276 0.02
v -0.032682709 0.014584996 0.006512775
v -0.032682605 -0.014583849 0.00651279
v -0.03268192 0.015871776 0.008510493
v -0.0326817 0.013407898 0.006052492
v -0.03268129 -0.015871037 0.008510531
v -0.032679904 -0.013848414 0.006158771
v -0.032679226 0.013848365 0.006158788
v -0.03267838 -0.015907918 0.02
v -0.032672234 0.015846184 0.008365221
v -0.032671578 -0.015845364 0.008365266
v -0.032664903 0.013106876 0.006012861
v -0.032662895 0.015277079 0.007149181
v -0.032662231 -0.015275744 0.007149222
v -0.032661397 0.014848062 0.006703258
v -0.032661214 0.015813366 0.008221105
v -0.032661006 -0.014846757 0.006703277
v -0.032660548 -0.015812483 0.008221154
v -0.032655619 -0.013126871 0.006012884
v -0.032650981 -0.013385613 0.006042585
v -0.032648914 0.015773486 0.008078496
v -0.032648239 -0.015772557 0.008078547
v -0.032636877 0.015187136 0.007031026
v -0.03263687 0.014468305 0.006428227
v -0.032636832 -0.014467256 0.006428242
v -0.032636281 -0.015185853 0.00703106
v -0.032635372 0.015726706 0.007937747
v -0.032634705 -0.015725743 0.007937798
v -0.032631375 -0.015917117 0.008949704
v -0.032631375 -0.015917117 0.02
v -0.032630369 0.013176335 0.006012861
v -0.032627627 -0.014033862 0.006213924
v -0.032627109 0.014034239 0.006213923
v -0.032624677 0.014738252 0.006606042
v -0.032624368 -0.014737041 0.006606059
v -0.032620646 0.01567319 0.007799212
v -0.032620601 -0.012431966 0.005979335
v -0.032620512 0.012431967 0.005979322
v -0.032619994 -0.015672205 0.007799262
v -0.032619089 -0.012497903 0.005980008
v -0.032617118 0.012532779 0.005979995
v -0.032616317 -0.013202001 0.006012884
v -0.03261219 -0.012591625 0.005980008
v -0.032609683 0.015091639 0.006917587
v -0.032609157 -0.015090417 0.006917614
v -0.032608021 -0.01357192 0.006069055
v -0.032607812 0.012628839 0.005979995
v -0.032607675 0.01357187 0.006069069
v -0.03260478 0.015613098 0.007663243
v -0.03260415 -0.015612105 0.00766329
v -0.032602318 -0.01373654 0.006108978
v -0.032601733 0.013736529 0.006108994
v -0.032600734 -0.01267821 0.005980008
v -0.032596249 0.013236091 0.006012861
v -0.03259417 0.012714914 0.005979995
v -0.032589938 -0.014347246 0.006350368
v -0.032589916 0.014348194 0.006350351
v -0.032587826 0.015546591 0.007530193
v -0.032587226 -0.015545602 0.007530237
v -0.032586724 0.014623681 0.006515032
v -0.032586493 -0.014622565 0.006515047
v -0.032584675 -0.012761855 0.005980008
v -0.032584 -0.013255924 0.006012884
v -0.03258332 0.015924189 0.02
v -0.032582745 0.013424684 0.006035938
v -0.03258137 0.014990754 0.006809226
v -0.032580916 -0.014989601 0.006809247
v -0.032573923 0.012806053 0.005979995
v -0.032572438 -0.015926044 0.02
v -0.032569829 0.015473834 0.007400416
v -0.032569263 -0.015472857 0.007400455
v -0.032564346 -0.01391445 0.006157257
v -0.032563865 0.013914789 0.006157256
v -0.032563288 -0.012845582 0.005980008
v -0.032560695 0.013290724 0.006012861
v -0.032552 0.014884648 0.006706305
v -0.032551616 -0.014883569 0.006706322
v -0.032551453 0.012884323 0.005979995
v -0.032550838 0.015394988 0.007274264
v -0.032550313 -0.015394032 0.007274298
v -0.032547038 -0.013310215 0.006012884
v -0.03254218 -0.014224523 0.006279349
v -0.032542106 0.014225367 0.00627933
v -0.032539904 -0.01291889 0.005980008
v -0.032538354 0.015931247 0.008949704
v -0.032538354 0.015931247 0.02
v -0.032536257 -0.015931524 0.008949704
v -0.032531053 0.015927969 0.008802965
v -0.032530908 0.015310213 0.007152089
v -0.03253077 -0.015927689 0.008802974
v -0.032530423 -0.015309288 0.007152119
v -0.032528486 -0.013296757 0.006008195
v -0.032528486 0.013296758 0.006008195
v -0.032526959 0.01295403 0.005979995
v -0.032524679 0.015917016 0.008656428
v -0.032524366 -0.015916675 0.008656443
v -0.032521632 0.014773487 0.006609186
v -0.032521319 -0.014772487 0.0066092
v -0.032517347 0.015898546 0.008510436
v -0.032517016 -0.015898155 0.008510456
v -0.032516278 -0.013468547 0.006032372
v -0.032516006 0.013468528 0.006032383
v -0.032515608 -0.012982871 0.005980008
v -0.032510079 0.015219674 0.007034247
v -0.032509644 -0.015218786 0.007034271
v -0.032509103 0.015872719 0.008365329
v -0.032508757 -0.015872285 0.008365354
v -0.032500625 -0.01379417 0.00610769
v -0.032500189 0.013794469 0.006107688
v -0.032499976 0.01583969 0.00822145
v -0.032499623 -0.015839223 0.008221477
v -0.032495461 0.013028665 0.005979995
v -0.032493804 -0.014099788 0.006215367
v -0.032493688 0.014100526 0.006215347
v -0.032492755 -0.015936297 0.02
v -0.032490335 0.014657468 0.00651822
v -0.03249009 -0.014656549 0.006518232
v -0.032490004 0.015799617 0.008079141
v -0.032489646 -0.015799126 0.008079168
v -0.032488406 0.015123531 0.006921088
v -0.032488018 -0.015122687 0.006921107
v -0.032487456 -0.013045899 0.005980008
v -0.032482326 -0.012431966 0.005963019
v -0.032482326 0.012431967 0.005963019
v -0.032481425 0.013262621 0.005997123
v -0.032479215 0.015752662 0.007938743
v -0.032478862 -0.015752152 0.007938771
v -0.032478053 0.013330735 0.006004944
v -0.032467652 0.015698979 0.007800598
v -0.032467306 -0.015698459 0.007800624
v -0.032465931 0.015021948 0.006812965
v -0.032465827 0.01308828 0.005979995
v -0.032465596 -0.015021152 0.00681298
v -0.032458227 0.014537092 0.006433642
v -0.032458045 -0.014536257 0.006433656
v -0.032455344 0.015638728 0.007665046
v -0.032455008 -0.015638202 0.007665072
v -0.03245439 -0.013243009 0.005991293
v -0.032453876 -0.013110106 0.005980008
v -0.032445028 -0.013973651 0.006158531
v -0.032444883 0.013974282 0.006158511
v -0.032442711 0.014915085 0.006710234
v -0.032442424 -0.014914341 0.006710245
v -0.032442331 0.015572065 0.007532432
v -0.032442007 -0.015571542 0.007532455
v -0.0324369 0.01313894 0.005979995
v -0.032436624 -0.013673329 0.006065106
v -0.03243624 0.013673586 0.006065104
v -0.032433274 0.015941715 0.02
v -0.032432575 -0.012489911 0.005959097
v -0.032430846 0.012520579 0.005959092
v -0.032428641 0.01549915 0.007403095
v -0.032428335 -0.015498634 0.007403116
v -0.032426618 -0.013155581 0.005980008
v -0.032426521 -0.012572282 0.005959097
v -0.032425459 0.014413035 0.006355626
v -0.032425329 -0.014412286 0.006355641
v -0.032424122 -0.013364973 0.00600248
v -0.032423917 0.013364978 0.006002488
v -0.032422673 0.012604964 0.005959092
v -0.032421894 -0.015944071 0.008949704
v -0.032421894 -0.015944071 0.02
v -0.032418791 0.014803107 0.006613244
v -0.032418549 -0.014802418 0.006613254
v -0.032416463 -0.012648219 0.005959097
v -0.032414313 0.015420141 0.007277377
v -0.03241403 -0.015419637 0.007277396
v -0.032411341 -0.013211783 0.005982805
v -0.032411341 0.013211783 0.005982805
v -0.03241073 0.012680321 0.005959092
v -0.032407232 0.013184547 0.005979995
v -0.032405755 0.015943294 0.02
v -0.032404584 -0.015945423 0.02
v -0.03240243 -0.012721275 0.005959097
v -0.032399382 0.015335195 0.007155621
v -0.032399122 -0.015334707 0.007155637
v -0.032395992 -0.013846471 0.006108769
v -0.032395888 0.013200575 0.005979995
v -0.032395829 0.013846994 0.006108751
v -0.032394223 0.014686202 0.00652234
v -0.032394029 -0.01468557 0.006522349
v -0.032393102 0.012759699 0.005959092
v -0.032392178 0.014285972 0.006284343
v -0.032392099 -0.014285311 0.00628436
v -0.032383882 0.015244471 0.007038168
v -0.032383878 -0.012793953 0.005959097
v -0.032383643 -0.015244002 0.007038181
v -0.032381678 0.015946198 0.02
v -0.032373659 0.012827408 0.005959092
v -0.032372501 -0.013552235 0.006029387
v -0.032372173 0.013552448 0.006029386
v -0.03237162 -0.015947947 0.02
v -0.032369092 0.014564849 0.006437747
v -0.032368939 -0.014564275 0.006437757
v -0.032368764 0.015948141 0.008949704
v -0.032368694 -0.015948145 0.008949704
v -0.032367844 0.015148126 0.00692536
v -0.032367636 -0.01514768 0.00692537
v -0.032363739 -0.012857103 0.005959097
v -0.032363638 0.015944472 0.0088028
v -0.032363556 -0.01594439 0.008802802
v -0.032358535 0.014156583 0.006219964
v -0.032358501 -0.014156009 0.006219983
v -0.032358028 0.015933279 0.008656228
v -0.032357939 -0.01593318 0.008656232
v -0.03235266 0.012887179 0.005959092
v -0.032351948 0.015914628 0.008510318
v -0.032351851 -0.015914515 0.008510323
v -0.032351311 0.015046319 0.006817537
v -0.032351125 -0.015045899 0.006817545
v -0.03234541 0.015888672 0.008365396
v -0.032345314 -0.015888546 0.008365404
v -0.032342982 -0.012911736 0.005959097
v -0.03233844 0.015855566 0.008221794
v -0.03233834 -0.01585543 0.008221801
v -0.032334309 0.014939208 0.006715043
v -0.032334149 -0.014938815 0.00671505
v -0.032331765 -0.01326145 0.005979322
v -0.032331623 0.013261471 0.005979328
v -0.032331053 0.015815463 0.008079836
v -0.032330949 -0.015815321 0.008079845
v -0.032325979 0.012950429 0.005959092
v -0.032324668 -0.014024967 0.006162622
v -0.032324664 0.014025453 0.006162604
v -0.032324351 0.015950689 0.008949704
v -0.032324351 0.015950689 0.02
v -0.032323267 0.015768521 0.007939852
v -0.032323163 -0.015768373 0.00793986
v -0.032319248 -0.012964899 0.005959097
v -0.032316878 0.01482695 0.006618219
v -0.032316744 -0.014826587 0.006618224
v -0.032315101 0.015714891 0.00780217
v -0.032315001 -0.01571474 0.007802178
v -0.032308415 -0.013431195 0.006000419
v -0.03230815 0.013431363 0.006000417
v -0.032306574 0.015654732 0.007667118
v -0.032306477 -0.015654579 0.007667125
v -0.032304525 -0.015950264 0.02
v -0.03230124 0.013000199 0.005959092
v -0.032299057 0.01470973 0.006527394
v -0.032298945 -0.014709397 0.006527399
v -0.032297704 0.015588193 0.007535023
v -0.032297611 -0.015588041 0.00753503
v -0.03229139 -0.01301818 0.005959097
v -0.032290686 -0.013892544 0.006112239
v -0.032290652 0.013892942 0.006112223
v -0.03228851 0.015515433 0.007406214
v -0.032288421 -0.015515283 0.00740622
v -0.032280888 0.014587989 0.006442787
v -0.032280799 -0.014587688 0.006442792
v -0.032279305 0.013116005 0.005962818
v -0.032279011 0.015436604 0.007281019
v -0.032278929 -0.015436457 0.007281024
v -0.032277513 0.013041752 0.005959092
v -0.03227705 0.01595184 0.02
v -0.032269221 0.015351861 0.007159766
v -0.032269195 -0.013055206 0.005959097
v -0.032269146 -0.015351719 0.00715977
v -0.032262437 0.014462317 0.00636455
v -0.032262374 -0.014462048 0.006364555
v -0.032259334 -0.01310152 0.005960587
v -0.032259166 0.01526136 0.007042782
v -0.032259099 -0.015261224 0.007042786
v -0.032256637 -0.013759058 0.006068774
v -0.032256585 0.013759373 0.006068759
v -0.032253727 0.013078337 0.005959092
v -0.032248862 0.015165254 0.006930397
v -0.032248799 -0.015165125 0.0069304
v -0.032248631 -0.012431966 0.005950099
v -0.032248575 0.012431967 0.005950098
v -0.032247555 -0.012481984 0.005950113
v -0.032246068 0.012508475 0.005950112
v -0.032244522 -0.013310515 0.005978083
v -0.032244321 0.013310639 0.005978082
v -0.032243766 0.014333302 0.006292835
v -0.032243721 -0.014333065 0.006292841
v -0.032242347 -0.01255309 0.005950113
v -0.032239411 -0.013158231 0.005962844
v -0.032239325 0.013158256 0.005962848
v -0.032239016 0.01258128 0.005950112
v -0.032238323 0.015063697 0.006822938
v -0.032238267 -0.015063576 0.00682294
v -0.032233674 -0.012618464 0.005950113
v -0.032228757 0.012646005 0.005950112
v -0.032227572 0.014956846 0.006720732
v -0.032227524 -0.014956733 0.006720734
v -0.032224931 0.014201534 0.006227796
v -0.032224905 -0.014201329 0.006227802
v -0.03222356 -0.012431966 0.005949797
v -0.03222356 0.012431967 0.005949797
v -0.032222606 -0.013624828 0.00603216
v -0.032222543 0.013625066 0.006032148
v -0.032221653 -0.012681014 0.005950113
v -0.032216627 0.014844853 0.00662411
v -0.032216586 -0.014844749 0.006624111
v -0.032213733 0.012713715 0.005950112
v -0.032205991 0.014067533 0.006169548
v -0.032205977 -0.014067361 0.006169555
v -0.032205913 -0.012742732 0.005950113
v -0.032205507 0.014727898 0.006533385
v -0.032205474 -0.014727802 0.006533386
v -0.032200001 -0.015953716 0.008949704
v -0.032200001 -0.015953716 0.02
v -0.032200001 -0.012431966 0.005949704
v -0.032200001 0.012431967 0.005949704
v -0.032200001 0.015953716 0.008949704
v -0.032200001 0.015953716 0.02
v -0.032199278 0.015953617 0.008926143
v -0.032197297 0.012770942 0.005950112
v -0.032196309 0.012522891 0.005949704
v -0.032195773 -0.012529305 0.005949704
v -0.032195486 -0.015949897 0.008802583
v -0.032195486 0.015949897 0.008802583
v -0.032194234 0.014606372 0.006448763
v -0.032194205 -0.014606286 0.006448765
v -0.032193109 0.01594485 0.00872529
v -0.032192457 -0.015943106 0.008704145
v -0.032191329 -0.015939711 0.008667468
v -0.032191329 0.015939711 0.008667464
v -0.032190975 0.015938548 0.008655951
v -0.032188993 -0.012795807 0.005950113
v -0.032188676 -0.013490175 0.006002339
v -0.032188606 0.013490343 0.006002329
v -0.032186985 -0.013931502 0.006118123
v -0.032186985 0.013931642 0.006118117
v -0.03218646 -0.015919816 0.008510121
v -0.032185923 0.012608973 0.005949704
v -0.03218548 0.015914785 0.008478572
v -0.032185186 -0.015913201 0.008469074
v -0.032183729 -0.012622254 0.005949704
v -0.032183379 -0.015902862 0.008411152
v -0.032183379 0.01590286 0.008411149
v -0.032182831 0.014480799 0.006370386
v -0.032182813 -0.014480721 0.006370388
v -0.032181948 -0.015893856 0.008365405
v -0.032181948 0.015893856 0.008365405
v -0.03218098 -0.013190505 0.005962263
v -0.032180842 0.013190584 0.005962262
v -0.032179765 0.012820858 0.005950112
v -0.032177716 -0.015863106 0.008231086
v -0.032177709 0.01586305 0.008230864
v -0.032175433 -0.015843946 0.008159108
v -0.032175433 0.015843946 0.008159113
v -0.032172922 -0.015820861 0.008080558
v -0.032172922 0.015820861 0.008080558
v -0.032171749 -0.012841168 0.005950113
v -0.032171328 0.014351697 0.006298392
v -0.032171313 -0.014351628 0.006298394
v -0.032170083 -0.01579228 0.007992649
v -0.032170046 0.012688124 0.005949704
v -0.032169856 0.01578984 0.007985541
v -0.032168407 0.015774127 0.007941052
v -0.032167964 -0.013794063 0.006073516
v -0.032167956 0.013794173 0.006073511
v -0.032167494 -0.015763853 0.007913077
v -0.032167494 0.015763856 0.00791309
v -0.032166962 -0.012700648 0.005949704
v -0.032163896 -0.015720775 0.007803908
v -0.03216232 -0.015700618 0.007756639
v -0.03216197 0.015696039 0.007746201
v -0.032159559 -0.015663436 0.007674683
v -0.032159559 0.015663443 0.0076747
v -0.032159381 -0.015660957 0.007669436
v -0.032159381 0.015660957 0.007669436
v -0.032157857 0.012872815 0.005950112
v -0.032154925 -0.013355418 0.005979245
v -0.032154858 0.013355524 0.005979238
v -0.032154463 -0.015588609 0.007526354
v -0.032154113 0.015583185 0.007516328
v -0.032152392 -0.012884545 0.005950113
v -0.032151625 -0.015543493 0.007445497
v -0.032151625 0.0155435 0.00744551
v -0.032150574 0.01275756 0.005949704
v -0.032150354 -0.015522523 0.007409757
v -0.032150354 0.015522523 0.007409757
v -0.032148961 -0.013655356 0.006035743
v -0.032148946 0.013655439 0.006035739
v -0.032147281 -0.013055569 0.005952991
v -0.032147244 0.013055588 0.005952992
v -0.032146577 -0.015457417 0.007305275
v -0.03214635 0.015453307 0.007298981
v -0.032145701 -0.012772198 0.005949704
v -0.03214369 0.015404783 0.007227104
v -0.032143686 -0.01540478 0.0072271
v -0.032141328 -0.015360047 0.007164512
v -0.032141328 0.015360047 0.007164512
v -0.032138724 -0.015308846 0.007096756
v -0.032138716 0.015308704 0.007096574
v -0.032137975 0.012912819 0.005950112
v -0.032136813 0.015270173 0.007048082
v -0.032135744 -0.015248045 0.007021133
v -0.032135744 0.015248043 0.00702113
v -0.032131243 0.015151624 0.006910698
v -0.032130953 -0.015145189 0.006903706
v -0.032130219 -0.012926986 0.005950113
v -0.03213001 -0.013515693 0.006004813
v -0.032129992 0.013515751 0.006004809
v -0.032128848 0.012817567 0.005949704
v -0.032127786 -0.015073914 0.006829164
v -0.032127786 0.015073914 0.006829164
v -0.032124624 -0.015000057 0.006757163
v -0.032124329 0.014993125 0.006750662
v -0.032122228 -0.01283347 0.005949704
v -0.032121439 -0.013220876 0.005962816
v -0.032121383 0.013220932 0.005962812
v -0.032119844 -0.014883823 0.006653555
v -0.032119844 0.014883824 0.006653556
v -0.032119412 0.012945336 0.005950112
v -0.03211876 -0.014856657 0.006630917
v -0.032117944 -0.013071469 0.005952843
v -0.032117877 0.013071507 0.005952842
v -0.032117154 -0.014815846 0.006597962
v -0.032116968 0.01481114 0.006594241
v -0.032114249 -0.014740552 0.006540314
v -0.032114249 0.014740552 0.006540314
v -0.032113045 -0.01295563 0.005950113
v -0.032111906 -0.014678455 0.006495635
v -0.032111906 0.014678457 0.006495636
v -0.032111138 0.013375422 0.005980733
v -0.03210986 -0.014623241 0.006457933
v -0.032109365 0.014609757 0.006449001
v -0.032105222 -0.014495001 0.006377142
v -0.032105222 0.014495001 0.006377142
v -0.032103978 -0.014459897 0.006356573
v -0.032103978 0.014459904 0.006356577
v -0.032102894 0.012874976 0.005949704
v -0.03210251 -0.014418187 0.00633295
v -0.032101598 0.014392017 0.006318569
v -0.03210146 0.01297297 0.005950112
v -0.032100707 -0.014366422 0.006304826
v -0.032100707 0.014366422 0.006304826
v -0.032097973 -0.01288453 0.005949704
v -0.032096196 -0.014234553 0.006238857
v -0.032096196 0.014234553 0.006238857
v -0.032096051 -0.014230241 0.006236833
v -0.032096051 0.014230259 0.006236841
v -0.032094941 -0.012982269 0.005950113
v -0.032094926 -0.014196921 0.006221461
v -0.032093804 0.014163502 0.006206524
v -0.032093145 0.012980968 0.005950077
v -0.032092426 0.013234765 0.005963517
v -0.032091681 -0.014099794 0.006179359
v -0.032091681 0.014099794 0.006179359
v -0.032088295 -0.013086868 0.00595299
v -0.032088261 0.013086889 0.005952989
v -0.032088112 -0.013991331 0.006136943
v -0.032088112 0.013991352 0.006136952
v -0.032087173 -0.013962551 0.006126478
v -0.032086045 0.013927916 0.006114313
v -0.032082655 -0.013822831 0.006080222
v -0.032082655 0.013822831 0.006080222
v -0.032080162 -0.013744843 0.006057603
v -0.032080162 0.013744862 0.006057608
v -0.032079376 -0.013720154 0.006050909
v -0.032078359 0.013688105 0.006042552
v -0.032077827 0.012920233 0.005949704
v -0.032073889 0.013094092 0.005953171
v -0.032073628 -0.013537918 0.006008306
v -0.032073628 0.013537918 0.006008306
v -0.032072209 -0.013492474 0.005999519
v -0.032072209 0.013492485 0.005999521
v -0.032072041 -0.012929482 0.005949704
v -0.032071613 -0.013473388 0.005996044
v -0.032070778 0.013446716 0.005991402
v -0.032069117 -0.01339322 0.005982835
v -0.032064252 -0.013235992 0.005963375
v -0.032064252 0.013235995 0.005963375
v -0.032063916 -0.013225133 0.005962344
v -0.032063331 0.013206171 0.005960641
v -0.032056849 -0.012995313 0.005950002
v -0.032056298 0.012977277 0.0059498
v -0.032055575 -0.012953715 0.005949704
v -0.032055575 0.012953715 0.005949704
v -0.028963228 0.015953716 0.02
v -0.02786235 -0.015953716 0.02
v -0.025199443 -0.015953716 0.008949704
v -0.025199443 -0.015953716 0.02
v -0.025199415 -0.015953623 0.008926143
v -0.025195893 -0.0159423 0.008688238
v -0.025195302 -0.015940402 0.00866738
v -0.025185268 -0.015908139 0.00842876
v -0.025184263 -0.015904902 0.008410722
v -0.025167651 -0.015851492 0.008173248
v -0.025166376 -0.015847387 0.008158085
v -0.025143176 -0.015772793 0.007923644
v -0.025141776 -0.01576829 0.007911353
v -0.025112027 -0.015672639 0.00768185
v -0.025110645 -0.015668197 0.007672367
v -0.025074443 -0.015551792 0.007449705
v -0.025073219 -0.015547856 0.007442908
v -0.02503071 -0.015411171 0.007228975
v -0.025029775 -0.015408165 0.007224689
v -0.02498116 -0.015251849 0.007021342
v -0.024980636 -0.015250165 0.007019337
v -0.024926169 -0.015075035 0.006828384
v -0.024866158 -0.014882078 0.006651571
v -0.024802914 -0.014678723 0.00649525
v -0.024801584 -0.014674445 0.006492248
v -0.024735047 -0.0144605 0.006355558
v -0.024732936 -0.014453716 0.006351628
v -0.024709044 0.015857648 0.008196592
v -0.024687124 0.015847387 0.008158085
v -0.024671892 0.015883232 0.008303225
v -0.024663683 -0.014231039 0.006235217
v -0.024660738 -0.01422157 0.006230781
v -0.024640422 0.015904902 0.008410722
v -0.024622954 0.015810946 0.008035249
v -0.024610622 0.015925422 0.008538667
v -0.024589356 -0.013992051 0.006135125
v -0.02458887 0.015940402 0.00866738
v -0.024585538 -0.013979776 0.006130627
v -0.024575211 0.015949806 0.008796618
v -0.02456967 0.015953623 0.008926143
v -0.024569536 0.015953716 0.008949704
v -0.024569536 0.015953716 0.02
v -0.024567366 0.01576829 0.007911353
v -0.024522899 0.015721383 0.007792113
v -0.024512621 -0.013745319 0.006056028
v -0.02450791 -0.013730172 0.006051927
v -0.024487598 0.015668197 0.007672367
v -0.024473002 0.015637737 0.007609546
v -0.024461193 0.01560536 0.007546573
v -0.024443293 0.015547801 0.007442814
v -0.024434051 -0.013492685 0.005998516
v -0.024428444 -0.01347466 0.005995282
v -0.024421727 0.015478461 0.007329316
v -0.024399845 0.015408098 0.007224594
v -0.024376739 0.015333802 0.007123456
v -0.024354231 -0.013236032 0.005963018
v -0.024350703 0.015250088 0.007019245
v -0.024347747 -0.013215182 0.005961121
v -0.024326542 0.015172403 0.006930441
v -0.024296233 0.015074951 0.0068283
v -0.024271492 0.014995398 0.00675163
v -0.024266427 -0.012953715 0.005949704
v -0.024236845 0.014883995 0.006653181
v -0.024211977 0.014804032 0.006588279
v -0.02417298 0.014678644 0.006495194
v -0.024148414 0.01459965 0.006441539
v -0.024105115 0.01446043 0.006355517
v -0.024081249 0.014383692 0.00631244
v -0.024033755 0.014230981 0.006235189
v -0.024010956 0.014157676 0.006201891
v -0.023959432 0.013992006 0.006135108
v -0.02393803 0.013923191 0.00611067
v -0.023882702 0.013745288 0.00605602
v -0.023862984 0.013681888 0.006039418
v -0.023804136 0.013492666 0.005998513
v -0.023786344 0.013435462 0.005988637
v -0.023724318 0.013236023 0.005963017
v -0.023708651 0.013185647 0.005958683
v -0.023636518 0.012953715 0.005949704
v -0.020899528 -0.018914704 0.02
v -0.020694831 0.018621898 0.02
v -0.020543442 0.018726147 0.02
v -0.019514797 0.016376853 0.005988629
v -0.01951479 0.016480308 0.006003753
v -0.019514693 0.016542781 0.006014111
v -0.019514326 0.016138704 0.0059633
v -0.019514186 0.016676476 0.006039406
v -0.019514149 0.016073965 0.005958678
v -0.019513661 0.015781786 0.005949706
v -0.019513659 0.015792781 0.005949705
v -0.019513523 0.016774047 0.006060593
v -0.019512506 0.016877959 0.00608573
v -0.019511297 0.016971406 0.006110641
v -0.019506998 0.017204195 0.006182493
v -0.01950613 0.017241718 0.006195425
v -0.019505691 0.017260034 0.006201877
v -0.019497121 0.017540369 0.006312429
v -0.019496158 0.017564399 0.006322954
v -0.019486621 0.017755324 0.006412645
v -0.019483007 0.017812405 0.006441583
v -0.019478826 0.017871641 0.006472667
v -0.019460572 0.018076116 0.006588403
v -0.019459907 0.01808241 0.006592178
v -0.019450489 0.018165624 0.006643311
v -0.019428166 0.018330703 0.006751718
v -0.019415712 0.018409522 0.006806914
v -0.01939399 0.01853266 0.006898005
v -0.019385975 0.018574513 0.006930404
v -0.01936412 0.018680677 0.007016065
v -0.01934634 0.01875977 0.007083331
v -0.019335506 0.018805247 0.007123426
v -0.019328069 0.018835399 0.007150613
v -0.019277547 0.019020794 0.007329276
v -0.0192737 0.019033702 0.007342519
v -0.019251749 0.018245976 0.006464991
v -0.019246813 0.01902649 0.007281263
v -0.01924671 0.019069536 0.007348762
v -0.019244997 0.019007202 0.007248939
v -0.019241173 0.019115597 0.007414945
v -0.019236838 0.018966855 0.007176454
v -0.019230038 0.019165294 0.007480615
v -0.019228591 0.018409522 0.006571513
v -0.019227598 0.018409522 0.006570265
v -0.019222096 0.018927218 0.007097705
v -0.019212978 0.019219365 0.007546573
v -0.019206975 0.018541213 0.006656985
v -0.019197492 0.018885095 0.007003966
v -0.019184958 0.018666798 0.006745357
v -0.019171324 0.018853104 0.006924326
v -0.019161755 0.018786335 0.006835003
v -0.019119641 0.018807143 0.006793922
v -0.019107457 0.01677406 0.005642666
v -0.019103939 0.017101152 0.005721988
v -0.019100957 0.017264698 0.005770967
v -0.019096935 0.017428245 0.005826356
v -0.019091399 0.017591791 0.005888424
v -0.019083774 0.017755337 0.005957488
v -0.019073475 0.017918883 0.006033867
v -0.019059928 0.018082429 0.006117877
v -0.019042548 0.018245976 0.006209835
v -0.019039879 0.018757543 0.006625786
v -0.019020759 0.018409522 0.006310059
v -0.019019634 0.018409522 0.006308644
v -0.01900023 0.018550664 0.006390536
v -0.018979516 0.018686047 0.006474594
v -0.018911188 0.01870257 0.006392976
v -0.018833347 0.018245976 0.00595468
v -0.018812926 0.018409522 0.006048605
v -0.018811669 0.018409522 0.006047023
v -0.018793486 0.018560117 0.006124088
v -0.018768627 0.018659659 0.006162113
v -0.018734312 0.018409522 0.005949706
v -0.018681919 0.016446967 0.005155248
v -0.018681834 0.016119875 0.005126889
v -0.018681595 0.015792781 0.005117642
v -0.018680897 0.01677406 0.005203642
v -0.01867782 0.017101152 0.005272994
v -0.018671697 0.017428245 0.005364244
v -0.018666858 0.017591791 0.005418511
v -0.01866019 0.017755337 0.005478895
v -0.018651186 0.017918883 0.005545673
v -0.018639341 0.018082429 0.005619125
v -0.018628148 0.018627727 0.005949697
v -0.018624146 0.018245976 0.005699525
v -0.018605094 0.018409522 0.005787151
v -0.018603703 0.018409522 0.005785401
v -0.018586742 0.01856957 0.005857639
v -0.018582238 0.018618843 0.00588246
v -0.018414944 0.018245976 0.005444369
v -0.018397264 0.018409522 0.005525698
v -0.018395739 0.018409522 0.00552378
v -0.018382601 0.018586623 0.005598754
v -0.018379997 0.018579023 0.00559119
v -0.018251702 0.017101152 0.004824
v -0.018246459 0.017428245 0.004902132
v -0.018243754 0.018568929 0.005407498
v -0.018242314 0.017591791 0.004948598
v -0.018236605 0.017755337 0.005000301
v -0.018228898 0.017918883 0.00505748
v -0.018218754 0.018082429 0.005120372
v -0.018205743 0.018245976 0.005189214
v -0.018189432 0.018409522 0.005264244
v -0.018187774 0.018409522 0.005262159
v -0.018178485 0.018561652 0.005318849
v -0.017899077 0.018536439 0.004945972
v -0.017828504 0.016446967 0.004291114
v -0.017828273 0.015792781 0.00426432
v -0.017827775 0.01677406 0.004325594
v -0.017825583 0.017101152 0.004375006
v -0.017821221 0.017428245 0.004440021
v -0.017813021 0.017755337 0.004521708
v -0.017806608 0.017918883 0.004569287
v -0.017798169 0.018082429 0.004621619
v -0.017787341 0.018245976 0.004678904
v -0.017773768 0.018409522 0.004741337
v -0.017771844 0.018409522 0.004738916
v -0.01776577 0.018527187 0.004770886
v -0.017601231 0.017755337 0.004282411
v -0.017587874 0.018082429 0.004372243
v -0.017565936 0.018409522 0.004479883
v -0.017399466 0.017101152 0.003926012
v -0.017395983 0.017428245 0.003977909
v -0.017389439 0.017755337 0.004043114
v -0.017377581 0.018082429 0.004122867
v -0.017358104 0.018409522 0.004218429
v -0.017355915 0.018409522 0.004215674
v -0.017353792 0.018507201 0.00423702
v -0.017167289 0.018082429 0.003873491
v -0.017150274 0.018409522 0.003956975
v -0.01697509 0.016446967 0.00342698
v -0.016974656 0.01677406 0.003447546
v -0.016973346 0.017101152 0.003477019
v -0.016970744 0.017428245 0.003515797
v -0.016965855 0.017755337 0.003564521
v -0.016963688 -0.002330602 0.02
v -0.016956994 0.018082429 0.003624115
v -0.016942441 0.018409522 0.003695522
v -0.016939985 0.018409522 0.003692431
v -0.016939091 0.018497419 0.003706264
v -0.016746702 0.018082429 0.003374738
v -0.016734609 0.018409522 0.003434068
v -0.01667621 -0.004721056 0.005949706
v -0.01667621 0.004284627 0.005949706
v -0.016547229 0.017101152 0.003028025
v -0.016542271 0.017755337 0.003085927
v -0.016536409 0.018082429 0.003125362
v -0.016526777 0.018409522 0.003172614
v -0.016524054 0.018409522 0.003169188
v -0.016523296 0.018495874 0.003177397
v -0.016213659 0.015781786 0.002649707
v -0.016213659 0.015792781 0.002649707
v -0.016207445 0.016447622 0.002649707
v -0.016188154 0.017101979 0.002649707
v -0.016156156 0.017755911 0.002649707
v -0.016135277 0.018082747 0.002649707
v -0.016111115 0.018409522 0.002649707
v -0.016107367 0.01850139 0.002649705
v -0.015250881 0.022370687 0.008196592
v -0.015250881 0.022370687 0.02
v -0.015247012 -0.022807116 0.008949704
v -0.015247012 -0.022807116 0.02
v -0.015242388 -0.022800401 0.008728673
v -0.015240537 -0.022797713 0.008688238
v -0.015226108 -0.02277676 0.008480893
v -0.015221163 -0.022769578 0.00842876
v -0.01519821 -0.022736248 0.008236354
v -0.015189036 -0.022722924 0.008173248
v -0.015158888 -0.022679145 0.007996746
v -0.015144401 -0.022658106 0.007923644
v -0.015108412 -0.022605844 0.007763728
v -0.015087598 -0.022575617 0.00768185
v -0.015056522 0.022497131 0.02
v -0.015047132 -0.022516854 0.007538907
v -0.015019059 -0.022476086 0.007449705
v -0.015 -0.017418215 0.017349707
v -0.015 -0.017418215 0.02
v -0.015 -0.017191047 0.02
v -0.015 -0.016218215 0.011949707
v -0.015 -0.016218215 0.017349707
v -0.015 -0.016218215 0.02
v -0.015 -0.013003654 0.02
v -0.015 -0.012994639 0.02
v -0.015 -0.012969607 0.02
v -0.015 -0.012927 0.02
v -0.015 -0.012864932 0.02
v -0.015 -0.012781139 0.02
v -0.015 -0.012672907 0.02
v -0.015 -0.012536998 0.02
v -0.015 -0.012369559 0.02
v -0.015 -0.012166016 0.02
v -0.015 -0.011920954 0.02
v -0.015 -0.011627989 0.02
v -0.015 -0.011279641 0.02
v -0.015 -0.010867203 0.02
v -0.015 -0.010380677 0.02
v -0.015 -0.009808767 0.02
v -0.015 -0.009139062 0.02
v -0.015 -0.008358486 0.02
v -0.015 -0.00586897 0.02
v -0.015 -0.005246387 0.02
v -0.015 -0.004580716 0.02
v -0.015 -0.003878436 0.02
v -0.015 -0.003148385 0.02
v -0.015 -0.002401818 0.02
v -0.015 -0.002330602 0.02
v -0.015 -0.001981306 0.019818168
v -0.015 -0.001578315 0.019651243
v -0.015 -0.00116231 0.019520078
v -0.015 -0.000736455 0.019425668
v -0.015 -0.000303993 0.019368732
v -0.015 0.000131786 0.019349707
v -0.015 0.000567564 0.019368732
v -0.015 0.001000026 0.019425668
v -0.015 0.001425881 0.019520078
v -0.015 0.001841886 0.019651243
v -0.015 0.002244877 0.019818168
v -0.015 0.002594173 0.02
v -0.015 0.002663691 0.02
v -0.015 0.00339055 0.02
v -0.015 0.004099574 0.02
v -0.015 0.004779995 0.02
v -0.015 0.00542341 0.02
v -0.015 0.006023722 0.02
v -0.015 0.006576907 0.02
v -0.015 0.007080739 0.02
v -0.015 0.00753446 0.02
v -0.015 0.007938466 0.02
v -0.015 0.008294018 0.02
v -0.015 0.008602982 0.02
v -0.015 0.008867622 0.02
v -0.015 0.015781786 0.011949707
v -0.015 0.015781786 0.02
v -0.014975471 -0.022412788 0.00732384
v -0.014939306 -0.022360271 0.007228975
v -0.014915467 -0.023014964 0.02
v -0.014898603 0.022599868 0.008197127
v -0.014893926 -0.022294369 0.007120012
v -0.014848946 -0.022229049 0.007021342
v -0.014803058 -0.022162411 0.006928834
v -0.01478916 0.022664538 0.02
v -0.014748666 -0.022083424 0.006828384
v -0.014703497 -0.022017831 0.006751626
v -0.014667128 0.022736646 0.02
v -0.014667127 0.022736646 0.008197866
v -0.014663259 -0.023173075 0.008949704
v -0.014663259 -0.023173075 0.02
v -0.014659229 -0.023165988 0.008728673
v -0.014645044 -0.023141034 0.008480893
v -0.01463923 -0.021924501 0.006651571
v -0.01462078 0.022762699 0.02
v -0.014620736 -0.023098271 0.008236354
v -0.01461925 0.02276355 0.02
v -0.014615098 0.022765855 0.02
v -0.014608253 0.022769645 0.02
v -0.0146 0.017981786 0.014099707
v -0.0146 0.02277438 0.014099707
v -0.014598746 0.02277489 0.02
v -0.014598101 0.022775434 0.014186834
v -0.0145981 0.022775434 0.01401256
v -0.014595931 -0.021861624 0.006589614
v -0.014592457 0.017981786 0.013926168
v -0.014592457 0.017981786 0.014273245
v -0.014592457 0.022778565 0.013926168
v -0.014592457 0.022778565 0.014273245
v -0.014586515 0.022781604 0.02
v -0.014586473 -0.023037996 0.007996746
v -0.014583025 0.022783786 0.013839681
v -0.01458302 0.022783788 0.014359761
v -0.014571557 0.022789762 0.02
v -0.014569884 0.017981786 0.013753938
v -0.014569884 0.017981786 0.014445475
v -0.014569884 0.022791032 0.013753938
v -0.014569884 0.022791032 0.014445475
v -0.014553871 0.022799337 0.02
v -0.014553019 0.022800284 0.013668759
v -0.014553013 0.022800287 0.014530682
v -0.014542491 -0.022960624 0.007763728
v -0.014533456 0.022810293 0.02
v -0.014532452 0.017981786 0.013584317
v -0.014532452 0.017981786 0.014615096
v -0.014532452 0.022811495 0.013584317
v -0.014532452 0.022811495 0.014615096
v -0.01452147 -0.021753492 0.006492248
v -0.014510228 0.022822636 0.02
v -0.01450827 0.02282458 0.013500951
v -0.014508247 0.022824591 0.014698533
v -0.014489096 -0.022866692 0.007538907
v -0.014484542 0.015781786 0.02
v -0.014484463 0.022836175 0.02
v -0.014481104 -0.021694873 0.006443918
v -0.014480445 0.017981786 0.013418582
v -0.014480445 0.017981786 0.014780831
v -0.014480445 0.0228395 0.013418582
v -0.014480445 0.0228395 0.014780831
v -0.014473243 0.015781786 0.02
v -0.014459355 0.015781786 0.02
v -0.014455875 0.022851014 0.02
v -0.014450253 0.021208024 0.005452921
v -0.014448974 0.022856206 0.014862132
v -0.014448943 0.022856222 0.013337202
v -0.014442958 0.015781786 0.02
v -0.014426654 -0.022756847 0.00732384
v -0.014424711 0.022866972 0.02
v -0.01442416 0.015781786 0.02
v -0.014414251 0.017981786 0.013257987
v -0.014414251 0.017981786 0.014941426
v -0.014414251 0.022874432 0.013257987
v -0.014414251 0.022874432 0.014941426
v -0.014403087 0.015781786 0.02
v -0.014396283 -0.021571698 0.006351628
v -0.014390894 0.022884037 0.02
v -0.014379894 0.015781786 0.02
v -0.014375929 0.022894295 0.01501953
v -0.014375891 0.022894314 0.013179809
v -0.014359809 -0.02151873 0.006315545
v -0.0143556 -0.02263185 0.007120012
v -0.014354752 0.015781786 0.02
v -0.014354448 0.022902139 0.02
v -0.014351315 0.022906914 0.008199062
v -0.014334373 0.017981786 0.013103739
v -0.014334373 0.017981786 0.015095674
v -0.014334373 0.022915538 0.013103739
v -0.014334373 0.022915538 0.015095674
v -0.014330002 -0.023343964 0.02
v -0.014327854 0.015781786 0.02
v -0.014299415 0.015781786 0.02
v -0.014289514 0.02293813 0.015170006
v -0.014289471 0.022938151 0.013029339
v -0.014276423 -0.022492563 0.006928834
v -0.014274046 0.022941028 0.02
v -0.014269664 0.015781786 0.02
v -0.014264621 -0.021380499 0.006230781
v -0.014241412 0.017981786 0.012957006
v -0.014241412 0.017981786 0.015242407
v -0.014241412 0.022961965 0.012957006
v -0.014241412 0.022961965 0.015242407
v -0.014238846 0.015781786 0.02
v -0.014232884 -0.021334412 0.006205382
v -0.014211751 0.022970196 0.02
v -0.014207219 0.015781786 0.02
v -0.014189672 -0.022339951 0.006751626
v -0.014175049 0.015781786 0.02
v -0.014142612 0.015781786 0.02
v -0.01413607 0.017981786 0.012818892
v -0.01413607 0.017981786 0.015380521
v -0.01413607 0.023012768 0.012818892
v -0.01413607 0.023012768 0.015380521
v -0.014127486 -0.021181354 0.006130627
v -0.014110185 0.015781786 0.02
v -0.014103542 0.021441801 0.005472403
v -0.014101208 -0.021143194 0.006114191
v -0.014095945 -0.02217507 0.006589614
v -0.014078047 0.015781786 0.02
v -0.01405507 0.023050554 0.012727564
v -0.01405507 0.023050554 0.015471849
v -0.01405479 0.023050682 0.02
v -0.014054052 0.023051022 0.008200164
v -0.014050182 -0.023487451 0.008949704
v -0.014050182 -0.023487451 0.02
v -0.014046777 -0.023480041 0.008728673
v -0.014046473 0.015781786 0.02
v -0.014034792 -0.02345396 0.008480893
v -0.014028656 0.023062618 0.02
v -0.014019142 0.017981786 0.012690438
v -0.014019142 0.017981786 0.015508975
v -0.014019142 0.023066962 0.012690438
v -0.014019142 0.023066962 0.015508975
v -0.014015733 0.015781786 0.02
v -0.014014253 -0.023409264 0.008236354
v -0.013995891 -0.021999057 0.006443918
v -0.013986088 0.015781786 0.02
v -0.013985923 -0.020975778 0.006051927
v -0.013985303 -0.023346264 0.007996746
v -0.013965691 -0.020946397 0.006042603
v -0.013957786 0.015781786 0.02
v -0.013948143 -0.023265395 0.007763728
v -0.013934956 0.023104152 0.02
v -0.013931062 0.015781786 0.02
v -0.013906133 0.015781786 0.02
v -0.013903026 -0.023167217 0.007538907
v -0.013895106 -0.023554705 0.02
v -0.013891508 0.017981786 0.012572615
v -0.013891508 0.017981786 0.015626797
v -0.013891508 0.023123534 0.012572615
v -0.013891508 0.023123534 0.015626797
v -0.013890201 -0.02181313 0.006315545
v -0.013850269 -0.023052407 0.00732384
v -0.013841009 -0.020765334 0.005995282
v -0.013832864 0.023147236 0.02
v -0.013827269 -0.020745382 0.005991112
v -0.013790233 -0.02292176 0.007120012
v -0.013779608 -0.021618575 0.006205382
v -0.013778809 0.023171296 0.008201019
v -0.013754132 0.017981786 0.012466311
v -0.013754132 0.017981786 0.015733102
v -0.013754132 0.023181483 0.012466311
v -0.013754132 0.023181483 0.015733102
v -0.013752904 0.021636784 0.005472403
v -0.013730749 -0.023617886 0.02
v -0.013723334 -0.022776177 0.006928834
v -0.013723218 0.02319108 0.02
v -0.013718978 0.020146074 0.002649707
v -0.013693846 -0.020551626 0.005961121
v -0.0136869 -0.020541539 0.005960074
v -0.013664872 -0.021416735 0.006114191
v -0.013650035 -0.022616668 0.006751626
v -0.013642685 0.023226045 0.02
v -0.013608051 0.017981786 0.012372329
v -0.013608051 0.017981786 0.015827084
v -0.013608051 0.023239836 0.012372329
v -0.013608051 0.023239836 0.015827084
v -0.0136 0.015781786 0.014099707
v -0.0136 0.017981786 0.014099707
v -0.013596228 0.015781786 0.014012937
v -0.013596228 0.015781786 0.014186475
v -0.013596228 0.017981786 0.014012937
v -0.013596228 0.017981786 0.014186475
v -0.013584943 0.015781786 0.013926823
v -0.013584943 0.015781786 0.014272591
v -0.013584943 0.017981786 0.013926823
v -0.013584943 0.017981786 0.014272591
v -0.013570843 -0.022444332 0.006589614
v -0.013566227 0.015781786 0.013842012
v -0.013566227 0.015781786 0.014357401
v -0.013566227 0.017981786 0.013842012
v -0.013566227 0.017981786 0.014357401
v -0.013546791 -0.021209009 0.006042603
v -0.013545553 -0.020336278 0.005949704
v -0.013540222 0.015781786 0.013759145
v -0.013540222 0.015781786 0.014440268
v -0.013540222 0.017981786 0.013759145
v -0.013540222 0.017981786 0.014440268
v -0.0135289 0.023268875 0.02
v -0.013507126 0.015781786 0.013678847
v -0.013507126 0.015781786 0.014520566
v -0.013507126 0.017981786 0.013678847
v -0.013507126 0.017981786 0.014520566
v -0.013500845 0.023279032 0.02
v -0.013486305 -0.022260362 0.006443918
v -0.013467187 0.015781786 0.013601723
v -0.013467187 0.015781786 0.01459769
v -0.013467187 0.017981786 0.013601723
v -0.013467187 0.017981786 0.01459769
v -0.013454365 0.017981786 0.012291376
v -0.013454365 0.017981786 0.015908036
v -0.013454365 0.023297671 0.012291376
v -0.013454365 0.023297671 0.015908036
v -0.013436193 0.020327542 0.002649707
v -0.013426178 -0.020996829 0.005991112
v -0.013420707 0.015781786 0.013528356
v -0.013420707 0.015781786 0.014671057
v -0.013420707 0.017981786 0.013528356
v -0.013420707 0.017981786 0.014671057
v -0.013416664 0.023311311 0.012274039
v -0.013416664 0.023311311 0.015925374
v -0.013416538 0.023311357 0.02
v -0.013416199 0.023311479 0.008201759
v -0.013412328 -0.023747908 0.008949704
v -0.013412328 -0.023747908 0.02
v -0.013409575 -0.023740234 0.008728673
v -0.013399878 -0.023713218 0.008480893
v -0.013397005 -0.022066033 0.006315545
v -0.013385523 0.021812506 0.005472403
v -0.013383261 -0.023666922 0.008236354
v -0.013368035 0.015781786 0.013459299
v -0.013368035 0.015781786 0.014740114
v -0.013368035 0.017981786 0.013459299
v -0.013368035 0.017981786 0.014740114
v -0.013359839 -0.023601664 0.007996746
v -0.013329774 -0.023517897 0.007763728
v -0.013326872 0.023342727 0.02
v -0.013309571 0.015781786 0.013395072
v -0.013309571 0.015781786 0.014804341
v -0.013309571 0.017981786 0.013395072
v -0.013309571 0.017981786 0.014804341
v -0.013303868 -0.020781664 0.005960074
v -0.013303561 -0.021862682 0.006205382
v -0.013294235 0.017981786 0.012224063
v -0.013294235 0.017981786 0.015975351
v -0.013294235 0.023354145 0.012224063
v -0.013294235 0.023354145 0.015975351
v -0.013293274 -0.023416201 0.007538907
v -0.013250589 -0.023297276 0.00732384
v -0.013245754 0.015781786 0.013336161
v -0.013245754 0.015781786 0.014863252
v -0.013245754 0.017981786 0.013336161
v -0.013245754 0.017981786 0.014863252
v -0.013245612 -0.023803723 0.02
v -0.013242641 -0.000218214 0.011949707
v -0.013206619 -0.021651721 0.006114191
v -0.013205011 0.02338279 0.02
v -0.013202018 -0.023161948 0.007120012
v -0.013192249 -0.001372387 0.011949707
v -0.013192249 0.000935958 0.011949707
v -0.013180708 -0.020565003 0.005949704
v -0.013180597 0.023391925 0.008201963
v -0.013177066 0.015781786 0.013283009
v -0.013177066 0.015781786 0.014916404
v -0.013177066 0.017981786 0.013283009
v -0.013177066 0.017981786 0.014916404
v -0.013154583 0.02048414 0.002649707
v -0.013147893 -0.02301115 0.006928834
v -0.013132704 0.015781786 0.02
v -0.013128868 0.017981786 0.012170899
v -0.013128868 0.017981786 0.016028514
v -0.013128868 0.0234085 0.012170899
v -0.013128868 0.0234085 0.016028514
v -0.013113387 0.015781786 0.02
v -0.013110464 0.015781786 0.02
v -0.013106848 -0.021434603 0.006042603
v -0.013104025 0.015781786 0.013236018
v -0.013104025 0.015781786 0.014963395
v -0.013104025 0.017981786 0.013236018
v -0.013104025 0.017981786 0.014963395
v -0.013102162 0.015781786 0.02
v -0.013088591 -0.022845926 0.006751626
v -0.013088476 0.015781786 0.02
v -0.013079667 0.023420981 0.02
v -0.013071047 -0.023854048 0.02
v -0.013069446 0.015781786 0.02
v -0.013045157 0.015781786 0.02
v -0.013041455 -0.002517775 0.011949707
v -0.013041455 0.002081346 0.011949707
v -0.013027183 0.015781786 0.013195541
v -0.013027183 0.015781786 0.015003872
v -0.013027183 0.017981786 0.013195541
v -0.013027183 0.017981786 0.015003872
v -0.013024521 -0.022667415 0.006589614
v -0.013015744 0.015781786 0.02
v -0.013004939 -0.021212833 0.005991112
v -0.013003686 0.021967044 0.005472403
v -0.01299466 0.023449472 0.02
v -0.012981388 0.015781786 0.02
v -0.012959512 0.017981786 0.012132284
v -0.012959512 0.017981786 0.016067129
v -0.012959512 0.023460077 0.012132284
v -0.012959512 0.023460077 0.016067129
v -0.012956126 -0.022476854 0.006443918
v -0.012947118 0.015781786 0.013161885
v -0.012947118 0.015781786 0.015037528
v -0.012947118 0.017981786 0.013161885
v -0.012947118 0.017981786 0.015037528
v -0.012942324 0.015781786 0.02
v -0.012901597 -0.020987943 0.005960074
v -0.01289883 0.015781786 0.02
v -0.012883877 -0.02227556 0.006315545
v -0.012868774 0.023484774 0.02
v -0.012864434 0.015781786 0.013135303
v -0.012864434 0.015781786 0.01506411
v -0.012864434 0.017981786 0.013135303
v -0.012864434 0.017981786 0.01506411
v -0.012859527 0.020625267 0.002649707
v -0.012851231 0.015781786 0.02
v -0.012847473 0.02349045 0.02
v -0.012808276 -0.022064924 0.006205382
v -0.0127999 0.015781786 0.02
v -0.012797534 -0.020761486 0.005949704
v -0.012791408 -0.003645662 0.011949707
v -0.012791408 0.003209233 0.011949707
v -0.012787445 0.017981786 0.012108509
v -0.012787445 0.017981786 0.016090903
v -0.012787445 0.023508325 0.012108509
v -0.012787445 0.023508325 0.016090903
v -0.012785461 -0.017418215 0.02
v -0.012779756 0.015781786 0.013115996
v -0.012779756 0.015781786 0.015083417
v -0.012779756 0.017981786 0.013115996
v -0.012779756 0.017981786 0.015083417
v -0.012758351 0.023516076 0.012105985
v -0.012758351 0.023516076 0.016093427
v -0.012758337 0.023516079 0.02
v -0.012758301 0.023516089 0.008201759
v -0.012754431 -0.023952518 0.008949704
v -0.012754431 -0.023952518 0.02
v -0.012752348 -0.023944635 0.008728673
v -0.012745248 0.015781786 0.02
v -0.012745012 -0.023916885 0.008480893
v -0.01273244 -0.02386933 0.008236354
v -0.012729846 -0.021846402 0.006114191
v -0.012714719 -0.023802299 0.007996746
v -0.012693722 0.015781786 0.013104108
v -0.012693722 0.015781786 0.015095305
v -0.012693722 0.017981786 0.013104108
v -0.012693722 0.017981786 0.015095305
v -0.012691974 -0.023716256 0.007763728
v -0.012687727 0.015781786 0.02
v -0.012667135 -0.023974592 0.02
v -0.012664358 -0.023611797 0.007538907
v -0.012653743 0.023542691 0.02
v -0.012649126 -0.021621507 0.006042603
v -0.012632065 -0.023489641 0.00732384
v -0.012627818 0.015781786 0.02
v -0.012613962 0.017981786 0.012099755
v -0.012613962 0.017981786 0.016099658
v -0.012613962 0.023552813 0.012099755
v -0.012613962 0.023552813 0.016099658
v -0.012610006 0.022098716 0.005472403
v -0.012607636 0.02355435 0.02
v -0.012606981 0.015781786 0.013099731
v -0.012606981 0.015781786 0.015099682
v -0.012606981 0.017981786 0.013099731
v -0.012606981 0.017981786 0.015099682
v -0.012595317 -0.023350636 0.007120012
v -0.012578182 -0.023995072 0.02
v -0.012567634 0.023563994 0.008201445
v -0.012566677 -0.02139179 0.005991112
v -0.012566034 0.015781786 0.02
v -0.012560286 0.023565245 0.02
v -0.012554369 -0.02319574 0.006928834
v -0.01255286 0.020749385 0.002649707
v -0.012527443 0.02357346 0.016098389
v -0.012527372 0.023573477 0.012101025
v -0.012520188 0.015781786 0.013102897
v -0.012520188 0.015781786 0.015096516
v -0.012520188 0.017981786 0.013102897
v -0.012520188 0.017981786 0.015096516
v -0.012511814 0.023575315 0.02
v -0.012509503 -0.023026025 0.006751626
v -0.012502908 0.015781786 0.02
v -0.012487752 -0.024013874 0.02
v -0.012483068 -0.021158842 0.005960074
v -0.01246103 -0.022842664 0.006589614
v -0.012449873 0.023590097 0.02
v -0.012444012 -0.004747464 0.011949707
v -0.012444012 0.004311035 0.011949707
v -0.012440375 0.017981786 0.012106087
v -0.012440375 0.017981786 0.016093327
v -0.012440375 0.023593217 0.012106087
v -0.012440375 0.023593217 0.016093327
v -0.01243899 0.015781786 0.02
v -0.012433996 0.015781786 0.013113582
v -0.012433996 0.015781786 0.015085831
v -0.012433996 0.017981786 0.013113582
v -0.012433996 0.017981786 0.015085831
v -0.012409285 -0.022646924 0.006443918
v -0.012400616 0.023599236 0.02
v -0.012398877 -0.020924274 0.005949704
v -0.012396037 -0.024030922 0.02
v -0.012354624 -0.02244016 0.006315545
v -0.012353979 0.023611814 0.012114896
v -0.012353844 0.023611844 0.0160845
v -0.012349057 0.015781786 0.013131704
v -0.012349057 0.015781786 0.015067709
v -0.012349057 0.017981786 0.013131704
v -0.012349057 0.017981786 0.015067709
v -0.012338426 0.023613345 0.02
v -0.012297427 -0.0222238 0.006205382
v -0.012276611 0.023626648 0.02
v -0.012267992 0.017981786 0.012127456
v -0.012267992 0.017981786 0.016071957
v -0.012267992 0.023629336 0.012127456
v -0.012267992 0.023629336 0.016071957
v -0.01226601 0.015781786 0.013157129
v -0.01226601 0.015781786 0.015042284
v -0.01226601 0.017981786 0.013157129
v -0.01226601 0.017981786 0.015042284
v -0.01223809 -0.021999342 0.006114191
v -0.012236683 0.020855134 0.002649707
v -0.012215324 0.023639133 0.02
v -0.012207492 0.0222061 0.005472403
v -0.012185483 0.015781786 0.013189665
v -0.012185483 0.015781786 0.015009748
v -0.012185483 0.017981786 0.013189665
v -0.012185483 0.017981786 0.015009748
v -0.012182709 0.023645747 0.016055688
v -0.012182618 0.023645764 0.012143743
v -0.01217702 -0.021768335 0.006042603
v -0.012154536 0.02365083 0.02
v -0.012114642 -0.021532375 0.005991112
v -0.012108083 0.015781786 0.013229065
v -0.012108083 0.015781786 0.014970348
v -0.012108083 0.017981786 0.013229065
v -0.012108083 0.017981786 0.014970348
v -0.012098127 0.023661079 0.016035713
v -0.012098114 0.017981786 0.012163702
v -0.012098114 0.017981786 0.01603571
v -0.012098114 0.023661081 0.012163702
v -0.012094388 0.023661733 0.02
v -0.012085238 0.023663333 0.012167087
v -0.012085238 0.023663333 0.016032327
v -0.012085238 0.023663333 0.02
v -0.012085219 0.023663335 0.008200164
v -0.012081368 -0.024099762 0.008949704
v -0.012081368 -0.024099762 0.02
v -0.01207997 -0.024091728 0.008728673
v -0.012075049 -0.024063449 0.008480893
v -0.012066616 -0.024014989 0.008236354
v -0.012054729 -0.023946684 0.007996746
v -0.012051387 -0.021293098 0.005960074
v -0.01203947 -0.023859002 0.007763728
v -0.012035503 0.023671436 0.02
v -0.012034393 0.015781786 0.013275031
v -0.012034393 0.015781786 0.014924382
v -0.012034393 0.017981786 0.013275031
v -0.012034393 0.017981786 0.014924382
v -0.012020946 -0.023752553 0.007538907
v -0.012001908 -0.005814796 0.011949707
v -0.012001908 0.005378367 0.011949707
v -0.011999283 -0.023628073 0.00732384
v -0.011990365 -0.02411459 0.02
v -0.011987691 -0.021052154 0.005949704
v -0.011984943 0.023678568 0.02
v -0.011974632 -0.023486421 0.007120012
v -0.01196497 0.015781786 0.01332722
v -0.01196497 0.015781786 0.014872193
v -0.01196497 0.017981786 0.01332722
v -0.01196497 0.017981786 0.014872193
v -0.011949565 0.023684883 0.008196598
v -0.011947163 -0.023328574 0.006928834
v -0.011933718 0.023684684 0.02
v -0.011932021 0.017981786 0.012214553
v -0.011932021 0.017981786 0.015984859
v -0.011932021 0.023688465 0.012214553
v -0.011932021 0.023688465 0.015984859
v -0.011917067 -0.02315563 0.006751626
v -0.011914568 0.015781786 0.02
v -0.011913409 0.020941379 0.002649707
v -0.011900336 0.015781786 0.013385233
v -0.011900336 0.015781786 0.014814179
v -0.011900336 0.017981786 0.013385233
v -0.011900336 0.017981786 0.014814179
v -0.011898267 -0.024127576 0.02
v -0.01188455 -0.022968778 0.006589614
v -0.011879002 0.023674401 0.008159252
v -0.011851065 0.023700517 0.015954187
v -0.011851043 0.02370052 0.012245236
v -0.011849838 -0.022769311 0.006443918
v -0.011824976 0.023702492 0.02
v -0.011813171 -0.022558613 0.006315545
v -0.01180529 -0.024138665 0.02
v -0.011799412 0.022288136 0.005472403
v -0.011774803 -0.022338133 0.006205382
v -0.01177304 0.023707558 0.02
v -0.011770966 0.017981786 0.012279623
v -0.011770966 0.017981786 0.01591979
v -0.011770966 0.023711609 0.012279623
v -0.011770966 0.023711609 0.01591979
v -0.011734998 -0.0221094 0.006114191
v -0.011715648 0.023716077 0.02
v -0.011711654 -0.024147805 0.02
v -0.011694032 -0.021873996 0.006042603
v -0.011692555 0.023721671 0.01231742
v -0.011692544 0.023721671 0.015881987
v -0.011659045 0.023723897 0.02
v -0.011652187 -0.021633545 0.005991112
v -0.011616166 0.017981786 0.012358422
v -0.011616166 0.017981786 0.01584099
v -0.011616166 0.023730716 0.012358422
v -0.011616166 0.023730716 0.01584099
v -0.011609755 -0.021389712 0.005960074
v -0.011603843 0.023730966 0.02
v -0.011595592 0.023733024 0.008411014
v -0.011585666 0.021007264 0.002649707
v -0.011567026 -0.021144181 0.005949704
v -0.011550332 0.023737295 0.02
v -0.011541455 0.023738842 0.015796611
v -0.011541424 0.023738846 0.012402821
v -0.011522518 0.023615917 0.007968373
v -0.011498272 0.023742953 0.02
v -0.011468812 0.023746064 0.015749075
v -0.011468786 0.017981786 0.012450356
v -0.011468786 0.017981786 0.015749056
v -0.011468786 0.023746068 0.012450356
v -0.011468464 -0.006839535 0.011949707
v -0.011468464 0.006403106 0.011949707
v -0.011458797 0.023747008 0.008494235
v -0.011455498 -0.017418215 0.02
v -0.011447962 0.023747953 0.02
v -0.011419581 0.023596574 0.007913752
v -0.011402002 0.023752118 0.012498207
v -0.011402002 0.023752118 0.015701206
v -0.011402002 0.023752118 0.02
v -0.011401913 0.023752125 0.008528892
v -0.011398132 -0.024188546 0.008949704
v -0.011398132 -0.024188546 0.02
v -0.011397431 -0.024180423 0.008728673
v -0.011394961 -0.024151826 0.008480893
v -0.011390729 -0.02410282 0.008236354
v -0.01138913 0.022344194 0.005472403
v -0.011384763 -0.024033744 0.007996746
v -0.011377105 -0.023945075 0.007763728
v -0.011367808 -0.023837427 0.007538907
v -0.011356937 -0.023711544 0.00732384
v -0.01134778 0.023756212 0.02
v -0.011344565 -0.023568297 0.007120012
v -0.01133078 -0.023408674 0.006928834
v -0.01132994 0.017981786 0.012554732
v -0.01132994 0.017981786 0.015644681
v -0.01132994 0.023758013 0.012554732
v -0.01132994 0.023758013 0.015644681
v -0.011315675 -0.023233779 0.006751626
v -0.011299357 -0.023044823 0.006589614
v -0.011293207 0.023759157 0.02
v -0.011281936 -0.022843109 0.006443918
v -0.011264265 0.023762815 0.015588267
v -0.011264238 0.023762817 0.01261117
v -0.011263534 -0.022630036 0.006315545
v -0.011256154 0.021052286 0.002649707
v -0.011244278 -0.022407074 0.006205382
v -0.011242641 -0.000218214 0.009949706
v -0.011238471 0.023760931 0.02
v -0.011224302 -0.022175765 0.006114191
v -0.011203743 -0.021937707 0.006042603
v -0.011200673 0.017981786 0.012670761
v -0.011200673 0.017981786 0.015528652
v -0.011200673 0.023766948 0.012670761
v -0.011200673 0.023766948 0.015528652
v -0.011199859 -0.001198075 0.009949706
v -0.011199859 0.000761646 0.009949706
v -0.011187986 0.02376502 0.02
v -0.011182743 -0.021694548 0.005991112
v -0.011174599 0.023768496 0.008667636
v -0.011170741 0.015781786 0.014099707
v -0.011170741 0.017981786 0.014099707
v -0.011161448 -0.021447968 0.005960074
v -0.011140004 -0.021199672 0.005949704
v -0.011132802 0.023765617 0.02
v -0.011123148 -0.004721056 0.000949706
v -0.011123148 -0.004721056 0.005949706
v -0.011123148 -0.003243088 0.000949706
v -0.011123148 0.004284627 0.000949706
v -0.011123148 0.004284627 0.005949706
v -0.011109806 0.023531606 0.007750914
v -0.01108659 0.023768936 0.02
v -0.011071839 -0.002170478 0.009949706
v -0.011071839 0.00173405 0.009949706
v -0.011042087 0.02377178 0.02
v -0.011031101 -0.02420644 0.02
v -0.0110222 -0.024206696 0.02
v -0.01097993 0.022374103 0.005472403
v -0.010961483 0.023496857 0.007673849
v -0.010957561 -0.024211598 0.02
v -0.01092751 0.021076307 0.002649707
v -0.01089232 -0.02421512 0.02
v -0.010859557 -0.003128024 0.009949706
v -0.010859557 0.002691595 0.009949706
v -0.010847736 -0.007813881 0.011949707
v -0.010847736 0.007377452 0.011949707
v -0.010826686 -0.024217242 0.02
v -0.010811929 -0.024217379 0.02
v -0.0108 -0.024217706 0.014099707
v -0.0108 -0.018418215 0.014099707
v -0.010792457 -0.024217788 0.013926168
v -0.010792457 -0.024217788 0.014273245
v -0.010792457 -0.018418215 0.013926168
v -0.010792457 -0.018418215 0.014273245
v -0.010769884 -0.024217989 0.013753938
v -0.010769884 -0.024217989 0.014445475
v -0.010769884 -0.018418215 0.013753938
v -0.010769884 -0.018418215 0.014445475
v -0.010752101 0.023781693 0.008926166
v -0.010747353 -0.024218074 0.02
v -0.010732452 -0.024218183 0.013584317
v -0.010732452 -0.024218183 0.014615096
v -0.010732452 -0.018418215 0.013584317
v -0.010732452 -0.018418215 0.014615096
v -0.010728915 0.023781771 0.008940364
v -0.01072412 -0.024218195 0.02
v -0.01071366 0.015781786 0.002649707
v -0.01071366 0.015781786 0.005949706
v -0.01071366 0.020781785 0.005949706
v -0.01071366 0.020805348 0.005949799
v -0.01071366 0.02106411 0.00596302
v -0.01071366 0.021080742 0.002649707
v -0.01071366 0.021320768 0.005998521
v -0.01071366 0.021573404 0.006056034
v -0.01071366 0.021820137 0.006135133
v -0.01071366 0.022059124 0.006235225
v -0.01071366 0.022288581 0.006355566
v -0.01071366 0.022379626 0.005472403
v -0.01071366 0.022506801 0.006495257
v -0.01071366 0.022712152 0.006653257
v -0.01071366 0.022903105 0.006828386
v -0.01071366 0.023078235 0.007019339
v -0.01071366 0.023236236 0.007224691
v -0.01071366 0.023375927 0.00744291
v -0.01071366 0.02343343 0.007546575
v -0.01071366 0.023781786 0.008949706
v -0.01071366 0.023781786 0.01314768
v -0.01071366 0.023781786 0.015051734
v -0.01071366 0.023781786 0.02
v -0.010709791 -0.024218215 0.008949706
v -0.010709791 -0.024218215 0.01350582
v -0.010709791 -0.024218215 0.014693593
v -0.010709791 -0.024218215 0.02
v -0.010709791 -0.02421006 0.008728673
v -0.010709791 -0.024207026 0.008690844
v -0.010709791 -0.024181357 0.008480893
v -0.010709791 -0.024173543 0.008433917
v -0.010709791 -0.02413217 0.008236354
v -0.010709791 -0.024118014 0.008180835
v -0.010709791 -0.024062837 0.007996746
v -0.010709791 -0.024040857 0.00793349
v -0.010709791 -0.023973837 0.007763728
v -0.010709791 -0.023942644 0.007693725
v -0.010709791 -0.023865789 0.007538907
v -0.010709791 -0.023824109 0.007463328
v -0.010709791 -0.023739437 0.00732384
v -0.010709791 -0.023686135 0.007244018
v -0.010709791 -0.023595655 0.007120012
v -0.010709791 -0.023529753 0.007037432
v -0.010709791 -0.023435438 0.006928834
v -0.010709791 -0.02335613 0.00684511
v -0.010709791 -0.023259893 0.006751626
v -0.010709791 -0.023166558 0.006668486
v -0.010709791 -0.023070233 0.006589614
v -0.010709791 -0.022962453 0.006508879
v -0.010709791 -0.022867771 0.006443918
v -0.010709791 -0.022745339 0.006367478
v -0.010709791 -0.022653904 0.006315545
v -0.010709791 -0.022516832 0.006245339
v -0.010709791 -0.022430111 0.006205382
v -0.010709791 -0.022278639 0.006143373
v -0.010709791 -0.022197941 0.006114191
v -0.010709791 -0.022032535 0.006062339
v -0.010709791 -0.021958997 0.006042603
v -0.010709791 -0.021780359 0.006002843
v -0.010709791 -0.021714933 0.005991112
v -0.010709791 -0.021523988 0.005965328
v -0.010709791 -0.021467436 0.005960074
v -0.010709791 -0.021218214 0.005949704
v -0.010691023 -0.024218215 0.02
v -0.010680445 -0.024218215 0.013418582
v -0.010680445 -0.024218215 0.014780831
v -0.010680445 -0.018418215 0.013418582
v -0.010680445 -0.018418215 0.014780831
v -0.010648004 -0.024218215 0.02
v -0.010614252 -0.024218215 0.013257987
v -0.010614252 -0.024218215 0.014941426
v -0.010614252 -0.018418215 0.013257987
v -0.010614252 -0.018418215 0.014941426
v -0.010564626 -0.004063424 0.009949706
v -0.010564626 0.003626995 0.009949706
v -0.010534373 -0.024218215 0.013103739
v -0.010534373 -0.024218215 0.015095674
v -0.010534373 -0.018418215 0.013103739
v -0.010534373 -0.018418215 0.015095674
v -0.010441412 -0.024218215 0.012957006
v -0.010441412 -0.024218215 0.015242407
v -0.010441412 -0.018418215 0.012957006
v -0.010441412 -0.018418215 0.015242407
v -0.01033607 -0.024218215 0.012818892
v -0.01033607 -0.024218215 0.015380521
v -0.01033607 -0.018418215 0.012818892
v -0.01033607 -0.018418215 0.015380521
v -0.010219142 -0.024218215 0.012690438
v -0.010219142 -0.024218215 0.015508975
v -0.010219142 -0.018418215 0.012690438
v -0.010219142 -0.018418215 0.015508975
v -0.010189293 -0.00496956 0.009949706
v -0.010189293 0.004533131 0.009949706
v -0.010144452 -0.00873042 0.011949707
v -0.010144452 0.008293991 0.011949707
v -0.010119847 0.023781786 0.02
v -0.010091508 -0.024218215 0.012572615
v -0.010091508 -0.024218215 0.015626797
v -0.010091508 -0.018418215 0.012572615
v -0.010091508 -0.018418215 0.015626797
v -0.01 0.015781786 0.015149706
v -0.01 0.015781786 0.02
v -0.01 0.016282631 0.02
v -0.01 0.017681785 0.015149706
v -0.01 0.017681785 0.02
v -0.009954132 -0.024218215 0.012466311
v -0.009954132 -0.024218215 0.015733102
v -0.009954132 -0.018418215 0.012466311
v -0.009954132 -0.018418215 0.015733102
v -0.00980805 -0.024218215 0.012372329
v -0.00980805 -0.024218215 0.015827084
v -0.00980805 -0.018418215 0.012372329
v -0.00980805 -0.018418215 0.015827084
v -0.0098 -0.018418215 0.014099707
v -0.0098 -0.016218215 0.014099707
v -0.009796228 -0.018418215 0.014012937
v -0.009796228 -0.018418215 0.014186475
v -0.009796228 -0.016218215 0.014012937
v -0.009796228 -0.016218215 0.014186475
v -0.009784942 -0.018418215 0.013926823
v -0.009784942 -0.018418215 0.014272591
v -0.009784942 -0.016218215 0.013926823
v -0.009784942 -0.016218215 0.014272591
v -0.009766227 -0.018418215 0.013842012
v -0.009766227 -0.018418215 0.014357401
v -0.009766227 -0.016218215 0.013842012
v -0.009766227 -0.016218215 0.014357401
v -0.009741482 0.017981786 0.014099707
v -0.009741482 0.023781786 0.014099707
v -0.009740222 -0.018418215 0.013759145
v -0.009740222 -0.018418215 0.014440268
v -0.009740222 -0.016218215 0.013759145
v -0.009740222 -0.016218215 0.014440268
v -0.009736412 -0.005839535 0.009949706
v -0.009736412 0.005403106 0.009949706
v -0.009707126 -0.018418215 0.013678847
v -0.009707126 -0.018418215 0.014520566
v -0.009707126 -0.016218215 0.013678847
v -0.009707126 -0.016218215 0.014520566
v -0.009667187 -0.018418215 0.013601723
v -0.009667187 -0.018418215 0.01459769
v -0.009667187 -0.016218215 0.013601723
v -0.009667187 -0.016218215 0.01459769
v -0.009654365 -0.024218215 0.012291376
v -0.009654365 -0.024218215 0.015908036
v -0.009654365 -0.018418215 0.012291376
v -0.009654365 -0.018418215 0.015908036
v -0.009620707 -0.018418215 0.013528356
v -0.009620707 -0.018418215 0.014671057
v -0.009620707 -0.016218215 0.013528356
v -0.009620707 -0.016218215 0.014671057
v -0.009568036 -0.018418215 0.013459299
v -0.009568036 -0.018418215 0.014740114
v -0.009568036 -0.016218215 0.013459299
v -0.009568036 -0.016218215 0.014740114
v -0.009509571 -0.018418215 0.013395072
v -0.009509571 -0.018418215 0.014804341
v -0.009509571 -0.016218215 0.013395072
v -0.009509571 -0.016218215 0.014804341
v -0.009494235 -0.024218215 0.012224063
v -0.009494235 -0.024218215 0.015975351
v -0.009494235 -0.018418215 0.012224063
v -0.009494235 -0.018418215 0.015975351
v -0.009445754 -0.018418215 0.013336161
v -0.009445754 -0.018418215 0.014863252
v -0.009445754 -0.016218215 0.013336161
v -0.009445754 -0.016218215 0.014863252
v -0.009377066 -0.018418215 0.013283009
v -0.009377066 -0.018418215 0.014916404
v -0.009377066 -0.016218215 0.013283009
v -0.009377066 -0.016218215 0.014916404
v -0.009363961 -0.009582176 0.011949707
v -0.009363961 0.009145747 0.011949707
v -0.009328868 -0.024218215 0.012170899
v -0.009328868 -0.024218215 0.016028514
v -0.009328868 -0.018418215 0.012170899
v -0.009328868 -0.018418215 0.016028514
v -0.009304025 -0.018418215 0.013236018
v -0.009304025 -0.018418215 0.014963395
v -0.009304025 -0.016218215 0.013236018
v -0.009304025 -0.016218215 0.014963395
v -0.009227183 -0.018418215 0.013195541
v -0.009227183 -0.018418215 0.015003872
v -0.009227183 -0.016218215 0.013195541
v -0.009227183 -0.016218215 0.015003872
v -0.009209432 -0.006666728 0.009949706
v -0.009209432 0.006230299 0.009949706
v -0.009159512 -0.024218215 0.012132284
v -0.009159512 -0.024218215 0.016067129
v -0.009159512 -0.018418215 0.012132284
v -0.009159512 -0.018418215 0.016067129
v -0.009147118 -0.018418215 0.013161885
v -0.009147118 -0.018418215 0.015037528
v -0.009147118 -0.016218215 0.013161885
v -0.009147118 -0.016218215 0.015037528
v -0.009064434 -0.018418215 0.013135303
v -0.009064434 -0.018418215 0.01506411
v -0.009064434 -0.016218215 0.013135303
v -0.009064434 -0.016218215 0.01506411
v -0.008987444 -0.024218215 0.012108509
v -0.008987444 -0.024218215 0.016090903
v -0.008987444 -0.018418215 0.012108509
v -0.008987444 -0.018418215 0.016090903
v -0.008979756 -0.018418215 0.013115996
v -0.008979756 -0.018418215 0.015083417
v -0.008979756 -0.016218215 0.013115996
v -0.008979756 -0.016218215 0.015083417
v -0.008893722 -0.018418215 0.013104108
v -0.008893722 -0.018418215 0.015095305
v -0.008893722 -0.016218215 0.013104108
v -0.008893722 -0.016218215 0.015095305
v -0.008813962 -0.024218215 0.012099755
v -0.008813962 -0.024218215 0.016099658
v -0.008813962 -0.018418215 0.012099755
v -0.008813962 -0.018418215 0.016099658
v -0.008806981 -0.018418215 0.013099731
v -0.008806981 -0.018418215 0.015099682
v -0.008806981 -0.016218215 0.013099731
v -0.008806981 -0.016218215 0.015099682
v -0.008720187 -0.018418215 0.013102897
v -0.008720187 -0.018418215 0.015096516
v -0.008720187 -0.016218215 0.013102897
v -0.008720187 -0.016218215 0.015096516
v -0.008640375 -0.024218215 0.012106087
v -0.008640375 -0.024218215 0.016093327
v -0.008640375 -0.018418215 0.012106087
v -0.008640375 -0.018418215 0.016093327
v -0.008633996 -0.018418215 0.013113582
v -0.008633996 -0.018418215 0.015085831
v -0.008633996 -0.016218215 0.013113582
v -0.008633996 -0.016218215 0.015085831
v -0.008626344 0.017681785 0.02
v -0.008612363 -0.007444845 0.009949706
v -0.008612363 0.007008416 0.009949706
v -0.008549057 -0.018418215 0.013131704
v -0.008549057 -0.018418215 0.015067709
v -0.008549057 -0.016218215 0.013131704
v -0.008549057 -0.016218215 0.015067709
v -0.008512205 -0.010362666 0.011949707
v -0.008512205 0.009926237 0.011949707
v -0.008467992 -0.024218215 0.012127456
v -0.008467992 -0.024218215 0.016071957
v -0.008467992 -0.018418215 0.012127456
v -0.008467992 -0.018418215 0.016071957
v -0.00846601 -0.018418215 0.013157129
v -0.00846601 -0.018418215 0.015042284
v -0.00846601 -0.016218215 0.013157129
v -0.00846601 -0.016218215 0.015042284
v -0.008420142 -0.024218215 0.02
v -0.008385483 -0.018418215 0.013189665
v -0.008385483 -0.018418215 0.015009748
v -0.008385483 -0.016218215 0.013189665
v -0.008385483 -0.016218215 0.015009748
v -0.008376793 -0.024218215 0.02
v -0.008325902 -0.024218215 0.02
v -0.008308083 -0.018418215 0.013229065
v -0.008308083 -0.018418215 0.014970348
v -0.008308083 -0.016218215 0.013229065
v -0.008308083 -0.016218215 0.014970348
v -0.008298114 -0.024218215 0.012163702
v -0.008298114 -0.024218215 0.01603571
v -0.008298114 -0.018418215 0.012163702
v -0.008298114 -0.018418215 0.01603571
v -0.008267563 -0.024218215 0.02
v -0.008234393 -0.018418215 0.013275031
v -0.008234393 -0.018418215 0.014924382
v -0.008234393 -0.016218215 0.013275031
v -0.008234393 -0.016218215 0.014924382
v -0.008201964 -0.024218215 0.02
v -0.00816497 -0.018418215 0.01332722
v -0.00816497 -0.018418215 0.014872193
v -0.00816497 -0.016218215 0.01332722
v -0.00816497 -0.016218215 0.014872193
v -0.008132021 -0.024218215 0.012214553
v -0.008132021 -0.024218215 0.015984859
v -0.008132021 -0.018418215 0.012214553
v -0.008132021 -0.018418215 0.015984859
v -0.008129395 -0.024218215 0.02
v -0.008100336 -0.018418215 0.013385233
v -0.008100336 -0.018418215 0.014814179
v -0.008100336 -0.016218215 0.013385233
v -0.008100336 -0.016218215 0.014814179
v -0.008059648 0.023781786 0.02
v -0.008050261 -0.024218215 0.02
v -0.008049563 -0.024218215 0.02
v -0.007970966 -0.024218215 0.012279623
v -0.007970966 -0.024218215 0.01591979
v -0.007970966 -0.018418215 0.012279623
v -0.007970966 -0.018418215 0.01591979
v -0.007965449 -0.024218215 0.02
v -0.007964444 -0.017418215 0.02
v -0.007949747 -0.008167962 0.009949706
v -0.007949747 -0.005167962 0.003949706
v -0.007949747 -0.005167962 0.009949706
v -0.007949747 0.004731533 0.003949706
v -0.007949747 0.004731533 0.009949706
v -0.007949747 0.007731533 0.009949706
v -0.007938433 -0.00542827 0.003949706
v -0.007938433 -0.00542827 0.009949706
v -0.007938433 -0.004907654 0.003949706
v -0.007938433 -0.004907654 0.009949706
v -0.007938433 0.004471225 0.003949706
v -0.007938433 0.004471225 0.009949706
v -0.007938433 0.004991841 0.003949706
v -0.007938433 0.004991841 0.009949706
v -0.007904574 -0.005686615 0.003949706
v -0.007904574 -0.005686615 0.009949706
v -0.007904574 -0.004649309 0.003949706
v -0.007904574 -0.004649309 0.009949706
v -0.007904574 0.004212881 0.003949706
v -0.007904574 0.004212881 0.009949706
v -0.007904574 0.005250186 0.003949706
v -0.007904574 0.005250186 0.009949706
v -0.007875968 -0.024218215 0.02
v -0.007848427 -0.005941047 0.003949706
v -0.007848427 -0.005941047 0.009949706
v -0.007848427 -0.004394877 0.003949706
v -0.007848427 -0.004394877 0.009949706
v -0.007848427 0.003958448 0.003949706
v -0.007848427 0.003958448 0.009949706
v -0.007848427 0.005504618 0.003949706
v -0.007848427 0.005504618 0.009949706
v -0.007816166 -0.024218215 0.012358422
v -0.007816166 -0.024218215 0.01584099
v -0.007816166 -0.018418215 0.012358422
v -0.007816166 -0.018418215 0.01584099
v -0.007781879 -0.024218215 0.02
v -0.007770414 -0.006189648 0.003949706
v -0.007770414 -0.006189648 0.009949706
v -0.007770414 -0.004146277 0.003949706
v -0.007770414 -0.004146277 0.009949706
v -0.007770414 0.003709847 0.003949706
v -0.007770414 0.003709847 0.009949706
v -0.007770414 0.005753219 0.003949706
v -0.007770414 0.005753219 0.009949706
v -0.007684066 -0.024218215 0.02
v -0.007681072 -0.024218215 0.02
v -0.007671124 -0.006430542 0.003949706
v -0.007671124 -0.006430542 0.009949706
v -0.007671124 -0.003905382 0.003949706
v -0.007671124 -0.003905382 0.009949706
v -0.007671124 0.003468953 0.003949706
v -0.007671124 0.003468953 0.009949706
v -0.007671124 0.005994113 0.003949706
v -0.007671124 0.005994113 0.009949706
v -0.007668786 -0.024218215 0.012450356
v -0.007668786 -0.024218215 0.015749056
v -0.007668786 -0.018418215 0.012450356
v -0.007668786 -0.018418215 0.015749056
v -0.007595667 -0.011065951 0.011949707
v -0.007595667 0.010629522 0.011949707
v -0.00758173 -0.024218215 0.02
v -0.007573005 -0.024218215 0.02
v -0.007557062 -0.024218215 0.02
v -0.007551307 -0.006661912 0.003949706
v -0.007551307 -0.006661912 0.009949706
v -0.007551307 -0.003674012 0.003949706
v -0.007551307 -0.003674012 0.009949706
v -0.007551307 0.003237583 0.003949706
v -0.007551307 0.003237583 0.009949706
v -0.007551307 0.006225483 0.003949706
v -0.007551307 0.006225483 0.009949706
v -0.007533714 -0.024218215 0.02
v -0.00752994 -0.024218215 0.012554732
v -0.00752994 -0.024218215 0.015644681
v -0.00752994 -0.018418215 0.012554732
v -0.00752994 -0.018418215 0.015644681
v -0.007502888 -0.024218215 0.02
v -0.007467934 -0.017418215 0.02
v -0.00746464 -0.024218215 0.02
v -0.007419176 -0.024218215 0.02
v -0.007411866 -0.006882013 0.003949706
v -0.007411866 -0.006882013 0.009949706
v -0.007411866 -0.003453911 0.003949706
v -0.007411866 -0.003453911 0.009949706
v -0.007411866 0.003017482 0.003949706
v -0.007411866 0.003017482 0.009949706
v -0.007411866 0.006445584 0.003949706
v -0.007411866 0.006445584 0.009949706
v -0.007400673 -0.024218215 0.012670761
v -0.007400673 -0.024218215 0.015528652
v -0.007400673 -0.018418215 0.012670761
v -0.007400673 -0.018418215 0.015528652
v -0.007370741 -0.018418215 0.014099707
v -0.007370741 -0.016218215 0.014099707
v -0.007366854 -0.024218215 0.02
v -0.007308189 -0.024218215 0.02
v -0.007253853 -0.007089185 0.003949706
v -0.007253853 -0.007089185 0.009949706
v -0.007253853 -0.003246739 0.003949706
v -0.007253853 -0.003246739 0.009949706
v -0.007253853 0.00281031 0.003949706
v -0.007253853 0.00281031 0.009949706
v -0.007253853 0.006652756 0.003949706
v -0.007253853 0.006652756 0.009949706
v -0.007243847 -0.024218215 0.02
v -0.00722663 -0.008830577 0.009949706
v -0.00722663 0.008394148 0.009949706
v -0.007174635 -0.024218215 0.02
v -0.007086393 -0.024218215 0.02
v -0.007078459 -0.007281865 0.003949706
v -0.007078459 -0.007281865 0.009949706
v -0.007078459 -0.003054059 0.003949706
v -0.007078459 -0.003054059 0.009949706
v -0.007078459 0.00261763 0.003949706
v -0.007078459 0.00261763 0.009949706
v -0.007078459 0.006845436 0.003949706
v -0.007078459 0.006845436 0.009949706
v -0.00701423 -0.024218215 0.02
v -0.006939032 -0.024218215 0.02
v -0.006887009 -0.007458599 0.003949706
v -0.006887009 -0.007458599 0.009949706
v -0.006887009 -0.002877325 0.003949706
v -0.006887009 -0.002877325 0.009949706
v -0.006887009 0.002440896 0.003949706
v -0.006887009 0.002440896 0.009949706
v -0.006887009 0.00702217 0.003949706
v -0.006887009 0.00702217 0.009949706
v -0.006861868 -0.024218215 0.02
v -0.006783841 -0.024218215 0.02
v -0.006696902 -0.024218215 0.02
v -0.006680945 -0.007618054 0.003949706
v -0.006680945 -0.007618054 0.009949706
v -0.006680945 -0.002717869 0.003949706
v -0.006680945 -0.002717869 0.009949706
v -0.006680945 0.00228144 0.003949706
v -0.006680945 0.00228144 0.009949706
v -0.006680945 0.007181625 0.003949706
v -0.006680945 0.007181625 0.009949706
v -0.00662132 -0.011686678 0.011949707
v -0.00662132 0.011250249 0.011949707
v -0.006619482 -0.024218215 0.02
v -0.006549748 -0.005167962 0.000949706
v -0.006549748 -0.005167962 0.003949706
v -0.006549748 0.004731533 0.000949706
v -0.006549748 0.004731533 0.003949706
v -0.006543713 -0.005306793 0.000949706
v -0.006543713 -0.005306793 0.003949706
v -0.006543713 -0.005029131 0.000949706
v -0.006543713 -0.005029131 0.003949706
v -0.006543713 0.004592702 0.000949706
v -0.006543713 0.004592702 0.003949706
v -0.006543713 0.004870364 0.000949706
v -0.006543713 0.004870364 0.003949706
v -0.006531794 -0.024218215 0.02
v -0.006525655 -0.005444576 0.000949706
v -0.006525655 -0.005444576 0.003949706
v -0.006525655 -0.004891347 0.000949706
v -0.006525655 -0.004891347 0.003949706
v -0.006525655 0.004454918 0.000949706
v -0.006525655 0.004454918 0.003949706
v -0.006525655 0.005008148 0.000949706
v -0.006525655 0.005008148 0.003949706
v -0.00649571 -0.005580274 0.000949706
v -0.00649571 -0.005580274 0.003949706
v -0.00649571 -0.00475565 0.000949706
v -0.00649571 -0.00475565 0.003949706
v -0.00649571 0.004319221 0.000949706
v -0.00649571 0.004319221 0.003949706
v -0.00649571 0.005143845 0.000949706
v -0.00649571 0.005143845 0.003949706
v -0.006461823 -0.007759029 0.003949706
v -0.006461823 -0.007759029 0.009949706
v -0.006461823 -0.002576895 0.003949706
v -0.006461823 -0.002576895 0.009949706
v -0.006461823 0.002140466 0.003949706
v -0.006461823 0.002140466 0.009949706
v -0.006461823 0.0073226 0.003949706
v -0.006461823 0.0073226 0.009949706
v -0.006455626 -0.024218215 0.02
v -0.006454103 -0.005712861 0.000949706
v -0.006454103 -0.005712861 0.003949706
v -0.006454103 -0.004623063 0.000949706
v -0.006454103 -0.004623063 0.003949706
v -0.006454103 0.004186634 0.000949706
v -0.006454103 0.004186634 0.003949706
v -0.006454103 0.005276432 0.000949706
v -0.006454103 0.005276432 0.003949706
v -0.006448514 -0.009427646 0.009949706
v -0.006448514 0.008991217 0.009949706
v -0.006401149 -0.005841338 0.000949706
v -0.006401149 -0.005841338 0.003949706
v -0.006401149 -0.004494586 0.000949706
v -0.006401149 -0.004494586 0.003949706
v -0.006401149 0.004058157 0.000949706
v -0.006401149 0.004058157 0.003949706
v -0.006401149 0.005404909 0.000949706
v -0.006401149 0.005404909 0.003949706
v -0.006381497 -0.024218215 0.02
v -0.006337246 -0.005964735 0.000949706
v -0.006337246 -0.005964735 0.003949706
v -0.006337246 -0.004371189 0.000949706
v -0.006337246 -0.004371189 0.003949706
v -0.006337246 0.00393476 0.000949706
v -0.006337246 0.00393476 0.003949706
v -0.006337246 0.005528306 0.000949706
v -0.006337246 0.005528306 0.003949706
v -0.00631031 -0.024218215 0.02
v -0.006262877 -0.006082123 0.000949706
v -0.006262877 -0.006082123 0.003949706
v -0.006262877 -0.004253801 0.000949706
v -0.006262877 -0.004253801 0.003949706
v -0.006262877 0.003817372 0.000949706
v -0.006262877 0.003817372 0.003949706
v -0.006262877 0.005645694 0.000949706
v -0.006262877 0.005645694 0.003949706
v -0.00624286 -0.024218215 0.02
v -0.006231295 -0.007880459 0.003949706
v -0.006231295 -0.007880459 0.009949706
v -0.006231295 -0.002455466 0.003949706
v -0.006231295 -0.002455466 0.009949706
v -0.006231295 0.002019037 0.003949706
v -0.006231295 0.002019037 0.009949706
v -0.006231295 0.007444029 0.003949706
v -0.006231295 0.007444029 0.009949706
v -0.006179819 -0.024218215 0.02
v -0.006178604 -0.006192614 0.000949706
v -0.006178604 -0.006192614 0.003949706
v -0.006178604 -0.00414331 0.000949706
v -0.006178604 -0.00414331 0.003949706
v -0.006178604 0.003706881 0.000949706
v -0.006178604 0.003706881 0.003949706
v -0.006178604 0.005756185 0.000949706
v -0.006178604 0.005756185 0.003949706
v -0.006090631 -0.024218215 0.02
v -0.006085061 -0.006295376 0.000949706
v -0.006085061 -0.006295376 0.003949706
v -0.006085061 -0.004040547 0.000949706
v -0.006085061 -0.004040547 0.003949706
v -0.006085061 0.003604118 0.000949706
v -0.006085061 0.003604118 0.003949706
v -0.006085061 0.005858948 0.000949706
v -0.006085061 0.005858948 0.003949706
v -0.0059911 -0.007981427 0.003949706
v -0.0059911 -0.007981427 0.009949706
v -0.0059911 -0.002354497 0.003949706
v -0.0059911 -0.002354497 0.009949706
v -0.0059911 0.001918068 0.003949706
v -0.0059911 0.001918068 0.009949706
v -0.0059911 0.007544998 0.003949706
v -0.0059911 0.007544998 0.009949706
v -0.005982954 -0.006389635 0.000949706
v -0.005982954 -0.006389635 0.003949706
v -0.005982954 -0.003946289 0.000949706
v -0.005982954 -0.003946289 0.003949706
v -0.005982954 0.00350986 0.000949706
v -0.005982954 0.00350986 0.003949706
v -0.005982954 0.005953206 0.000949706
v -0.005982954 0.005953206 0.003949706
v -0.005941482 -0.024218215 0.014099707
v -0.005941482 -0.018418215 0.014099707
v -0.005873053 -0.006474678 0.000949706
v -0.005873053 -0.006474678 0.003949706
v -0.005873053 -0.003861246 0.000949706
v -0.005873053 -0.003861246 0.003949706
v -0.005873053 0.003424817 0.000949706
v -0.005873053 0.003424817 0.003949706
v -0.005873053 0.006038249 0.000949706
v -0.005873053 0.006038249 0.003949706
v -0.005756188 -0.006549864 0.000949706
v -0.005756188 -0.006549864 0.003949706
v -0.005756188 -0.00378606 0.000949706
v -0.005756188 -0.00378606 0.003949706
v -0.005756188 0.003349631 0.000949706
v -0.005756188 0.003349631 0.003949706
v -0.005756188 0.006113435 0.000949706
v -0.005756188 0.006113435 0.003949706
v -0.00574305 -0.008061173 0.003949706
v -0.00574305 -0.008061173 0.009949706
v -0.00574305 -0.002274751 0.003949706
v -0.00574305 -0.002274751 0.009949706
v -0.00574305 0.001838322 0.003949706
v -0.00574305 0.001838322 0.009949706
v -0.00574305 0.007624744 0.003949706
v -0.00574305 0.007624744 0.009949706
v -0.00563324 -0.006614626 0.000949706
v -0.00563324 -0.006614626 0.003949706
v -0.00563324 -0.003721297 0.000949706
v -0.00563324 -0.003721297 0.003949706
v -0.00563324 0.003284868 0.000949706
v -0.00563324 0.003284868 0.003949706
v -0.00563324 0.006178197 0.000949706
v -0.00563324 0.006178197 0.003949706
v -0.005621321 -0.009954627 0.009949706
v -0.005621321 0.009518198 0.009949706
v -0.005596582 -0.012220123 0.011949707
v -0.005596582 0.011783694 0.011949707
v -0.005505135 -0.006668476 0.000949706
v -0.005505135 -0.006668476 0.003949706
v -0.005505135 -0.003667447 0.000949706
v -0.005505135 -0.003667447 0.003949706
v -0.005505135 0.003231018 0.000949706
v -0.005505135 0.003231018 0.003949706
v -0.005505135 0.006232047 0.000949706
v -0.005505135 0.006232047 0.003949706
v -0.005490077 -0.024218215 0.02
v -0.005489016 -0.008119095 0.003949706
v -0.005489016 -0.008119095 0.009949706
v -0.005489016 -0.002216828 0.003949706
v -0.005489016 -0.002216828 0.009949706
v -0.005489016 0.001780399 0.003949706
v -0.005489016 0.001780399 0.009949706
v -0.005489016 0.007682667 0.003949706
v -0.005489016 0.007682667 0.009949706
v -0.005394799 -0.024218215 0.02
v -0.005372842 -0.006711008 0.000949706
v -0.005372842 -0.006711008 0.003949706
v -0.005372842 -0.003624916 0.000949706
v -0.005372842 -0.003624916 0.003949706
v -0.005372842 0.003188487 0.000949706
v -0.005372842 0.003188487 0.003949706
v -0.005372842 0.006274579 0.000949706
v -0.005372842 0.006274579 0.003949706
v -0.005299295 -0.024218215 0.02
v -0.005237357 -0.0067419 0.000949706
v -0.005237357 -0.0067419 0.003949706
v -0.005237357 -0.003594024 0.000949706
v -0.005237357 -0.003594024 0.003949706
v -0.005237357 0.003157595 0.000949706
v -0.005237357 0.003157595 0.003949706
v -0.005237357 0.006305471 0.000949706
v -0.005237357 0.006305471 0.003949706
v -0.005230914 -0.008154757 0.003949706
v -0.005230914 -0.008154757 0.009949706
v -0.005230914 -0.002181167 0.003949706
v -0.005230914 -0.002181167 0.009949706
v -0.005230914 0.001744738 0.003949706
v -0.005230914 0.001744738 0.009949706
v -0.005230914 0.007718328 0.003949706
v -0.005230914 0.007718328 0.009949706
v -0.005204695 -0.024218215 0.02
v -0.005112113 -0.024218215 0.02
v -0.005099703 -0.006760919 0.000949706
v -0.005099703 -0.006760919 0.003949706
v -0.005099703 -0.003575005 0.000949706
v -0.005099703 -0.003575005 0.003949706
v -0.005099703 0.003138575 0.000949706
v -0.005099703 0.003138575 0.003949706
v -0.005099703 0.006324491 0.000949706
v -0.005099703 0.006324491 0.003949706
v -0.005022621 -0.024218215 0.02
v -0.004970691 -0.008167889 0.003949706
v -0.004970691 -0.008167889 0.009949706
v -0.004970691 -0.002168035 0.003949706
v -0.004970691 -0.002168035 0.009949706
v -0.004970691 0.001731606 0.003949706
v -0.004970691 0.001731606 0.009949706
v -0.004970691 0.00773146 0.003949706
v -0.004970691 0.00773146 0.009949706
v -0.004960917 -0.006767923 0.000949706
v -0.004960917 -0.006767923 0.003949706
v -0.004960917 -0.003568001 0.000949706
v -0.004960917 -0.003568001 0.003949706
v -0.004960917 0.003131572 0.000949706
v -0.004960917 0.003131572 0.003949706
v -0.004960917 0.006331494 0.000949706
v -0.004960917 0.006331494 0.003949706
v -0.004937229 -0.024218215 0.02
v -0.004856862 -0.024218215 0.02
v -0.004822048 -0.006762858 0.000949706
v -0.004822048 -0.006762858 0.003949706
v -0.004822048 -0.003573066 0.000949706
v -0.004822048 -0.003573066 0.003949706
v -0.004822048 0.003136637 0.000949706
v -0.004822048 0.003136637 0.003949706
v -0.004822048 0.006326429 0.000949706
v -0.004822048 0.006326429 0.003949706
v -0.004751345 -0.010407507 0.009949706
v -0.004751345 0.009971078 0.009949706
v -0.004710311 -0.008158391 0.003949706
v -0.004710311 -0.008158391 0.009949706
v -0.004710311 -0.002177532 0.003949706
v -0.004710311 -0.002177532 0.009949706
v -0.004710311 0.001741103 0.003949706
v -0.004710311 0.001741103 0.009949706
v -0.004710311 0.007721963 0.003949706
v -0.004710311 0.007721963 0.009949706
v -0.004684141 -0.006745762 0.000949706
v -0.004684141 -0.006745762 0.003949706
v -0.004684141 -0.003590162 0.000949706
v -0.004684141 -0.003590162 0.003949706
v -0.004684141 0.003153733 0.000949706
v -0.004684141 0.003153733 0.003949706
v -0.004684141 0.006309333 0.000949706
v -0.004684141 0.006309333 0.003949706
v -0.004548238 -0.006716765 0.000949706
v -0.004548238 -0.006716765 0.003949706
v -0.004548238 -0.003619159 0.000949706
v -0.004548238 -0.003619159 0.003949706
v -0.004548238 0.00318273 0.000949706
v -0.004548238 0.00318273 0.003949706
v -0.004548238 0.006280336 0.000949706
v -0.004548238 0.006280336 0.003949706
v -0.00452925 -0.012662226 0.011949707
v -0.00452925 0.012225797 0.011949707
v -0.004451736 -0.008126337 0.003949706
v -0.004451736 -0.008126337 0.009949706
v -0.004451736 -0.002209587 0.003949706
v -0.004451736 -0.002209587 0.009949706
v -0.004451736 0.001773158 0.003949706
v -0.004451736 0.001773158 0.009949706
v -0.004451736 0.007689908 0.003949706
v -0.004451736 0.007689908 0.009949706
v -0.004415364 -0.006676085 0.000949706
v -0.004415364 -0.006676085 0.003949706
v -0.004415364 -0.003659839 0.000949706
v -0.004415364 -0.003659839 0.003949706
v -0.004415364 0.00322341 0.000949706
v -0.004415364 0.00322341 0.003949706
v -0.004415364 0.006239656 0.000949706
v -0.004415364 0.006239656 0.003949706
v -0.004286521 -0.006624029 0.000949706
v -0.004286521 -0.006624029 0.003949706
v -0.004286521 -0.003711895 0.000949706
v -0.004286521 -0.003711895 0.003949706
v -0.004286521 0.003275466 0.000949706
v -0.004286521 0.003275466 0.003949706
v -0.004286521 0.0061876 0.000949706
v -0.004286521 0.0061876 0.003949706
v -0.004268909 -0.011433223 0.000949706
v -0.004268909 -0.011433223 0.005949706
v -0.004268909 -0.009261246 0.000949706
v -0.004268909 0.008824817 0.000949706
v -0.004268909 0.010996794 0.000949706
v -0.004268909 0.010996794 0.005949706
v -0.004196918 -0.008071967 0.003949706
v -0.004196918 -0.008071967 0.009949706
v -0.004196918 -0.002263956 0.003949706
v -0.004196918 -0.002263956 0.009949706
v -0.004196918 0.001827528 0.003949706
v -0.004196918 0.001827528 0.009949706
v -0.004196918 0.007635538 0.003949706
v -0.004196918 0.007635538 0.009949706
v -0.004165889 0.020781785 0.005949706
v -0.00416268 -0.006560989 0.000949706
v -0.00416268 -0.006560989 0.003949706
v -0.00416268 -0.003774935 0.000949706
v -0.00416268 -0.003774935 0.003949706
v -0.00416268 0.003338506 0.000949706
v -0.00416268 0.003338506 0.003949706
v -0.00416268 0.00612456 0.000949706
v -0.00416268 0.00612456 0.003949706
v -0.004142345 0.020805329 0.005949799
v -0.004044776 -0.006487442 0.000949706
v -0.004044776 -0.006487442 0.003949706
v -0.004044776 -0.003848482 0.000949706
v -0.004044776 -0.003848482 0.003949706
v -0.004044776 0.003412053 0.000949706
v -0.004044776 0.003412053 0.003949706
v -0.004044776 0.006051013 0.000949706
v -0.004044776 0.006051013 0.003949706
v -0.003947779 -0.007995692 0.003949706
v -0.003947779 -0.007995692 0.009949706
v -0.003947779 -0.002340232 0.003949706
v -0.003947779 -0.002340232 0.009949706
v -0.003947779 0.001903803 0.003949706
v -0.003947779 0.001903803 0.009949706
v -0.003947779 0.007559263 0.003949706
v -0.003947779 0.007559263 0.009949706
v -0.003933699 -0.006403942 0.000949706
v -0.003933699 -0.006403942 0.003949706
v -0.003933699 -0.003931982 0.000949706
v -0.003933699 -0.003931982 0.003949706
v -0.003933699 0.003495553 0.000949706
v -0.003933699 0.003495553 0.003949706
v -0.003933699 0.005967513 0.000949706
v -0.003933699 0.005967513 0.003949706
v -0.003883564 0.02106411 0.00596302
v -0.003845209 -0.010782841 0.009949706
v -0.003845209 0.010346412 0.009949706
v -0.003830286 -0.006311118 0.000949706
v -0.003830286 -0.006311118 0.003949706
v -0.003830286 -0.004024806 0.000949706
v -0.003830286 -0.004024806 0.003949706
v -0.003830286 0.003588377 0.000949706
v -0.003830286 0.003588377 0.003949706
v -0.003830286 0.005874689 0.000949706
v -0.003830286 0.005874689 0.003949706
v -0.003706197 -0.007898087 0.003949706
v -0.003706197 -0.007898087 0.009949706
v -0.003706197 -0.002437837 0.003949706
v -0.003706197 -0.002437837 0.009949706
v -0.003706197 0.002001408 0.003949706
v -0.003706197 0.002001408 0.009949706
v -0.003706197 0.007461658 0.003949706
v -0.003706197 0.007461658 0.009949706
v -0.003626907 0.021320768 0.005998521
v -0.003546445 -0.009568227 0.000343487
v -0.003546445 -0.009568227 0.000949706
v -0.003546445 0.009131798 0.000343487
v -0.003546445 0.009131798 0.000949706
v -0.003473996 -0.007779888 0.003949706
v -0.003473996 -0.007779888 0.009949706
v -0.003473996 -0.002556036 0.003949706
v -0.003473996 -0.002556036 0.009949706
v -0.003473996 0.002119607 0.003949706
v -0.003473996 0.002119607 0.009949706
v -0.003473996 0.007343459 0.003949706
v -0.003473996 0.007343459 0.009949706
v -0.003427448 -0.013009623 0.011949707
v -0.003427448 0.012573194 0.011949707
v -0.00337427 0.021573404 0.006056034
v -0.003290084 -0.011758377 0.005949706
v -0.003290084 0.011321948 0.005949706
v -0.003288983 -0.011758691 0.000127451
v -0.003288983 0.011322262 0.000127451
v -0.003252927 -0.007641987 0.003949706
v -0.003252927 -0.007641987 0.009949706
v -0.003252927 -0.002693937 0.003949706
v -0.003252927 -0.002693937 0.009949706
v -0.003252927 0.002257508 0.003949706
v -0.003252927 0.002257508 0.009949706
v -0.003252927 0.007205558 0.003949706
v -0.003252927 0.007205558 0.009949706
v -0.003127538 0.021820137 0.006135133
v -0.003077155 -0.011816969 -5.0294e-05
v -0.003077155 -0.009732999 -5.0294e-05
v -0.003077155 0.00929657 -5.0294e-05
v -0.003077155 0.01138054 -5.0294e-05
v -0.003044657 -0.007485424 0.003949706
v -0.003044657 -0.007485424 0.009949706
v -0.003044657 -0.0028505 0.003949706
v -0.003044657 -0.0028505 0.009949706
v -0.003044657 0.002414071 0.003949706
v -0.003044657 0.002414071 0.009949706
v -0.003044657 0.007048995 0.003949706
v -0.003044657 0.007048995 0.009949706
v -0.00290981 -0.011077772 0.009949706
v -0.00290981 0.010641343 0.009949706
v -0.002888551 0.022059124 0.006235225
v -0.002850757 -0.00731138 0.003949706
v -0.002850757 -0.00731138 0.009949706
v -0.002850757 -0.003024544 0.003949706
v -0.002850757 -0.003024544 0.009949706
v -0.002850757 0.002588115 0.003949706
v -0.002850757 0.002588115 0.009949706
v -0.002850757 0.006874951 0.003949706
v -0.002850757 0.006874951 0.009949706
v -0.002733388 -0.009837393 -5.0294e-05
v -0.002733388 -0.009837393 0.000949706
v -0.002733388 0.009400964 -5.0294e-05
v -0.002733388 0.009400964 0.000949706
v -0.0027 -0.000218214 0.000949706
v -0.0027 -0.000218214 0.009949706
v -0.002689817 -0.000452492 0.000949706
v -0.002689817 -0.000452492 0.009949706
v -0.002689817 1.6063e-05 0.000949706
v -0.002689817 1.6063e-05 0.009949706
v -0.002662933 -0.005167962 0.000949706
v -0.002662933 -0.005167962 0.003949706
v -0.002662933 0.004731533 0.000949706
v -0.002662933 0.004731533 0.003949706
v -0.002659344 -0.000685002 0.000949706
v -0.002659344 -0.000685002 0.009949706
v -0.002659344 0.000248573 0.000949706
v -0.002659344 0.000248573 0.009949706
v -0.002659093 0.022288581 0.006355566
v -0.002608811 -0.000913991 0.000949706
v -0.002608811 -0.000913991 0.009949706
v -0.002608811 0.000477562 0.000949706
v -0.002608811 0.000477562 0.009949706
v -0.0025386 -0.001137732 0.000949706
v -0.0025386 -0.001137732 0.009949706
v -0.0025386 0.000701303 0.000949706
v -0.0025386 0.000701303 0.009949706
v -0.002449239 -0.001354536 0.000949706
v -0.002449239 -0.001354536 0.009949706
v -0.002449239 0.000918107 0.000949706
v -0.002449239 0.000918107 0.009949706
v -0.002440874 0.022506801 0.006495257
v -0.002341404 -0.001562769 0.000949706
v -0.002341404 -0.001562769 0.009949706
v -0.002341404 0.00112634 0.000949706
v -0.002341404 0.00112634 0.009949706
v -0.00229956 -0.01325967 0.011949707
v -0.00229956 0.012823241 0.011949707
v -0.002286953 -0.011998276 -5.0294e-05
v -0.002286953 -0.011998276 0.005949706
v -0.002286953 0.011561847 -5.0294e-05
v -0.002286953 0.011561847 0.005949706
v -0.002265643 -0.017418215 0.02
v -0.002235522 0.022712152 0.006653257
v -0.002215907 -0.00176086 0.000949706
v -0.002215907 -0.00176086 0.009949706
v -0.002215907 0.001324432 0.000949706
v -0.002215907 0.001324432 0.009949706
v -0.002073695 -0.001947315 0.000949706
v -0.002073695 -0.001947315 0.009949706
v -0.002073695 0.001510886 0.000949706
v -0.002073695 0.001510886 0.009949706
v -0.002049765 0.023781786 0.02
v -0.002044569 0.022903105 0.006828386
v -0.001952264 -0.011290054 0.009949706
v -0.001952264 0.010853625 0.009949706
v -0.001915841 -0.002120727 0.000949706
v -0.001915841 -0.002120727 0.009949706
v -0.001915841 0.001684298 0.000949706
v -0.001915841 0.001684298 0.009949706
v -0.001900918 0.023775679 0.02
v -0.001900281 -0.010036001 -5.0294e-05
v -0.001900281 -0.010036001 0.000949706
v -0.001900281 0.009599572 -5.0294e-05
v -0.001900281 0.009599572 0.000949706
v -0.00186944 0.023078235 0.007019339
v -0.001868515 0.023775346 0.02
v -0.001836116 0.023774348 0.02
v -0.001819934 0.023773601 0.02
v -0.001803769 0.023772688 0.02
v -0.001788222 0.023159454 0.007120308
v -0.001787628 0.023771611 0.02
v -0.001771519 0.02377037 0.02
v -0.001769495 0.023770202 0.02
v -0.001743536 -0.002279788 0.000949706
v -0.001743536 -0.002279788 0.009949706
v -0.001743536 0.001843359 0.000949706
v -0.001743536 0.001843359 0.009949706
v -0.00171144 0.023236236 0.007224691
v -0.001639238 0.023308437 0.007332291
v -0.001621456 0.023751888 0.02
v -0.001571749 0.023375927 0.00744291
v -0.001558078 -0.002423298 0.000949706
v -0.001558078 -0.002423298 0.009949706
v -0.001558078 0.001986869 0.000949706
v -0.001558078 0.001986869 0.009949706
v -0.0015091 0.023438575 0.007556339
v -0.001495387 0.023736209 0.02
v -0.001493515 0.023735897 0.02
v -0.001451408 0.023496266 0.007672369
v -0.00139878 0.023548894 0.007790781
v -0.001360868 -0.002550174 0.000949706
v -0.001360868 -0.002550174 0.009949706
v -0.001360868 0.002113746 0.000949706
v -0.001360868 0.002113746 0.009949706
v -0.001351315 0.023596359 0.007911355
v -0.001347126 0.023705401 0.02
v -0.001309101 0.023638574 0.008033867
v -0.001272217 0.023675459 0.008158088
v -0.001266927 -0.012151148 -5.0294e-05
v -0.001266927 -0.012151148 0.005949706
v -0.001266927 0.011714719 -5.0294e-05
v -0.001266927 0.011714719 0.005949706
v -0.001240732 0.023706943 0.008283785
v -0.001223477 0.023679564 0.02
v -0.001221763 0.023679131 0.02
v -0.001214703 0.023732971 0.008410724
v -0.001194181 0.023753494 0.008538669
v -0.001179204 0.023768472 0.008667381
v -0.001169798 0.023777878 0.00879662
v -0.001165889 0.023781786 0.008949706
v -0.001165889 0.023781786 0.011949704
v -0.001154172 -0.013410463 0.011949707
v -0.001154172 0.012974034 0.011949707
v -0.001153393 -0.002659461 0.000949706
v -0.001153393 -0.002659461 0.009949706
v -0.001153393 0.002223032 0.000949706
v -0.001153393 0.002223032 0.009949706
v -0.001078195 0.023636593 0.02
v -0.001053236 -0.010162595 -5.0294e-05
v -0.001053236 -0.010162595 0.000949706
v -0.001053236 0.009726166 -5.0294e-05
v -0.001053236 0.009726166 0.000949706
v -0.000979861 -0.011418073 0.009949706
v -0.000979861 0.010981645 0.009949706
v -0.000957854 0.023600863 0.02
v -0.000956305 0.023600332 0.02
v -0.000937217 -0.002750333 0.000949706
v -0.000937217 -0.002750333 0.009949706
v -0.000937217 0.002313904 0.000949706
v -0.000937217 0.002313904 0.009949706
v -0.000816717 0.023546 0.02
v -0.000713972 -0.002822105 0.000949706
v -0.000713972 -0.002822105 0.009949706
v -0.000713972 0.002385676 0.000949706
v -0.000713972 0.002385676 0.009949706
v -0.000700542 0.023500709 0.02
v -0.00069916 0.023500103 0.02
v -0.000661971 -0.005167962 0.003949706
v -0.000661971 -0.005167962 0.009949706
v -0.000661971 0.004731533 0.003949706
v -0.000661971 0.004731533 0.009949706
v -0.000641225 -0.024218215 0.02
v -0.00056469 0.023434324 0.02
v -0.000485342 -0.002874235 0.000949706
v -0.000485342 -0.002874235 0.009949706
v -0.000485342 0.002437806 0.000949706
v -0.000485342 0.002437806 0.009949706
v -0.000480042 -0.024218215 0.02
v -0.000453498 0.023379862 0.02
v -0.000452284 0.023379203 0.02
v -0.000324032 0.023302425 0.02
v -0.000314921 -0.024218215 0.02
v -0.00025305 -0.00290633 0.000949706
v -0.00025305 -0.00290633 0.009949706
v -0.00025305 0.002469901 0.000949706
v -0.00025305 0.002469901 0.009949706
v -0.000237541 -0.012215863 -5.0294e-05
v -0.000237541 -0.012215863 0.005949706
v -0.000237541 0.011779434 -5.0294e-05
v -0.000237541 0.011779434 0.005949706
v -0.000218603 0.023239242 0.02
v -0.000217554 0.023238551 0.02
v -0.000198465 -0.010216244 -5.0294e-05
v -0.000198465 -0.010216244 0.000949706
v -0.000198465 0.009779816 -5.0294e-05
v -0.000198465 0.009779816 0.000949706
v -0.000147537 -0.024218215 0.02
v -9.6579e-05 0.023151321 0.02
v -1.8849e-05 -0.002918149 0.000949706
v -1.8849e-05 -0.002918149 0.009949706
v -1.8849e-05 0.00248172 0.000949706
v -1.8849e-05 0.00248172 0.009949706
v -0.0 -0.013460855 0.011949707
v -0.0 -0.011460856 0.009949706
v -0.0 0.011024427 0.009949706
v -0.0 0.013024426 0.011949707
v 2.356e-06 0.023079919 0.02
v 3.245e-06 0.023079217 0.02
v 2.0461e-05 -0.024218215 0.02
v 0.000115942 0.022982177 0.02
v 0.000187471 -0.024218215 0.02
v 0.000207697 0.022903105 0.02
v 0.000208434 0.022902412 0.02
v 0.000215493 -0.002909601 0.000949706
v 0.000215493 -0.002909601 0.009949706
v 0.000215493 0.002473172 0.000949706
v 0.000215493 0.002473172 0.009949706
v 0.000261408 0.022850412 0.02
v 0.000343407 -0.003243088 0.000949706
v 0.000343603 -0.01021231 0.000949706
v 0.000343603 0.009775881 0.000949706
v 0.000343717 -0.002896247 0.000949706
v 0.000343717 0.002459818 0.000949706
v 0.000345261 0.022764362 0.02
v 0.000351972 -0.024218215 0.02
v 0.000395857 0.022710148 0.02
v 0.000396452 0.022709482 0.02
v 0.000444484 0.022653245 0.02
v 0.00044821 -0.002880752 0.000949706
v 0.00044821 -0.002880752 0.009949706
v 0.00044821 0.002444323 0.000949706
v 0.00044821 0.002444323 0.009949706
v 0.000510967 0.017681785 0.02
v 0.000512527 -0.024218215 0.02
v 0.000519967 0.022560747 0.02
v 0.000565405 0.022502515 0.02
v 0.000565869 0.022501893 0.02
v 0.00060856 0.022441854 0.02
v 0.000644154 -0.002840249 0.009949706
v 0.000644154 0.00240382 0.009949706
v 0.000644309 -0.011442377 0.009949706
v 0.000644309 0.011005948 0.009949706
v 0.000657762 -0.010196558 -5.0294e-05
v 0.000657762 -0.010196558 0.000949706
v 0.000657762 0.009760129 -5.0294e-05
v 0.000657762 0.009760129 0.000949706
v 0.000667807 -0.024218215 0.02
v 0.000675146 0.02234358 0.02
v 0.000677547 -0.002831819 0.000949706
v 0.000677547 -0.002831819 0.009949706
v 0.000677547 0.00239539 0.000949706
v 0.000677547 0.00239539 0.009949706
v 0.00071505 0.022281786 0.02
v 0.000715396 0.022281223 0.02
v 0.000752394 0.022217851 0.02
v 0.0007936 -0.012191944 -5.0294e-05
v 0.0007936 -0.012191944 0.005949706
v 0.0007936 0.011755515 -5.0294e-05
v 0.0007936 0.011755515 0.005949706
v 0.00080961 0.022114509 0.02
v 0.000843653 0.022049641 0.02
v 0.000843896 0.02204915 0.02
v 0.00086083 0.017681785 0.02
v 0.000874896 0.021982947 0.02
v 0.000880303 0.023781786 0.011949705
v 0.000901772 -0.002763172 0.000949706
v 0.000901772 -0.002763172 0.009949706
v 0.000901772 0.002326743 0.000949706
v 0.000901772 0.002326743 0.009949706
v 0.000922331 0.021875274 0.02
v 0.000950235 0.021807846 0.02
v 0.000950393 0.021807439 0.02
v 0.00097514 0.021738931 0.02
v 0.000979861 -0.011418073 0.009949706
v 0.000979861 0.010981645 0.009949706
v 0.001012443 0.021627693 0.02
v 0.001033985 0.021558242 0.02
v 0.001034075 0.021557929 0.02
v 0.001052373 0.021487662 0.02
v 0.001079255 0.021373648 0.02
v 0.001094266 0.02130273 0.02
v 0.001105972 0.021231264 0.02
v 0.001119195 -0.002675327 0.000949706
v 0.001119195 -0.002675327 0.009949706
v 0.001119195 0.002238898 0.000949706
v 0.001119195 0.002238898 0.009949706
v 0.00112225 0.021115069 0.02
v 0.00113062 0.021043252 0.02
v 0.001135648 0.020971161 0.02
v 0.001141093 0.020853928 0.02
v 0.001142768 0.017681785 0.02
v 0.001142768 0.019664347 0.02
v 0.001142769 0.020781785 0.02
v 0.001154172 -0.013410463 0.011949707
v 0.001154172 0.012974034 0.011949707
v 0.001158551 0.02377037 0.011949704
v 0.001328176 -0.002568948 0.000949706
v 0.001328176 -0.002568948 0.009949706
v 0.001328176 0.002132519 0.000949706
v 0.001328176 0.002132519 0.009949706
v 0.001434681 0.023736209 0.011949704
v 0.001509164 -0.01010368 -5.0294e-05
v 0.001509164 -0.01010368 0.000949706
v 0.001509164 0.00966725 -5.0294e-05
v 0.001509164 0.00966725 0.000949706
v 0.001527139 -0.002444837 0.000949706
v 0.001527139 -0.002444837 0.009949706
v 0.001527139 0.002008408 0.000949706
v 0.001527139 0.002008408 0.009949706
v 0.001706592 0.023679564 0.011949704
v 0.001714582 -0.00230393 0.000949706
v 0.001714582 -0.00230393 0.009949706
v 0.001714582 0.001867501 0.000949706
v 0.001714582 0.001867501 0.009949706
v 0.001818878 -0.012079567 -5.0294e-05
v 0.001818878 -0.012079567 0.005949706
v 0.001818878 0.011643138 -5.0294e-05
v 0.001818878 0.011643138 0.005949706
v 0.001889091 -0.002147291 0.000949706
v 0.001889091 -0.002147291 0.009949706
v 0.001889091 0.001710862 0.000949706
v 0.001889091 0.001710862 0.009949706
v 0.001949747 -0.005167962 0.003949706
v 0.001949747 -0.005167962 0.009949706
v 0.001949747 0.004731533 0.003949706
v 0.001949747 0.004731533 0.009949706
v 0.001952264 -0.011290054 0.009949706
v 0.001952264 0.010853625 0.009949706
v 0.001961062 -0.00542827 0.003949706
v 0.001961062 -0.00542827 0.009949706
v 0.001961062 -0.004907654 0.003949706
v 0.001961062 -0.004907654 0.009949706
v 0.001961062 0.004471225 0.003949706
v 0.001961062 0.004471225 0.009949706
v 0.001961062 0.004991841 0.003949706
v 0.001961062 0.004991841 0.009949706
v 0.001972214 0.023600863 0.011949704
v 0.001994921 -0.005686615 0.003949706
v 0.001994921 -0.005686615 0.009949706
v 0.001994921 -0.004649309 0.003949706
v 0.001994921 -0.004649309 0.009949706
v 0.001994921 0.004212881 0.003949706
v 0.001994921 0.004212881 0.009949706
v 0.001994921 0.005250186 0.003949706
v 0.001994921 0.005250186 0.009949706
v 0.002051068 -0.005941047 0.003949706
v 0.002051068 -0.005941047 0.009949706
v 0.002051068 -0.004394877 0.003949706
v 0.002051068 -0.004394877 0.009949706
v 0.002051068 0.003958448 0.003949706
v 0.002051068 0.003958448 0.009949706
v 0.002051068 0.005504618 0.003949706
v 0.002051068 0.005504618 0.009949706
v 0.002129081 -0.006189648 0.003949706
v 0.002129081 -0.006189648 0.009949706
v 0.002129081 -0.004146277 0.003949706
v 0.002129081 -0.004146277 0.009949706
v 0.002129081 0.003709847 0.003949706
v 0.002129081 0.003709847 0.009949706
v 0.002129081 0.005753219 0.003949706
v 0.002129081 0.005753219 0.009949706
v 0.002228371 -0.006430542 0.003949706
v 0.002228371 -0.006430542 0.009949706
v 0.002228371 -0.003905382 0.003949706
v 0.002228371 -0.003905382 0.009949706
v 0.002228371 0.003468953 0.003949706
v 0.002228371 0.003468953 0.009949706
v 0.002228371 0.005994113 0.003949706
v 0.002228371 0.005994113 0.009949706
v 0.002229526 0.023500709 0.011949704
v 0.00229956 -0.01325967 0.011949707
v 0.00229956 0.012823241 0.011949707
v 0.002348188 -0.006661912 0.003949706
v 0.002348188 -0.006661912 0.009949706
v 0.002348188 -0.003674012 0.003949706
v 0.002348188 -0.003674012 0.009949706
v 0.002348188 0.003237583 0.003949706
v 0.002348188 0.003237583 0.009949706
v 0.002348188 0.006225483 0.003949706
v 0.002348188 0.006225483 0.009949706
v 0.002349496 -0.00993829 -5.0294e-05
v 0.002349496 -0.00993829 0.000949706
v 0.002349496 0.009501861 -5.0294e-05
v 0.002349496 0.009501861 0.000949706
v 0.002408131 0.015781786 0.015149706
v 0.002408131 0.017681785 0.015149706
v 0.00247657 0.023379862 0.011949704
v 0.002487629 -0.006882013 0.003949706
v 0.002487629 -0.006882013 0.009949706
v 0.002487629 -0.003453911 0.003949706
v 0.002487629 -0.003453911 0.009949706
v 0.002487629 0.003017482 0.003949706
v 0.002487629 0.003017482 0.009949706
v 0.002487629 0.006445584 0.003949706
v 0.002487629 0.006445584 0.009949706
v 0.002645642 -0.007089185 0.003949706
v 0.002645642 -0.007089185 0.009949706
v 0.002645642 -0.003246739 0.003949706
v 0.002645642 -0.003246739 0.009949706
v 0.002645642 0.00281031 0.003949706
v 0.002645642 0.00281031 0.009949706
v 0.002645642 0.006652756 0.003949706
v 0.002645642 0.006652756 0.009949706
v 0.002711465 0.023239242 0.011949704
v 0.002821035 -0.007281865 0.003949706
v 0.002821035 -0.007281865 0.009949706
v 0.002821035 -0.003054059 0.003949706
v 0.002821035 -0.003054059 0.009949706
v 0.002821035 0.00261763 0.003949706
v 0.002821035 0.00261763 0.009949706
v 0.002821035 0.006845436 0.003949706
v 0.002821035 0.006845436 0.009949706
v 0.002830718 -0.011879562 -5.0294e-05
v 0.002830718 -0.011879562 0.005949706
v 0.002830718 0.011443133 -5.0294e-05
v 0.002830718 0.011443133 0.005949706
v 0.002834111 0.027781786 0.005949704
v 0.002834111 0.027781786 0.011949704
v 0.00290981 -0.011077772 0.009949706
v 0.00290981 0.010641343 0.009949706
v 0.002932424 0.023079919 0.011949704
v 0.003012486 -0.007458599 0.003949706
v 0.003012486 -0.007458599 0.009949706
v 0.003012486 -0.002877325 0.003949706
v 0.003012486 -0.002877325 0.009949706
v 0.003012486 0.002440896 0.003949706
v 0.003012486 0.002440896 0.009949706
v 0.003012486 0.00702217 0.003949706
v 0.003012486 0.00702217 0.009949706
v 0.003079141 0.015781786 0.01467986
v 0.003079141 0.017681785 0.01467986
v 0.003137765 0.022903105 0.011949704
v 0.003172595 -0.009701602 -5.0294e-05
v 0.003172595 -0.009701602 0.000949706
v 0.003172595 0.009265173 -5.0294e-05
v 0.003172595 0.009265173 0.000949706
v 0.00321855 -0.007618054 0.003949706
v 0.00321855 -0.007618054 0.009949706
v 0.00321855 -0.002717869 0.003949706
v 0.00321855 -0.002717869 0.009949706
v 0.00321855 0.00228144 0.003949706
v 0.00321855 0.00228144 0.009949706
v 0.00321855 0.007181625 0.003949706
v 0.00321855 0.007181625 0.009949706
v 0.003234086 0.022808556 0.011949704
v 0.003325926 0.022710148 0.011949704
v 0.003349748 -0.005167962 0.000949706
v 0.003349748 -0.005167962 0.003949706
v 0.003349748 0.004731533 0.000949706
v 0.003349748 0.004731533 0.003949706
v 0.003355782 -0.005306793 0.000949706
v 0.003355782 -0.005306793 0.003949706
v 0.003355782 -0.005029131 0.000949706
v 0.003355782 -0.005029131 0.003949706
v 0.003355782 0.004592702 0.000949706
v 0.003355782 0.004592702 0.003949706
v 0.003355782 0.004870364 0.000949706
v 0.003355782 0.004870364 0.003949706
v 0.00337384 -0.005444576 0.000949706
v 0.00337384 -0.005444576 0.003949706
v 0.00337384 -0.004891347 0.000949706
v 0.00337384 -0.004891347 0.003949706
v 0.00337384 0.004454918 0.000949706
v 0.00337384 0.004454918 0.003949706
v 0.00337384 0.005008148 0.000949706
v 0.00337384 0.005008148 0.003949706
v 0.003403785 -0.005580274 0.000949706
v 0.003403785 -0.005580274 0.003949706
v 0.003403785 -0.00475565 0.000949706
v 0.003403785 -0.00475565 0.003949706
v 0.003403785 0.004319221 0.000949706
v 0.003403785 0.004319221 0.003949706
v 0.003403785 0.005143845 0.000949706
v 0.003403785 0.005143845 0.003949706
v 0.00341311 0.02260807 0.011949704
v 0.003427448 -0.013009623 0.011949707
v 0.003427448 0.012573194 0.011949707
v 0.003437672 -0.007759029 0.003949706
v 0.003437672 -0.007759029 0.009949706
v 0.003437672 -0.002576895 0.003949706
v 0.003437672 -0.002576895 0.009949706
v 0.003437672 0.002140466 0.003949706
v 0.003437672 0.002140466 0.009949706
v 0.003437672 0.0073226 0.003949706
v 0.003437672 0.0073226 0.009949706
v 0.003445392 -0.005712861 0.000949706
v 0.003445392 -0.005712861 0.003949706
v 0.003445392 -0.004623063 0.000949706
v 0.003445392 -0.004623063 0.003949706
v 0.003445392 0.004186634 0.000949706
v 0.003445392 0.004186634 0.003949706
v 0.003445392 0.005276432 0.000949706
v 0.003445392 0.005276432 0.003949706
v 0.003495473 0.022502515 0.011949704
v 0.003498347 -0.005841338 0.000949706
v 0.003498347 -0.005841338 0.003949706
v 0.003498347 -0.004494586 0.000949706
v 0.003498347 -0.004494586 0.003949706
v 0.003498347 0.004058157 0.000949706
v 0.003498347 0.004058157 0.003949706
v 0.003498347 0.005404909 0.000949706
v 0.003498347 0.005404909 0.003949706
v 0.003535426 0.024574339 0.011949704
v 0.003537789 0.024643676 0.011949704
v 0.00353908 0.024505058 0.011949704
v 0.003546151 0.024712548 0.011949704
v 0.003548722 0.024436353 0.011949704
v 0.003560448 0.024780437 0.011949704
v 0.003561082 0.024574339 0.005949706
v 0.003562249 -0.005964735 0.000949706
v 0.003562249 -0.005964735 0.003949706
v 0.003562249 -0.004371189 0.000949706
v 0.003562249 -0.004371189 0.003949706
v 0.003562249 0.00393476 0.000949706
v 0.003562249 0.00393476 0.003949706
v 0.003562249 0.005528306 0.000949706
v 0.003562249 0.005528306 0.003949706
v 0.003563445 0.024643676 0.005949706
v 0.00356428 0.024368742 0.011949704
v 0.003564736 0.024505058 0.005949706
v 0.003571807 0.024712548 0.005949706
v 0.003572858 0.022393685 0.011949704
v 0.003574378 0.024436353 0.005949706
v 0.003580573 0.024846831 0.011949704
v 0.003585638 0.024302734 0.011949704
v 0.003586104 0.024780437 0.005949706
v 0.003589937 0.024368742 0.005949706
v 0.00360623 0.024846831 0.005949706
v 0.003606376 0.024911232 0.011949704
v 0.003611295 0.024302734 0.005949706
v 0.003612635 0.024238825 0.011949704
v 0.003632032 0.024911232 0.005949706
v 0.003636617 -0.006082123 0.000949706
v 0.003636617 -0.006082123 0.003949706
v 0.003636617 -0.004253801 0.000949706
v 0.003636617 -0.004253801 0.003949706
v 0.003636617 0.003817372 0.000949706
v 0.003636617 0.003817372 0.003949706
v 0.003636617 0.005645694 0.000949706
v 0.003636617 0.005645694 0.003949706
v 0.003637661 0.024973156 0.011949704
v 0.003638291 0.024238825 0.005949706
v 0.003645068 0.024177494 0.011949704
v 0.003645118 0.022281786 0.011949704
v 0.003663317 0.024973156 0.005949706
v 0.0036682 -0.007880459 0.003949706
v 0.0036682 -0.007880459 0.009949706
v 0.0036682 -0.002455466 0.003949706
v 0.0036682 -0.002455466 0.009949706
v 0.0036682 0.002019037 0.003949706
v 0.0036682 0.002019037 0.009949706
v 0.0036682 0.007444029 0.003949706
v 0.0036682 0.007444029 0.009949706
v 0.003670724 0.024177494 0.005949706
v 0.003674194 0.025032137 0.011949704
v 0.003682692 0.024119204 0.011949704
v 0.00369985 0.025032137 0.005949706
v 0.003708348 0.024119204 0.005949706
v 0.003712115 0.022167031 0.011949704
v 0.003715699 0.025087729 0.011949704
v 0.003720891 -0.006192614 0.000949706
v 0.003720891 -0.006192614 0.003949706
v 0.003720891 -0.00414331 0.000949706
v 0.003720891 -0.00414331 0.003949706
v 0.003720891 0.003706881 0.000949706
v 0.003720891 0.003706881 0.003949706
v 0.003720891 0.005756185 0.000949706
v 0.003720891 0.005756185 0.003949706
v 0.003725225 0.024064394 0.011949704
v 0.003741355 0.025087729 0.005949706
v 0.003750881 0.024064394 0.005949706
v 0.003761865 0.025139518 0.011949705
v 0.003772347 0.024013473 0.011949704
v 0.003773721 0.022049641 0.011949704
v 0.003787521 0.025139518 0.005949704
v 0.003798004 0.024013473 0.005949706
v 0.003814434 -0.006295376 0.000949706
v 0.003814434 -0.006295376 0.003949706
v 0.003814434 -0.004040547 0.000949706
v 0.003814434 -0.004040547 0.003949706
v 0.003814434 0.003604118 0.000949706
v 0.003814434 0.003604118 0.003949706
v 0.003814434 0.005858948 0.000949706
v 0.003814434 0.005858948 0.003949706
v 0.003821646 -0.011593408 -5.0294e-05
v 0.003821646 -0.011593408 0.005949706
v 0.003821646 0.011156979 -5.0294e-05
v 0.003821646 0.011156979 0.005949706
v 0.003823704 0.023966828 0.011949704
v 0.003829819 0.021929836 0.011949704
v 0.003845209 -0.010782841 0.009949706
v 0.003845209 0.010346412 0.009949706
v 0.00384936 0.023966828 0.005949706
v 0.003858999 -0.000218214 0.000949706
v 0.003858999 -0.000218214 0.009949706
v 0.003878909 0.023924807 0.011949704
v 0.003880303 0.021807846 0.011949704
v 0.003904565 0.023924807 0.005949706
v 0.003908395 -0.007981427 0.003949706
v 0.003908395 -0.007981427 0.009949706
v 0.003908395 -0.002354497 0.003949706
v 0.003908395 -0.002354497 0.009949706
v 0.003908395 0.001918068 0.003949706
v 0.003908395 0.001918068 0.009949706
v 0.003908395 0.007544998 0.003949706
v 0.003908395 0.007544998 0.009949706
v 0.003916541 -0.006389635 0.000949706
v 0.003916541 -0.006389635 0.003949706
v 0.003916541 -0.003946289 0.000949706
v 0.003916541 -0.003946289 0.003949706
v 0.003916541 0.00350986 0.000949706
v 0.003916541 0.00350986 0.003949706
v 0.003916541 0.005953206 0.000949706
v 0.003916541 0.005953206 0.003949706
v 0.003925076 0.021683903 0.011949704
v 0.003937547 0.023887727 0.011949704
v 0.003963203 0.023887727 0.005949706
v 0.003964053 0.021558242 0.011949704
v 0.003972421 -0.009395353 -5.0294e-05
v 0.003972421 -0.009395353 0.000949706
v 0.003972421 0.008958924 -5.0294e-05
v 0.003972421 0.008958924 0.000949706
v 0.003997161 0.021431105 0.011949704
v 0.003999177 0.023855867 0.011949704
v 0.004024335 0.02130273 0.011949704
v 0.004024833 0.023855867 0.005949706
v 0.004026442 -0.006474678 0.000949706
v 0.004026442 -0.006474678 0.003949706
v 0.004026442 -0.003861246 0.000949706
v 0.004026442 -0.003861246 0.003949706
v 0.004026442 0.003424817 0.000949706
v 0.004026442 0.003424817 0.003949706
v 0.004026442 0.006038249 0.000949706
v 0.004026442 0.006038249 0.003949706
v 0.004045524 0.021173364 0.011949704
v 0.004060688 0.021043252 0.011949704
v 0.004063336 0.023829468 0.011949704
v 0.004069798 0.020912644 0.011949704
v 0.004072836 0.015781786 0.011949707
v 0.004072836 0.020781785 0.011949707
v 0.004088992 0.023829468 0.005949706
v 0.004129541 0.023808725 0.011949704
v 0.004143307 -0.006549864 0.000949706
v 0.004143307 -0.006549864 0.003949706
v 0.004143307 -0.00378606 0.000949706
v 0.004143307 -0.00378606 0.003949706
v 0.004143307 0.003349631 0.000949706
v 0.004143307 0.003349631 0.003949706
v 0.004143307 0.006113435 0.000949706
v 0.004143307 0.006113435 0.003949706
v 0.004155197 0.023808725 0.005949706
v 0.004156445 -0.008061173 0.003949706
v 0.004156445 -0.008061173 0.009949706
v 0.004156445 -0.002274751 0.003949706
v 0.004156445 -0.002274751 0.009949706
v 0.004156445 0.001838322 0.003949706
v 0.004156445 0.001838322 0.009949706
v 0.004156445 0.007624744 0.003949706
v 0.004156445 0.007624744 0.009949706
v 0.004197294 0.023793796 0.011949704
v 0.00422295 0.023793796 0.005949706
v 0.004266086 0.023784794 0.011949704
v 0.004266256 -0.006614626 0.000949706
v 0.004266256 -0.006614626 0.003949706
v 0.004266256 -0.003721297 0.000949706
v 0.004266256 -0.003721297 0.003949706
v 0.004266256 0.003284868 0.000949706
v 0.004266256 0.003284868 0.003949706
v 0.004266256 0.006178197 0.000949706
v 0.004266256 0.006178197 0.003949706
v 0.004291742 0.023784794 0.005949706
v 0.004335399 0.023781786 0.011949707
v 0.004361055 0.023781786 0.005949706
v 0.004394359 -0.006668476 0.000949706
v 0.004394359 -0.006668476 0.003949706
v 0.004394359 -0.003667447 0.000949706
v 0.004394359 -0.003667447 0.003949706
v 0.004394359 0.003231018 0.000949706
v 0.004394359 0.003231018 0.003949706
v 0.004394359 0.006232047 0.000949706
v 0.004394359 0.006232047 0.003949706
v 0.004410479 -0.008119095 0.003949706
v 0.004410479 -0.008119095 0.009949706
v 0.004410479 -0.002216828 0.003949706
v 0.004410479 -0.002216828 0.009949706
v 0.004410479 0.001780399 0.003949706
v 0.004410479 0.001780399 0.009949706
v 0.004410479 0.007682667 0.003949706
v 0.004410479 0.007682667 0.009949706
v 0.004526653 -0.006711008 0.000949706
v 0.004526653 -0.006711008 0.003949706
v 0.004526653 -0.003624916 0.000949706
v 0.004526653 -0.003624916 0.003949706
v 0.004526653 0.003188487 0.000949706
v 0.004526653 0.003188487 0.003949706
v 0.004526653 0.006274579 0.000949706
v 0.004526653 0.006274579 0.003949706
v 0.00452925 -0.012662226 0.011949707
v 0.00452925 0.012225797 0.011949707
v 0.004662137 -0.0067419 0.000949706
v 0.004662137 -0.0067419 0.003949706
v 0.004662137 -0.003594024 0.000949706
v 0.004662137 -0.003594024 0.003949706
v 0.004662137 0.003157595 0.000949706
v 0.004662137 0.003157595 0.003949706
v 0.004662137 0.006305471 0.000949706
v 0.004662137 0.006305471 0.003949706
v 0.004668581 -0.008154757 0.003949706
v 0.004668581 -0.008154757 0.009949706
v 0.004668581 -0.002181167 0.003949706
v 0.004668581 -0.002181167 0.009949706
v 0.004668581 0.001744738 0.003949706
v 0.004668581 0.001744738 0.009949706
v 0.004668581 0.007718328 0.003949706
v 0.004668581 0.007718328 0.009949706
v 0.00474311 -0.009021788 -5.0294e-05
v 0.00474311 -0.009021788 0.000949706
v 0.00474311 0.008585359 -5.0294e-05
v 0.00474311 0.008585359 0.000949706
v 0.004751345 -0.010407507 0.009949706
v 0.004751345 0.009971078 0.009949706
v 0.004784341 -0.011223217 -5.0294e-05
v 0.004784341 -0.011223217 0.005949706
v 0.004784341 0.010786788 -5.0294e-05
v 0.004784341 0.010786788 0.005949706
v 0.004799792 -0.006760919 0.000949706
v 0.004799792 -0.006760919 0.003949706
v 0.004799792 -0.003575005 0.000949706
v 0.004799792 -0.003575005 0.003949706
v 0.004799792 0.003138575 0.000949706
v 0.004799792 0.003138575 0.003949706
v 0.004799792 0.006324491 0.000949706
v 0.004799792 0.006324491 0.003949706
v 0.004911243 -0.024218215 0.02
v 0.004928804 -0.008167889 0.003949706
v 0.004928804 -0.008167889 0.009949706
v 0.004928804 -0.002168035 0.003949706
v 0.004928804 -0.002168035 0.009949706
v 0.004928804 0.001731606 0.003949706
v 0.004928804 0.001731606 0.009949706
v 0.004928804 0.00773146 0.003949706
v 0.004928804 0.00773146 0.009949706
v 0.004938577 -0.006767923 0.000949706
v 0.004938577 -0.006767923 0.003949706
v 0.004938577 -0.003568001 0.000949706
v 0.004938577 -0.003568001 0.003949706
v 0.004938577 0.003131572 0.000949706
v 0.004938577 0.003131572 0.003949706
v 0.004938577 0.006331494 0.000949706
v 0.004938577 0.006331494 0.003949706
v 0.004999991 0.027781786 0.011949704
v 0.005000328 0.026413046 0.011949705
v 0.005010457 -0.024218215 0.02
v 0.005035405 0.026449116 0.011949855
v 0.005035405 0.027781786 0.011949855
v 0.005061062 0.026449116 0.005949704
v 0.005061062 0.027781786 0.005949706
v 0.005077447 -0.006762858 0.000949706
v 0.005077447 -0.006762858 0.003949706
v 0.005077447 -0.003573066 0.000949706
v 0.005077447 -0.003573066 0.003949706
v 0.005077447 0.003136637 0.000949706
v 0.005077447 0.003136637 0.003949706
v 0.005077447 0.006326429 0.000949706
v 0.005077447 0.006326429 0.003949706
v 0.005117878 -0.024218215 0.02
v 0.005189185 -0.008158391 0.003949706
v 0.005189185 -0.008158391 0.009949706
v 0.005189185 -0.002177532 0.003949706
v 0.005189185 -0.002177532 0.009949706
v 0.005189185 0.001741103 0.003949706
v 0.005189185 0.001741103 0.009949706
v 0.005189185 0.007721963 0.003949706
v 0.005189185 0.007721963 0.009949706
v 0.005215354 -0.006745762 0.000949706
v 0.005215354 -0.006745762 0.003949706
v 0.005215354 -0.003590162 0.000949706
v 0.005215354 -0.003590162 0.003949706
v 0.005215354 0.003153733 0.000949706
v 0.005215354 0.003153733 0.003949706
v 0.005215354 0.006309333 0.000949706
v 0.005215354 0.006309333 0.003949706
v 0.00523241 -0.024218215 0.02
v 0.005351257 -0.006716765 0.000949706
v 0.005351257 -0.006716765 0.003949706
v 0.005351257 -0.003619159 0.000949706
v 0.005351257 -0.003619159 0.003949706
v 0.005351257 0.00318273 0.000949706
v 0.005351257 0.00318273 0.003949706
v 0.005351257 0.006280336 0.000949706
v 0.005351257 0.006280336 0.003949706
v 0.005352863 -0.024218215 0.02
v 0.005447759 -0.008126337 0.003949706
v 0.005447759 -0.008126337 0.009949706
v 0.005447759 -0.002209587 0.003949706
v 0.005447759 -0.002209587 0.009949706
v 0.005447759 0.001773158 0.003949706
v 0.005447759 0.001773158 0.009949706
v 0.005447759 0.007689908 0.003949706
v 0.005447759 0.007689908 0.009949706
v 0.005477981 -0.024218215 0.02
v 0.005479008 -0.008583648 -5.0294e-05
v 0.005479008 -0.008583648 0.000949706
v 0.005479008 0.008147219 -5.0294e-05
v 0.005479008 0.008147219 0.000949706
v 0.005484131 -0.006676085 0.000949706
v 0.005484131 -0.006676085 0.003949706
v 0.005484131 -0.003659839 0.000949706
v 0.005484131 -0.003659839 0.003949706
v 0.005484131 0.00322341 0.000949706
v 0.005484131 0.00322341 0.003949706
v 0.005484131 0.006239656 0.000949706
v 0.005484131 0.006239656 0.003949706
v 0.005488661 -0.017418215 0.02
v 0.005596582 -0.012220123 0.011949707
v 0.005596582 0.011783694 0.011949707
v 0.005606452 -0.024218215 0.02
v 0.005612975 -0.006624029 0.000949706
v 0.005612975 -0.006624029 0.003949706
v 0.005612975 -0.003711895 0.000949706
v 0.005612975 -0.003711895 0.003949706
v 0.005612975 0.003275466 0.000949706
v 0.005612975 0.003275466 0.003949706
v 0.005612975 0.0061876 0.000949706
v 0.005612975 0.0061876 0.003949706
v 0.005621321 -0.009954627 0.009949706
v 0.005621321 0.009518198 0.009949706
v 0.005702577 -0.008071967 0.003949706
v 0.005702577 -0.008071967 0.009949706
v 0.005702577 -0.002263956 0.003949706
v 0.005702577 -0.002263956 0.009949706
v 0.005702577 0.001827528 0.003949706
v 0.005702577 0.001827528 0.009949706
v 0.005702577 0.007635538 0.003949706
v 0.005702577 0.007635538 0.009949706
v 0.005711691 -0.010771724 -5.0294e-05
v 0.005711691 -0.010771724 0.005949706
v 0.005711691 0.010335295 -5.0294e-05
v 0.005711691 0.010335295 0.005949706
v 0.005736815 -0.006560989 0.000949706
v 0.005736815 -0.006560989 0.003949706
v 0.005736815 -0.003774935 0.000949706
v 0.005736815 -0.003774935 0.003949706
v 0.005736815 0.003338506 0.000949706
v 0.005736815 0.003338506 0.003949706
v 0.005736815 0.00612456 0.000949706
v 0.005736815 0.00612456 0.003949706
v 0.005736948 -0.024218215 0.02
v 0.005854718 -0.006487442 0.000949706
v 0.005854718 -0.006487442 0.003949706
v 0.005854718 -0.003848482 0.000949706
v 0.005854718 -0.003848482 0.003949706
v 0.005854718 0.003412053 0.000949706
v 0.005854718 0.003412053 0.003949706
v 0.005854718 0.006051013 0.000949706
v 0.005854718 0.006051013 0.003949706
v 0.005868138 -0.024218215 0.02
v 0.005951717 -0.007995692 0.003949706
v 0.005951717 -0.007995692 0.009949706
v 0.005951717 -0.002340232 0.003949706
v 0.005951717 -0.002340232 0.009949706
v 0.005951717 0.001903803 0.003949706
v 0.005951717 0.001903803 0.009949706
v 0.005951717 0.007559263 0.003949706
v 0.005951717 0.007559263 0.009949706
v 0.005965796 -0.006403942 0.000949706
v 0.005965796 -0.006403942 0.003949706
v 0.005965796 -0.003931982 0.000949706
v 0.005965796 -0.003931982 0.003949706
v 0.005965796 0.003495553 0.000949706
v 0.005965796 0.003495553 0.003949706
v 0.005965796 0.005967513 0.000949706
v 0.005965796 0.005967513 0.003949706
v 0.005998712 -0.024218215 0.02
v 0.006069209 -0.006311118 0.000949706
v 0.006069209 -0.006311118 0.003949706
v 0.006069209 -0.004024806 0.000949706
v 0.006069209 -0.004024806 0.003949706
v 0.006069209 0.003588377 0.000949706
v 0.006069209 0.003588377 0.003949706
v 0.006069209 0.005874689 0.000949706
v 0.006069209 0.005874689 0.003949706
v 0.006174716 -0.008084146 -5.0294e-05
v 0.006174716 -0.008084146 0.000949706
v 0.006174716 0.007647717 -5.0294e-05
v 0.006174716 0.007647717 0.000949706
v 0.006193298 -0.007898087 0.003949706
v 0.006193298 -0.007898087 0.009949706
v 0.006193298 -0.002437837 0.003949706
v 0.006193298 -0.002437837 0.009949706
v 0.006193298 0.002001408 0.003949706
v 0.006193298 0.002001408 0.009949706
v 0.006193298 0.007461658 0.003949706
v 0.006193298 0.007461658 0.009949706
v 0.006425499 -0.007779888 0.003949706
v 0.006425499 -0.007779888 0.009949706
v 0.006425499 -0.002556036 0.003949706
v 0.006425499 -0.002556036 0.009949706
v 0.006425499 0.002119607 0.003949706
v 0.006425499 0.002119607 0.009949706
v 0.006425499 0.007343459 0.003949706
v 0.006425499 0.007343459 0.009949706
v 0.006448514 -0.009427646 0.009949706
v 0.006448514 0.008991217 0.009949706
v 0.006596846 -0.010242267 -5.0294e-05
v 0.006596846 -0.010242267 0.005949706
v 0.006596846 0.009805838 -5.0294e-05
v 0.006596846 0.009805838 0.005949706
v 0.00662132 -0.011686678 0.011949707
v 0.00662132 0.011250249 0.011949707
v 0.006646568 -0.007641987 0.003949706
v 0.006646568 -0.007641987 0.009949706
v 0.006646568 -0.002693937 0.003949706
v 0.006646568 -0.002693937 0.009949706
v 0.006646568 0.002257508 0.003949706
v 0.006646568 0.002257508 0.009949706
v 0.006646568 0.007205558 0.003949706
v 0.006646568 0.007205558 0.009949706
v 0.006825132 -0.007526947 -5.0294e-05
v 0.006825132 -0.007526947 0.000949706
v 0.006825132 0.007090518 -5.0294e-05
v 0.006825132 0.007090518 0.000949706
v 0.006854838 -0.007485424 0.003949706
v 0.006854838 -0.007485424 0.009949706
v 0.006854838 -0.0028505 0.003949706
v 0.006854838 -0.0028505 0.009949706
v 0.006854838 0.002414071 0.003949706
v 0.006854838 0.002414071 0.009949706
v 0.006854838 0.007048995 0.003949706
v 0.006854838 0.007048995 0.009949706
v 0.006930244 -0.024218215 0.02
v 0.006962353 -0.024218215 0.02
v 0.006993068 -0.024218215 0.02
v 0.007022055 -0.024218215 0.02
v 0.007048737 -0.00731138 0.003949706
v 0.007048737 -0.00731138 0.009949706
v 0.007048737 -0.003024544 0.003949706
v 0.007048737 -0.003024544 0.009949706
v 0.007048737 0.002588115 0.003949706
v 0.007048737 0.002588115 0.009949706
v 0.007048737 0.006874951 0.003949706
v 0.007048737 0.006874951 0.009949706
v 0.007049058 -0.024218215 0.02
v 0.007073892 -0.024218215 0.02
v 0.007096441 -0.024218215 0.02
v 0.007114944 -0.007526947 0.000949706
v 0.007114944 0.007090518 0.000949706
v 0.007116647 -0.024218215 0.02
v 0.007134498 -0.024218215 0.02
v 0.00713494 0.026449116 0.011949704
v 0.00713494 0.027781786 0.011949704
v 0.007150023 -0.024218215 0.02
v 0.007160591 0.026449116 0.005949706
v 0.007160591 0.026449116 0.005950986
v 0.007160591 0.027781786 0.005949706
v 0.007160591 0.027781786 0.005950986
v 0.007163279 -0.024218215 0.02
v 0.007174345 -0.024218215 0.02
v 0.007183317 -0.024218215 0.02
v 0.007190297 -0.024218215 0.02
v 0.007195394 -0.024218215 0.02
v 0.007196605 -0.024218215 0.02
v 0.007198716 -0.02421821 0.02
v 0.00722663 -0.008830577 0.009949706
v 0.00722663 0.008394148 0.009949706
v 0.007236562 -0.005167962 0.000949706
v 0.007236562 -0.005167962 0.003949706
v 0.007236562 0.004731533 0.000949706
v 0.007236562 0.004731533 0.003949706
v 0.00737215 -0.024213587 0.02
v 0.007372329 -0.024213585 0.02
v 0.00737402 -0.024213566 0.02
v 0.00737406 -0.024213566 0.02
v 0.007396296 -0.024213064 0.02
v 0.007399791 -0.024212842 0.02
v 0.007403278 -0.024212559 0.02
v 0.007406786 -0.024212274 0.02
v 0.007433265 -0.009638755 -5.0294e-05
v 0.007433265 -0.009638755 0.005949706
v 0.007433265 0.009202326 -5.0294e-05
v 0.007433265 0.009202326 0.005949706
v 0.007530855 -0.024218215 0.01937326
v 0.007587783 -0.024197824 0.02
v 0.007591003 -0.024197397 0.02
v 0.007595667 -0.011065951 0.011949707
v 0.007595667 0.010629522 0.011949707
v 0.007646033 -0.006969376 0.000949706
v 0.007646033 0.006532947 0.000949706
v 0.007680712 -0.024213076 0.019454224
v 0.007782901 -0.024171713 0.02
v 0.007784469 -0.007526947 0.000471901
v 0.007784469 0.007090518 0.000471901
v 0.00778795 -0.024170987 0.02
v 0.007830192 -0.024197787 0.019534986
v 0.007834947 0.023781786 0.011949704
v 0.007860597 0.023781786 0.005949709
v 0.007860597 0.023781786 0.005950989
v 0.007904259 0.023784794 0.011949704
v 0.00792991 0.0237848 0.005949709
v 0.00792991 0.0237848 0.005950989
v 0.007949747 -0.008167962 0.009949706
v 0.007949747 0.007731533 0.009949706
v 0.007973052 0.023793796 0.011949704
v 0.007983774 -0.024133834 0.02
v 0.007986462 -0.024170987 0.019619422
v 0.007988125 -0.024133044 0.02
v 0.007998701 0.0237938 0.005949709
v 0.007998701 0.0237938 0.005950989
v 0.008040804 0.023808725 0.011949704
v 0.008066454 0.023808727 0.005949709
v 0.008066454 0.023808727 0.005950989
v 0.008107009 0.023829468 0.011949704
v 0.008132659 0.023829469 0.005949709
v 0.008132659 0.023829469 0.005950989
v 0.008144027 -0.024132667 0.01970456
v 0.008171168 0.023855867 0.011949704
v 0.008186773 -0.024083944 0.02
v 0.008192174 -0.006295079 0.000949706
v 0.008192174 0.00585865 0.000949706
v 0.008192663 -0.024082528 0.02
v 0.008196497 -0.024081351 0.02
v 0.008196818 0.023855869 0.005949709
v 0.008196818 0.023855869 0.005950989
v 0.008214769 -0.008965647 -5.0294e-05
v 0.008214769 -0.008965647 0.005949706
v 0.008214769 0.008529218 -5.0294e-05
v 0.008214769 0.008529218 0.005949706
v 0.008232798 0.023887727 0.011949704
v 0.008258448 0.023887729 0.005949709
v 0.008258448 0.023887729 0.005950989
v 0.008291436 0.023924807 0.011949704
v 0.008302031 -0.024082586 0.01978994
v 0.008317086 0.023924807 0.005949709
v 0.008317086 0.023924807 0.005950989
v 0.008346641 0.023966828 0.011949704
v 0.008372291 0.023966828 0.005949709
v 0.008372291 0.023966828 0.005950989
v 0.008394028 -0.024020711 0.02
v 0.008395144 -0.024020323 0.02
v 0.008397998 0.024013473 0.011949704
v 0.00840848 0.025139518 0.011949704
v 0.008423648 0.024013473 0.005949709
v 0.008423648 0.024013473 0.005950989
v 0.008434131 0.025139518 0.005949706
v 0.008434131 0.025139518 0.005950986
v 0.00844512 0.024064394 0.011949704
v 0.008454646 0.025087729 0.011949704
v 0.008459403 -0.024020659 0.019874981
v 0.00847077 0.024064392 0.005949709
v 0.00847077 0.024064392 0.005950989
v 0.008480296 0.025087729 0.005949709
v 0.008480296 0.025087729 0.005950989
v 0.008486603 -0.007526947 -5.0294e-05
v 0.008486603 0.007090518 -5.0294e-05
v 0.008487653 0.024119204 0.011949704
v 0.008496151 0.025032137 0.011949704
v 0.008512205 -0.010362666 0.011949707
v 0.008512205 0.009926237 0.011949707
v 0.008513303 0.024119204 0.005949709
v 0.008513303 0.024119204 0.005950989
v 0.008521802 0.025032137 0.005949709
v 0.008521802 0.025032137 0.005950989
v 0.008525277 0.024177494 0.011949704
v 0.008532684 0.024973156 0.011949704
v 0.008550928 0.024177494 0.005949709
v 0.008550928 0.024177494 0.005950989
v 0.00855771 0.024238825 0.011949704
v 0.008558335 0.024973156 0.005949709
v 0.008558335 0.024973156 0.005950989
v 0.008563969 0.024911232 0.011949704
v 0.008569378 -0.017418215 0.02
v 0.00858336 0.024238823 0.005949709
v 0.00858336 0.024238823 0.005950989
v 0.008584707 0.024302734 0.011949704
v 0.00858962 0.024911232 0.005949709
v 0.00858962 0.024911232 0.005950989
v 0.008589772 0.024846831 0.011949704
v 0.008593028 -0.023947188 0.02
v 0.008593552 -0.023946987 0.02
v 0.008606065 0.024368742 0.011949704
v 0.008609897 0.024780437 0.011949704
v 0.008610358 0.024302732 0.005949709
v 0.008610358 0.024302732 0.005950989
v 0.008612363 -0.007444845 0.009949706
v 0.008612363 0.007008416 0.009949706
v 0.008614928 -0.023946987 0.019959027
v 0.008615422 0.024846831 0.005949709
v 0.008615422 0.024846831 0.005950989
v 0.008621624 0.024436353 0.011949704
v 0.008624194 0.024712548 0.011949704
v 0.008631266 0.024505058 0.011949704
v 0.008631716 0.024368741 0.005949709
v 0.008631716 0.024368741 0.005950989
v 0.008632556 0.024643676 0.011949704
v 0.008634919 0.024574339 0.011949704
v 0.008635548 0.024780437 0.005949709
v 0.008635548 0.024780437 0.005950989
v 0.008647274 0.024436353 0.005949709
v 0.008647274 0.024436353 0.005950989
v 0.008649846 0.024712548 0.005949709
v 0.008649846 0.024712548 0.005950989
v 0.008656916 0.024505056 0.005949709
v 0.008656916 0.024505056 0.005950989
v 0.008658207 0.024643676 0.005949709
v 0.008658207 0.024643676 0.005950989
v 0.00866057 0.024574338 0.005949709
v 0.00866057 0.024574338 0.005950989
v 0.008679028 -0.005576804 0.000949706
v 0.008679028 0.005140375 0.000949706
v 0.008690744 -0.023904647 0.02
v 0.008788912 -0.02386224 0.02
v 0.008789725 -0.023861883 0.02
v 0.008790025 -0.023861738 0.02
v 0.008935585 -0.008227916 -5.0294e-05
v 0.008935585 -0.008227916 0.005949706
v 0.008935585 0.007791487 -5.0294e-05
v 0.008935585 0.007791487 0.005949706
v 0.00897146 -0.017418215 0.02
v 0.00897939 -0.023766679 0.02
v 0.008980731 -0.023765983 0.02
v 0.008981711 -0.023765438 0.02
v 0.008995328 -0.006890851 -5.0294e-05
v 0.008995328 0.006454422 -5.0294e-05
v 0.00910307 -0.004819748 0.000949706
v 0.00910307 0.004383319 0.000949706
v 0.009162075 -0.023661271 0.02
v 0.009163458 -0.02366046 0.02
v 0.009166972 -0.02365821 0.02
v 0.009209432 -0.006666728 0.009949706
v 0.009209432 0.006230299 0.009949706
v 0.009237524 -0.005167962 0.003949706
v 0.009237524 -0.005167962 0.009949706
v 0.009237524 0.004731533 0.003949706
v 0.009237524 0.004731533 0.009949706
v 0.009337413 -0.023545727 0.02
v 0.009339427 -0.023544318 0.02
v 0.009343117 -0.023541528 0.02
v 0.009363961 -0.009582176 0.011949707
v 0.009363961 0.009145747 0.011949707
v 0.009461233 -0.00402939 0.000949706
v 0.009461233 0.003592961 0.000949706
v 0.009502304 -0.023421989 0.02
v 0.009505739 -0.023419142 0.02
v 0.009529913 -0.006102156 -5.0294e-05
v 0.009529913 0.005665727 -5.0294e-05
v 0.009590388 -0.007431012 -5.0294e-05
v 0.009590388 -0.007431012 0.005949706
v 0.009590388 0.006994583 -5.0294e-05
v 0.009590388 0.006994583 0.005949706
v 0.009650415 -0.023295899 0.02
v 0.009654541 -0.023292181 0.02
v 0.009659165 -0.023287629 0.02
v 0.009736412 -0.005839535 0.009949706
v 0.009736412 0.005403106 0.009949706
v 0.009741015 -0.003243547 0.000949706
v 0.009750925 -0.003211451 0.000949706
v 0.009750925 0.002775022 0.000949706
v 0.009793508 -0.023157802 0.02
v 0.009797254 -0.023153796 0.02
v 0.009918436 -0.023020635 0.02
v 0.009924406 -0.02301365 0.02
v 0.009927407 -0.023009834 0.02
v 0.009970048 -0.002371849 0.000949706
v 0.009970048 0.00193542 0.000949706
v 0.009995528 -0.005270879 -5.0294e-05
v 0.009995528 0.00483445 -5.0294e-05
v 0.010036725 -0.02287304 0.02
v 0.010043418 -0.022863687 0.02
v 0.010117017 -0.001516661 0.000949706
v 0.010117017 0.001080233 0.000949706
v 0.01014403 -0.02271984 0.02
v 0.010144452 -0.00873042 0.011949707
v 0.010144452 0.008293991 0.011949707
v 0.010146145 -0.022716613 0.02
v 0.010153421 -0.022704333 0.02
v 0.010174341 -0.006580823 -5.0294e-05
v 0.010174341 -0.006580823 0.005949706
v 0.010174341 0.006144394 -5.0294e-05
v 0.010174341 0.006144394 0.005949706
v 0.010189293 -0.00496956 0.009949706
v 0.010189293 0.004533131 0.009949706
v 0.010190768 -0.000652077 0.000949706
v 0.010190768 0.000215648 0.000949706
v 0.01024517 -0.022553149 0.02
v 0.010326747 -0.022396284 0.02
v 0.010327683 -0.022394548 0.02
v 0.010331828 -0.022386363 0.02
v 0.010335331 -0.022378694 0.02
v 0.010388806 -0.004403035 -5.0294e-05
v 0.010388806 0.003966606 -5.0294e-05
v 0.010406335 -0.022216426 0.02
v 0.010406608 -0.022215794 0.02
v 0.01041288 -0.022199502 0.02
v 0.010472526 -0.022033151 0.02
v 0.010473742 -0.022029485 0.02
v 0.010477804 -0.02201537 0.02
v 0.010525514 -0.021846309 0.02
v 0.010527239 -0.021839015 0.02
v 0.01056261 -0.021668845 0.02
v 0.010564626 -0.004063424 0.009949706
v 0.010564626 0.003626995 0.009949706
v 0.010564804 -0.021657552 0.02
v 0.010567205 -0.021638736 0.02
v 0.010590155 -0.021468519 0.02
v 0.010591143 -0.02145913 0.02
v 0.010592448 -0.021429059 0.02
v 0.010619354 -0.018477506 0.02
v 0.010619354 -0.017418215 0.02
v 0.0106309 -0.021218214 0.02
v 0.01068313 -0.005683628 -5.0294e-05
v 0.01068313 -0.005683628 0.005949706
v 0.01068313 0.005247199 -5.0294e-05
v 0.01068313 0.005247199 0.005949706
v 0.010706898 -0.003504906 -5.0294e-05
v 0.010706898 0.003068477 -5.0294e-05
v 0.010847736 -0.007813881 0.011949707
v 0.010847736 0.007377452 0.011949707
v 0.010859557 -0.003128024 0.009949706
v 0.010859557 0.002691595 0.009949706
v 0.010947504 -0.00258299 -5.0294e-05
v 0.010947504 0.002146561 -5.0294e-05
v 0.011071839 -0.002170478 0.009949706
v 0.011071839 0.00173405 0.009949706
v 0.011108882 -0.00164396 -5.0294e-05
v 0.011108882 0.001207531 -5.0294e-05
v 0.011112995 -0.004746057 -5.0294e-05
v 0.011112995 -0.004746057 0.005949706
v 0.011112995 0.004309628 -5.0294e-05
v 0.011112995 0.004309628 0.005949706
v 0.011157702 -0.017418215 0.017349707
v 0.011157702 -0.016218215 0.017349707
v 0.011189863 -0.000694612 -5.0294e-05
v 0.011189863 0.000258183 -5.0294e-05
v 0.011199859 -0.001198075 0.009949706
v 0.011199859 0.000761646 0.009949706
v 0.011242641 -0.000218214 0.009949706
v 0.011440721 0.027781786 0.011949704
v 0.01146076 -0.003775036 -5.0294e-05
v 0.01146076 -0.003775036 0.005949706
v 0.01146076 0.003338607 -5.0294e-05
v 0.01146076 0.003338607 0.005949706
v 0.011466372 0.027781786 0.005949706
v 0.011466372 0.027781786 0.005950986
v 0.011468464 -0.006839535 0.011949707
v 0.011468464 0.006403106 0.011949707
v 0.011510447 0.027778741 0.011949704
v 0.011536097 0.027778745 0.005949709
v 0.011536097 0.027778745 0.005950989
v 0.011579641 0.027769633 0.011949704
v 0.011605292 0.027769635 0.005949709
v 0.011605292 0.027769635 0.005950989
v 0.011647779 0.027754527 0.011949704
v 0.011673428 0.02775453 0.005949709
v 0.011673428 0.02775453 0.005950989
v 0.01171434 0.02773354 0.011949704
v 0.011723857 -0.002777738 -5.0294e-05
v 0.011723857 -0.002777738 0.005949706
v 0.011723857 0.002341309 -5.0294e-05
v 0.011723857 0.002341309 0.005949706
v 0.01173999 0.027733544 0.005949709
v 0.01173999 0.027733544 0.005950989
v 0.011778818 0.027706832 0.011949704
v 0.011804468 0.027706835 0.005949709
v 0.011804468 0.027706835 0.005950989
v 0.011840724 0.027674606 0.011949704
v 0.011866374 0.02767461 0.005949709
v 0.011866374 0.02767461 0.005950989
v 0.011899587 0.027637107 0.011949704
v 0.011900343 -0.001761532 -5.0294e-05
v 0.011900343 -0.001761532 0.005949706
v 0.011900343 0.001325103 -5.0294e-05
v 0.011900343 0.001325103 0.005949706
v 0.011925235 0.027637111 0.005949709
v 0.011925235 0.027637111 0.005950989
v 0.011954956 0.02759462 0.011949704
v 0.011966377 0.020869443 0.005949707
v 0.011966377 0.020869443 0.005950987
v 0.011966382 0.020781785 0.005949706
v 0.011980604 0.027594624 0.005949709
v 0.011980604 0.027594624 0.005950989
v 0.011988914 -0.000733924 -5.0294e-05
v 0.011988914 -0.000733924 0.005949706
v 0.011988914 0.000297495 -5.0294e-05
v 0.011988914 0.000297495 0.005949706
v 0.012001908 -0.005814796 0.011949707
v 0.012001908 0.005378367 0.011949707
v 0.012006411 0.027547471 0.011949704
v 0.01203206 0.027547473 0.005949709
v 0.01203206 0.027547473 0.005950989
v 0.012053562 0.027496016 0.011949704
v 0.01207921 0.027496018 0.005949709
v 0.01207921 0.027496018 0.005950989
v 0.012096049 0.027440647 0.011949704
v 0.01211415 -0.017418215 0.017203324
v 0.01211415 -0.016218215 0.017203324
v 0.012121697 0.027440649 0.005949709
v 0.012121697 0.027440649 0.005950989
v 0.012133548 0.027381785 0.011949704
v 0.012159196 0.027381787 0.005949709
v 0.012159196 0.027381787 0.005950989
v 0.012165774 0.02731988 0.011949704
v 0.012179832 0.027287932 0.011949704
v 0.012191421 0.027319882 0.005949709
v 0.012191421 0.027319882 0.005950989
v 0.012192482 0.027255401 0.011949704
v 0.012203702 0.02722235 0.011949704
v 0.012213469 0.027188841 0.011949704
v 0.01221813 0.027255403 0.005949709
v 0.01221813 0.027255403 0.005950989
v 0.012221765 0.027154937 0.011949704
v 0.012228575 0.027120704 0.011949704
v 0.012233884 0.027086206 0.011949704
v 0.012237684 0.02705151 0.011949704
v 0.012239116 0.027188841 0.005949709
v 0.012239116 0.027188841 0.005950989
v 0.012239967 0.027016681 0.011949704
v 0.012240728 0.020781785 0.011949704
v 0.012240728 0.026981786 0.011949704
v 0.01224074 0.020912644 0.011946851
v 0.012240778 0.021043252 0.011938291
v 0.012240838 0.021173364 0.011924041
v 0.012240923 0.02130273 0.01190413
v 0.012241033 0.021431105 0.011878595
v 0.012241165 0.021558242 0.011847484
v 0.012241323 0.021683903 0.011810857
v 0.012241502 0.021807846 0.011768784
v 0.012241705 0.021929836 0.011721345
v 0.012241931 0.022049641 0.01166863
v 0.012242448 0.022281786 0.011547782
v 0.012243048 0.022502515 0.011407163
v 0.01224373 0.022710148 0.01124784
v 0.012244485 0.022903105 0.011071027
v 0.01224531 0.023079919 0.010878069
v 0.012246199 0.023239242 0.010670436
v 0.012247142 0.023379862 0.010449707
v 0.012248135 0.023500709 0.010217561
v 0.012249169 0.023600863 0.009975767
v 0.012250236 0.023679564 0.009726164
v 0.012251329 0.023736209 0.009470651
v 0.012252439 0.02377037 0.009211173
v 0.012253556 0.023781786 0.008949706
v 0.012254221 0.027120704 0.005949709
v 0.012254221 0.027120704 0.005950989
v 0.012254675 0.02377037 0.008688239
v 0.012255784 0.023736209 0.008428762
v 0.012256877 0.023679564 0.00817325
v 0.012257944 0.023600863 0.007923646
v 0.012258978 0.023500709 0.007681852
v 0.01225997 0.023379862 0.007449707
v 0.012260915 0.023239242 0.007228977
v 0.012261802 0.023079919 0.007021344
v 0.012262627 0.022903105 0.006828386
v 0.012263332 0.02705151 0.005949709
v 0.012263332 0.02705151 0.005950989
v 0.012263384 0.022710148 0.006651573
v 0.012264065 0.022502515 0.00649225
v 0.012264666 0.022281786 0.00635163
v 0.012265183 0.022049641 0.006230783
v 0.012265408 0.021929836 0.006178068
v 0.012265611 0.021807846 0.006130629
v 0.012265791 0.021683903 0.006088556
v 0.012265948 0.021558242 0.006051929
v 0.012266081 0.021431105 0.006020818
v 0.01226619 0.02130273 0.005995283
v 0.012266275 0.021173364 0.005975372
v 0.012266336 0.021043252 0.005961122
v 0.01226638 0.020869443 0.005949709
v 0.01226638 0.020869443 0.005950989
v 0.01226638 0.020869508 0.005950989
v 0.01226638 0.026981786 0.005949706
v 0.01226638 0.026981786 0.005950986
v 0.012444012 -0.004747464 0.011949707
v 0.012444012 0.004311035 0.011949707
v 0.012791408 -0.003645662 0.011949707
v 0.012791408 0.003209233 0.011949707
v 0.013000202 -0.024218215 0.009258343
v 0.013041455 -0.002517775 0.011949707
v 0.013041455 0.002081346 0.011949707
v 0.013150026 -0.024213076 0.009339371
v 0.013167115 -0.024218215 0.008949704
v 0.013192249 -0.001372387 0.011949707
v 0.013192249 0.000935958 0.011949707
v 0.013218895 -0.024216952 0.009036748
v 0.013242641 -0.000218214 0.011949707
v 0.013268482 -0.024213355 0.0091204
v 0.013299474 -0.024197787 0.009420196
v 0.013320495 -0.024207039 0.009208404
v 0.013396416 -0.02419308 0.009337221
v 0.013455713 -0.024170987 0.009504692
v 0.013471742 -0.024173575 0.009465312
v 0.013569938 -0.024139494 0.009632441
v 0.013620477 -0.024118055 0.009718424
v 0.013721797 -0.024066882 0.0098905
v 0.013766225 -0.024040913 0.00996576
v 0.013868774 -0.023972483 0.010138824
v 0.013908463 -0.023942722 0.010205513
v 0.013950462 -0.021218214 0.013807783
v 0.013950462 -0.016218215 0.013807783
v 0.014009842 -0.023858005 0.010375012
v 0.014046445 -0.023824217 0.01043589
v 0.014102921 -0.023768567 0.010529483
v 0.014143544 -0.023725772 0.010596564
v 0.014179126 -0.023686288 0.010655169
v 0.01426775 -0.023579108 0.010800699
v 0.01430496 -0.023529952 0.010861738
v 0.014371831 -0.023434384 0.01097173
v 0.014421388 -0.023356441 0.011053981
v 0.014471486 -0.023270311 0.011138059
v 0.014526492 -0.023166846 0.011230676
v 0.014565435 -0.023087198 0.011296382
v 0.014621044 -0.022962715 0.011390342
v 0.014648565 -0.022895703 0.011436878
v 0.014704713 -0.02274554 0.011531811
v 0.014721189 -0.02269746 0.011559652
v 0.014777117 -0.022516934 0.01165402
v 0.014783595 -0.02249397 0.01166493
v 0.014812133 -0.022386383 0.011712923
v 0.014836045 -0.022286579 0.011753023
v 0.014837838 -0.022278668 0.011756025
v 0.014878765 -0.022076502 0.011824307
v 0.014886434 -0.022032641 0.011837039
v 0.014911942 -0.021864809 0.011879195
v 0.014922505 -0.021780474 0.011896543
v 0.014935713 -0.02165244 0.011918112
v 0.014950162 -0.021440184 0.01194148
v 0.01495531 -0.016218215 0.011949707
v 0.014955312 -0.021218214 0.011949704
v 0.02 -0.024218215 0.008949706
v 0.02 -0.024206799 0.008688239
v 0.02 -0.024206799 0.009211173
v 0.02 -0.024173543 0.008433917
v 0.02 -0.024173543 0.009465491
v 0.02 -0.024172638 0.008428762
v 0.02 -0.024172638 0.009470651
v 0.02 -0.024118016 0.008180835
v 0.02 -0.024118016 0.009718572
v 0.02 -0.024115993 0.00817325
v 0.02 -0.024115993 0.009726164
v 0.02 -0.024040857 0.00793349
v 0.02 -0.024040857 0.009965917
v 0.02 -0.024037292 0.007923646
v 0.02 -0.024037292 0.009975767
v 0.02 -0.023942644 0.007693725
v 0.02 -0.023942644 0.010205683
v 0.02 -0.023937138 0.007681852
v 0.02 -0.023937138 0.010217561
v 0.02 -0.023824109 0.007463328
v 0.02 -0.023824109 0.010436079
v 0.02 -0.023816291 0.007449707
v 0.02 -0.023816291 0.010449707
v 0.02 -0.023686135 0.007244018
v 0.02 -0.023686135 0.010655389
v 0.02 -0.023675671 0.007228977
v 0.02 -0.023675671 0.010670436
v 0.02 -0.023529755 0.007037432
v 0.02 -0.023529755 0.010861976
v 0.02 -0.023516348 0.007021344
v 0.02 -0.023516348 0.010878069
v 0.02 -0.02335613 0.00684511
v 0.02 -0.02335613 0.011054298
v 0.02 -0.023339534 0.006828386
v 0.02 -0.023339534 0.011071027
v 0.02 -0.023166558 0.006668486
v 0.02 -0.023166558 0.011230921
v 0.02 -0.023146577 0.006651573
v 0.02 -0.023146577 0.01124784
v 0.02 -0.022962455 0.006508878
v 0.02 -0.022962455 0.011390529
v 0.02 -0.022938944 0.00649225
v 0.02 -0.022938944 0.011407163
v 0.02 -0.022745339 0.006367478
v 0.02 -0.022745339 0.011531929
v 0.02 -0.022718215 0.00635163
v 0.02 -0.022718215 0.011547782
v 0.02 -0.022516832 0.006245338
v 0.02 -0.022516832 0.011654069
v 0.02 -0.02248607 0.006230783
v 0.02 -0.02248607 0.01166863
v 0.02 -0.022278639 0.006143372
v 0.02 -0.022278639 0.011756035
v 0.02 -0.022244275 0.006130629
v 0.02 -0.022244275 0.011768784
v 0.02 -0.022032537 0.006062338
v 0.02 -0.022032537 0.01183707
v 0.02 -0.021994671 0.006051929
v 0.02 -0.021994671 0.011847484
v 0.02 -0.021780359 0.006002842
v 0.02 -0.021780359 0.011896566
v 0.02 -0.021739159 0.005995283
v 0.02 -0.021739159 0.01190413
v 0.02 -0.021523988 0.005965327
v 0.02 -0.021523988 0.01193408
v 0.02 -0.021479681 0.005961122
v 0.02 -0.021479681 0.011938291
v 0.02 -0.021218214 0.005949706
v 0.02 -0.021218214 0.011949704
v 0.02 0.020781785 0.005949706
v 0.02 0.020781785 0.011949704
v 0.02 0.021043252 0.005961122
v 0.02 0.021043252 0.011938291
v 0.02 0.02130273 0.005995283
v 0.02 0.02130273 0.01190413
v 0.02 0.021558242 0.006051929
v 0.02 0.021558242 0.011847484
v 0.02 0.021807846 0.006130629
v 0.02 0.021807846 0.011768784
v 0.02 0.022049641 0.006230783
v 0.02 0.022049641 0.01166863
v 0.02 0.022281786 0.00635163
v 0.02 0.022281786 0.011547782
v 0.02 0.022502515 0.00649225
v 0.02 0.022502515 0.011407163
v 0.02 0.022710148 0.006651573
v 0.02 0.022710148 0.01124784
v 0.02 0.022903105 0.006828386
v 0.02 0.022903105 0.011071027
v 0.02 0.023079919 0.007021344
v 0.02 0.023079919 0.010878069
v 0.02 0.023239242 0.007228977
v 0.02 0.023239242 0.010670436
v 0.02 0.023379862 0.007449707
v 0.02 0.023379862 0.010449707
v 0.02 0.023500709 0.007681852
v 0.02 0.023500709 0.010217561
v 0.02 0.023600863 0.007923646
v 0.02 0.023600863 0.009975767
v 0.02 0.023679564 0.00817325
v 0.02 0.023679564 0.009726164
v 0.02 0.023736209 0.008428762
v 0.02 0.023736209 0.009470651
v 0.02 0.02377037 0.008688239
v 0.02 0.02377037 0.009211173
v 0.02 0.023781786 0.008949706
v 0.02061009 -0.021191576 0.005949706
v 0.02061009 -0.021191576 0.011949707
v 0.02061009 0.020755148 0.005949706
v 0.02061009 0.020755148 0.011949707
v 0.020632878 -0.021452049 0.005961122
v 0.020632878 -0.021452049 0.011938291
v 0.020632878 0.02101562 0.005961122
v 0.020632878 0.02101562 0.011938291
v 0.020655492 -0.021710539 0.005995283
v 0.020655492 -0.021710539 0.01190413
v 0.020655492 0.02127411 0.005995283
v 0.020655492 0.02127411 0.01190413
v 0.020677762 -0.021965079 0.006051929
v 0.020677762 -0.021965079 0.011847484
v 0.020677762 0.02152865 0.006051929
v 0.020677762 0.02152865 0.011847484
v 0.020699516 -0.022213733 0.006130629
v 0.020699516 -0.022213733 0.011768784
v 0.020699516 0.021777304 0.006130629
v 0.020699516 0.021777304 0.011768784
v 0.02072059 -0.022454608 0.006230783
v 0.02072059 -0.022454608 0.01166863
v 0.02072059 0.022018179 0.006230783
v 0.02072059 0.022018179 0.01166863
v 0.020740824 -0.022685869 0.00635163
v 0.020740824 -0.022685869 0.011547782
v 0.020740824 0.02224944 0.00635163
v 0.020740824 0.02224944 0.011547782
v 0.020760061 -0.02290576 0.00649225
v 0.020760061 -0.02290576 0.011407163
v 0.020760061 0.022469331 0.00649225
v 0.020760061 0.022469331 0.011407163
v 0.020778157 -0.023112603 0.006651573
v 0.020778157 -0.023112603 0.01124784
v 0.020778157 0.022676174 0.006651573
v 0.020778157 0.022676174 0.01124784
v 0.020794975 -0.023304826 0.006828386
v 0.020794975 -0.023304826 0.011071027
v 0.020794975 0.022868397 0.006828386
v 0.020794975 0.022868397 0.011071027
v 0.020810384 -0.023480965 0.007021344
v 0.020810384 -0.023480965 0.010878069
v 0.020810384 0.023044536 0.007021344
v 0.020810384 0.023044536 0.010878069
v 0.02082427 -0.023639683 0.007228977
v 0.02082427 -0.023639683 0.010670436
v 0.02082427 0.023203254 0.007228977
v 0.02082427 0.023203254 0.010670436
v 0.020836527 -0.023779767 0.007449707
v 0.020836527 -0.023779767 0.010449707
v 0.020836527 0.023343338 0.007449707
v 0.020836527 0.023343338 0.010449707
v 0.02084706 -0.023900155 0.007681852
v 0.02084706 -0.023900155 0.010217561
v 0.02084706 0.023463726 0.007681852
v 0.02084706 0.023463726 0.010217561
v 0.020855788 -0.023999928 0.007923646
v 0.020855788 -0.023999928 0.009975767
v 0.020855788 0.023563499 0.007923646
v 0.020855788 0.023563499 0.009975767
v 0.020862648 -0.024078328 0.00817325
v 0.020862648 -0.024078328 0.009726164
v 0.020862648 0.023641899 0.00817325
v 0.020862648 0.023641899 0.009726164
v 0.020867584 -0.024134759 0.008428762
v 0.020867584 -0.024134759 0.009470651
v 0.020867584 0.02369833 0.008428762
v 0.020867584 0.02369833 0.009470651
v 0.020870563 -0.024168789 0.008688239
v 0.020870563 -0.024168789 0.009211173
v 0.020870563 0.02373236 0.008688239
v 0.020870563 0.02373236 0.009211173
v 0.020871557 -0.024180161 0.008949706
v 0.020871557 0.023743732 0.008949706
v 0.021215536 -0.021111868 0.005949706
v 0.021215536 -0.021111868 0.011949707
v 0.021215536 0.020675439 0.005949706
v 0.021215536 0.020675439 0.011949707
v 0.02126094 -0.021369364 0.005961122
v 0.02126094 -0.021369364 0.011938291
v 0.02126094 0.020932935 0.005961122
v 0.02126094 0.020932935 0.011938291
v 0.021305997 -0.021624899 0.005995283
v 0.021305997 -0.021624899 0.01190413
v 0.021305997 0.02118847 0.005995283
v 0.021305997 0.02118847 0.01190413
v 0.021350367 -0.021876529 0.006051929
v 0.021350367 -0.021876529 0.011847484
v 0.021350367 0.0214401 0.006051929
v 0.021350367 0.0214401 0.011847484
v 0.021393711 -0.02212234 0.006130629
v 0.021393711 -0.02212234 0.011768784
v 0.021393711 0.021685911 0.006130629
v 0.021393711 0.021685911 0.011768784
v 0.021435697 -0.022360463 0.006230783
v 0.021435697 -0.022360463 0.01166863
v 0.021435697 0.021924034 0.006230783
v 0.021435697 0.021924034 0.01166863
v 0.021476008 -0.02258908 0.00635163
v 0.021476008 -0.02258908 0.011547782
v 0.021476008 0.022152651 0.00635163
v 0.021476008 0.022152651 0.011547782
v 0.021514338 -0.022806456 0.00649225
v 0.021514338 -0.022806456 0.011407163
v 0.021514338 0.022370027 0.00649225
v 0.021514338 0.022370027 0.011407163
v 0.021550393 -0.023010936 0.006651573
v 0.021550393 -0.023010936 0.01124784
v 0.021550393 0.022574507 0.006651573
v 0.021550393 0.022574507 0.01124784
v 0.0215839 -0.023200961 0.006828386
v 0.0215839 -0.023200961 0.011071027
v 0.0215839 0.022764532 0.006828386
v 0.0215839 0.022764532 0.011071027
v 0.021614604 -0.023375088 0.007021344
v 0.021614604 -0.023375088 0.010878069
v 0.021614604 0.022938659 0.007021344
v 0.021614604 0.022938659 0.010878069
v 0.02164227 -0.02353199 0.007228977
v 0.02164227 -0.02353199 0.010670436
v 0.02164227 0.023095561 0.007228977
v 0.02164227 0.023095561 0.010670436
v 0.021666687 -0.023670474 0.007449707
v 0.021666687 -0.023670474 0.010449707
v 0.021666687 0.023234045 0.007449707
v 0.021666687 0.023234045 0.010449707
v 0.021687673 -0.023789486 0.007681852
v 0.021687673 -0.023789486 0.010217561
v 0.021687673 0.023353057 0.007681852
v 0.021687673 0.023353057 0.010217561
v 0.021705065 -0.023888119 0.007923646
v 0.021705065 -0.023888119 0.009975767
v 0.021705065 0.02345169 0.007923646
v 0.021705065 0.02345169 0.009975767
v 0.021718731 -0.023965623 0.00817325
v 0.021718731 -0.023965623 0.009726164
v 0.021718731 0.023529194 0.00817325
v 0.021718731 0.023529194 0.009726164
v 0.021728566 -0.024021408 0.008428762
v 0.021728566 -0.024021408 0.009470651
v 0.021728566 0.023584979 0.008428762
v 0.021728566 0.023584979 0.009470651
v 0.021734498 -0.024055049 0.008688239
v 0.021734498 -0.024055049 0.009211173
v 0.021734498 0.02361862 0.008688239
v 0.021734498 0.02361862 0.009211173
v 0.02173648 -0.024066292 0.008949706
v 0.02173648 0.023629863 0.008949706
v 0.021811733 -0.020979695 0.005949706
v 0.021811733 -0.020979695 0.011949707
v 0.021811733 0.020543266 0.005949706
v 0.021811733 0.020543266 0.011949707
v 0.021879405 -0.021232253 0.005961122
v 0.021879405 -0.021232253 0.011938291
v 0.021879405 0.020795824 0.005961122
v 0.021879405 0.020795824 0.011938291
v 0.021946562 -0.021482889 0.005995283
v 0.021946562 -0.021482889 0.01190413
v 0.021946562 0.02104646 0.005995283
v 0.021946562 0.02104646 0.01190413
v 0.022012694 -0.021729695 0.006051929
v 0.022012694 -0.021729695 0.011847484
v 0.022012694 0.021293266 0.006051929
v 0.022012694 0.021293266 0.011847484
v 0.022077296 -0.021970794 0.006130629
v 0.022077296 -0.021970794 0.011768784
v 0.022077296 0.021534365 0.006130629
v 0.022077296 0.021534365 0.011768784
v 0.022139877 -0.022204349 0.006230783
v 0.022139877 -0.022204349 0.01166863
v 0.022139877 0.02176792 0.006230783
v 0.022139877 0.02176792 0.01166863
v 0.02219996 -0.022428583 0.00635163
v 0.02219996 -0.022428583 0.011547782
v 0.02219996 0.021992154 0.00635163
v 0.02219996 0.021992154 0.011547782
v 0.02225709 -0.022641793 0.00649225
v 0.02225709 -0.022641793 0.011407163
v 0.02225709 0.022205364 0.00649225
v 0.02225709 0.022205364 0.011407163
v 0.022310829 -0.022842351 0.006651573
v 0.022310829 -0.022842351 0.01124784
v 0.022310829 0.022405922 0.006651573
v 0.022310829 0.022405922 0.01124784
v 0.02236077 -0.023028733 0.006828386
v 0.02236077 -0.023028733 0.011071027
v 0.02236077 0.022592304 0.006828386
v 0.02236077 0.022592304 0.011071027
v 0.022394141 -0.020796062 0.005949706
v 0.022394141 -0.020796062 0.011949707
v 0.022394141 0.020359633 0.005949706
v 0.022394141 0.020359633 0.011949707
v 0.022406533 -0.023199521 0.007021344
v 0.022406533 -0.023199521 0.010878069
v 0.022406533 0.022763092 0.007021344
v 0.022406533 0.022763092 0.010878069
v 0.022447769 -0.023353416 0.007228977
v 0.022447769 -0.023353416 0.010670436
v 0.022447769 0.022916988 0.007228977
v 0.022447769 0.022916988 0.010670436
v 0.022483567 -0.021041762 0.005961122
v 0.022483567 -0.021041762 0.011938291
v 0.022483567 0.020605333 0.005961122
v 0.022483567 0.020605333 0.011938291
v 0.022484165 -0.023489244 0.007449707
v 0.022484165 -0.023489244 0.010449707
v 0.022484165 0.023052815 0.007449707
v 0.022484165 0.023052815 0.010449707
v 0.022515442 -0.023605974 0.007681852
v 0.022515442 -0.023605974 0.010217561
v 0.022515442 0.023169545 0.007681852
v 0.022515442 0.023169545 0.010217561
v 0.022541363 -0.023702715 0.007923646
v 0.022541363 -0.023702715 0.009975767
v 0.022541363 0.023266286 0.007923646
v 0.022541363 0.023266286 0.009975767
v 0.022561733 -0.023778733 0.00817325
v 0.022561733 -0.023778733 0.009726164
v 0.022561733 0.023342304 0.00817325
v 0.022561733 0.023342304 0.009726164
v 0.022572314 -0.02128559 0.005995283
v 0.022572314 -0.02128559 0.01190413
v 0.022572314 0.020849161 0.005995283
v 0.022572314 0.020849161 0.01190413
v 0.022576394 -0.023833448 0.008428762
v 0.022576394 -0.023833448 0.009470651
v 0.022576394 0.023397019 0.008428762
v 0.022576394 0.023397019 0.009470651
v 0.022585236 -0.023866447 0.008688239
v 0.022585236 -0.023866447 0.009211173
v 0.022585236 0.023430018 0.008688239
v 0.022585236 0.023430018 0.009211173
v 0.02258819 -0.023877474 0.008949706
v 0.02258819 0.023441045 0.008949706
v 0.022659704 -0.021525694 0.006051929
v 0.022659704 -0.021525694 0.011847484
v 0.022659704 0.021089265 0.006051929
v 0.022659704 0.021089265 0.011847484
v 0.022745073 -0.021760244 0.006130629
v 0.022745073 -0.021760244 0.011768784
v 0.022745073 0.021323815 0.006130629
v 0.022745073 0.021323815 0.011768784
v 0.022827772 -0.021987457 0.006230783
v 0.022827772 -0.021987457 0.01166863
v 0.022827772 0.021551028 0.006230783
v 0.022827772 0.021551028 0.01166863
v 0.022907171 -0.022205602 0.00635163
v 0.022907171 -0.022205602 0.011547782
v 0.022907171 0.021769173 0.00635163
v 0.022907171 0.021769173 0.011547782
v 0.022958327 -0.020562369 0.005949706
v 0.022958327 -0.020562369 0.011949707
v 0.022958327 0.02012594 0.005949706
v 0.022958327 0.02012594 0.011949707
v 0.022982664 -0.022413019 0.00649225
v 0.022982664 -0.022413019 0.011407163
v 0.022982664 0.02197659 0.00649225
v 0.022982664 0.02197659 0.011407163
v 0.02305368 -0.022608131 0.006651573
v 0.02305368 -0.022608131 0.01124784
v 0.02305368 0.022171702 0.006651573
v 0.02305368 0.022171702 0.01124784
v 0.023068829 -0.020799339 0.005961122
v 0.023068829 -0.020799339 0.011938291
v 0.023068829 0.02036291 0.005961122
v 0.023068829 0.02036291 0.011938291
v 0.023119675 -0.022789452 0.006828386
v 0.023119675 -0.022789452 0.011071027
v 0.023119675 0.022353023 0.006828386
v 0.023119675 0.022353023 0.011071027
v 0.023178488 -0.021034505 0.005995283
v 0.023178488 -0.021034505 0.01190413
v 0.023178488 0.020598076 0.005995283
v 0.023178488 0.020598076 0.01190413
v 0.023180148 -0.022955602 0.007021344
v 0.023180148 -0.022955602 0.010878069
v 0.023180148 0.022519173 0.007021344
v 0.023180148 0.022519173 0.010878069
v 0.023234639 -0.023105316 0.007228977
v 0.023234639 -0.023105316 0.010670436
v 0.023234639 0.022668887 0.007228977
v 0.023234639 0.022668887 0.010670436
v 0.023282735 -0.023237456 0.007449707
v 0.023282735 -0.023237456 0.010449707
v 0.023282735 0.022801027 0.007449707
v 0.023282735 0.022801027 0.010449707
v 0.023286473 -0.021266079 0.006051929
v 0.023286473 -0.021266079 0.011847484
v 0.023286473 0.02082965 0.006051929
v 0.023286473 0.02082965 0.011847484
v 0.023324067 -0.023351016 0.007681852
v 0.023324067 -0.023351016 0.010217561
v 0.023324067 0.022914587 0.007681852
v 0.023324067 0.022914587 0.010217561
v 0.023358321 -0.023445129 0.007923646
v 0.023358321 -0.023445129 0.009975767
v 0.023358321 0.0230087 0.007923646
v 0.023358321 0.0230087 0.009975767
v 0.023385238 -0.023519084 0.00817325
v 0.023385238 -0.023519084 0.009726164
v 0.023385238 0.023082653 0.00817325
v 0.023385238 0.023082653 0.009726164
v 0.023391958 -0.021492295 0.006130629
v 0.023391958 -0.021492295 0.011768784
v 0.023391958 0.021055866 0.006130629
v 0.023391958 0.021055866 0.011768784
v 0.023404613 -0.023572313 0.008428762
v 0.023404613 -0.023572313 0.009470651
v 0.023404613 0.023135884 0.008428762
v 0.023404613 0.023135884 0.009470651
v 0.023416296 -0.023604413 0.008688239
v 0.023416296 -0.023604413 0.009211173
v 0.023416296 0.023167985 0.008688239
v 0.023416296 0.023167985 0.009211173
v 0.023420202 -0.02361514 0.008949706
v 0.023420202 0.023178712 0.008949706
v 0.023494145 -0.021711435 0.006230783
v 0.023494145 -0.021711435 0.01166863
v 0.023494145 0.021275006 0.006230783
v 0.023494145 0.021275006 0.01166863
v 0.023499999 -0.020280393 0.005949706
v 0.023499999 -0.020280393 0.011949707
v 0.023499999 0.019843964 0.005949706
v 0.023499999 0.019843964 0.011949707
v 0.023592254 -0.02192183 0.00635163
v 0.023592254 -0.02192183 0.011547782
v 0.023592254 0.021485401 0.00635163
v 0.023592254 0.021485401 0.011547782
v 0.023630733 -0.020506829 0.005961122
v 0.023630733 -0.020506829 0.011938291
v 0.023630733 0.0200704 0.005961122
v 0.023630733 0.0200704 0.011938291
v 0.023685539 -0.02212188 0.00649225
v 0.023685539 -0.02212188 0.011407163
v 0.023685539 0.021685451 0.00649225
v 0.023685539 0.021685451 0.011407163
v 0.023760471 -0.020731544 0.005995283
v 0.023760471 -0.020731544 0.01190413
v 0.023760471 0.020295115 0.005995283
v 0.023760471 0.020295115 0.01190413
v 0.023773288 -0.02231006 0.006651573
v 0.023773288 -0.02231006 0.01124784
v 0.023773288 0.021873631 0.006651573
v 0.023773288 0.021873631 0.01124784
v 0.023854835 -0.022484938 0.006828386
v 0.023854835 -0.022484938 0.011071027
v 0.023854835 0.022048509 0.006828386
v 0.023854835 0.022048509 0.011071027
v 0.023888228 -0.020952825 0.006051929
v 0.023888228 -0.020952825 0.011847484
v 0.023888228 0.020516396 0.006051929
v 0.023888228 0.020516396 0.011847484
v 0.023929561 -0.022645185 0.007021344
v 0.023929561 -0.022645185 0.010878069
v 0.023929561 0.022208756 0.007021344
v 0.023929561 0.022208756 0.010878069
v 0.023996893 -0.022789581 0.007228977
v 0.023996893 -0.022789581 0.010670436
v 0.023996893 0.022353152 0.007228977
v 0.023996893 0.022353152 0.010670436
v 0.024013029 -0.021168986 0.006130629
v 0.024013029 -0.021168986 0.011768784
v 0.024013029 0.020732557 0.006130629
v 0.024013029 0.020732557 0.011768784
v 0.024015034 -0.019952279 0.005949706
v 0.024015034 -0.019952279 0.011949707
v 0.024015034 0.01951585 0.005949706
v 0.024015034 0.01951585 0.011949707
v 0.024056321 -0.022917025 0.007449707
v 0.024056321 -0.022917025 0.010449707
v 0.024056321 0.022480596 0.007449707
v 0.024056321 0.022480596 0.010449707
v 0.024107395 -0.02302655 0.007681852
v 0.024107395 -0.02302655 0.010217561
v 0.024107395 0.022590121 0.007681852
v 0.024107395 0.022590121 0.010217561
v 0.024133926 -0.021378387 0.006230783
v 0.024133926 -0.021378387 0.01166863
v 0.024133926 0.020941958 0.006230783
v 0.024133926 0.020941958 0.01166863
v 0.024149721 -0.023117321 0.007923646
v 0.024149721 -0.023117321 0.009975767
v 0.024149721 0.022680892 0.007923646
v 0.024149721 0.022680892 0.009975767
v 0.024165006 -0.02016646 0.005961122
v 0.024165006 -0.02016646 0.011938291
v 0.024165006 0.019730031 0.005961122
v 0.024165006 0.019730031 0.011938291
v 0.024182981 -0.023188647 0.00817325
v 0.024182981 -0.023188647 0.009726164
v 0.024182981 0.022752218 0.00817325
v 0.024182981 0.022752218 0.009726164
v 0.02420692 -0.023239985 0.008428762
v 0.02420692 -0.023239985 0.009470651
v 0.02420692 0.022803556 0.008428762
v 0.02420692 0.022803556 0.009470651
v 0.024221357 -0.023270946 0.008688239
v 0.024221357 -0.023270946 0.009211173
v 0.024221357 0.022834517 0.008688239
v 0.024221357 0.022834517 0.009211173
v 0.024226181 -0.023281293 0.008949706
v 0.024226181 0.022844864 0.008949706
v 0.024249999 -0.02157943 0.00635163
v 0.024249999 -0.02157943 0.011547782
v 0.024249999 0.021143001 0.00635163
v 0.024249999 0.021143001 0.011547782
v 0.024313835 -0.020379012 0.005995283
v 0.024313835 -0.020379012 0.01190413
v 0.024313835 0.019942584 0.005995283
v 0.024313835 0.019942584 0.01190413
v 0.024360364 -0.021770587 0.00649225
v 0.024360364 -0.021770587 0.011407163
v 0.024360364 0.021334158 0.00649225
v 0.024360364 0.021334158 0.011407163
v 0.024460392 -0.020588316 0.006051929
v 0.024460392 -0.020588316 0.011847484
v 0.024460392 0.020151887 0.006051929
v 0.024460392 0.020151887 0.011847484
v 0.024464181 -0.021950403 0.006651573
v 0.024464181 -0.021950403 0.01124784
v 0.024464181 0.021513974 0.006651573
v 0.024464181 0.021513974 0.01124784
v 0.024499513 -0.019580526 0.005949706
v 0.024499513 -0.019580526 0.011949707
v 0.024499513 0.019144097 0.005949706
v 0.024499513 0.019144097 0.011949707
v 0.02456066 -0.02211751 0.006828386
v 0.02456066 -0.02211751 0.011071027
v 0.02456066 0.021681082 0.006828386
v 0.02456066 0.021681082 0.011071027
v 0.024603559 -0.020792779 0.006130629
v 0.024603559 -0.020792779 0.011768784
v 0.024603559 0.02035635 0.006130629
v 0.024603559 0.02035635 0.011768784
v 0.024649067 -0.022270635 0.007021344
v 0.024649067 -0.022270635 0.010878069
v 0.024649067 0.021834206 0.007021344
v 0.024649067 0.021834206 0.010878069
v 0.02466758 -0.01978082 0.005961122
v 0.02466758 -0.01978082 0.011938291
v 0.02466758 0.019344391 0.005961122
v 0.02466758 0.019344391 0.011938291
v 0.024728727 -0.022408612 0.007228977
v 0.024728727 -0.022408612 0.010670436
v 0.024728727 0.021972183 0.007228977
v 0.024728727 0.021972183 0.010670436
v 0.024742246 -0.020990845 0.006230783
v 0.024742246 -0.020990845 0.01166863
v 0.024742246 0.020554416 0.006230783
v 0.024742246 0.020554416 0.01166863
v 0.024799038 -0.022530392 0.007449707
v 0.024799038 -0.022530392 0.010449707
v 0.024799038 0.022093963 0.007449707
v 0.024799038 0.022093963 0.010449707
v 0.024834368 -0.019979592 0.005995283
v 0.024834368 -0.019979592 0.01190413
v 0.024834368 0.019543163 0.005995283
v 0.024834368 0.019543163 0.01190413
v 0.024859462 -0.022635048 0.007681852
v 0.024859462 -0.022635048 0.010217561
v 0.024859462 0.022198619 0.007681852
v 0.024859462 0.022198619 0.010217561
v 0.024875399 -0.021181006 0.00635163
v 0.024875399 -0.021181006 0.011547782
v 0.024875399 0.020744577 0.00635163
v 0.024875399 0.020744577 0.011547782
v 0.024909539 -0.022721786 0.007923646
v 0.024909539 -0.022721786 0.009975767
v 0.024909539 0.022285357 0.007923646
v 0.024909539 0.022285357 0.009975767
v 0.024948888 -0.022789942 0.00817325
v 0.024948888 -0.022789942 0.009726164
v 0.024948888 0.022353513 0.00817325
v 0.024948888 0.022353513 0.009726164
v 0.024949746 -0.019167962 0.005949706
v 0.024949746 -0.019167962 0.011949707
v 0.024949746 0.018731533 0.005949706
v 0.024949746 0.018731533 0.011949707
v 0.024977211 -0.022838999 0.008428762
v 0.024977211 -0.022838999 0.009470651
v 0.024977211 0.02240257 0.008428762
v 0.024977211 0.02240257 0.009470651
v 0.024994291 -0.022868583 0.008688239
v 0.024994291 -0.022868583 0.009211173
v 0.024994291 0.022432152 0.008688239
v 0.024994291 0.022432152 0.009211173
v 0.024998609 -0.020175327 0.006051929
v 0.024998609 -0.020175327 0.011847484
v 0.024998609 0.019738898 0.006051929
v 0.024998609 0.019738898 0.011847484
v 0.024999999 -0.022878468 0.008949706
v 0.024999999 0.022442039 0.008949706
v 0.025002005 -0.021361819 0.00649225
v 0.025002005 -0.021361819 0.011407163
v 0.025002005 0.02092539 0.00649225
v 0.025002005 0.02092539 0.011407163
v 0.025121098 -0.0215319 0.006651573
v 0.025121098 -0.0215319 0.01124784
v 0.025121098 0.021095471 0.006651573
v 0.025121098 0.021095471 0.01124784
v 0.025134632 -0.019352848 0.005961122
v 0.025134632 -0.019352848 0.011938291
v 0.025134632 0.018916419 0.005961122
v 0.025134632 0.018916419 0.011938291
v 0.025159052 -0.020366533 0.006130629
v 0.025159052 -0.020366533 0.011768784
v 0.025159052 0.019930104 0.006130629
v 0.025159052 0.019930104 0.011768784
v 0.025231773 -0.021689963 0.006828386
v 0.025231773 -0.021689963 0.011071027
v 0.025231773 0.021253534 0.006828386
v 0.025231773 0.021253534 0.011071027
v 0.025314474 -0.020551758 0.006230783
v 0.025314474 -0.020551758 0.01166863
v 0.025314474 0.020115329 0.006230783
v 0.025314474 0.020115329 0.01166863
v 0.02531811 -0.019536326 0.005995283
v 0.02531811 -0.019536326 0.01190413
v 0.02531811 0.019099897 0.005995283
v 0.02531811 0.019099897 0.01190413
v 0.02533319 -0.0218348 0.007021344
v 0.02533319 -0.0218348 0.010878069
v 0.02533319 0.021398371 0.007021344
v 0.02533319 0.021398371 0.010878069
v 0.025362311 -0.018717729 0.005949706
v 0.025362311 -0.018717729 0.011949707
v 0.025362311 0.0182813 0.005949706
v 0.025362311 0.0182813 0.011949707
v 0.025424574 -0.021965308 0.007228977
v 0.025424574 -0.021965308 0.010670436
v 0.025424574 0.021528879 0.007228977
v 0.025424574 0.021528879 0.010670436
v 0.025463695 -0.020729592 0.00635163
v 0.025463695 -0.020729592 0.011547782
v 0.025463695 0.020293163 0.00635163
v 0.025463695 0.020293163 0.011547782
v 0.025498785 -0.019717 0.006051929
v 0.025498785 -0.019717 0.011847484
v 0.025498785 0.019280571 0.006051929
v 0.025498785 0.019280571 0.011847484
v 0.02550523 -0.022080498 0.007449707
v 0.02550523 -0.022080498 0.010449707
v 0.02550523 0.021644069 0.007449707
v 0.02550523 0.021644069 0.010449707
v 0.025562607 -0.018885795 0.005961122
v 0.025562607 -0.018885795 0.011938291
v 0.025562607 0.018449366 0.005961122
v 0.025562607 0.018449366 0.011938291
v 0.025574544 -0.02217949 0.007681852
v 0.025574544 -0.02217949 0.010217561
v 0.025574544 0.021743061 0.007681852
v 0.025574544 0.021743061 0.010217561
v 0.025605576 -0.020898681 0.00649225
v 0.025605576 -0.020898681 0.011407163
v 0.025605576 0.020462252 0.00649225
v 0.025605576 0.020462252 0.011407163
v 0.02563199 -0.022261532 0.007923646
v 0.02563199 -0.022261532 0.009975767
v 0.02563199 0.021825103 0.007923646
v 0.02563199 0.021825103 0.009975767
v 0.025675282 -0.019893495 0.006130629
v 0.025675282 -0.019893495 0.011768784
v 0.025675282 0.019457066 0.006130629
v 0.025675282 0.019457066 0.011768784
v 0.025677131 -0.022326 0.00817325
v 0.025677131 -0.022326 0.009726164
v 0.025677131 0.021889571 0.00817325
v 0.025677131 0.021889571 0.009726164
v 0.025709622 -0.0223724 0.008428762
v 0.025709622 -0.0223724 0.009470651
v 0.025709622 0.021935971 0.008428762
v 0.025709622 0.021935971 0.009470651
v 0.025729217 -0.022400383 0.008688239
v 0.025729217 -0.022400383 0.009211173
v 0.025729217 0.021963954 0.008688239
v 0.025729217 0.021963954 0.009211173
v 0.025734063 -0.018233249 0.005949706
v 0.025734063 -0.018233249 0.011949707
v 0.025734063 0.01779682 0.005949706
v 0.025734063 0.01779682 0.011949707
v 0.025735764 -0.022409735 0.008949706
v 0.025735764 0.021973306 0.008949706
v 0.02573904 -0.021057738 0.006651573
v 0.02573904 -0.021057738 0.01124784
v 0.02573904 0.020621309 0.006651573
v 0.02573904 0.020621309 0.01124784
v 0.025761377 -0.019052584 0.005995283
v 0.025761377 -0.019052584 0.01190413
v 0.025761377 0.018616155 0.005995283
v 0.025761377 0.018616155 0.01190413
v 0.025846256 -0.020064471 0.006230783
v 0.025846256 -0.020064471 0.01166863
v 0.025846256 0.019628042 0.006230783
v 0.025846256 0.019628042 0.01166863
v 0.025863072 -0.021205552 0.006828386
v 0.025863072 -0.021205552 0.011071027
v 0.025863072 0.020769123 0.006828386
v 0.025863072 0.020769123 0.011071027
v 0.025948245 -0.018383222 0.005961122
v 0.025948245 -0.018383222 0.011938291
v 0.025948245 0.017946793 0.005961122
v 0.025948245 0.017946793 0.011938291
v 0.025957111 -0.019216824 0.006051929
v 0.025957111 -0.019216824 0.011847484
v 0.025957111 0.018780395 0.006051929
v 0.025957111 0.018780395 0.011847484
v 0.025976725 -0.021340998 0.007021344
v 0.025976725 -0.021340998 0.010878069
v 0.025976725 0.020904569 0.007021344
v 0.025976725 0.020904569 0.010878069
v 0.026010407 -0.020228622 0.00635163
v 0.026010407 -0.020228622 0.011547782
v 0.026010407 0.019792194 0.00635163
v 0.026010407 0.019792194 0.011547782
v 0.026062177 -0.017718215 0.005949706
v 0.026062177 -0.017718215 0.011949707
v 0.026062177 0.017281786 0.005949706
v 0.026062177 0.017281786 0.011949707
v 0.026079135 -0.021463046 0.007228977
v 0.026079135 -0.021463046 0.010670436
v 0.026079135 0.021026617 0.007228977
v 0.026079135 0.021026617 0.010670436
v 0.026148319 -0.019377267 0.006130629
v 0.026148319 -0.019377267 0.011768784
v 0.026148319 0.018940838 0.006130629
v 0.026148319 0.018940838 0.011768784
v 0.026160797 -0.018532051 0.005995283
v 0.026160797 -0.018532051 0.01190413
v 0.026160797 0.018095622 0.005995283
v 0.026160797 0.018095622 0.01190413
v 0.026166486 -0.020384701 0.00649225
v 0.026166486 -0.020384701 0.011407163
v 0.026166486 0.019948272 0.00649225
v 0.026166486 0.019948272 0.011407163
v 0.026169524 -0.021570768 0.007449707
v 0.026169524 -0.021570768 0.010449707
v 0.026169524 0.021134339 0.007449707
v 0.026169524 0.021134339 0.010449707
v 0.026247203 -0.021663342 0.007681852
v 0.026247203 -0.021663342 0.010217561
v 0.026247203 0.021226913 0.007681852
v 0.026247203 0.021226913 0.010217561
v 0.026288614 -0.017848948 0.005961122
v 0.026288614 -0.017848948 0.011938291
v 0.026288614 0.017412519 0.005961122
v 0.026288614 0.017412519 0.011938291
v 0.02631158 -0.021740064 0.007923646
v 0.02631158 -0.021740064 0.009975767
v 0.02631158 0.021303635 0.007923646
v 0.02631158 0.021303635 0.009975767
v 0.026313305 -0.02053152 0.006651573
v 0.026313305 -0.02053152 0.01124784
v 0.026313305 0.020095091 0.006651573
v 0.026313305 0.020095091 0.01124784
v 0.026333544 -0.01953269 0.006230783
v 0.026333544 -0.01953269 0.01166863
v 0.026333544 0.019096261 0.006230783
v 0.026333544 0.019096261 0.01166863
v 0.026344154 -0.017176542 0.005949706
v 0.026344154 -0.017176542 0.011949707
v 0.026344154 0.016740113 0.005949706
v 0.026344154 0.016740113 0.011949707
v 0.026362168 -0.021800352 0.00817325
v 0.026362168 -0.021800352 0.009726164
v 0.026362168 0.021363923 0.00817325
v 0.026362168 0.021363923 0.009726164
v 0.026370101 -0.018678607 0.006051929
v 0.026370101 -0.018678607 0.011847484
v 0.026370101 0.018242178 0.006051929
v 0.026370101 0.018242178 0.011847484
v 0.026398579 -0.021843744 0.008428762
v 0.026398579 -0.021843744 0.009470651
v 0.026398579 0.021407316 0.008428762
v 0.026398579 0.021407316 0.009470651
v 0.026420537 -0.021869915 0.008688239
v 0.026420537 -0.021869915 0.009211173
v 0.026420537 0.021433486 0.008688239
v 0.026420537 0.021433486 0.009211173
v 0.026427876 -0.02187866 0.008949706
v 0.026427876 0.021442231 0.008949706
v 0.026449747 -0.020667963 0.006828386
v 0.026449747 -0.020667963 0.011071027
v 0.026449747 0.020231534 0.006828386
v 0.026449747 0.020231534 0.011071027
v 0.026511377 -0.01968191 0.00635163
v 0.026511377 -0.01968191 0.011547782
v 0.026511377 0.019245481 0.00635163
v 0.026511377 0.019245481 0.011547782
v 0.026513329 -0.017978687 0.005995283
v 0.026513329 -0.017978687 0.01190413
v 0.026513329 0.017542258 0.005995283
v 0.026513329 0.017542258 0.01190413
v 0.026574563 -0.018821774 0.006130629
v 0.026574563 -0.018821774 0.011768784
v 0.026574563 0.018385345 0.006130629
v 0.026574563 0.018385345 0.011768784
v 0.026574772 -0.020792987 0.007021344
v 0.026574772 -0.020792987 0.010878069
v 0.026574772 0.020356558 0.007021344
v 0.026574772 0.020356558 0.010878069
v 0.026577847 -0.016612355 0.005949706
v 0.026577847 -0.016612355 0.011949707
v 0.026577847 0.016175926 0.005949706
v 0.026577847 0.016175926 0.011949707
v 0.026581123 -0.017287044 0.005961122
v 0.026581123 -0.017287044 0.011938291
v 0.026581123 0.016850615 0.005961122
v 0.026581123 0.016850615 0.011938291
v 0.026680466 -0.019823791 0.00649225
v 0.026680466 -0.019823791 0.011407163
v 0.026680466 0.019387363 0.00649225
v 0.026680466 0.019387363 0.011407163
v 0.02668743 -0.020905646 0.007228977
v 0.02668743 -0.020905646 0.010670436
v 0.02668743 0.020469217 0.007228977
v 0.02668743 0.020469217 0.010670436
v 0.026734609 -0.018106444 0.006051929
v 0.026734609 -0.018106444 0.011847484
v 0.026734609 0.017670015 0.006051929
v 0.026734609 0.017670015 0.011847484
v 0.02676148 -0.016029948 0.005949706
v 0.02676148 -0.016029948 0.011949707
v 0.02676148 0.015593519 0.005949706
v 0.02676148 0.015593519 0.011949707
v 0.026772629 -0.018960461 0.006230783
v 0.026772629 -0.018960461 0.01166863
v 0.026772629 0.018524032 0.006230783
v 0.026772629 0.018524032 0.01166863
v 0.026786864 -0.021005079 0.007449707
v 0.026786864 -0.021005079 0.010449707
v 0.026786864 0.02056865 0.007449707
v 0.026786864 0.02056865 0.010449707
v 0.02681629 -0.017396703 0.005995283
v 0.02681629 -0.017396703 0.01190413
v 0.02681629 0.016960274 0.005995283
v 0.02681629 0.016960274 0.01190413
v 0.026823547 -0.016701782 0.005961122
v 0.026823547 -0.016701782 0.011938291
v 0.026823547 0.016265353 0.005961122
v 0.026823547 0.016265353 0.011938291
v 0.026839523 -0.019957256 0.006651573
v 0.026839523 -0.019957256 0.01124784
v 0.026839523 0.019520827 0.006651573
v 0.026839523 0.019520827 0.01124784
v 0.026872316 -0.021090532 0.007681852
v 0.026872316 -0.021090532 0.010217561
v 0.026872316 0.020654103 0.007681852
v 0.026872316 0.020654103 0.010217561
v 0.026893653 -0.015433752 0.005949706
v 0.026893653 -0.015433752 0.011949707
v 0.026893653 0.014997323 0.005949706
v 0.026893653 0.014997323 0.011949707
v 0.026943136 -0.021161351 0.007923646
v 0.026943136 -0.021161351 0.009975767
v 0.026943136 0.020724922 0.007923646
v 0.026943136 0.020724922 0.009975767
v 0.026950771 -0.018231245 0.006130629
v 0.026950771 -0.018231245 0.011768784
v 0.026950771 0.017794816 0.006130629
v 0.026950771 0.017794816 0.011768784
v 0.026962793 -0.019093614 0.00635163
v 0.026962793 -0.019093614 0.011547782
v 0.026962793 0.018657185 0.00635163
v 0.026962793 0.018657185 0.011547782
v 0.026973363 -0.014828305 0.005949706
v 0.026973363 -0.014828305 0.011949707
v 0.026973363 0.014391876 0.005949706
v 0.026973363 0.014391876 0.011949707
v 0.026987337 -0.020081285 0.006828386
v 0.026987337 -0.020081285 0.011071027
v 0.026987337 0.019644856 0.006828386
v 0.026987337 0.019644856 0.011071027
v 0.026998784 -0.021217 0.00817325
v 0.026998784 -0.021217 0.009726164
v 0.026998784 0.020780571 0.00817325
v 0.026998784 0.020780571 0.009726164
v 0.026999999 -0.014218215 0.005949706
v 0.026999999 -0.014218215 0.011949704
v 0.026999999 0.013781786 0.005949706
v 0.026999999 0.013781786 0.011949704
v 0.027014038 -0.01609762 0.005961122
v 0.027014038 -0.01609762 0.011938291
v 0.027014038 0.015661191 0.005961122
v 0.027014038 0.015661191 0.011938291
v 0.027038839 -0.021257054 0.008428762
v 0.027038839 -0.021257054 0.009470651
v 0.027038839 0.020820625 0.008428762
v 0.027038839 0.020820625 0.009470651
v 0.027047863 -0.017504686 0.006051929
v 0.027047863 -0.017504686 0.011847484
v 0.027047863 0.017068258 0.006051929
v 0.027047863 0.017068258 0.011847484
v 0.027062995 -0.021281211 0.008688239
v 0.027062995 -0.021281211 0.009211173
v 0.027062995 0.020844782 0.008688239
v 0.027062995 0.020844782 0.009211173
v 0.027067376 -0.01679053 0.005995283
v 0.027067376 -0.01679053 0.01190413
v 0.027067376 0.016354101 0.005995283
v 0.027067376 0.016354101 0.01190413
v 0.027071068 -0.021289282 0.008949706
v 0.027071068 0.020852853 0.008949706
v 0.027122783 -0.02019494 0.007021344
v 0.027122783 -0.02019494 0.010878069
v 0.027122783 0.019758511 0.007021344
v 0.027122783 0.019758511 0.010878069
v 0.027143603 -0.01922022 0.00649225
v 0.027143603 -0.01922022 0.011407163
v 0.027143603 0.018783791 0.00649225
v 0.027143603 0.018783791 0.011407163
v 0.027151149 -0.015479155 0.005961122
v 0.027151149 -0.015479155 0.011938291
v 0.027151149 0.015042726 0.005961122
v 0.027151149 0.015042726 0.011938291
v 0.027160171 -0.018352142 0.006230783
v 0.027160171 -0.018352142 0.01166863
v 0.027160171 0.017915713 0.006230783
v 0.027160171 0.017915713 0.01166863
v 0.027233835 -0.014851093 0.005961122
v 0.027233835 -0.014851093 0.011938291
v 0.027233835 0.014414664 0.005961122
v 0.027233835 0.014414664 0.011938291
v 0.027244831 -0.02029735 0.007228977
v 0.027244831 -0.02029735 0.010670436
v 0.027244831 0.019860921 0.007228977
v 0.027244831 0.019860921 0.010670436
v 0.027261466 -0.014218215 0.005961122
v 0.027261466 -0.014218215 0.011938291
v 0.027261466 0.013781786 0.005961122
v 0.027261466 0.013781786 0.011938291
v 0.027264673 -0.016164778 0.005995283
v 0.027264673 -0.016164778 0.01190413
v 0.027264673 0.015728349 0.005995283
v 0.027264673 0.015728349 0.01190413
v 0.02727408 -0.017610174 0.006130629
v 0.02727408 -0.017610174 0.011768784
v 0.02727408 0.017173745 0.006130629
v 0.02727408 0.017173745 0.011768784
v 0.027307479 -0.016877919 0.006051929
v 0.027307479 -0.016877919 0.011847484
v 0.027307479 0.016441491 0.006051929
v 0.027307479 0.016441491 0.011847484
v 0.027313687 -0.019339314 0.006651573
v 0.027313687 -0.019339314 0.01124784
v 0.027313687 0.018902885 0.006651573
v 0.027313687 0.018902885 0.01124784
v 0.027352553 -0.020387739 0.007449707
v 0.027352553 -0.020387739 0.010449707
v 0.027352553 0.01995131 0.007449707
v 0.027352553 0.01995131 0.010449707
v 0.027361216 -0.018468214 0.00635163
v 0.027361216 -0.018468214 0.011547782
v 0.027361216 0.018031785 0.00635163
v 0.027361216 0.018031785 0.011547782
v 0.027406683 -0.015524213 0.005995283
v 0.027406683 -0.015524213 0.01190413
v 0.027406683 0.015087784 0.005995283
v 0.027406683 0.015087784 0.01190413
v 0.027445126 -0.020465419 0.007681852
v 0.027445126 -0.020465419 0.010217561
v 0.027445126 0.02002899 0.007681852
v 0.027445126 0.02002899 0.010217561
v 0.027471747 -0.019449988 0.006828386
v 0.027471747 -0.019449988 0.011071027
v 0.027471747 0.019013559 0.006828386
v 0.027471747 0.019013559 0.011071027
v 0.027492324 -0.014873708 0.005995283
v 0.027492324 -0.014873708 0.01190413
v 0.027492324 0.014437279 0.005995283
v 0.027492324 0.014437279 0.01190413
v 0.02749322 -0.01771236 0.006230783
v 0.02749322 -0.01771236 0.01166863
v 0.02749322 0.017275931 0.006230783
v 0.02749322 0.017275931 0.01166863
v 0.027511479 -0.016230909 0.006051929
v 0.027511479 -0.016230909 0.011847484
v 0.027511479 0.01579448 0.006051929
v 0.027511479 0.01579448 0.011847484
v 0.027520943 -0.014218215 0.005995283
v 0.027520943 -0.014218215 0.01190413
v 0.027520943 0.013781786 0.005995283
v 0.027520943 0.013781786 0.01190413
v 0.027521849 -0.020529795 0.007923646
v 0.027521849 -0.020529795 0.009975767
v 0.027521849 0.020093367 0.007923646
v 0.027521849 0.020093367 0.009975767
v 0.027542029 -0.016963288 0.006130629
v 0.027542029 -0.016963288 0.011768784
v 0.027542029 0.016526859 0.006130629
v 0.027542029 0.016526859 0.011768784
v 0.027552372 -0.01857858 0.00649225
v 0.027552372 -0.01857858 0.011407163
v 0.027552372 0.018142151 0.00649225
v 0.027552372 0.018142151 0.011407163
v 0.027582137 -0.020580383 0.00817325
v 0.027582137 -0.020580383 0.009726164
v 0.027582137 0.020143954 0.00817325
v 0.027582137 0.020143954 0.009726164
v 0.027616585 -0.019551404 0.007021344
v 0.027616585 -0.019551404 0.010878069
v 0.027616585 0.019114975 0.007021344
v 0.027616585 0.019114975 0.010878069
v 0.027625529 -0.020616794 0.008428762
v 0.027625529 -0.020616794 0.009470651
v 0.027625529 0.020180365 0.008428762
v 0.027625529 0.020180365 0.009470651
v 0.027651699 -0.020638753 0.008688239
v 0.027651699 -0.020638753 0.009211173
v 0.027651699 0.020202324 0.008688239
v 0.027651699 0.020202324 0.009211173
v 0.027658315 -0.015568582 0.006051929
v 0.027658315 -0.015568582 0.011847484
v 0.027658315 0.015132153 0.006051929
v 0.027658315 0.015132153 0.011847484
v 0.027660444 -0.02064609 0.008949706
v 0.027660444 0.020209661 0.008949706
v 0.027703615 -0.017810469 0.00635163
v 0.027703615 -0.017810469 0.011547782
v 0.027703615 0.017374041 0.00635163
v 0.027703615 0.017374041 0.011547782
v 0.027732188 -0.018682396 0.006651573
v 0.027732188 -0.018682396 0.01124784
v 0.027732188 0.018245967 0.006651573
v 0.027732188 0.018245967 0.01124784
v 0.027746866 -0.014895977 0.006051929
v 0.027746866 -0.014895977 0.011847484
v 0.027746866 0.014459549 0.006051929
v 0.027746866 0.014459549 0.011847484
v 0.027747095 -0.019642789 0.007228977
v 0.027747095 -0.019642789 0.010670436
v 0.027747095 0.01920636 0.007228977
v 0.027747095 0.01920636 0.010670436
v 0.027752578 -0.016295511 0.006130629
v 0.027752578 -0.016295511 0.011768784
v 0.027752578 0.015859082 0.006130629
v 0.027752578 0.015859082 0.011768784
v 0.027769241 -0.017045988 0.006230783
v 0.027769241 -0.017045988 0.01166863
v 0.027769241 0.016609559 0.006230783
v 0.027769241 0.016609559 0.01166863
v 0.027776457 -0.014218215 0.006051929
v 0.027776457 -0.014218215 0.011847484
v 0.027776457 0.013781786 0.006051929
v 0.027776457 0.013781786 0.011847484
v 0.027862282 -0.019723445 0.007449707
v 0.027862282 -0.019723445 0.010449707
v 0.027862282 0.019287016 0.007449707
v 0.027862282 0.019287016 0.010449707
v 0.027899295 -0.018778875 0.006828386
v 0.027899295 -0.018778875 0.011071027
v 0.027899295 0.018342447 0.006828386
v 0.027899295 0.018342447 0.011071027
v 0.027903665 -0.017903754 0.00649225
v 0.027903665 -0.017903754 0.011407163
v 0.027903665 0.017467326 0.00649225
v 0.027903665 0.017467326 0.011407163
v 0.027904127 -0.015611925 0.006130629
v 0.027904127 -0.015611925 0.011768784
v 0.027904127 0.015175496 0.006130629
v 0.027904127 0.015175496 0.011768784
v 0.027961275 -0.01979276 0.007681852
v 0.027961275 -0.01979276 0.010217561
v 0.027961275 0.019356331 0.007681852
v 0.027961275 0.019356331 0.010217561
v 0.027986133 -0.016358092 0.006230783
v 0.027986133 -0.016358092 0.01166863
v 0.027986133 0.015921663 0.006230783
v 0.027986133 0.015921663 0.01166863
v 0.027987387 -0.017125385 0.00635163
v 0.027987387 -0.017125385 0.011547782
v 0.027987387 0.016688956 0.00635163
v 0.027987387 0.016688956 0.011547782
v 0.027995517 -0.014917731 0.006130629
v 0.027995517 -0.014917731 0.011768784
v 0.027995517 0.014481302 0.006130629
v 0.027995517 0.014481302 0.011768784
v 0.028026059 -0.014218215 0.006130629
v 0.028026059 -0.014218215 0.011768784
v 0.028026059 0.013781786 0.006130629
v 0.028026059 0.013781786 0.011768784
v 0.028043317 -0.019850206 0.007923646
v 0.028043317 -0.019850206 0.009975767
v 0.028043317 0.019413777 0.007923646
v 0.028043317 0.019413777 0.009975767
v 0.028052419 -0.01886728 0.007021344
v 0.028052419 -0.01886728 0.010878069
v 0.028052419 0.018430851 0.007021344
v 0.028052419 0.018430851 0.010878069
v 0.028091844 -0.017991504 0.006651573
v 0.028091844 -0.017991504 0.01124784
v 0.028091844 0.017555075 0.006651573
v 0.028091844 0.017555075 0.01124784
v 0.028107785 -0.019895347 0.00817325
v 0.028107785 -0.019895347 0.009726164
v 0.028107785 0.019458918 0.00817325
v 0.028107785 0.019458918 0.009726164
v 0.028142247 -0.015653912 0.006230783
v 0.028142247 -0.015653912 0.01166863
v 0.028142247 0.015217483 0.006230783
v 0.028142247 0.015217483 0.01166863
v 0.028154185 -0.019927837 0.008428762
v 0.028154185 -0.019927837 0.009470651
v 0.028154185 0.019491408 0.008428762
v 0.028154185 0.019491408 0.009470651
v 0.028182168 -0.01994743 0.008688239
v 0.028182168 -0.01994743 0.009211173
v 0.028182168 0.019511001 0.008688239
v 0.028182168 0.019511001 0.009211173
v 0.028190397 -0.018946942 0.007228977
v 0.028190397 -0.018946942 0.010670436
v 0.028190397 0.018510513 0.007228977
v 0.028190397 0.018510513 0.010670436
v 0.02819152 -0.019953979 0.008949706
v 0.02819152 0.01951755 0.008949706
v 0.028194804 -0.01720088 0.00649225
v 0.028194804 -0.01720088 0.011407163
v 0.028194804 0.016764451 0.00649225
v 0.028194804 0.016764451 0.011407163
v 0.028210368 -0.016418176 0.00635163
v 0.028210368 -0.016418176 0.011547782
v 0.028210368 0.015981747 0.00635163
v 0.028210368 0.015981747 0.011547782
v 0.028236393 -0.014938805 0.006230783
v 0.028236393 -0.014938805 0.01166863
v 0.028236393 0.014502376 0.006230783
v 0.028236393 0.014502376 0.01166863
v 0.028266722 -0.01807305 0.006828386
v 0.028266722 -0.01807305 0.011071027
v 0.028266722 0.017636621 0.006828386
v 0.028266722 0.017636621 0.011071027
v 0.028267855 -0.014218215 0.006230783
v 0.028267855 -0.014218215 0.01166863
v 0.028267855 0.013781786 0.006230783
v 0.028267855 0.013781786 0.01166863
v 0.028312176 -0.019017253 0.007449707
v 0.028312176 -0.019017253 0.010449707
v 0.028312176 0.018580824 0.007449707
v 0.028312176 0.018580824 0.010449707
v 0.028370865 -0.015694223 0.00635163
v 0.028370865 -0.015694223 0.011547782
v 0.028370865 0.015257795 0.00635163
v 0.028370865 0.015257795 0.011547782
v 0.028389916 -0.017271895 0.006651573
v 0.028389916 -0.017271895 0.01124784
v 0.028389916 0.016835466 0.006651573
v 0.028389916 0.016835466 0.01124784
v 0.028416835 -0.019077675 0.007681852
v 0.028416835 -0.019077675 0.010217561
v 0.028416835 0.018641246 0.007681852
v 0.028416835 0.018641246 0.010217561
v 0.028423578 -0.016475305 0.00649225
v 0.028423578 -0.016475305 0.011407163
v 0.028423578 0.016038876 0.00649225
v 0.028423578 0.016038876 0.011407163
v 0.028426969 -0.018147776 0.007021344
v 0.028426969 -0.018147776 0.010878069
v 0.028426969 0.017711347 0.007021344
v 0.028426969 0.017711347 0.010878069
v 0.028467655 -0.014959038 0.00635163
v 0.028467655 -0.014959038 0.011547782
v 0.028467655 0.014522609 0.00635163
v 0.028467655 0.014522609 0.011547782
v 0.0285 -0.014218215 0.00635163
v 0.0285 -0.014218215 0.011547782
v 0.0285 0.013781786 0.00635163
v 0.0285 0.013781786 0.011547782
v 0.028503571 -0.019127753 0.007923646
v 0.028503571 -0.019127753 0.009975767
v 0.028503571 0.018691324 0.007923646
v 0.028503571 0.018691324 0.009975767
v 0.028571237 -0.01733789 0.006828386
v 0.028571237 -0.01733789 0.011071027
v 0.028571237 0.016901461 0.006828386
v 0.028571237 0.016901461 0.011071027
v 0.028571365 -0.018215109 0.007228977
v 0.028571365 -0.018215109 0.010670436
v 0.028571365 0.01777868 0.007228977
v 0.028571365 0.01777868 0.010670436
v 0.028571727 -0.019167103 0.00817325
v 0.028571727 -0.019167103 0.009726164
v 0.028571727 0.018730674 0.00817325
v 0.028571727 0.018730674 0.009726164
v 0.028588241 -0.015732553 0.00649225
v 0.028588241 -0.015732553 0.011407163
v 0.028588241 0.015296124 0.00649225
v 0.028588241 0.015296124 0.011407163
v 0.028620783 -0.019195426 0.008428762
v 0.028620783 -0.019195426 0.009470651
v 0.028620783 0.018758997 0.008428762
v 0.028620783 0.018758997 0.009470651
v 0.028624136 -0.016529044 0.006651573
v 0.028624136 -0.016529044 0.01124784
v 0.028624136 0.016092615 0.006651573
v 0.028624136 0.016092615 0.01124784
v 0.028650368 -0.019212507 0.008688239
v 0.028650368 -0.019212507 0.009211173
v 0.028650368 0.018776078 0.008688239
v 0.028650368 0.018776078 0.009211173
v 0.028660253 -0.019218214 0.008949706
v 0.028660253 0.018781785 0.008949706
v 0.028687544 -0.014978277 0.00649225
v 0.028687544 -0.014978277 0.011407163
v 0.028687544 0.014541847 0.00649225
v 0.028687544 0.014541847 0.011407163
v 0.028698811 -0.018274536 0.007449707
v 0.028698811 -0.018274536 0.010449707
v 0.028698811 0.017838107 0.007449707
v 0.028698811 0.017838107 0.010449707
v 0.028720729 -0.014218215 0.00649225
v 0.028720729 -0.014218215 0.011407163
v 0.028720729 0.013781786 0.00649225
v 0.028720729 0.013781786 0.011407163
v 0.028737387 -0.017398363 0.007021344
v 0.028737387 -0.017398363 0.010878069
v 0.028737387 0.016961934 0.007021344
v 0.028737387 0.016961934 0.010878069
v 0.02879272 -0.015768608 0.006651573
v 0.02879272 -0.015768608 0.01124784
v 0.02879272 0.015332179 0.006651573
v 0.02879272 0.015332179 0.01124784
v 0.028808335 -0.018325608 0.007681852
v 0.028808335 -0.018325608 0.010217561
v 0.028808335 0.017889179 0.007681852
v 0.028808335 0.017889179 0.010217561
v 0.028810518 -0.016578985 0.006828386
v 0.028810518 -0.016578985 0.011071027
v 0.028810518 0.016142556 0.006828386
v 0.028810518 0.016142556 0.011071027
v 0.028887101 -0.017452855 0.007228977
v 0.028887101 -0.017452855 0.010670436
v 0.028887101 0.017016426 0.007228977
v 0.028887101 0.017016426 0.010670436
v 0.028894387 -0.014996372 0.006651573
v 0.028894387 -0.014996372 0.01124784
v 0.028894387 0.014559943 0.006651573
v 0.028894387 0.014559943 0.01124784
v 0.028899105 -0.018367937 0.007923646
v 0.028899105 -0.018367937 0.009975767
v 0.028899105 0.017931508 0.007923646
v 0.028899105 0.017931508 0.009975767
v 0.028928362 -0.014218215 0.006651573
v 0.028928362 -0.014218215 0.01124784
v 0.028928362 0.013781786 0.006651573
v 0.028928362 0.013781786 0.01124784
v 0.028970432 -0.018401196 0.00817325
v 0.028970432 -0.018401196 0.009726164
v 0.028970432 0.017964767 0.00817325
v 0.028970432 0.017964767 0.009726164
v 0.028981306 -0.016624749 0.007021344
v 0.028981306 -0.016624749 0.010878069
v 0.028981306 0.01618832 0.007021344
v 0.028981306 0.01618832 0.010878069
v 0.028982745 -0.015802115 0.006828386
v 0.028982745 -0.015802115 0.011071027
v 0.028982745 0.015365686 0.006828386
v 0.028982745 0.015365686 0.011071027
v 0.02901924 -0.01750095 0.007449707
v 0.02901924 -0.01750095 0.010449707
v 0.02901924 0.017064521 0.007449707
v 0.02901924 0.017064521 0.010449707
v 0.02902177 -0.018425135 0.008428762
v 0.02902177 -0.018425135 0.009470651
v 0.02902177 0.017988706 0.008428762
v 0.02902177 0.017988706 0.009470651
v 0.029052731 -0.018439572 0.008688239
v 0.029052731 -0.018439572 0.009211173
v 0.029052731 0.018003143 0.008688239
v 0.029052731 0.018003143 0.009211173
v 0.029063078 -0.018444397 0.008949706
v 0.029063078 0.018007968 0.008949706
v 0.02908661 -0.01501319 0.006828386
v 0.02908661 -0.01501319 0.011071027
v 0.02908661 0.014576761 0.006828386
v 0.02908661 0.014576761 0.011071027
v 0.029121319 -0.014218215 0.006828386
v 0.029121319 -0.014218215 0.011071027
v 0.029121319 0.013781786 0.006828386
v 0.029121319 0.013781786 0.011071027
v 0.0291328 -0.017542282 0.007681852
v 0.0291328 -0.017542282 0.010217561
v 0.0291328 0.017105853 0.007681852
v 0.0291328 0.017105853 0.010217561
v 0.029135201 -0.016665984 0.007228977
v 0.029135201 -0.016665984 0.010670436
v 0.029135201 0.016229555 0.007228977
v 0.029135201 0.016229555 0.010670436
v 0.029156873 -0.015832819 0.007021344
v 0.029156873 -0.015832819 0.010878069
v 0.029156873 0.015396389 0.007021344
v 0.029156873 0.015396389 0.010878069
v 0.029226914 -0.017576536 0.007923646
v 0.029226914 -0.017576536 0.009975767
v 0.029226914 0.017140107 0.007923646
v 0.029226914 0.017140107 0.009975767
v 0.029262751 -0.015028601 0.007021344
v 0.029262751 -0.015028601 0.010878069
v 0.029262751 0.014592172 0.007021344
v 0.029262751 0.014592172 0.010878069
v 0.029271029 -0.01670238 0.007449707
v 0.029271029 -0.01670238 0.010449707
v 0.029271029 0.016265951 0.007449707
v 0.029271029 0.016265951 0.010449707
v 0.029298132 -0.014218215 0.007021344
v 0.029298132 -0.014218215 0.010878069
v 0.029298132 0.013781786 0.007021344
v 0.029298132 0.013781786 0.010878069
v 0.029300869 -0.017603453 0.00817325
v 0.029300869 -0.017603453 0.009726164
v 0.029300869 0.017167024 0.00817325
v 0.029300869 0.017167024 0.009726164
v 0.029313775 -0.015860485 0.007228977
v 0.029313775 -0.015860485 0.010670436
v 0.029313775 0.015424056 0.007228977
v 0.029313775 0.015424056 0.010670436
v 0.029354097 -0.017622828 0.008428762
v 0.029354097 -0.017622828 0.009470651
v 0.029354097 0.0171864 0.008428762
v 0.029354097 0.0171864 0.009470651
v 0.029386198 -0.017634511 0.008688239
v 0.029386198 -0.017634511 0.009211173
v 0.029386198 0.017198082 0.008688239
v 0.029386198 0.017198082 0.009211173
v 0.029387759 -0.016733658 0.007681852
v 0.029387759 -0.016733658 0.010217561
v 0.029387759 0.016297229 0.007681852
v 0.029387759 0.016297229 0.010217561
v 0.029396925 -0.017638415 0.008949706
v 0.029396925 0.017201986 0.008949706
v 0.029421467 -0.015042486 0.007228977
v 0.029421467 -0.015042486 0.010670436
v 0.029421467 0.014606057 0.007228977
v 0.029421467 0.014606057 0.010670436
v 0.029452259 -0.015884902 0.007449707
v 0.029452259 -0.015884902 0.010449707
v 0.029452259 0.015448474 0.007449707
v 0.029452259 0.015448474 0.010449707
v 0.029457456 -0.014218215 0.007228977
v 0.029457456 -0.014218215 0.010670436
v 0.029457456 0.013781786 0.007228977
v 0.029457456 0.013781786 0.010670436
v 0.029484501 -0.016759578 0.007923646
v 0.029484501 -0.016759578 0.009975767
v 0.029484501 0.016323149 0.007923646
v 0.029484501 0.016323149 0.009975767
v 0.029560518 -0.016779948 0.00817325
v 0.029560518 -0.016779948 0.009726164
v 0.029560518 0.016343519 0.00817325
v 0.029560518 0.016343519 0.009726164
v 0.029561551 -0.015054742 0.007449707
v 0.029561551 -0.015054742 0.010449707
v 0.029561551 0.014618313 0.007449707
v 0.029561551 0.014618313 0.010449707
v 0.029571271 -0.015905887 0.007681852
v 0.029571271 -0.015905887 0.010217561
v 0.029571271 0.015469459 0.007681852
v 0.029571271 0.015469459 0.010217561
v 0.029598076 -0.014218215 0.007449707
v 0.029598076 -0.014218215 0.010449707
v 0.029598076 0.013781786 0.007449707
v 0.029598076 0.013781786 0.010449707
v 0.029615235 -0.016794609 0.008428762
v 0.029615235 -0.016794609 0.009470651
v 0.029615235 0.01635818 0.008428762
v 0.029615235 0.01635818 0.009470651
v 0.029648231 -0.016803451 0.008688239
v 0.029648231 -0.016803451 0.009211173
v 0.029648231 0.016367022 0.008688239
v 0.029648231 0.016367022 0.009211173
v 0.029659258 -0.016806405 0.008949706
v 0.029659258 0.016369976 0.008949706
v 0.029669903 -0.01592328 0.007923646
v 0.029669903 -0.01592328 0.009975767
v 0.029669903 0.01548685 0.007923646
v 0.029669903 0.01548685 0.009975767
v 0.02968194 -0.015065274 0.007681852
v 0.02968194 -0.015065274 0.010217561
v 0.02968194 0.014628845 0.007681852
v 0.02968194 0.014628845 0.010217561
v 0.029718922 -0.014218215 0.007681852
v 0.029718922 -0.014218215 0.010217561
v 0.029718922 0.013781786 0.007681852
v 0.029718922 0.013781786 0.010217561
v 0.029747408 -0.015936945 0.00817325
v 0.029747408 -0.015936945 0.009726164
v 0.029747408 0.015500517 0.00817325
v 0.029747408 0.015500517 0.009726164
v 0.029781712 -0.015074003 0.007923646
v 0.029781712 -0.015074003 0.009975767
v 0.029781712 0.014637575 0.007923646
v 0.029781712 0.014637575 0.009975767
v 0.029803192 -0.015946781 0.008428762
v 0.029803192 -0.015946781 0.009470651
v 0.029803192 0.015510353 0.008428762
v 0.029803192 0.015510353 0.009470651
v 0.029819077 -0.014218215 0.007923646
v 0.029819077 -0.014218215 0.009975767
v 0.029819077 0.013781786 0.007923646
v 0.029819077 0.013781786 0.009975767
v 0.029836833 -0.015952714 0.008688239
v 0.029836833 -0.015952714 0.009211173
v 0.029836833 0.015516285 0.008688239
v 0.029836833 0.015516285 0.009211173
v 0.029848076 -0.015954696 0.008949706
v 0.029848076 0.015518268 0.008949706
v 0.029860113 -0.015080863 0.00817325
v 0.029860113 -0.015080863 0.009726164
v 0.029860113 0.014644434 0.00817325
v 0.029860113 0.014644434 0.009726164
v 0.029897777 -0.014218215 0.00817325
v 0.029897777 -0.014218215 0.009726164
v 0.029897777 0.013781786 0.00817325
v 0.029897777 0.013781786 0.009726164
v 0.029916544 -0.0150858 0.008428762
v 0.029916544 -0.0150858 0.009470651
v 0.029916544 0.014649371 0.008428762
v 0.029916544 0.014649371 0.009470651
v 0.029950574 -0.015088777 0.008688239
v 0.029950574 -0.015088777 0.009211173
v 0.029950574 0.014652348 0.008688239
v 0.029950574 0.014652348 0.009211173
v 0.029954422 -0.014218215 0.008428762
v 0.029954422 -0.014218215 0.009470651
v 0.029954422 0.013781786 0.008428762
v 0.029954422 0.013781786 0.009470651
v 0.029961945 -0.015089772 0.008949706
v 0.029961945 0.014653343 0.008949706
v 0.029988583 -0.014218215 0.008688239
v 0.029988583 -0.014218215 0.009211173
v 0.029988583 0.013781786 0.008688239
v 0.029988583 0.013781786 0.009211173
v 0.029999999 -0.014218215 0.008949706
v 0.029999999 0.013781786 0.008949706
f 2454 2301 3928
f 2254 1020 2301
f 161 163 176
f 4753 2708 3928
f 59 2 1
f 2290 2254 2301
f 2300 2290 2291
f 2406 2416 3928
f 4720 6078 4719
f 2726 4891 2730
f 5980 3790 4719
f 336 302 337
f 2561 2597 3928
f 2642 2597 3928
f 1022 1020 2301
f 1238 2001 2665
f 1238 1251 2001
f 983 1009 982
f 983 953 936
f 983 982 936
f 62 59 2
f 96 79 77
f 265 294 280
f 1287 3518 2662
f 2225 2302 2303
f 2225 1009 982
f 2225 2302 982
f 2298 2290 2301
f 2298 2300 2301
f 2298 2300 2290
f 515 511 578
f 6076 4720 6078
f 2685 2726 2618
f 5358 4766 5360
f 5446 5358 5360
f 2595 2599 3929
f 4266 2725 3929
f 2671 2725 3929
f 84 80 95
f 56 51 52
f 56 51 54
f 300 302 337
f 238 222 223
f 278 300 279
f 278 300 302
f 278 238 222
f 209 222 223
f 209 190 222
f 209 190 191
f 88 80 95
f 178 161 176
f 2502 2454 3928
f 2502 2561 3928
f 2677 2708 3928
f 2677 2642 3928
f 3642 2642 2597
f 3642 2677 2642
f 935 1021 1020
f 711 640 644
f 760 674 682
f 70 62 59
f 97 96 79
f 98 96 77
f 2751 2636 2750
f 2751 4978 2750
f 4982 2753 2752
f 4982 2753 3698
f 3579 2573 3640
f 2641 2573 3640
f 2641 3640 3698
f 2641 2753 3698
f 2483 3579 3518
f 2483 3579 2573
f 2567 2466 2559
f 2567 2636 2559
f 5089 4962 5093
f 5089 4962 4964
f 5159 5089 5085
f 5159 5089 5163
f 4966 5089 4964
f 4966 5089 5085
f 2678 2619 2618
f 2678 2685 2683
f 2678 2685 2618
f 2566 2618 2527
f 2566 2619 2618
f 2448 2528 2527
f 2417 2448 2527
f 2255 2251 2300
f 2255 2300 2291
f 2255 2251 1021
f 2415 2407 3929
f 2381 2415 2407
f 504 511 489
f 504 515 511
f 6068 6076 6104
f 6068 6076 4720
f 5566 5640 5652
f 6325 6303 6321
f 6283 6275 6303
f 6017 6001 4780
f 6227 6231 6255
f 6227 6231 6193
f 2588 3929 2572
f 2588 2595 3929
f 2616 2628 3929
f 2616 2612 3929
f 2603 2599 3929
f 2603 2612 3929
f 2654 2628 3929
f 2654 2671 3929
f 3593 4266 4748
f 3593 4266 2725
f 3666 4766 4763
f 6004 5980 4719
f 6004 6020 4719
f 6004 5980 6012
f 5984 5980 6012
f 5984 5934 5980
f 78 68 91
f 55 56 57
f 55 56 52
f 63 61 54
f 63 56 54
f 63 61 68
f 63 78 68
f 208 190 222
f 270 278 279
f 270 278 238
f 172 163 176
f 172 177 176
f 186 190 191
f 186 177 176
f 186 190 176
f 106 88 100
f 106 116 100
f 72 56 57
f 164 178 161
f 192 190 176
f 192 178 176
f 192 208 190
f 192 208 216
f 5357 5446 5360
f 5357 4771 5360
f 4772 4766 5360
f 4772 4771 5360
f 4772 4766 4763
f 3581 2561 2597
f 3581 3642 2597
f 3700 2677 2708
f 3700 3642 2677
f 575 636 640
f 229 208 216
f 229 208 222
f 900 901 850
f 598 529 596
f 670 674 736
f 751 674 736
f 751 760 674
f 1023 2302 982
f 74 70 59
f 71 70 62
f 71 79 77
f 71 70 77
f 119 133 132
f 184 214 215
f 173 184 174
f 173 184 214
f 235 239 214
f 264 265 280
f 908 953 936
f 908 875 936
f 318 294 280
f 318 317 280
f 318 317 335
f 318 340 335
f 361 340 335
f 1354 3518 1311
f 1354 1333 1311
f 1354 1333 3518
f 1310 1287 3518
f 1310 1333 3518
f 53 59 1
f 76 68 91
f 76 67 68
f 4980 4982 2752
f 4980 2751 2752
f 4980 2751 4978
f 2638 2753 2752
f 2638 2641 2753
f 2638 2751 2752
f 2638 2751 2636
f 2638 2641 2573
f 2479 2483 2573
f 2479 2567 2466
f 4968 4970 5085
f 4968 4966 5085
f 4968 4966 2745
f 5287 5283 5209
f 5287 5213 5209
f 5287 5283 5347
f 2544 2528 2527
f 2544 2566 2527
f 2419 2417 2527
f 2431 2417 2418
f 2431 2417 2448
f 2332 2302 2303
f 2332 2417 2418
f 2332 2417 2302
f 2305 2308 1039
f 2360 1243 2372
f 2360 2372 2466
f 2620 2618 2527
f 2620 2726 2730
f 2620 2726 2618
f 2624 2622 2735
f 2535 3929 2572
f 2433 2442 3929
f 2433 2415 3929
f 2335 2325 2351
f 2380 2406 2416
f 2324 2325 2301
f 613 579 578
f 553 515 578
f 553 579 578
f 490 458 489
f 490 504 489
f 677 642 683
f 677 684 683
f 706 684 683
f 706 788 683
f 706 788 767
f 841 901 850
f 841 788 850
f 927 935 1021
f 927 900 935
f 927 900 901
f 6365 6371 6357
f 6365 6353 6357
f 6349 6353 6357
f 6349 6353 6339
f 6277 6227 6255
f 6277 6273 6255
f 6361 6347 6369
f 6361 6371 6357
f 6361 6371 6375
f 6361 6369 6375
f 5758 5742 5652
f 5336 5426 5418
f 5336 5340 5426
f 5336 5340 4549
f 5184 5180 4504
f 5171 5175 5253
f 5171 5097 5093
f 5171 5097 5175
f 6042 6068 4720
f 6042 6068 6104
f 5554 5566 5640
f 5664 5566 5652
f 5664 5758 5652
f 5664 5758 5680
f 5496 5504 5418
f 2688 2696 2683
f 2688 2685 2683
f 2702 2729 2726
f 5853 5937 5897
f 5999 5937 5897
f 6171 6199 6233
f 6241 6283 6249
f 6241 6283 6275
f 6295 6303 6321
f 6295 6275 6303
f 6323 6319 6301
f 6323 6319 6339
f 6341 6325 6321
f 5544 5466 5540
f 6281 6273 6301
f 6239 6231 6255
f 6239 6273 6255
f 6239 6219 6247
f 6239 6281 6247
f 6239 6281 6273
f 6075 6103 6107
f 6145 6161 6177
f 6111 6005 6025
f 6111 6005 6091
f 6111 6091 6181
f 6149 6201 6173
f 5977 6009 6001
f 6041 6009 6001
f 4765 4760 4763
f 4765 4772 4763
f 3645 4760 4763
f 3677 4766 4773
f 3787 5934 5980
f 6108 6076 6104
f 6108 6154 6104
f 6362 6372 6375
f 6362 6369 6375
f 6362 6347 6344
f 6362 6347 6369
f 5638 5702 5658
f 197 207 216
f 197 192 216
f 197 192 178
f 120 116 137
f 120 106 116
f 66 72 73
f 66 72 57
f 69 72 80
f 69 84 80
f 69 63 56
f 69 72 56
f 69 78 84
f 69 63 78
f 85 88 80
f 85 72 80
f 85 88 100
f 85 72 73
f 112 136 116
f 112 101 100
f 112 116 100
f 153 161 163
f 135 136 116
f 135 116 137
f 135 153 136
f 135 153 161
f 135 164 161
f 135 164 137
f 4754 4759 4748
f 4758 4753 2708
f 4757 4759 4748
f 4757 4759 4760
f 4757 4760 3628
f 4762 4759 4760
f 4762 4765 4760
f 3521 2502 2561
f 3521 3581 2561
f 3521 2502 2454
f 3521 2396 2454
f 3521 2396 2345
f 3521 2345 2292
f 3521 2246 2292
f 3521 2246 2001
f 3521 2001 2665
f 4235 4771 4774
f 6011 6003 6043
f 6011 6003 5979
f 182 197 207
f 206 181 170
f 632 636 683
f 632 636 578
f 632 642 683
f 632 613 642
f 632 613 578
f 705 711 640
f 705 636 640
f 705 636 683
f 705 776 711
f 705 788 683
f 705 776 788
f 571 511 578
f 571 636 578
f 571 575 636
f 581 640 644
f 581 575 640
f 342 362 336
f 1267 1251 2001
f 1223 1116 2665
f 1145 1238 1251
f 1222 1115 2662
f 468 529 437
f 735 670 736
f 243 290 254
f 695 760 682
f 801 762 763
f 944 1023 1028
f 338 317 335
f 65 74 59
f 65 53 59
f 83 70 77
f 83 74 70
f 83 98 77
f 83 98 89
f 83 74 89
f 140 133 132
f 157 173 174
f 250 235 239
f 250 264 265
f 250 264 239
f 221 214 215
f 221 235 214
f 585 568 567
f 376 361 340
f 365 338 367
f 365 361 335
f 365 338 335
f 507 568 567
f 507 487 567
f 507 488 487
f 457 407 406
f 1190 1310 1287
f 117 121 132
f 117 119 132
f 107 98 96
f 107 117 121
f 134 121 132
f 5139 5069 5065
f 2571 2567 2636
f 2571 2638 2636
f 2571 2638 2573
f 2571 2479 2573
f 2571 2479 2567
f 2390 2483 3518
f 2390 2399 3518
f 2390 2479 2483
f 2746 2747 4970
f 2746 4968 4970
f 2746 4968 2745
f 2746 2630 2745
f 2746 2630 2747
f 4976 5077 4978
f 4976 5077 4974
f 4976 4978 2750
f 5081 5155 5151
f 5081 5077 5151
f 5081 5159 5085
f 5081 5155 5159
f 5081 4970 5085
f 5081 5077 4974
f 5217 5139 5213
f 2422 2308 2424
f 2304 2417 2302
f 2304 2419 2417
f 2304 1023 2302
f 2304 2305 1028
f 2304 1023 1028
f 1033 2305 1039
f 1033 2305 1028
f 1218 2360 1243
f 1218 2346 2360
f 2447 2327 2336
f 2731 4940 2730
f 2731 2732 4940
f 2731 2620 2730
f 2731 2620 2621
f 2731 2732 2621
f 2733 2621 2622
f 2733 2732 2621
f 2736 2624 2735
f 2749 2748 4974
f 2749 4976 2750
f 2749 4976 4974
f 2749 2636 2750
f 2635 2748 2747
f 2635 2630 2747
f 2635 2749 2636
f 2635 2749 2748
f 2635 2636 2559
f 2635 2630 2559
f 2525 2535 3929
f 2452 2442 3929
f 2452 2467 3929
f 2492 2467 3929
f 2315 2335 2325
f 2315 2300 2301
f 2315 2325 2301
f 2376 2335 2351
f 2376 2380 2381
f 2376 2350 2351
f 2376 2380 2350
f 2376 2381 2415
f 2340 2350 2351
f 2340 2325 2351
f 2340 2324 2325
f 2340 2324 2301
f 2340 2301 3928
f 2340 2416 3928
f 2340 2380 2416
f 2340 2380 2350
f 456 458 400
f 456 490 458
f 851 788 850
f 851 776 788
f 851 900 850
f 789 788 767
f 789 841 788
f 6331 6319 6339
f 6331 6349 6339
f 6243 6277 6227
f 6243 6227 6173
f 6243 6201 6173
f 6293 6277 6319
f 6293 6277 6273
f 6293 6319 6301
f 6293 6273 6301
f 6310 6347 6344
f 6146 6154 6104
f 6182 6236 6252
f 6182 6224 6236
f 5719 5617 5723
f 5609 5691 5707
f 5625 5617 5527
f 5625 5617 5723
f 6037 6045 6131
f 6037 6111 6025
f 5952 5959 6057
f 5845 5952 5959
f 5951 5959 6057
f 5951 5845 5959
f 4517 5180 4504
f 5258 4531 4549
f 5258 5340 4549
f 4590 5336 5418
f 4501 5184 4504
f 5335 5327 5417
f 5351 5261 5269
f 5351 5261 5343
f 5351 5433 5437
f 5351 5433 5343
f 5179 5261 5175
f 5167 5171 5093
f 5167 5089 5093
f 5167 5089 5163
f 4713 6042 4720
f 4713 6042 4710
f 5574 5664 5680
f 5574 5664 5566
f 5414 5496 5418
f 5414 4590 5418
f 5774 5758 5680
f 5480 5574 5488
f 5480 5574 5566
f 5114 5117 5191
f 4939 4473 4474
f 4939 5114 5117
f 4939 4891 2730
f 4939 4940 2730
f 5444 5446 5536
f 5444 5446 5358
f 5444 5440 4773
f 5444 4766 4773
f 5444 5358 4766
f 5963 5999 6015
f 5963 5917 5897
f 5963 5999 5897
f 6089 5999 6035
f 6195 6229 6233
f 6195 6171 6233
f 6257 6229 6233
f 6257 6241 6233
f 6257 6241 6275
f 6031 5995 6101
f 5967 5995 6035
f 5967 5999 6035
f 5967 5999 5937
f 6073 5995 6035
f 6073 5995 6101
f 6113 6039 6125
f 6093 6113 6007
f 5831 5819 5941
f 6067 6075 6103
f 6067 6041 6103
f 6067 6021 6075
f 6067 6021 6017
f 6067 6017 6001
f 6067 6041 6001
f 6153 6103 6107
f 6153 6145 6103
f 6153 6145 6177
f 6139 6143 6057
f 6139 6045 6131
f 5421 5405 5475
f 5421 5405 5347
f 4416 5405 5475
f 5635 5655 5577
f 5989 6005 6091
f 6165 6091 6181
f 6165 6149 6091
f 5931 5977 4749
f 5931 4737 4749
f 4767 5977 6001
f 4767 5977 4749
f 4767 6001 4780
f 5961 5915 5895
f 6215 6239 6219
f 6215 6161 6177
f 6215 6197 6161
f 6215 6239 6231
f 6215 6197 6231
f 6169 6115 6193
f 6169 6197 6161
f 6169 6231 6193
f 6169 6197 6231
f 6087 6095 6059
f 6063 6041 6009
f 6127 6145 6161
f 6127 6095 6161
f 6127 6145 6103
f 3608 3593 4748
f 3608 4757 4748
f 3646 3645 4763
f 3637 3645 4760
f 3672 3677 4766
f 5882 5984 5934
f 3784 3783 5934
f 3784 3787 5934
f 3789 5980 3790
f 5732 5702 5658
f 6156 6180 6188
f 6156 6180 6148
f 169 164 178
f 169 197 178
f 169 182 197
f 272 290 254
f 3621 4757 3628
f 4349 4235 4774
f 4098 4771 4764
f 4098 4235 4771
f 5559 5579 5493
f 5787 5677 5755
f 5861 5917 5897
f 5861 5739 5771
f 5807 5853 5897
f 5807 5861 5897
f 5807 5861 5771
f 5807 5853 5755
f 5807 5731 5755
f 6065 6085 6043
f 6065 6011 6043
f 6065 6011 6015
f 5983 6011 6015
f 5983 5979 5933
f 5983 6011 5979
f 5983 5963 6015
f 5983 5963 5917
f 99 78 84
f 99 118 131
f 99 84 95
f 195 182 207
f 154 181 170
f 217 243 254
f 217 243 206
f 514 511 489
f 514 571 511
f 412 458 400
f 412 417 368
f 412 362 400
f 374 417 368
f 323 336 302
f 323 342 336
f 1128 2345 2292
f 1067 2396 1083
f 1102 2396 2454
f 1172 1177 2001
f 1183 1205 2001
f 1183 1205 1092
f 1228 1238 2665
f 1228 1223 2665
f 1224 1235 2662
f 1224 1222 2662
f 1224 1222 1115
f 1244 1235 2662
f 1244 1259 2662
f 1244 1149 1235
f 1244 1149 1259
f 481 544 468
f 532 598 529
f 532 544 598
f 532 468 529
f 532 544 468
f 622 598 596
f 622 598 674
f 622 670 674
f 307 344 327
f 307 272 290
f 232 243 206
f 269 232 243
f 269 297 263
f 326 313 290
f 326 307 290
f 326 307 344
f 372 344 327
f 606 695 682
f 606 544 598
f 606 544 552
f 606 674 682
f 606 598 674
f 629 594 572
f 629 594 693
f 540 594 572
f 653 594 693
f 653 557 594
f 757 734 687
f 757 793 687
f 756 653 693
f 874 875 936
f 874 801 875
f 874 801 762
f 874 775 762
f 874 775 852
f 703 762 763
f 939 852 857
f 939 944 857
f 939 874 936
f 939 874 852
f 939 944 1023
f 939 982 936
f 939 1023 982
f 512 487 567
f 315 317 280
f 315 338 317
f 219 239 214
f 60 65 67
f 60 65 53
f 60 61 68
f 60 67 68
f 60 53 54
f 60 61 54
f 81 76 67
f 81 65 67
f 81 74 89
f 81 65 74
f 463 457 407
f 463 488 487
f 463 457 487
f 411 416 465
f 411 365 367
f 411 416 367
f 957 1033 1039
f 886 877 804
f 886 957 877
f 1269 1243 2372
f 1290 1248 1231
f 1290 1248 1311
f 1290 3518 1311
f 1290 1337 3518
f 1198 1248 1231
f 1162 1149 1259
f 1212 1124 1097
f 1212 1190 1097
f 1212 1310 1333
f 1212 1190 1310
f 103 107 96
f 103 107 117
f 103 110 97
f 103 97 96
f 103 110 119
f 103 117 119
f 149 134 132
f 149 140 148
f 149 140 132
f 149 157 148
f 149 157 173
f 4984 4982 3698
f 4984 5069 4982
f 5073 4980 4982
f 5073 5069 4982
f 5073 4980 4978
f 5073 5077 4978
f 5073 5077 5151
f 4972 5081 4970
f 4972 5081 4974
f 4972 2748 4974
f 4972 2747 4970
f 4972 2748 2747
f 5291 5287 5213
f 5291 5217 5213
f 5291 5221 5217
f 2529 2620 2621
f 2529 2530 2621
f 2529 2620 2527
f 2529 2419 2527
f 2531 2621 2622
f 2531 2530 2621
f 2421 2304 2419
f 2421 2304 2305
f 2421 2305 2308
f 2421 2422 2308
f 2421 2529 2419
f 2421 2529 2530
f 2421 2531 2530
f 2421 2531 2422
f 2462 2466 2559
f 2462 2360 2466
f 1158 1218 1243
f 1158 1218 1136
f 1197 1218 1136
f 1197 1218 2346
f 2543 2447 2547
f 2734 2622 2735
f 2734 2733 2622
f 2737 2738 2625
f 2737 2624 2625
f 2737 2736 2624
f 4958 5097 5093
f 2740 4958 2741
f 2744 4966 4964
f 2744 4966 2745
f 2522 2512 3929
f 2522 2525 3929
f 2503 2512 3929
f 2503 2492 3929
f 401 456 400
f 401 362 400
f 6315 6331 6319
f 6315 6331 6349
f 6343 6361 6357
f 6343 6361 6347
f 6213 6264 6210
f 6213 6264 6271
f 6213 6139 6143
f 6213 6139 6209
f 6189 6111 6181
f 6244 6228 6278
f 6244 6224 6202
f 6244 6224 6268
f 6286 6328 6290
f 6286 6290 6252
f 6286 6236 6252
f 6286 6224 6236
f 6286 6224 6268
f 6298 6244 6278
f 6298 6244 6268
f 6298 6286 6268
f 6128 6146 6104
f 6014 6060 6096
f 6014 4706 4705
f 6014 6060 5998
f 5966 5994 5888
f 6100 6120 6054
f 6100 6158 6120
f 5908 5994 5888
f 5852 5786 5888
f 5892 5774 5758
f 6006 5904 6026
f 6006 5892 5990
f 6006 5892 5904
f 6150 6224 6202
f 6150 6120 6054
f 5715 5829 5707
f 5523 5617 5527
f 5523 5433 5437
f 6123 6037 6131
f 6123 6037 6111
f 6123 6189 6131
f 6123 6189 6111
f 5838 5845 5723
f 5838 5845 5952
f 6049 5951 6057
f 6049 5951 6045
f 6049 6139 6057
f 6049 6139 6045
f 5837 5951 5845
f 5837 5715 5829
f 5837 5715 5719
f 5837 5719 5723
f 5837 5845 5723
f 5344 5258 5340
f 5344 5340 5426
f 4550 5336 4549
f 4495 5184 4494
f 4495 4501 5184
f 5274 5277 5191
f 5241 5159 5163
f 5241 5237 5159
f 5241 5167 5163
f 5229 5155 5159
f 5229 5237 5159
f 5229 5155 5151
f 5425 5511 5417
f 5425 5433 5511
f 5425 5335 5417
f 5425 5339 5335
f 5425 5433 5343
f 5425 5339 5343
f 5359 5274 5356
f 5359 5274 5277
f 5359 5445 5356
f 5441 5351 5437
f 5441 5445 5527
f 5441 5523 5527
f 5441 5523 5437
f 4950 2737 2736
f 5586 5496 5504
f 5586 5684 5680
f 5586 5574 5680
f 5586 5496 5488
f 5586 5574 5488
f 5402 5496 5488
f 5402 5414 5496
f 5402 4631 5488
f 4622 5414 4590
f 4646 4639 5566
f 4646 4647 5566
f 4653 5554 5566
f 4653 4647 5566
f 4653 5554 5640
f 4638 4639 5566
f 4638 5480 5566
f 4638 5480 5488
f 5110 5184 4494
f 5110 5114 4494
f 5110 5114 5184
f 4485 4939 4474
f 2687 2688 2685
f 2687 2685 2726
f 2687 2691 2726
f 2692 2688 2696
f 2697 2702 2726
f 2697 2691 2726
f 5526 5444 5440
f 5529 5619 5536
f 5525 5517 5611
f 5525 5529 5619
f 5626 5619 5536
f 5615 5619 5721
f 5615 5717 5721
f 5615 5717 5611
f 5615 5525 5611
f 5615 5525 5619
f 5443 5357 5446
f 5443 5439 4774
f 5443 5446 5536
f 5443 5529 5536
f 5443 5525 5439
f 5443 5525 5529
f 5443 4771 4774
f 5443 5357 4771
f 5415 5419 4774
f 5435 5525 5517
f 5435 5525 5439
f 5435 5439 4774
f 5423 5449 5493
f 5539 5457 5449
f 5539 5457 5465
f 5575 5587 5489
f 6061 5999 6015
f 6061 6089 5999
f 6117 6195 6171
f 6117 6171 6137
f 6117 6089 6137
f 6117 6073 6101
f 6117 6089 6035
f 6117 6073 6035
f 6217 6199 6233
f 6217 6241 6233
f 6163 6217 6199
f 6163 6217 6179
f 6163 6171 6199
f 6163 6171 6137
f 6147 6179 6155
f 6147 6163 6129
f 6147 6163 6179
f 5949 6039 5941
f 5949 5831 5941
f 5727 5787 5815
f 5665 5567 5653
f 5665 5575 5567
f 6055 6031 6101
f 6055 6121 6101
f 6055 6031 5975
f 6245 6229 6175
f 6183 6225 6167
f 6183 6093 6167
f 6183 6093 6113
f 6027 6113 6007
f 6027 6113 6039
f 6151 6093 6167
f 6151 6225 6167
f 6151 6055 6121
f 6151 6121 6175
f 5776 5682 5792
f 5474 5544 5466
f 5654 5728 5642
f 5654 5728 5744
f 5678 5600 5658
f 5630 5728 5642
f 5630 5544 5642
f 5630 5678 5600
f 5630 5544 5540
f 5630 5600 5540
f 6185 6153 6177
f 6185 6215 6177
f 6185 6215 6219
f 6140 6143 6057
f 6140 6213 6210
f 6140 6213 6143
f 6140 6206 6210
f 6140 6132 6206
f 6112 6006 6026
f 6112 6038 6026
f 5447 5421 5369
f 5361 5421 5347
f 5361 5421 5369
f 5361 5287 5347
f 5361 5291 5287
f 5361 5291 5369
f 4347 5405 5347
f 4347 4416 5405
f 5729 5635 5655
f 6079 5989 5973
f 6079 5989 6091
f 6079 6149 6091
f 5947 5939 5829
f 5947 5837 5829
f 5947 5837 5951
f 5947 5951 6045
f 5947 6037 6045
f 5947 5939 6037
f 5797 5691 5683
f 5797 5691 5707
f 6223 6149 6201
f 6223 6165 6149
f 6223 6235 6181
f 6223 6165 6181
f 6223 6243 6267
f 6223 6243 6201
f 6223 6285 6267
f 6223 6285 6235
f 5319 5241 5237
f 5319 5229 5237
f 5389 5471 5385
f 5479 5401 5487
f 5413 5327 5417
f 5413 5401 5327
f 5495 5413 5417
f 5495 5401 5487
f 5495 5413 5401
f 5573 5479 5487
f 5601 5609 5511
f 5601 5593 5511
f 5601 5609 5691
f 5601 5691 5683
f 5601 5593 5683
f 5981 5977 6009
f 5981 5931 5977
f 5883 5931 4737
f 5859 5805 5895
f 5859 5915 5895
f 5711 5647 5667
f 5711 5737 5667
f 5711 4657 5647
f 5851 5805 5895
f 5851 5935 5895
f 5851 5729 5753
f 5851 5729 5805
f 6157 6099 6115
f 6157 6115 6193
f 6157 6227 6193
f 6157 6227 6173
f 6119 6149 6173
f 6119 6157 6173
f 6119 6157 6099
f 6135 6169 6115
f 6135 6087 6115
f 6135 6087 6095
f 6135 6095 6161
f 6135 6169 6161
f 5997 5935 5965
f 5997 6087 6059
f 5997 5935 5895
f 5997 5961 5895
f 6083 6063 6041
f 6083 6041 6103
f 6083 6127 6103
f 6083 6063 6095
f 6083 6127 6095
f 3659 3666 4763
f 3659 3646 4763
f 3629 4760 3628
f 3629 3637 4760
f 3667 3666 4766
f 3667 3672 4766
f 4776 3691 5466
f 4776 5474 5466
f 4776 5474 5482
f 4776 5490 5482
f 3781 5882 3775
f 3781 5882 5934
f 3772 5804 3771
f 3772 5882 5804
f 5862 5882 5804
f 3788 3787 5980
f 3788 3789 5980
f 6000 5964 5898
f 5808 5702 5772
f 5808 5732 5702
f 5808 5862 5772
f 5808 5862 5898
f 6070 6078 4719
f 6070 6020 4719
f 6070 6004 6020
f 6044 6004 6012
f 6044 6066 6012
f 6044 6086 6066
f 6044 6070 6004
f 6164 6148 6130
f 6164 6180 6148
f 6016 5984 6012
f 6016 6066 6012
f 6016 5964 5984
f 6016 6000 5964
f 6016 6000 6062
f 6242 6222 6250
f 6242 6284 6250
f 6106 6156 6148
f 6106 6070 6078
f 6106 6148 6130
f 6106 6086 6130
f 6106 6044 6086
f 6106 6044 6070
f 6274 6282 6302
f 6274 6294 6302
f 6274 6294 6278
f 146 164 137
f 146 169 164
f 234 229 216
f 234 247 216
f 225 207 216
f 225 247 216
f 257 247 292
f 257 225 247
f 311 257 292
f 311 257 276
f 82 85 73
f 82 87 85
f 93 101 100
f 93 85 100
f 93 87 85
f 3614 4757 3613
f 3614 3621 4757
f 3926 4761 4764
f 3926 4098 4764
f 5681 5575 5587
f 5681 5665 5575
f 5693 5603 5611
f 5803 5739 5763
f 5803 5861 5739
f 5657 5677 5755
f 5657 5731 5755
f 92 78 91
f 92 99 78
f 109 99 95
f 109 99 131
f 519 571 575
f 519 514 571
f 460 458 489
f 460 514 489
f 460 412 458
f 366 342 362
f 366 412 362
f 366 342 368
f 366 412 368
f 423 374 377
f 423 374 417
f 303 278 302
f 303 323 302
f 348 323 342
f 348 342 368
f 348 374 368
f 348 374 377
f 1155 1099 2292
f 1155 1128 2292
f 1155 1128 1099
f 1087 1099 2292
f 1087 2246 2292
f 1142 1177 2001
f 1142 1085 1070
f 1131 1085 1048
f 1131 1087 1048
f 1131 1087 2246
f 1131 2246 2001
f 717 711 644
f 651 717 644
f 651 717 723
f 1025 1067 1083
f 1025 1052 1083
f 1119 1102 1034
f 1119 1102 2396
f 1088 1102 2454
f 1088 2454 2301
f 1060 1064 990
f 1060 1064 2237
f 1031 2237 2301
f 1227 1205 2001
f 1227 1252 2001
f 1134 1145 1238
f 1134 1228 1238
f 1134 1045 1145
f 1134 1228 1223
f 1153 1145 1251
f 308 297 346
f 308 269 297
f 228 232 199
f 296 297 263
f 296 297 346
f 493 508 552
f 493 544 552
f 493 481 544
f 360 308 313
f 360 326 313
f 464 529 437
f 200 232 199
f 200 232 206
f 200 206 170
f 277 243 290
f 277 269 243
f 277 313 290
f 277 308 313
f 277 308 269
f 727 756 693
f 733 714 702
f 612 560 572
f 612 629 572
f 556 549 517
f 556 474 513
f 556 474 517
f 604 560 513
f 604 556 513
f 424 448 398
f 424 372 398
f 768 695 760
f 768 791 879
f 715 641 695
f 715 791 734
f 715 768 695
f 715 768 791
f 659 734 687
f 659 641 595
f 659 715 734
f 659 715 641
f 569 641 595
f 569 508 552
f 617 606 552
f 617 569 552
f 617 569 641
f 617 606 695
f 617 641 695
f 535 557 595
f 535 569 595
f 535 569 508
f 535 508 480
f 503 540 448
f 503 535 480
f 503 535 557
f 503 540 594
f 503 557 594
f 503 424 480
f 503 424 448
f 618 557 595
f 618 653 557
f 618 659 687
f 618 659 595
f 832 757 734
f 725 793 687
f 725 756 653
f 725 820 793
f 725 820 756
f 725 618 687
f 725 618 653
f 1029 1116 1115
f 726 703 763
f 726 703 696
f 704 775 762
f 704 703 762
f 662 704 635
f 662 704 703
f 299 334 285
f 299 334 357
f 321 312 285
f 321 334 285
f 321 389 371
f 321 389 334
f 147 160 170
f 147 154 170
f 147 118 131
f 147 154 131
f 165 160 170
f 165 200 170
f 165 200 199
f 165 160 159
f 566 635 567
f 566 512 567
f 459 457 487
f 459 512 487
f 459 411 465
f 459 457 406
f 459 411 406
f 324 315 338
f 815 745 804
f 815 886 804
f 815 758 745
f 283 264 280
f 283 315 280
f 283 324 315
f 309 325 363
f 309 287 325
f 253 287 305
f 198 167 159
f 198 165 199
f 198 165 159
f 126 141 151
f 143 167 159
f 143 167 151
f 143 126 151
f 143 126 115
f 90 76 91
f 90 81 76
f 124 147 118
f 397 407 406
f 387 365 361
f 387 397 388
f 387 397 406
f 387 388 376
f 387 376 361
f 387 411 406
f 387 411 365
f 1050 2308 1039
f 948 957 1033
f 948 944 1028
f 948 1033 1028
f 948 957 877
f 919 991 905
f 2326 2314 2429
f 1147 2327 2336
f 1065 991 1061
f 1065 2314 1078
f 969 886 957
f 969 957 1039
f 969 1050 1039
f 364 410 402
f 769 743 720
f 1173 1190 1097
f 1239 1333 1311
f 1239 1212 1333
f 1239 1152 1248
f 1239 1212 1124
f 1239 1152 1124
f 152 149 173
f 152 149 134
f 5147 5073 5151
f 5147 5221 5151
f 5299 5291 5221
f 2532 2429 2534
f 2532 2429 2424
f 2532 2422 2424
f 2532 2531 2422
f 2532 2625 2534
f 2532 2624 2625
f 2532 2624 2622
f 2532 2531 2622
f 2453 2346 2336
f 2453 2447 2336
f 2453 2346 2360
f 2453 2462 2360
f 2453 2447 2547
f 2453 2462 2559
f 2432 2543 2540
f 2432 2429 2534
f 2432 2540 2534
f 2432 2326 2429
f 4960 4962 5093
f 4960 4958 5093
f 4960 4958 2741
f 2739 2738 4954
f 2739 2738 2625
f 349 401 362
f 349 336 337
f 349 362 336
f 6297 6243 6267
f 6297 6243 6277
f 6297 6285 6267
f 6297 6285 6315
f 6297 6277 6319
f 6297 6315 6319
f 6309 6343 6347
f 6327 6315 6349
f 6327 6349 6357
f 6327 6285 6289
f 6327 6285 6315
f 6260 6206 6252
f 6260 6206 6210
f 6260 6264 6210
f 6205 6189 6131
f 6205 6139 6131
f 6205 6139 6209
f 6251 6235 6181
f 6251 6189 6181
f 6251 6205 6189
f 6251 6285 6235
f 6251 6285 6289
f 6256 6228 6278
f 6256 6232 6228
f 6256 6274 6278
f 6194 6158 6228
f 6194 6232 6170
f 6194 6232 6228
f 6116 6194 6170
f 6116 6194 6158
f 6116 6100 6158
f 6174 6158 6120
f 6174 6150 6202
f 6174 6150 6120
f 6174 6158 6228
f 6174 6244 6202
f 6174 6244 6228
f 6306 6328 6290
f 6306 6336 6328
f 6306 6310 6344
f 6306 6336 6344
f 6306 6290 6252
f 6306 6260 6252
f 6306 6264 6310
f 6306 6260 6264
f 6316 6286 6328
f 6316 6298 6286
f 6316 6350 6328
f 6358 6336 6328
f 6358 6350 6328
f 6358 6362 6344
f 6358 6336 6344
f 6358 6366 6372
f 6358 6362 6372
f 6358 6366 6354
f 6358 6350 6354
f 6320 6294 6302
f 6320 6294 6278
f 6320 6298 6278
f 6320 6316 6298
f 6084 6042 6104
f 6084 6128 6104
f 6084 6128 6096
f 6084 4709 4710
f 6084 6042 4710
f 6162 6128 6096
f 6162 6128 6146
f 6064 6014 6096
f 6064 6084 6096
f 6064 6014 4706
f 6064 6084 4709
f 6064 4706 4707
f 6064 4709 4708
f 6064 4707 4708
f 5936 5896 5998
f 5936 5966 5998
f 5936 5852 4685
f 5936 5966 5888
f 5936 5852 5888
f 5936 4695 4685
f 5936 4695 5896
f 6030 6100 6054
f 6030 6100 5994
f 6034 5966 5994
f 6034 5966 5998
f 5848 5758 5742
f 4678 4672 5786
f 5726 5640 4662
f 5726 5696 4662
f 5726 5742 5652
f 5726 5640 5652
f 5726 5696 5786
f 5726 5848 5742
f 4669 5696 4662
f 5613 5523 5617
f 5613 5523 5609
f 5613 5719 5617
f 5613 5715 5719
f 5613 5609 5707
f 5613 5715 5707
f 5515 5609 5511
f 5515 5523 5609
f 5515 5433 5511
f 5515 5523 5433
f 5618 5625 5723
f 5948 5940 5830
f 5948 5838 5830
f 5948 5838 5952
f 5948 6038 5940
f 5928 5904 6026
f 5928 6038 6026
f 5928 6038 5940
f 5928 5798 5904
f 5928 5798 5940
f 4589 4590 5336
f 4589 4550 5336
f 5188 5274 5191
f 5188 5274 5184
f 5188 5114 5191
f 5188 5114 5184
f 5352 5274 5356
f 5262 5344 5258
f 5262 5352 5344
f 5262 4517 5180
f 5262 5184 5180
f 5262 4517 4531
f 5262 5258 4531
f 5249 5241 5167
f 5249 5171 5253
f 5249 5167 5171
f 5249 5241 5327
f 5249 5335 5253
f 5249 5335 5327
f 5257 5261 5343
f 5257 5339 5343
f 5257 5175 5253
f 5257 5261 5175
f 5257 5335 5253
f 5257 5339 5335
f 5273 5359 5277
f 5273 5351 5269
f 5273 5277 5191
f 4952 2738 4954
f 4952 2737 2738
f 4952 4950 2737
f 5113 4939 4940
f 5113 4939 5117
f 5113 5117 5191
f 4944 2734 2733
f 5183 5109 5179
f 5183 5113 5109
f 5183 5273 5269
f 5183 5261 5269
f 5183 5179 5261
f 5101 4952 4950
f 5101 5097 5175
f 5101 5097 4954
f 5101 4952 4954
f 5101 5179 5175
f 4630 5402 5414
f 4630 5402 4631
f 4630 5414 4624
f 4623 5414 4624
f 4623 4622 5414
f 5790 5798 5904
f 5790 5892 5904
f 5790 5892 5774
f 5790 5798 5684
f 5790 5684 5680
f 5790 5774 5680
f 5818 5940 5830
f 5818 5798 5940
f 4661 5640 4662
f 4632 4631 5488
f 4486 5114 4494
f 4486 4485 5114
f 4941 4939 5114
f 4941 4485 5114
f 4941 4485 4939
f 2698 2702 2696
f 2698 2692 2696
f 2698 2697 2702
f 5530 5444 5536
f 5530 5526 5444
f 5403 5415 4774
f 5513 5435 5517
f 5513 5505 5419
f 5513 5517 5611
f 5513 5603 5611
f 5497 5587 5489
f 5497 5505 5587
f 5497 5403 5489
f 5497 5403 5415
f 5497 5415 5419
f 5497 5505 5419
f 5595 5505 5587
f 5595 5513 5603
f 5595 5513 5505
f 4777 5457 5449
f 4777 5457 5465
f 4777 5423 5449
f 4777 5473 5465
f 4777 4349 4774
f 4777 5403 4774
f 4777 5403 5489
f 5477 5423 5493
f 5477 5559 5493
f 5477 5559 5551
f 5509 5579 5493
f 5509 5539 5579
f 5509 5449 5493
f 5509 5539 5449
f 5599 5539 5579
f 5599 5539 5629
f 5599 5629 5677
f 5599 5657 5579
f 5599 5657 5677
f 5555 5473 5567
f 5481 4777 5489
f 5481 5473 5567
f 5481 4777 5473
f 5481 5575 5489
f 5481 5575 5567
f 5436 5526 5440
f 5436 5440 4773
f 5436 5428 4773
f 5420 5428 4773
f 6097 6089 6137
f 6097 6061 6089
f 6097 6065 6015
f 6097 6061 6015
f 6097 6163 6137
f 6097 6163 6129
f 6097 6129 6085
f 6097 6065 6085
f 6159 6117 6195
f 6159 6229 6175
f 6159 6195 6229
f 6159 6117 6101
f 6159 6121 6175
f 6159 6121 6101
f 6221 6241 6249
f 6221 6217 6241
f 6105 6085 6043
f 6105 6129 6085
f 6105 6147 6129
f 6105 6147 6155
f 6047 5949 6039
f 5991 5893 5975
f 5991 5893 6007
f 5991 6093 6007
f 5869 5893 5975
f 5905 5893 6007
f 5905 6027 6007
f 5641 5727 5653
f 5641 5727 5629
f 5641 5567 5653
f 5641 5555 5567
f 5697 5787 5677
f 5697 5727 5787
f 5697 5629 5677
f 5697 5727 5629
f 6203 6245 6175
f 6203 6245 6225
f 6203 6151 6175
f 6203 6151 6225
f 6279 6295 6321
f 6279 6257 6229
f 6279 6245 6229
f 6279 6295 6275
f 6279 6257 6275
f 6133 6039 6125
f 6133 6047 6039
f 5839 5949 5831
f 5839 5717 5721
f 5839 5831 5717
f 5514 5436 5428
f 5514 5420 5428
f 5404 5490 5498
f 5404 4776 4773
f 5404 4776 5490
f 5556 5474 5544
f 5556 5544 5642
f 5906 5930 5792
f 5756 5732 5658
f 5756 5678 5658
f 5756 5808 5732
f 5850 5728 5744
f 6050 6140 6057
f 6050 5952 6057
f 6124 6038 6132
f 6124 6112 6038
f 6092 6112 6182
f 6092 6006 5990
f 6092 6112 6006
f 4625 4657 5647
f 5605 5635 5667
f 5605 5549 5635
f 5557 5635 5577
f 5557 5549 5635
f 5557 5549 5475
f 4489 4416 5475
f 4489 5549 5475
f 4233 5283 5347
f 4233 4347 5347
f 5675 5655 5577
f 5675 5729 5753
f 5675 5729 5655
f 5463 5471 5385
f 5537 5447 5455
f 5537 5447 5507
f 5537 5463 5455
f 5537 5507 5577
f 5699 5729 5805
f 5699 5737 5667
f 5699 5635 5667
f 5699 5729 5635
f 5847 5867 5973
f 5757 5847 5741
f 5757 5847 5867
f 5903 6005 6025
f 5817 5939 5829
f 5817 5797 5939
f 5817 5829 5707
f 5817 5797 5707
f 5323 5401 5327
f 5323 5319 5401
f 5323 5241 5327
f 5323 5319 5241
f 5311 5389 5385
f 5311 5319 5229
f 5397 5319 5401
f 5397 5479 5401
f 5397 5311 5319
f 5397 5311 5389
f 5397 5389 5471
f 5397 5479 5471
f 5503 5511 5417
f 5503 5495 5417
f 5503 5593 5511
f 5585 5593 5683
f 5585 5503 5593
f 5585 5503 5495
f 5585 5495 5487
f 5585 5573 5487
f 5565 5479 5471
f 5565 5573 5479
f 6013 6095 6059
f 6013 6063 6095
f 6013 6063 6009
f 6013 5981 6009
f 6013 5997 6059
f 6013 5997 5961
f 6013 5961 5915
f 6013 5981 5915
f 5769 5859 5805
f 5769 5859 5737
f 5769 5699 5805
f 5769 5699 5737
f 5801 5859 5737
f 4687 5711 4657
f 5887 5993 5965
f 5887 5993 5907
f 5887 5935 5965
f 5887 5851 5935
f 5887 5907 5813
f 6053 6119 6099
f 6053 6079 6149
f 6053 6119 6149
f 6053 6079 5973
f 6033 5997 6087
f 6033 6087 6115
f 6033 5997 5965
f 6033 5993 5965
f 3612 4757 3613
f 3612 3610 4757
f 3609 3608 4757
f 3609 3610 4757
f 3678 3677 4773
f 3678 3684 4773
f 3690 3684 4773
f 3690 4776 4773
f 3690 4776 3691
f 5458 5466 5540
f 5458 3702 5540
f 5458 3702 5466
f 3692 3691 5466
f 3692 3702 5466
f 3782 3783 5934
f 3782 3781 5934
f 3773 5882 3775
f 3773 3772 5882
f 5918 5964 5898
f 5918 5862 5898
f 5918 5862 5882
f 5918 5882 5984
f 5918 5964 5984
f 5938 6000 5898
f 6218 6242 6222
f 6218 6222 6188
f 6218 6180 6188
f 6218 6164 6180
f 6363 6373 6376
f 6363 6370 6376
f 6110 6106 6078
f 6110 6106 6156
f 6240 6248 6220
f 6240 6248 6282
f 6240 6274 6282
f 6240 6256 6232
f 6240 6256 6274
f 6360 6368 6356
f 6360 6368 6374
f 114 88 95
f 114 106 88
f 114 109 95
f 293 319 327
f 293 307 327
f 293 307 272
f 289 351 322
f 289 351 319
f 240 225 207
f 240 257 225
f 240 257 276
f 240 256 276
f 298 256 276
f 5583 5669 5649
f 3828 4758 2708
f 3828 4758 4761
f 3828 3926 4761
f 5889 5967 5995
f 5889 5909 5995
f 5889 5853 5937
f 5889 5967 5937
f 5889 5853 5755
f 5889 5787 5755
f 5889 5787 5815
f 5889 5909 5815
f 5945 5909 5815
f 5945 6031 5975
f 5945 6031 5995
f 5945 5909 5995
f 5709 5831 5717
f 5709 5831 5819
f 5709 5717 5611
f 5709 5693 5611
f 5881 5983 5933
f 5881 5983 5917
f 5881 5861 5917
f 5881 5803 5861
f 5881 5885 5933
f 5881 5835 5885
f 5881 5835 5763
f 5881 5803 5763
f 5637 5559 5579
f 5637 5657 5579
f 5637 5559 5551
f 212 211 237
f 212 242 237
f 212 242 195
f 244 211 217
f 244 272 254
f 244 217 254
f 244 211 237
f 193 154 181
f 193 211 217
f 193 206 181
f 193 217 206
f 466 412 417
f 466 460 412
f 466 423 417
f 466 423 471
f 466 519 471
f 466 519 514
f 466 460 514
f 527 519 471
f 527 483 471
f 527 483 534
f 527 534 581
f 527 581 575
f 527 519 575
f 266 303 278
f 266 278 222
f 266 229 222
f 328 311 292
f 328 345 311
f 395 386 380
f 383 423 377
f 543 498 522
f 543 570 522
f 1106 1135 2345
f 1106 2396 2345
f 1106 2396 1083
f 1106 1052 1083
f 1075 1128 1099
f 1165 1131 2001
f 1165 1131 1085
f 1165 1142 2001
f 1165 1142 1085
f 786 717 723
f 589 581 644
f 589 651 644
f 589 534 581
f 589 534 546
f 555 506 522
f 555 570 522
f 555 506 546
f 1146 1067 2396
f 1146 1119 2396
f 1077 1064 2237
f 1077 2237 2301
f 1077 1088 2301
f 1049 1060 2237
f 1027 1022 2301
f 1027 1031 2301
f 1148 1036 1063
f 1233 1172 2001
f 1233 1181 2001
f 1233 1181 1172
f 1247 1252 2001
f 1123 1181 1108
f 1123 1181 1172
f 1123 1079 1108
f 1081 1181 1108
f 1081 1079 1108
f 1081 1148 1063
f 1118 1079 1070
f 1118 1142 1070
f 1118 1142 1177
f 1118 1172 1177
f 1118 1123 1172
f 1118 1123 1079
f 1062 1045 1145
f 1062 1153 1145
f 843 768 760
f 843 751 760
f 923 993 922
f 273 312 285
f 273 236 245
f 273 312 306
f 246 269 263
f 246 228 245
f 246 269 232
f 246 228 232
f 496 531 574
f 350 308 346
f 350 360 308
f 420 481 468
f 420 493 481
f 528 529 596
f 528 464 529
f 436 404 437
f 436 464 437
f 673 639 624
f 593 639 609
f 593 639 624
f 525 549 517
f 484 445 399
f 484 525 500
f 484 525 517
f 792 727 756
f 792 829 811
f 792 727 811
f 792 820 858
f 792 820 756
f 764 727 811
f 764 733 714
f 668 612 714
f 668 612 629
f 668 764 714
f 668 764 727
f 668 629 693
f 668 727 693
f 652 612 560
f 652 604 560
f 652 714 702
f 652 612 714
f 479 474 433
f 479 474 513
f 486 540 448
f 486 448 398
f 486 438 398
f 486 540 572
f 353 438 398
f 353 319 327
f 353 372 327
f 353 372 398
f 605 586 624
f 605 604 556
f 605 586 556
f 985 1025 959
f 985 1025 1052
f 1011 985 1052
f 1011 985 952
f 396 372 344
f 396 424 372
f 810 791 879
f 810 791 734
f 810 832 734
f 868 757 793
f 868 832 757
f 896 810 879
f 896 810 832
f 1129 1224 1115
f 1055 1162 1149
f 833 854 735
f 833 749 735
f 785 722 716
f 638 704 635
f 710 704 775
f 710 638 704
f 676 662 663
f 676 703 696
f 676 662 703
f 631 646 663
f 631 662 663
f 631 646 620
f 631 585 620
f 631 585 567
f 631 635 567
f 631 662 635
f 259 299 285
f 408 334 357
f 408 389 334
f 393 429 385
f 846 919 905
f 692 758 745
f 892 815 886
f 892 969 886
f 258 264 239
f 258 283 264
f 179 152 173
f 179 152 185
f 341 393 385
f 341 309 363
f 295 309 255
f 295 341 309
f 268 309 255
f 268 309 287
f 268 253 287
f 274 253 305
f 196 198 167
f 227 228 199
f 227 198 199
f 227 228 245
f 129 134 121
f 129 107 121
f 122 126 141
f 122 129 145
f 158 180 141
f 158 122 141
f 158 122 145
f 158 201 180
f 162 141 151
f 162 180 141
f 94 90 115
f 94 90 81
f 94 81 89
f 123 143 115
f 123 90 115
f 113 124 118
f 113 99 118
f 113 92 99
f 139 147 160
f 139 124 147
f 139 160 159
f 929 904 979
f 929 904 861
f 835 904 861
f 835 904 887
f 835 812 887
f 1003 919 991
f 1003 1065 1078
f 1003 1065 991
f 1073 1158 1136
f 1121 1147 2327
f 1121 2326 2327
f 1121 2326 1103
f 1175 2346 2336
f 1175 1197 2346
f 2313 1065 1061
f 2313 1065 2314
f 2313 1050 2308
f 2313 1050 1061
f 2313 2308 2424
f 2313 2429 2424
f 2313 2314 2429
f 977 991 1061
f 977 1050 1061
f 977 969 1050
f 977 892 969
f 977 991 905
f 977 892 905
f 329 369 402
f 329 364 402
f 390 325 363
f 390 378 419
f 501 491 536
f 796 728 773
f 796 846 773
f 665 610 647
f 665 728 690
f 838 821 881
f 592 637 623
f 592 576 623
f 672 637 623
f 672 720 707
f 672 657 707
f 672 657 623
f 688 743 720
f 688 672 720
f 688 672 637
f 1179 1269 1243
f 1179 1158 1243
f 1342 1337 3518
f 1404 2399 3518
f 1294 1269 2372
f 1046 964 974
f 1215 1347 1316
f 945 873 836
f 945 873 955
f 869 821 881
f 869 912 881
f 909 961 964
f 909 869 871
f 909 961 912
f 909 869 912
f 1170 1093 1152
f 1170 1198 1248
f 1170 1152 1248
f 1071 1093 1152
f 1071 1015 995
f 1071 1015 1093
f 1271 1190 1287
f 1271 1173 1190
f 1271 1287 2662
f 1271 1259 2662
f 1271 1162 1259
f 1271 1173 1162
f 1260 1248 1311
f 1260 1239 1311
f 1260 1239 1248
f 5143 5073 5069
f 5143 5147 5073
f 5143 5139 5069
f 5143 5217 5139
f 5143 5221 5217
f 5143 5147 5221
f 5377 5291 5369
f 5377 5299 5291
f 5377 5463 5385
f 5377 5463 5455
f 5377 5447 5455
f 5377 5447 5369
f 2553 2453 2559
f 2553 2453 2547
f 2553 2630 2559
f 2553 2630 2547
f 2435 2543 2447
f 2435 2432 2543
f 2435 2447 2327
f 2435 2326 2327
f 2435 2432 2326
f 2629 2543 2547
f 2629 2627 2543
f 2629 2630 2547
f 2629 2630 2745
f 2629 2744 2745
f 2742 2627 2741
f 2742 4960 4962
f 2742 4960 2741
f 2626 2739 2625
f 2626 2739 2740
f 2626 2740 2741
f 2626 2627 2741
f 2626 2625 2534
f 2626 2540 2534
f 2626 2543 2540
f 2626 2627 2543
f 4956 2739 4954
f 4956 2739 2740
f 4956 2740 4958
f 4956 5097 4954
f 4956 4958 5097
f 6313 6264 6271
f 6313 6264 6310
f 6313 6310 6347
f 6313 6309 6347
f 6335 6343 6357
f 6335 6327 6357
f 6263 6213 6271
f 6263 6213 6209
f 6263 6313 6271
f 6263 6313 6309
f 6259 6251 6205
f 6259 6205 6209
f 6259 6263 6209
f 6088 6060 6096
f 6088 6034 6116
f 6088 6060 5998
f 6088 6034 5998
f 6340 6350 6354
f 6136 6162 6170
f 6136 6162 6096
f 6136 6088 6096
f 6136 6116 6170
f 6136 6088 6116
f 6198 6232 6170
f 6198 6162 6170
f 4704 6014 4705
f 4704 4703 6014
f 5962 4697 4698
f 5962 6014 5998
f 5962 4703 6014
f 5962 5896 5998
f 5962 4697 4695
f 5962 4695 5896
f 6072 6116 6100
f 6072 6034 6116
f 6072 6100 5994
f 6072 6034 5994
f 5814 5786 5888
f 5814 5908 5888
f 5814 5726 5786
f 5814 5726 5848
f 5974 5892 5990
f 5974 6030 6054
f 4679 4678 5852
f 5754 5852 5786
f 5754 4678 5786
f 5754 4678 5852
f 4671 4672 5786
f 5716 5838 5830
f 5528 5618 5625
f 5270 5352 5274
f 5270 5262 5352
f 5270 5274 5184
f 5270 5262 5184
f 5355 5273 5351
f 5355 5273 5359
f 5355 5441 5351
f 5355 5359 5445
f 5355 5441 5445
f 4946 4944 5109
f 4946 2734 2735
f 4946 4944 2734
f 4942 2732 4940
f 4942 4944 5109
f 4942 2733 2732
f 4942 4944 2733
f 4942 5113 4940
f 4942 5113 5109
f 5187 5113 5191
f 5187 5183 5113
f 5187 5273 5191
f 5187 5183 5273
f 5594 5586 5684
f 5594 5602 5684
f 5594 5586 5504
f 5512 5516 5610
f 5512 5602 5610
f 5512 5594 5504
f 5512 5594 5602
f 5512 5426 5418
f 5512 5504 5418
f 4654 4653 5640
f 4654 4661 5640
f 4637 4638 5488
f 4637 4632 5488
f 5427 5513 5419
f 5427 5513 5435
f 5427 5419 4774
f 5427 5435 4774
f 5685 5681 5587
f 5685 5595 5587
f 5685 5693 5603
f 5685 5595 5603
f 4418 4777 4349
f 5543 5539 5629
f 5543 5641 5629
f 5543 5641 5555
f 5543 5539 5465
f 5543 5473 5465
f 5543 5555 5473
f 5416 5420 4773
f 5416 5420 5498
f 5416 5404 4773
f 5416 5404 5498
f 6187 6217 6179
f 6187 6221 6217
f 6187 6179 6155
f 6109 6105 6155
f 6109 6105 6077
f 6069 6105 6043
f 6069 6003 6019
f 6069 6003 6043
f 6069 6105 6077
f 6069 6077 6023
f 6069 6023 6019
f 6081 5991 6093
f 6081 6151 6093
f 6081 6151 6055
f 6081 6055 5975
f 6081 5991 5975
f 5759 5893 5775
f 5759 5869 5893
f 5759 5665 5653
f 5759 5681 5775
f 5759 5681 5665
f 5929 5905 6027
f 5929 6039 5941
f 5929 6027 6039
f 6237 6183 6225
f 6237 6253 6183
f 5620 5530 5526
f 5620 5626 5536
f 5620 5530 5536
f 5518 5526 5612
f 5518 5514 5612
f 5518 5436 5526
f 5518 5514 5436
f 5506 5514 5596
f 5506 5420 5498
f 5506 5514 5420
f 5576 5490 5482
f 5832 5942 5950
f 6040 5942 5950
f 6040 5942 5930
f 5698 5630 5728
f 5698 5630 5678
f 6046 5948 5952
f 6046 6050 5952
f 6046 5948 6038
f 6046 6038 6132
f 6046 6140 6132
f 6046 6050 6140
f 6190 6132 6206
f 6190 6124 6132
f 6190 6182 6252
f 6190 6206 6252
f 6190 6112 6182
f 6190 6124 6112
f 6166 6092 6182
f 6166 6092 6150
f 6166 6182 6224
f 6166 6150 6224
f 6080 6150 6054
f 6080 6092 6150
f 6080 6092 5990
f 6080 5974 6054
f 6080 5974 5990
f 5581 5647 5667
f 5581 5605 5667
f 5581 4625 5647
f 5581 4625 4535
f 5581 5605 5549
f 5491 5507 5577
f 5491 5557 5577
f 5491 5557 5475
f 5491 5421 5475
f 5491 5447 5421
f 5491 5447 5507
f 4096 5283 5209
f 4096 4233 5283
f 5597 5675 5577
f 5597 5675 5627
f 5597 5537 5577
f 5597 5537 5627
f 5785 5675 5753
f 5785 5887 5813
f 5785 5851 5753
f 5785 5887 5851
f 5725 5639 5627
f 5725 5785 5813
f 5725 5847 5741
f 5725 5847 5813
f 5943 5907 5813
f 5943 5847 5813
f 5943 5847 5973
f 5943 5993 5907
f 5789 5797 5683
f 5789 5903 5797
f 5927 5797 5939
f 5927 5903 5797
f 5927 5903 6025
f 5927 6037 6025
f 5927 5939 6037
f 5303 5299 5221
f 5303 5311 5385
f 5303 5377 5385
f 5303 5377 5299
f 5679 5585 5683
f 5679 5585 5573
f 5679 5789 5683
f 5553 5565 5639
f 5553 5565 5471
f 5761 5711 5737
f 5761 5801 5737
f 5761 4687 5711
f 5761 4687 4721
f 6029 5993 6099
f 6029 6053 6099
f 6029 5943 5993
f 6029 6053 5973
f 6029 5943 5973
f 6071 6099 6115
f 6071 6033 6115
f 6071 5993 6099
f 6071 6033 5993
f 5510 3718 5540
f 3703 3702 5540
f 5580 5600 5658
f 5580 5510 3718
f 5580 5600 5540
f 5580 5510 5540
f 3729 5638 5658
f 5968 6000 6036
f 5968 5938 6000
f 5968 5890 5938
f 6138 6172 6164
f 6234 6218 6242
f 6276 6284 6304
f 6276 6296 6304
f 6276 6242 6284
f 6276 6296 6280
f 6094 6008 5992
f 6364 6376 6374
f 6364 6370 6376
f 6364 6360 6374
f 6351 6341 6355
f 6359 6367 6373
f 6359 6363 6373
f 6359 6367 6355
f 6359 6351 6355
f 6299 6279 6245
f 6299 6279 6321
f 6299 6317 6321
f 6142 6058 6052
f 6216 6186 6220
f 6216 6240 6220
f 6216 6198 6162
f 6216 6240 6232
f 6216 6198 6232
f 6322 6342 6334
f 6322 6296 6304
f 6322 6296 6280
f 6352 6360 6356
f 6352 6342 6356
f 6352 6342 6334
f 128 120 106
f 128 114 106
f 128 120 137
f 128 146 137
f 155 169 182
f 155 146 169
f 155 128 146
f 155 128 144
f 130 109 131
f 130 114 109
f 130 128 114
f 130 128 144
f 391 351 322
f 449 445 421
f 473 484 500
f 473 484 445
f 220 240 256
f 220 242 256
f 220 242 195
f 220 195 207
f 220 240 207
f 394 345 421
f 394 328 380
f 394 328 345
f 332 345 311
f 332 311 276
f 332 298 276
f 260 242 237
f 260 289 322
f 260 298 322
f 260 242 256
f 260 298 256
f 5533 5583 5551
f 5533 5583 4537
f 5607 5583 5551
f 5607 5583 5669
f 5607 5637 5551
f 5607 5637 5669
f 4627 4659 5649
f 4627 5583 5649
f 4627 5583 4537
f 3769 3700 2708
f 3769 3828 2708
f 5701 5657 5731
f 5701 5637 5657
f 5701 5637 5669
f 5701 5807 5771
f 5701 5807 5731
f 5701 5739 5771
f 5701 5669 5739
f 189 212 211
f 189 212 195
f 261 293 319
f 261 289 319
f 261 293 272
f 261 244 272
f 261 244 237
f 261 260 237
f 261 260 289
f 495 483 444
f 495 454 444
f 495 454 506
f 495 506 546
f 495 534 546
f 495 483 534
f 430 483 444
f 430 423 471
f 430 483 471
f 430 395 444
f 430 395 386
f 430 383 423
f 430 383 386
f 271 234 229
f 271 266 229
f 271 234 247
f 359 348 377
f 359 383 377
f 359 383 386
f 359 386 380
f 477 506 522
f 477 454 506
f 477 498 522
f 967 975 1048
f 826 884 811
f 1018 1085 1048
f 1018 975 1048
f 1018 1085 1070
f 845 898 884
f 845 898 829
f 845 884 811
f 845 829 811
f 934 898 954
f 934 1018 954
f 934 1018 975
f 934 898 884
f 897 898 829
f 897 792 858
f 897 792 829
f 897 954 858
f 897 898 954
f 779 776 711
f 779 717 711
f 779 786 717
f 779 851 776
f 885 893 968
f 591 648 611
f 591 543 570
f 591 559 611
f 591 559 543
f 667 648 713
f 667 648 611
f 628 591 570
f 628 591 648
f 600 555 546
f 600 589 546
f 600 589 651
f 976 893 968
f 976 1060 990
f 976 1049 968
f 976 1049 1060
f 906 893 830
f 906 920 990
f 906 976 990
f 906 976 893
f 634 667 611
f 656 639 609
f 656 634 609
f 1053 981 1034
f 1053 1119 1034
f 1053 1146 1067
f 1053 1146 1119
f 966 981 1034
f 966 981 907
f 1000 1025 1067
f 1000 1053 1067
f 1000 1053 981
f 1000 1025 959
f 772 719 752
f 772 803 837
f 772 719 744
f 772 803 744
f 1001 1077 1088
f 1001 920 990
f 1001 1064 990
f 1001 1077 1064
f 1038 1049 968
f 1038 1031 2237
f 1038 1049 2237
f 1112 1205 1092
f 1112 1148 1036
f 1112 1227 1205
f 1112 1148 1227
f 1112 1007 1092
f 1112 1036 1007
f 1163 1227 1252
f 1163 1148 1227
f 1163 1247 1252
f 1163 1081 1181
f 1163 1081 1148
f 992 970 954
f 992 1018 1070
f 992 1018 954
f 1122 1030 1116
f 1122 1223 1116
f 1122 1134 1223
f 1037 1134 1045
f 1037 1122 1134
f 1037 1122 1030
f 1076 1183 1092
f 1076 1062 989
f 1076 1062 1153
f 1076 1007 1092
f 1076 989 1007
f 853 768 879
f 853 843 768
f 994 923 993
f 994 1029 993
f 994 1030 930
f 994 923 930
f 994 1029 1116
f 994 1030 1116
f 831 751 736
f 831 735 736
f 831 854 735
f 267 296 306
f 267 273 306
f 267 273 245
f 447 410 402
f 447 491 410
f 447 496 402
f 447 491 531
f 447 496 531
f 603 531 574
f 603 576 531
f 603 657 623
f 603 576 623
f 697 657 707
f 645 602 664
f 355 350 346
f 409 350 360
f 409 420 360
f 409 355 404
f 409 355 350
f 409 420 468
f 409 468 437
f 409 404 437
f 621 622 596
f 354 296 346
f 354 355 346
f 658 673 624
f 658 605 624
f 658 605 604
f 563 593 549
f 563 525 549
f 563 593 609
f 577 593 549
f 577 556 549
f 577 586 556
f 577 593 624
f 577 586 624
f 655 652 604
f 655 658 604
f 655 658 698
f 524 479 438
f 524 486 438
f 524 560 513
f 524 479 513
f 524 560 572
f 524 486 572
f 392 391 433
f 392 391 351
f 392 353 438
f 392 351 319
f 392 353 319
f 392 479 433
f 392 479 438
f 895 860 839
f 918 985 952
f 918 895 952
f 918 895 860
f 918 985 959
f 1096 1128 2345
f 1096 1075 1128
f 1074 1011 1052
f 1074 1106 1052
f 1074 1106 1135
f 1074 1135 2345
f 1074 1096 2345
f 432 420 493
f 1008 1081 1063
f 1008 1081 1079
f 949 868 832
f 1066 1055 1162
f 1066 1173 1162
f 1138 1149 1235
f 1138 1224 1235
f 1138 1129 1224
f 1032 1029 1115
f 1032 1129 1115
f 1032 1029 993
f 1032 937 993
f 731 745 804
f 863 785 857
f 863 948 877
f 863 944 857
f 863 948 944
f 794 785 722
f 794 731 804
f 794 731 722
f 794 877 804
f 794 863 877
f 794 863 785
f 573 566 635
f 573 638 635
f 778 710 775
f 778 785 857
f 778 785 716
f 778 710 716
f 778 852 857
f 778 775 852
f 284 231 259
f 414 369 402
f 382 373 324
f 382 429 385
f 370 416 367
f 370 373 416
f 370 338 367
f 370 324 338
f 370 373 324
f 418 393 452
f 418 341 363
f 418 341 393
f 443 393 452
f 443 393 429
f 590 610 647
f 590 610 558
f 590 542 558
f 643 710 716
f 643 710 638
f 482 443 429
f 828 815 758
f 828 758 773
f 828 846 773
f 828 846 905
f 828 892 905
f 828 892 815
f 865 846 919
f 865 796 846
f 865 812 887
f 865 796 812
f 660 731 722
f 615 660 599
f 712 758 773
f 712 692 758
f 712 728 773
f 712 692 647
f 712 665 647
f 712 665 728
f 241 219 239
f 241 258 239
f 218 210 255
f 204 173 214
f 204 179 173
f 204 219 214
f 204 210 219
f 204 210 185
f 204 179 185
f 333 295 341
f 333 341 385
f 333 382 385
f 333 382 324
f 288 258 283
f 288 283 324
f 288 333 324
f 288 333 295
f 230 236 245
f 230 227 245
f 230 236 203
f 230 196 203
f 230 196 198
f 230 227 198
f 104 107 98
f 104 129 107
f 104 122 129
f 104 98 89
f 102 122 126
f 102 94 89
f 102 104 89
f 102 104 122
f 102 126 115
f 102 94 115
f 156 129 145
f 156 166 145
f 156 152 134
f 156 129 134
f 156 152 185
f 183 166 205
f 183 158 201
f 183 166 145
f 183 158 145
f 226 183 205
f 226 183 201
f 175 162 151
f 175 167 151
f 175 196 203
f 175 196 167
f 111 123 124
f 111 90 91
f 111 123 90
f 111 113 124
f 111 92 91
f 111 113 92
f 138 139 159
f 138 143 159
f 138 123 143
f 138 123 124
f 138 139 124
f 958 984 1024
f 802 835 861
f 802 769 743
f 771 835 812
f 771 802 835
f 771 802 743
f 1014 1003 1078
f 1051 984 1024
f 1051 1073 1136
f 1010 1073 1043
f 1010 951 984
f 1010 1051 984
f 1010 1051 1073
f 917 951 984
f 917 958 984
f 1054 1121 1147
f 1054 1068 1147
f 999 1068 1024
f 999 958 1024
f 999 958 929
f 999 929 979
f 999 1054 979
f 999 1054 1068
f 1160 1068 1147
f 1160 1147 2336
f 1160 1175 2336
f 301 274 275
f 509 542 558
f 343 390 325
f 343 287 305
f 343 287 325
f 343 390 378
f 450 378 410
f 450 378 419
f 450 491 410
f 450 501 491
f 787 838 821
f 894 838 881
f 894 917 951
f 550 592 536
f 550 592 576
f 550 491 536
f 550 491 531
f 550 576 531
f 562 501 536
f 562 592 536
f 654 688 637
f 1208 1179 1269
f 1208 1294 1269
f 1072 1017 1043
f 971 1017 1005
f 971 961 1005
f 971 961 912
f 1399 1363 3518
f 1399 1342 3518
f 1399 1342 1363
f 1171 1198 1231
f 2382 1294 1316
f 2382 1294 2372
f 2382 1347 2390
f 2382 1347 1316
f 2382 2390 2479
f 2382 2372 2466
f 2382 2479 2466
f 1373 1347 2390
f 1373 2390 2399
f 1373 1404 2399
f 1373 1404 1283
f 1184 1294 1316
f 1184 1215 1316
f 1184 1208 1154
f 1184 1208 1294
f 1257 1215 1347
f 1257 1373 1283
f 1257 1373 1347
f 1257 1215 1164
f 914 964 974
f 914 933 974
f 914 933 883
f 914 883 871
f 914 909 871
f 914 909 964
f 807 766 836
f 807 873 836
f 902 883 844
f 902 933 883
f 902 807 844
f 902 807 873
f 902 933 955
f 902 873 955
f 2743 2629 2744
f 2743 2744 4964
f 2743 2629 2627
f 2743 2742 2627
f 2743 4962 4964
f 2743 2742 4962
f 6305 6309 6343
f 6305 6335 6343
f 6305 6327 6289
f 6305 6335 6327
f 6305 6251 6289
f 6305 6259 6251
f 6305 6263 6309
f 6305 6259 6263
f 6324 6320 6302
f 6324 6340 6320
f 6332 6340 6350
f 6332 6340 6320
f 6332 6316 6350
f 6332 6320 6316
f 4699 5962 4698
f 5868 5974 5892
f 5868 5974 5848
f 5868 5892 5758
f 5868 5848 5758
f 5944 5974 5848
f 5944 5814 5908
f 5944 5814 5848
f 5944 5974 6030
f 5944 5908 5994
f 5944 6030 5994
f 4682 5852 4685
f 4682 4679 5852
f 4670 4671 5786
f 4670 5696 5786
f 4670 4669 5696
f 5720 5618 5723
f 5720 5838 5723
f 5720 5716 5838
f 5614 5720 5618
f 5614 5720 5716
f 5708 5818 5830
f 5708 5716 5830
f 5708 5818 5798
f 5708 5614 5610
f 5708 5614 5716
f 5535 5445 5527
f 5535 5528 5445
f 5535 5625 5527
f 5535 5528 5625
f 4948 4950 2736
f 4948 2736 2735
f 4948 4946 2735
f 5407 4418 4777
f 5407 4418 5477
f 5407 4777 5423
f 5407 5477 5423
f 4491 5533 5551
f 4491 5533 4537
f 4491 5477 5551
f 4491 4418 5477
f 5954 5960 5846
f 5954 6058 6052
f 5954 5960 6058
f 5953 5839 5846
f 5953 5960 5846
f 5953 5839 5949
f 5953 6047 5949
f 5953 6047 6051
f 5953 6058 6051
f 5953 5960 6058
f 5849 5759 5869
f 5849 5727 5815
f 5849 5945 5815
f 5849 5869 5975
f 5849 5945 5975
f 5799 5819 5941
f 5799 5929 5941
f 5799 5685 5693
f 5799 5709 5819
f 5799 5709 5693
f 6191 6113 6125
f 6191 6183 6113
f 6191 6133 6125
f 6191 6207 6133
f 6191 6253 6183
f 6191 6207 6253
f 6287 6237 6253
f 6287 6299 6317
f 6287 6237 6225
f 6265 6314 6311
f 5686 5682 5792
f 5604 5694 5612
f 5604 5514 5612
f 5604 5514 5596
f 5604 5686 5596
f 5604 5686 5694
f 5616 5718 5612
f 5616 5526 5612
f 5616 5620 5526
f 5724 5620 5626
f 5724 5839 5721
f 5724 5839 5846
f 5724 5619 5721
f 5724 5626 5619
f 5568 5654 5642
f 5568 5556 5642
f 5568 5576 5482
f 5568 5474 5482
f 5568 5556 5474
f 5666 5576 5682
f 5666 5568 5654
f 5666 5568 5576
f 5588 5576 5682
f 5588 5686 5682
f 5588 5686 5596
f 5588 5506 5498
f 5588 5506 5596
f 5588 5490 5498
f 5588 5576 5490
f 5710 5832 5718
f 5710 5718 5612
f 5710 5694 5612
f 5800 5686 5792
f 5800 5686 5694
f 5800 5930 5792
f 5800 5710 5694
f 5800 5942 5930
f 5788 5890 5756
f 5788 5756 5678
f 5788 5698 5678
f 5788 5698 5728
f 5760 5850 5744
f 5760 5870 5850
f 5760 5654 5744
f 5760 5666 5654
f 5760 5776 5682
f 5760 5666 5682
f 5894 5776 5792
f 5894 5906 5792
f 5894 5760 5776
f 5894 5760 5870
f 5894 6008 5992
f 5894 6008 5906
f 5976 5850 5946
f 5976 5870 5850
f 5976 5894 5992
f 5976 5894 5870
f 5854 5890 5938
f 5854 5808 5898
f 5854 5938 5898
f 5854 5756 5808
f 5854 5890 5756
f 5531 5581 4535
f 5531 5581 5549
f 5531 4489 4535
f 5531 4489 5549
f 3924 5213 5209
f 3924 4096 5209
f 3924 5139 5213
f 5695 5675 5627
f 5695 5725 5627
f 5695 5785 5675
f 5695 5725 5785
f 5891 5757 5867
f 5891 5789 5903
f 5891 5989 5973
f 5891 5867 5973
f 5891 5989 6005
f 5891 5903 6005
f 5225 5303 5221
f 5225 5221 5151
f 5225 5229 5151
f 5225 5311 5229
f 5225 5303 5311
f 5663 5565 5573
f 5663 5679 5573
f 5663 5679 5757
f 5541 5537 5627
f 5541 5639 5627
f 5541 5553 5639
f 5541 5537 5463
f 5541 5463 5471
f 5541 5553 5471
f 5833 5761 4721
f 5833 4737 4721
f 5833 5883 4737
f 3709 3718 5540
f 3709 3703 5540
f 3723 5580 5658
f 3737 5638 5702
f 5996 6074 6036
f 5996 5968 6036
f 5996 5910 5946
f 5996 5968 5890
f 5996 5910 5890
f 6098 6164 6130
f 6098 6138 6164
f 6098 6086 6130
f 6098 6086 6066
f 6098 6016 6066
f 6098 6016 6062
f 6090 6000 6036
f 6090 6000 6062
f 6090 6098 6062
f 6090 6098 6138
f 6230 6176 6246
f 6230 6280 6246
f 6102 5996 6074
f 6200 6172 6164
f 6200 6234 6172
f 6200 6218 6164
f 6200 6234 6218
f 6114 6192 6126
f 6114 6040 6126
f 6114 6094 6008
f 6226 6270 6246
f 6329 6287 6317
f 6329 6359 6337
f 6329 6359 6351
f 6333 6317 6321
f 6333 6341 6321
f 6333 6351 6341
f 6333 6329 6317
f 6333 6329 6351
f 6134 6192 6126
f 6134 6040 6126
f 6144 6142 6058
f 6178 6216 6186
f 6178 6186 6154
f 6178 6146 6154
f 6178 6162 6146
f 6178 6216 6162
f 6288 6254 6238
f 6288 6254 6292
f 6288 6226 6238
f 6288 6226 6270
f 6300 6280 6246
f 6300 6270 6246
f 6300 6288 6270
f 6300 6322 6280
f 434 474 433
f 434 391 433
f 434 474 517
f 434 484 517
f 434 484 399
f 434 391 399
f 358 391 322
f 358 391 399
f 358 298 322
f 358 332 298
f 453 449 445
f 453 473 445
f 453 449 498
f 375 445 421
f 375 445 399
f 375 345 421
f 375 332 345
f 375 358 399
f 375 358 332
f 5713 4689 4659
f 5713 4659 5649
f 5713 5739 5763
f 5713 4689 5763
f 5713 5669 5649
f 5713 5669 5739
f 4723 5835 5763
f 4723 4689 5763
f 168 193 211
f 168 189 211
f 168 193 154
f 171 189 195
f 171 195 182
f 171 155 182
f 171 155 144
f 171 168 189
f 281 247 292
f 281 271 247
f 310 266 303
f 310 271 266
f 310 303 323
f 310 348 323
f 310 281 271
f 310 359 348
f 441 449 421
f 441 449 498
f 441 477 498
f 426 477 454
f 426 441 477
f 426 394 421
f 426 441 421
f 539 473 500
f 539 525 500
f 539 563 525
f 1004 1087 1048
f 1004 967 1048
f 795 764 733
f 795 764 811
f 795 826 811
f 739 733 702
f 739 742 698
f 739 742 781
f 819 822 870
f 819 822 781
f 1044 1019 1075
f 1044 1096 1075
f 1044 1074 1011
f 1044 1074 1096
f 943 1027 1022
f 856 779 786
f 856 862 786
f 856 779 851
f 856 943 862
f 956 885 968
f 956 1038 968
f 956 1038 1031
f 797 862 786
f 797 786 723
f 816 746 805
f 816 893 830
f 816 885 805
f 816 885 893
f 732 746 805
f 732 797 805
f 732 797 723
f 732 746 681
f 759 816 830
f 759 816 746
f 616 555 570
f 616 628 570
f 616 600 555
f 616 628 681
f 813 798 752
f 813 772 752
f 813 772 837
f 729 798 752
f 729 667 713
f 691 719 752
f 691 634 667
f 691 656 719
f 691 656 634
f 691 729 752
f 691 729 667
f 689 656 639
f 689 721 744
f 689 719 744
f 689 656 719
f 689 673 639
f 689 721 673
f 942 1001 920
f 931 981 907
f 931 1000 981
f 931 1000 959
f 1012 1001 1088
f 1012 1102 1034
f 1012 1088 1102
f 1012 942 1001
f 1012 966 1034
f 1012 942 966
f 1187 1163 1181
f 1187 1163 1247
f 1187 1181 2001
f 1187 1247 2001
f 1166 1076 1183
f 1166 1076 1153
f 1166 1267 2001
f 1166 1183 2001
f 1166 1267 1251
f 1166 1153 1251
f 950 853 879
f 950 1062 1045
f 950 1037 1045
f 950 853 843
f 834 843 751
f 834 831 751
f 834 843 930
f 262 267 245
f 262 267 296
f 262 296 263
f 262 246 263
f 262 246 245
f 564 630 664
f 564 602 664
f 462 408 389
f 462 492 408
f 588 645 685
f 740 814 784
f 740 807 814
f 597 528 596
f 597 621 596
f 669 735 670
f 669 622 670
f 669 621 622
f 530 528 464
f 530 597 528
f 530 597 537
f 475 530 537
f 347 296 306
f 347 354 296
f 347 312 306
f 403 355 404
f 403 354 355
f 403 436 404
f 808 860 827
f 808 860 839
f 675 655 698
f 675 739 702
f 675 739 698
f 675 652 702
f 675 655 652
f 891 860 827
f 891 918 860
f 891 918 959
f 891 931 959
f 451 493 508
f 451 432 493
f 451 508 480
f 451 432 396
f 451 424 480
f 451 396 424
f 379 420 360
f 379 432 420
f 379 432 396
f 379 360 326
f 379 326 344
f 379 396 344
f 899 820 858
f 899 820 793
f 899 868 793
f 1040 1008 1079
f 1040 1079 1070
f 1040 992 1070
f 1040 992 970
f 916 896 832
f 916 949 832
f 916 989 1007
f 916 896 989
f 916 1036 1007
f 916 949 1036
f 1080 1173 1097
f 1080 1066 1173
f 925 993 922
f 925 937 993
f 925 854 922
f 925 833 854
f 1041 1055 1149
f 1041 1138 1149
f 1041 1138 1129
f 1041 1032 1129
f 518 459 465
f 518 459 512
f 518 566 512
f 518 573 566
f 249 259 285
f 249 273 285
f 249 273 236
f 314 259 299
f 314 284 259
f 314 299 357
f 304 301 275
f 304 301 329
f 252 284 231
f 252 202 231
f 252 304 275
f 252 304 284
f 435 492 408
f 422 373 416
f 422 382 373
f 422 382 429
f 422 416 465
f 428 390 363
f 650 660 722
f 650 722 716
f 650 643 716
f 650 660 599
f 627 692 647
f 627 590 647
f 680 615 660
f 680 692 745
f 680 627 692
f 680 627 615
f 680 731 745
f 680 660 731
f 554 615 599
f 248 210 219
f 248 241 219
f 248 210 255
f 248 295 255
f 248 288 295
f 248 241 258
f 248 288 258
f 233 268 253
f 233 218 205
f 233 268 255
f 233 218 255
f 233 226 205
f 233 226 253
f 194 156 185
f 194 156 166
f 194 210 185
f 194 218 210
f 194 166 205
f 194 218 205
f 224 252 275
f 224 252 202
f 224 201 180
f 224 202 180
f 890 929 861
f 890 958 929
f 890 917 958
f 750 728 690
f 750 771 812
f 750 796 812
f 750 796 728
f 1089 1014 1078
f 1089 2314 1078
f 1089 2326 2314
f 1089 2326 1103
f 1089 1014 1103
f 941 865 919
f 941 1003 919
f 941 1014 1003
f 941 865 887
f 1107 1051 1136
f 1107 1197 1136
f 1107 1175 1197
f 963 941 1014
f 963 941 887
f 963 904 979
f 963 904 887
f 1035 1014 1103
f 1035 1121 1103
f 1035 1054 1121
f 1035 963 1014
f 1035 1054 979
f 1035 963 979
f 331 274 305
f 331 301 274
f 331 329 364
f 331 301 329
f 331 343 305
f 331 343 378
f 331 364 410
f 331 378 410
f 741 697 707
f 753 720 707
f 753 741 707
f 753 741 787
f 753 769 720
f 859 894 838
f 859 894 917
f 859 890 917
f 538 509 558
f 538 562 501
f 608 654 637
f 608 592 637
f 608 562 592
f 633 654 690
f 633 665 690
f 633 665 610
f 633 608 654
f 718 771 743
f 718 688 743
f 718 654 688
f 718 654 690
f 718 750 690
f 718 750 771
f 1095 1072 1043
f 1095 1073 1043
f 1095 1073 1158
f 1095 1179 1158
f 1098 1184 1154
f 924 894 951
f 924 894 881
f 924 912 881
f 924 971 912
f 1323 1404 1283
f 1323 1249 1283
f 1323 1363 3518
f 1323 1404 3518
f 1206 1249 1283
f 1206 1257 1283
f 1206 1257 1164
f 1206 1249 1176
f 1298 1342 1363
f 1298 1323 1363
f 1298 1323 1249
f 1126 1171 1198
f 1126 1170 1198
f 1126 1170 1093
f 1002 1046 964
f 1002 1047 1046
f 1002 961 964
f 1002 961 1005
f 1002 1047 1005
f 1130 1215 1164
f 1130 1047 1046
f 1130 1184 1215
f 1117 1069 1056
f 1117 1171 1176
f 998 1069 1056
f 998 945 955
f 998 1015 1056
f 998 1015 945
f 1016 1046 974
f 1016 933 974
f 1016 933 955
f 1016 998 955
f 1016 998 1069
f 842 883 844
f 842 814 883
f 842 807 844
f 842 807 814
f 730 766 836
f 730 766 664
f 730 630 664
f 730 699 630
f 765 880 847
f 614 626 548
f 614 626 686
f 700 626 724
f 700 626 686
f 700 761 686
f 649 626 724
f 755 833 749
f 755 761 686
f 910 880 995
f 910 1015 995
f 910 1015 945
f 910 945 836
f 818 869 821
f 818 869 871
f 737 701 685
f 825 782 784
f 825 814 784
f 825 818 871
f 825 818 782
f 825 883 871
f 825 814 883
f 926 903 847
f 799 700 724
f 6326 6322 6304
f 6326 6322 6342
f 4702 5962 4703
f 4702 4699 5962
f 5692 5798 5684
f 5692 5708 5798
f 5692 5602 5684
f 5692 5602 5610
f 5692 5708 5610
f 5524 5516 5610
f 5524 5614 5610
f 5524 5528 5618
f 5524 5614 5618
f 5434 5512 5426
f 5434 5512 5516
f 5434 5344 5426
f 5434 5524 5516
f 5434 5524 5438
f 5434 5352 5344
f 5434 5438 5352
f 5442 5528 5445
f 5442 5445 5356
f 5442 5524 5528
f 5442 5524 5438
f 5442 5352 5356
f 5442 5438 5352
f 5105 4946 5109
f 5105 4948 4946
f 5105 5109 5179
f 5105 5101 5179
f 5105 5101 4950
f 5105 4948 4950
f 5840 5954 5846
f 5840 5724 5846
f 5840 5832 5950
f 5840 5954 5950
f 5840 5832 5718
f 5743 5849 5727
f 5743 5849 5759
f 5743 5727 5653
f 5743 5759 5653
f 5791 5929 5905
f 5791 5799 5929
f 5791 5893 5775
f 5791 5905 5893
f 5791 5799 5685
f 5791 5681 5775
f 5791 5685 5681
f 6307 6265 6311
f 6307 6311 6337
f 6307 6329 6337
f 6269 6245 6225
f 6269 6287 6225
f 6269 6299 6245
f 6269 6287 6299
f 6308 6254 6292
f 6308 6262 6254
f 6308 6262 6266
f 6346 6364 6360
f 6261 6207 6253
f 6261 6307 6253
f 6261 6307 6265
f 5722 5724 5620
f 5722 5616 5718
f 5722 5616 5620
f 5722 5840 5718
f 5722 5840 5724
f 5820 5710 5832
f 5820 5800 5710
f 5820 5832 5942
f 5820 5800 5942
f 3826 5139 5065
f 3826 3924 5139
f 5773 5891 5757
f 5773 5891 5789
f 5773 5679 5757
f 5773 5679 5789
f 5651 5565 5639
f 5651 5663 5565
f 5651 5725 5741
f 5651 5725 5639
f 5651 5757 5741
f 5651 5663 5757
f 5879 5883 5931
f 5879 5833 5883
f 5879 5761 5801
f 5879 5833 5761
f 5879 5981 5915
f 5879 5981 5931
f 5879 5859 5915
f 5879 5801 5859
f 3721 3723 5580
f 3724 3729 5658
f 3724 3723 5658
f 3735 3729 5638
f 3735 3737 5638
f 3747 5702 5772
f 5816 5788 5890
f 5816 5910 5890
f 5816 5850 5728
f 5816 5788 5728
f 5816 5850 5946
f 5816 5910 5946
f 6118 6138 6172
f 6118 6090 6138
f 6118 6102 6074
f 6118 6074 6036
f 6118 6090 6036
f 6258 6230 6280
f 6258 6230 6234
f 6258 6276 6280
f 6258 6234 6242
f 6258 6276 6242
f 6032 6102 6056
f 6032 6102 5996
f 6032 5996 5946
f 6032 5976 5946
f 6032 5976 6056
f 6184 6114 6192
f 6184 6114 6094
f 6184 6226 6238
f 6184 6254 6238
f 6184 6254 6192
f 6028 6114 6008
f 6028 6114 6040
f 6028 6040 5930
f 6028 5906 5930
f 6028 6008 5906
f 6082 6152 6056
f 6082 6152 6094
f 6082 6094 5992
f 6082 5976 5992
f 6082 5976 6056
f 6122 6102 6056
f 6122 6152 6056
f 6122 6152 6176
f 6204 6152 6176
f 6204 6152 6226
f 6204 6176 6246
f 6204 6226 6246
f 6208 6134 6192
f 6208 6134 6142
f 6208 6254 6192
f 6208 6262 6254
f 6048 6134 6040
f 6048 6040 5950
f 6048 6142 6052
f 6048 6134 6142
f 6048 5954 6052
f 6048 5954 5950
f 6141 6207 6133
f 6141 6047 6051
f 6141 6133 6047
f 6141 6058 6051
f 6141 6144 6058
f 6211 6261 6207
f 6211 6261 6265
f 6211 6141 6207
f 6330 6288 6292
f 6330 6352 6334
f 6330 6308 6292
f 6330 6352 6360
f 4739 5835 5885
f 4739 4723 5835
f 4739 5885 5933
f 150 154 131
f 150 168 154
f 150 130 131
f 150 171 168
f 150 130 144
f 150 171 144
f 316 328 292
f 316 281 292
f 316 310 281
f 316 310 359
f 316 328 380
f 316 359 380
f 413 426 454
f 413 426 394
f 413 395 444
f 413 454 444
f 413 395 380
f 413 394 380
f 510 539 473
f 510 453 498
f 510 453 473
f 510 539 559
f 510 543 498
f 510 559 543
f 584 539 559
f 584 559 611
f 584 634 611
f 584 634 609
f 584 563 609
f 584 539 563
f 915 911 967
f 915 967 975
f 915 934 884
f 915 934 975
f 790 822 839
f 790 808 839
f 790 742 781
f 790 822 781
f 872 819 826
f 872 915 911
f 872 911 870
f 872 819 870
f 872 826 884
f 872 915 884
f 783 739 781
f 783 819 781
f 783 739 733
f 783 819 826
f 783 795 733
f 783 795 826
f 988 1011 952
f 988 1044 1011
f 988 1044 1019
f 988 973 1019
f 1006 1004 1087
f 1006 973 1019
f 882 822 839
f 882 895 839
f 882 822 870
f 938 943 1022
f 938 1022 1020
f 938 935 1020
f 938 900 935
f 938 851 900
f 938 856 851
f 938 856 943
f 876 956 885
f 876 797 862
f 876 885 805
f 876 797 805
f 947 956 1031
f 947 1027 1031
f 947 943 1027
f 947 943 862
f 947 876 862
f 947 876 956
f 661 651 723
f 661 732 723
f 661 732 681
f 661 600 651
f 661 616 681
f 661 616 600
f 774 759 830
f 774 759 713
f 774 729 713
f 774 729 798
f 694 746 681
f 694 759 746
f 694 759 713
f 694 628 681
f 694 648 713
f 694 628 648
f 848 774 798
f 848 774 830
f 848 906 830
f 848 906 920
f 889 942 966
f 889 966 907
f 889 837 907
f 889 813 837
f 972 950 879
f 972 896 879
f 972 896 989
f 972 1062 989
f 972 950 1062
f 940 950 1037
f 940 1030 930
f 940 1037 1030
f 940 843 930
f 940 950 843
f 855 923 930
f 855 834 930
f 855 834 831
f 855 831 854
f 855 854 922
f 855 923 922
f 619 697 657
f 619 666 697
f 619 603 657
f 619 603 574
f 619 666 574
f 561 626 548
f 561 649 626
f 561 649 582
f 607 564 630
f 547 607 564
f 547 462 492
f 547 492 516
f 547 564 516
f 625 666 574
f 625 588 685
f 625 701 685
f 625 666 701
f 551 564 516
f 551 564 602
f 551 645 602
f 551 588 645
f 709 807 766
f 709 740 807
f 709 766 664
f 709 645 664
f 709 645 685
f 709 740 685
f 671 597 621
f 671 669 621
f 671 749 735
f 671 669 735
f 467 436 464
f 467 530 464
f 467 475 530
f 415 467 475
f 770 808 827
f 770 721 744
f 770 803 744
f 770 803 827
f 864 891 931
f 864 803 837
f 864 803 827
f 864 891 827
f 864 837 907
f 864 931 907
f 932 1040 970
f 932 1040 1008
f 932 899 858
f 932 954 858
f 932 970 954
f 980 1008 1063
f 980 932 1008
f 980 932 899
f 980 949 868
f 980 899 868
f 980 1036 1063
f 980 949 1036
f 526 518 573
f 187 162 180
f 187 202 180
f 187 175 162
f 187 175 203
f 187 202 231
f 213 231 259
f 213 249 259
f 213 187 203
f 213 187 231
f 213 236 203
f 213 249 236
f 339 314 284
f 339 304 284
f 339 329 369
f 339 304 329
f 384 408 357
f 384 435 408
f 384 314 357
f 384 339 314
f 384 414 369
f 384 339 369
f 470 482 429
f 470 422 429
f 470 422 465
f 470 526 482
f 470 518 465
f 470 526 518
f 425 418 363
f 425 428 363
f 425 418 452
f 455 390 419
f 494 443 452
f 494 482 443
f 565 627 615
f 565 554 615
f 565 627 590
f 565 521 554
f 565 590 542
f 565 521 542
f 251 226 201
f 251 224 201
f 251 274 253
f 251 226 253
f 251 274 275
f 251 224 275
f 1084 1051 1024
f 1084 1107 1051
f 1084 1068 1024
f 1084 1160 1068
f 1084 1160 1175
f 1084 1107 1175
f 738 741 697
f 738 666 701
f 738 666 697
f 738 737 701
f 738 737 782
f 806 859 838
f 806 787 838
f 806 753 787
f 806 753 769
f 824 859 890
f 824 802 769
f 824 806 769
f 824 806 859
f 824 802 861
f 824 890 861
f 583 633 608
f 583 538 562
f 583 608 562
f 583 538 558
f 583 610 558
f 583 633 610
f 1127 1095 1179
f 1127 1095 1072
f 1127 1208 1154
f 1127 1208 1179
f 1127 1098 1154
f 1127 1098 1072
f 1057 1047 1005
f 1057 1017 1005
f 1057 1072 1017
f 1057 1098 1072
f 987 971 1017
f 987 924 971
f 987 1017 1043
f 987 924 951
f 987 1010 1043
f 987 1010 951
f 1139 1206 1164
f 1139 1206 1176
f 1139 1117 1176
f 1139 1117 1069
f 1277 1298 1342
f 1277 1342 1337
f 1277 1290 1231
f 1277 1290 1337
f 1094 1126 1171
f 1094 1117 1171
f 1094 1117 1056
f 1094 1126 1093
f 1094 1015 1056
f 1094 1015 1093
f 800 765 880
f 800 910 836
f 800 910 880
f 800 730 836
f 800 730 699
f 800 765 699
f 747 649 724
f 747 765 699
f 601 597 537
f 601 537 548
f 601 614 548
f 601 671 597
f 748 782 784
f 748 737 782
f 748 740 784
f 748 740 685
f 748 737 685
f 960 1071 995
f 960 880 995
f 960 880 847
f 960 926 847
f 1013 1124 1097
f 1013 1080 1097
f 840 925 833
f 840 925 937
f 840 755 833
f 840 755 761
f 962 1041 1055
f 962 1066 1055
f 817 903 847
f 817 799 903
f 817 765 847
f 817 747 765
f 817 799 724
f 817 747 724
f 888 799 903
f 777 700 761
f 777 799 700
f 777 888 867
f 777 888 799
f 6291 6287 6253
f 6291 6307 6253
f 6291 6329 6287
f 6291 6307 6329
f 6312 6314 6266
f 6312 6308 6266
f 6348 6314 6311
f 6348 6312 6314
f 6348 6312 6346
f 6348 6363 6370
f 6348 6364 6370
f 6348 6346 6364
f 3767 4984 3698
f 3767 4984 5069
f 3767 5069 5065
f 3767 3826 5065
f 3719 5580 3718
f 3719 3721 5580
f 3764 5862 5804
f 3764 5862 5772
f 6160 6230 6176
f 6160 6118 6102
f 6160 6122 6176
f 6160 6122 6102
f 6168 6152 6094
f 6168 6184 6094
f 6168 6152 6226
f 6168 6184 6226
f 6272 6314 6266
f 6272 6265 6314
f 6214 6144 6142
f 6214 6141 6144
f 6214 6211 6141
f 6214 6272 6266
f 6214 6211 6265
f 6214 6272 6265
f 6318 6300 6288
f 6318 6330 6288
f 6318 6330 6334
f 6318 6322 6334
f 6318 6300 6322
f 6338 6330 6308
f 6338 6312 6308
f 6338 6312 6346
f 6338 6346 6360
f 6338 6330 6360
f 4751 5979 5933
f 4751 4739 5933
f 754 790 742
f 754 790 808
f 754 770 721
f 754 770 808
f 965 1006 973
f 965 1006 1004
f 965 1004 967
f 965 911 967
f 1058 1087 1099
f 1058 1006 1087
f 1058 1006 1019
f 1058 1075 1099
f 1058 1019 1075
f 913 882 870
f 913 965 973
f 913 911 870
f 913 965 911
f 928 988 973
f 928 913 973
f 928 913 882
f 928 882 895
f 928 895 952
f 928 988 952
f 866 813 798
f 866 889 813
f 866 848 798
f 866 889 942
f 866 942 920
f 866 848 920
f 502 561 582
f 502 561 548
f 461 551 516
f 461 492 516
f 461 435 492
f 461 384 414
f 461 384 435
f 446 461 414
f 446 496 402
f 446 414 402
f 356 415 371
f 356 347 312
f 356 321 371
f 356 321 312
f 405 415 467
f 405 403 436
f 405 467 436
f 405 403 354
f 405 347 354
f 405 356 347
f 405 356 415
f 580 526 573
f 580 573 638
f 580 643 638
f 440 428 390
f 440 455 390
f 472 455 419
f 472 450 419
f 472 450 501
f 472 455 509
f 472 538 501
f 472 538 509
f 497 509 542
f 497 455 509
f 497 440 455
f 497 521 542
f 545 554 599
f 505 521 554
f 505 545 554
f 505 545 494
f 505 494 452
f 780 818 821
f 780 738 741
f 780 818 782
f 780 738 782
f 780 787 821
f 780 741 787
f 1086 1057 1047
f 1086 1057 1098
f 1086 1098 1184
f 1086 1130 1047
f 1086 1130 1184
f 1082 1139 1164
f 1082 1130 1164
f 1082 1130 1046
f 1082 1016 1046
f 1082 1016 1069
f 1082 1139 1069
f 1232 1277 1298
f 1232 1171 1176
f 1232 1171 1231
f 1232 1277 1231
f 1232 1249 1176
f 1232 1298 1249
f 678 747 699
f 678 747 649
f 678 699 630
f 678 607 630
f 678 649 582
f 678 607 582
f 679 614 686
f 679 601 614
f 679 601 671
f 679 755 686
f 679 755 749
f 679 671 749
f 1042 1013 1124
f 1042 1152 1124
f 1042 1071 1152
f 1042 960 1071
f 1042 960 926
f 1042 1013 926
f 997 926 903
f 997 1013 926
f 997 888 903
f 997 1013 1080
f 849 840 761
f 849 777 761
f 849 777 867
f 849 840 937
f 6345 6311 6337
f 6345 6348 6311
f 6345 6348 6363
f 6345 6359 6337
f 6345 6359 6363
f 3738 3737 5702
f 3738 3739 5702
f 3746 3747 5702
f 3746 3739 5702
f 3766 5804 3771
f 6196 6160 6230
f 6196 6234 6172
f 6196 6230 6234
f 6196 6118 6172
f 6196 6160 6118
f 6212 6208 6142
f 6212 6214 6142
f 6212 6214 6266
f 6212 6262 6266
f 6212 6208 6262
f 4769 6003 5979
f 4769 4751 5979
f 708 658 673
f 708 721 673
f 708 754 721
f 708 754 742
f 708 658 698
f 708 742 698
f 523 502 582
f 523 607 582
f 523 547 607
f 523 547 462
f 442 462 389
f 442 523 462
f 442 523 502
f 499 551 588
f 499 461 551
f 499 446 461
f 587 650 643
f 587 580 643
f 587 650 599
f 587 545 599
f 476 440 428
f 476 497 440
f 476 425 452
f 476 425 428
f 476 497 521
f 476 505 452
f 476 505 521
f 978 997 888
f 978 962 867
f 978 888 867
f 978 962 1066
f 978 1080 1066
f 978 997 1080
f 946 962 867
f 946 849 867
f 946 849 937
f 946 962 1041
f 946 1032 937
f 946 1041 1032
f 3765 3764 5804
f 3765 3766 5804
f 3748 3747 5772
f 3748 3749 5772
f 3759 3764 5772
f 3759 3749 5772
f 4782 6003 6019
f 4782 4769 6003
f 427 415 475
f 427 442 502
f 427 415 371
f 427 389 371
f 427 442 389
f 541 446 496
f 541 499 446
f 541 496 574
f 541 499 588
f 541 625 574
f 541 625 588
f 533 580 526
f 533 587 580
f 533 587 545
f 533 526 482
f 533 494 482
f 533 545 494
f 4794 6023 6019
f 4794 4782 6019
f 485 427 475
f 485 427 502
f 485 502 548
f 485 537 548
f 485 475 537
f 4792 6017 4780
f 4792 6021 6017
f 2406 3929 3928
f 2406 2407 3929
f 51 52 2
f 51 2 1
f 2255 2290 2254
f 2255 2290 2291
f 2255 2254 1020
f 2255 1021 1020
f 6372 6376 6374
f 6372 6376 6375
f 1116 2662 2665
f 1116 1115 2662
f 53 51 1
f 53 51 54
f 2380 2406 2407
f 2380 2381 2407
f 6323 6325 6303
f 6323 6303 6301
f 6341 6353 6339
f 6341 6353 6355
f 6341 6323 6325
f 6341 6323 6339
f 6281 6303 6301
f 6281 6283 6303
f 6281 6247 6249
f 6281 6283 6249
f 4765 4772 4771
f 4765 4771 4764
f 6373 6376 6375
f 6373 6371 6375
f 4754 4753 3928
f 4754 3929 3928
f 4754 4266 3929
f 4754 4266 4748
f 4758 4754 4753
f 4758 4754 4759
f 4762 4758 4759
f 4762 4758 4761
f 4762 4765 4764
f 4762 4761 4764
f 3521 3518 2662
f 3521 2662 2665
f 4939 4473 2729
f 4939 2726 4891
f 4939 2729 2726
f 6021 6077 6075
f 6021 6077 6023
f 6284 6282 6302
f 6284 6302 6304
f 6367 6353 6355
f 6367 6365 6353
f 6367 6373 6371
f 6367 6365 6371
f 2692 2687 2691
f 2692 2687 2688
f 6186 6156 6154
f 6186 6156 6188
f 6186 6222 6188
f 6186 6222 6220
f 6248 6284 6282
f 6248 6284 6250
f 6248 6222 6220
f 6248 6222 6250
f 6368 6372 6374
f 6368 6366 6372
f 6368 6356 6354
f 6368 6366 6354
f 2698 2692 2691
f 2698 2697 2691
f 6221 6247 6249
f 6221 6219 6247
f 6110 6108 6076
f 6110 6076 6078
f 6110 6156 6154
f 6110 6108 6154
f 6340 6356 6354
f 6340 6342 6356
f 6187 6185 6153
f 6187 6153 6155
f 6187 6221 6219
f 6187 6185 6219
f 6109 6153 6155
f 6109 6153 6107
f 6109 6077 6075
f 6109 6075 6107
f 6326 6302 6304
f 6326 6324 6302
f 6326 6340 6342
f 6326 6324 6340
f 3759 2448 2528
f 3759 3790 4719
f 3759 238 223
f 3759 265 294
f 3759 789 767
f 3759 349 337
f 3759 52 2
f 3759 209 223
f 3759 62 2
f 3759 908 953
f 3759 3629 3628
f 3759 2603 2599
f 3759 983 953
f 3759 2251 1021
f 3759 4720 4719
f 3759 4638 4639
f 3759 4486 4494
f 3759 3593 2725
f 3759 186 191
f 3759 221 215
f 3759 3784 3783
f 3759 71 79
f 3759 119 133
f 3759 2225 2303
f 3759 2431 2418
f 3759 2522 2512
f 3759 2376 2415
f 3759 2503 2512
f 3759 927 1021
f 3759 4473 4474
f 3759 2588 2572
f 3759 300 337
f 3759 270 279
f 3759 983 1009
f 3759 112 101
f 3759 184 215
f 3759 250 265
f 3759 318 294
f 3759 2678 2683
f 3759 2225 1009
f 3759 646 663
f 3759 2251 2300
f 3759 2332 2303
f 3759 2433 2442
f 3759 553 515
f 3759 4501 4504
f 3759 4517 4504
f 3759 2696 2683
f 3759 2595 2599
f 3759 2616 2628
f 3759 2671 2725
f 3759 2654 2628
f 3759 300 279
f 3759 55 57
f 3759 172 163
f 3759 209 191
f 3759 3789 3790
f 3759 97 79
f 3759 110 97
f 3759 153 163
f 3759 801 763
f 3759 585 568
f 3759 2678 2619
f 3759 2566 2619
f 3759 2544 2528
f 3759 2535 2572
f 3759 463 407
f 3759 613 642
f 3759 504 515
f 3759 677 642
f 3759 706 767
f 3759 4695 4685
f 3759 4531 4549
f 3759 4704 4705
f 3759 4709 4710
f 3759 4473 2729
f 3759 2588 2595
f 3759 2616 2612
f 3759 2603 2612
f 3759 2654 2671
f 3759 2702 2729
f 3759 82 73
f 3759 3703 3702
f 3759 55 52
f 3759 270 238
f 3759 172 177
f 3759 186 177
f 3759 66 57
f 3759 71 62
f 3759 3614 3613
f 3759 140 133
f 3759 184 174
f 3759 157 174
f 3759 908 875
f 3759 3621 3628
f 3759 318 340
f 3759 726 763
f 3759 2544 2566
f 3759 2431 2448
f 3759 2332 2418
f 3759 507 568
f 3759 2452 2442
f 3759 2433 2415
f 3759 2315 2300
f 3759 613 579
f 3759 553 579
f 3759 490 504
f 3759 677 684
f 3759 706 684
f 3759 841 901
f 3759 927 901
f 3759 4713 4720
f 3759 4706 4705
f 3759 397 407
f 3759 4646 4639
f 3759 2702 2696
f 3759 4589 4590
f 3759 3608 3593
f 3759 3659 3666
f 3759 3692 3691
f 3759 3609 3608
f 3759 66 73
f 3759 112 136
f 3759 153 136
f 3759 801 875
f 3759 3773 3775
f 3759 110 119
f 3759 140 148
f 3759 157 148
f 3759 250 235
f 3759 221 235
f 3759 585 620
f 3759 376 340
f 3759 507 488
f 3759 2525 2535
f 3759 2452 2467
f 3759 2492 2467
f 3759 2315 2335
f 3759 2376 2335
f 3759 456 490
f 3759 789 841
f 3759 4707 4708
f 3759 4517 4531
f 3759 4495 4494
f 3759 4550 4549
f 3759 4713 4710
f 3759 4709 4708
f 3759 4630 4624
f 3759 4623 4624
f 3759 4485 4474
f 3759 3646 3645
f 3759 3637 3645
f 3759 3672 3677
f 3759 3667 3666
f 3759 3784 3787
f 3759 3772 3771
f 3759 3788 3787
f 3759 93 101
f 3759 646 620
f 3759 388 376
f 3759 463 488
f 3759 2522 2525
f 3759 2503 2492
f 3759 401 456
f 3759 4706 4707
f 3759 676 663
f 3759 4697 4698
f 3759 4669 4662
f 3759 4495 4501
f 3759 4622 4590
f 3759 4646 4647
f 3759 4653 4647
f 3759 4661 4662
f 3759 4632 4631
f 3759 3612 3613
f 3759 3659 3646
f 3759 3629 3637
f 3759 3667 3672
f 3759 3678 3677
f 3759 3690 3691
f 3759 3781 3775
f 3759 3782 3783
f 3759 3788 3789
f 3759 82 87
f 3759 93 87
f 3759 3614 3621
f 3759 726 696
f 3759 397 388
f 3759 349 401
f 3759 4702 4703
f 3759 4697 4695
f 3759 4678 4672
f 3759 4699 4698
f 3759 4589 4550
f 3759 4630 4631
f 3759 4623 4622
f 3759 4671 4672
f 3759 4654 4653
f 3759 4486 4485
f 3759 3612 3610
f 3759 3609 3610
f 3759 3678 3684
f 3759 3690 3684
f 3759 3692 3702
f 3759 4637 4638
f 3759 3782 3781
f 3759 3773 3772
f 3759 676 696
f 3759 4704 4703
f 3759 4679 4678
f 3759 4682 4685
f 3759 4654 4661
f 3759 4637 4632
f 3759 4670 4669
f 3759 3709 3718
f 3759 3735 3729
f 3759 4682 4679
f 3759 4670 4671
f 3759 3709 3703
f 3759 3746 3747
f 3759 3724 3729
f 3759 4702 4699
f 3759 3721 3723
f 3759 3724 3723
f 3759 3735 3737
f 3759 3719 3718
f 3759 3719 3721
f 3759 3738 3737
f 3759 3766 3771
f 3759 3738 3739
f 3759 3746 3739
f 3759 3765 3764
f 3759 3748 3747
f 3759 3765 3766
f 3759 3748 3749
f 4792 3521 3518
f 4792 4418 4349
f 4792 3640 3698
f 4792 3579 3640
f 4792 4737 4721
f 4792 3579 3518
f 4792 3521 3581
f 4792 3581 3642
f 4792 3700 3642
f 4792 4767 4780
f 4792 4687 4721
f 4792 4489 4535
f 4792 4737 4749
f 4792 4625 4535
f 4792 4767 4749
f 4792 4349 4235
f 4792 4098 4235
f 4792 4627 4537
f 4792 4347 4416
f 4792 3767 3698
f 4792 3926 4098
f 4792 4625 4657
f 4792 4489 4416
f 4792 4233 4347
f 4792 4687 4657
f 4792 4491 4537
f 4792 3828 3926
f 4792 3769 3700
f 4792 4096 4233
f 4792 4627 4659
f 4792 4689 4659
f 4792 3769 3828
f 4792 4491 4418
f 4792 3924 4096
f 4792 4723 4689
f 4792 3826 3924
f 4792 4739 4723
f 4792 3767 3826
f 4792 4751 4739
f 4792 4769 4751
f 4792 4782 4769
f 4792 4794 4782
f 4792 6021 6023
f 4792 4794 6023
