v -0.0352 -0.012431967 0.02
v -0.0352 -0.012431967 0.037999999
v -0.0352 -0.011329958 0.04
v -0.0352 -0.010170323 0.04
v -0.0352 -0.010129352 0.04
v -0.0352 -0.010087191 0.04
v -0.0352 -0.010044465 0.04
v -0.0352 -0.007004584 0.02
v -0.0352 -0.006832482 0.02
v -0.0352 -0.006622548 0.02
v -0.0352 -0.006373204 0.02
v -0.0352 -0.006083216 0.02
v -0.0352 -0.005751834 0.02
v -0.0352 -0.005564713 0.04
v -0.0352 -0.005378946 0.02
v -0.0352 -0.005373156 0.04
v -0.0352 -0.005165592 0.04
v -0.0352 -0.004965248 0.02
v -0.0352 -0.004942104 0.04
v -0.0352 -0.004868214 0.024349706
v -0.0352 -0.004849188 0.023913927
v -0.0352 -0.004849188 0.024785485
v -0.0352 -0.004792253 0.023481466
v -0.0352 -0.004792253 0.025217947
v -0.0352 -0.004703106 0.04
v -0.0352 -0.004697843 0.023055611
v -0.0352 -0.004697843 0.025643801
v -0.0352 -0.004566677 0.022639606
v -0.0352 -0.004566677 0.026059806
v -0.0352 -0.004512421 0.02
v -0.0352 -0.004399754 0.022236615
v -0.0352 -0.004399754 0.026462797
v -0.0352 -0.004198342 0.021849707
v -0.0352 -0.004198342 0.026849706
v -0.0352 -0.00402329 0.02
v -0.0352 -0.003963975 0.021481825
v -0.0352 -0.003963975 0.027217589
v -0.0352 -0.003698437 0.021135768
v -0.0352 -0.003698437 0.027563645
v -0.0352 -0.00350196 0.02
v -0.0352 -0.003403748 0.020814173
v -0.0352 -0.003403748 0.02788524
v -0.0352 -0.003082152 0.020519484
v -0.0352 -0.003082152 0.028179929
v -0.0352 -0.002953912 0.02
v -0.0352 -0.002736097 0.020253947
v -0.0352 -0.002736097 0.028445467
v -0.0352 -0.002386015 0.02
v -0.0352 -0.002368215 0.02001958
v -0.0352 -0.002368215 0.028679833
v -0.0352 -0.002330602 0.02
v -0.0352 -0.001981306 0.028881246
v -0.0352 -0.001896555 0.04
v -0.0352 -0.001775741 0.04
v -0.0352 -0.001651257 0.04
v -0.0352 -0.001632358 0.04
v -0.0352 -0.001578315 0.029048169
v -0.0352 -0.001506823 0.04
v -0.0352 -0.001379793 0.04
v -0.0352 -0.00116231 0.029179337
v -0.0352 -0.00100279 0.04
v -0.0352 -0.000916077 0.04
v -0.0352 -0.000827781 0.04
v -0.0352 -0.00075 0.039106254
v -0.0352 -0.000747146 0.039040886
v -0.0352 -0.000747146 0.039171621
v -0.0352 -0.000738793 0.04
v -0.0352 -0.000738606 0.038976017
v -0.0352 -0.000738606 0.03923649
v -0.0352 -0.000736455 0.029273745
v -0.0352 -0.000724444 0.03891214
v -0.0352 -0.000724444 0.039300367
v -0.0352 -0.000704769 0.038849737
v -0.0352 -0.000704769 0.03936277
v -0.0352 -0.000679731 0.038789291
v -0.0352 -0.000679731 0.039423216
v -0.0352 -0.000650055 0.04
v -0.0352 -0.000649519 0.038731255
v -0.0352 -0.000649519 0.039481252
v -0.0352 -0.000614364 0.038676072
v -0.0352 -0.000614364 0.039536435
v -0.0352 -0.000574533 0.038624164
v -0.0352 -0.000574533 0.039588343
v -0.0352 -0.000562554 0.04
v -0.0352 -0.00053033 0.038575925
v -0.0352 -0.00053033 0.039636582
v -0.0352 -0.000482091 0.038531721
v -0.0352 -0.000482091 0.039680786
v -0.0352 -0.000477297 0.04
v -0.0352 -0.000430182 0.03849189
v -0.0352 -0.000430182 0.039720617
v -0.0352 -0.000395289 0.04
v -0.0352 -0.000375 0.038456734
v -0.0352 -0.000375 0.039755773
v -0.0352 -0.000317523 0.04
v -0.0352 -0.000316964 0.038426522
v -0.0352 -0.000316964 0.039785985
v -0.0352 -0.000303993 0.02933068
v -0.0352 -0.000256515 0.038401484
v -0.0352 -0.000256515 0.039811023
v -0.0352 -0.000244938 0.04
v -0.0352 -0.000194114 0.038381808
v -0.0352 -0.000194114 0.0398307
v -0.0352 -0.0001784 0.04
v -0.0352 -0.000130236 0.038367648
v -0.0352 -0.000130236 0.039844859
v -0.0352 -0.000118711 0.04
v -0.0352 -6.6534e-05 0.04
v -0.0352 -6.5367e-05 0.038359109
v -0.0352 -6.5367e-05 0.039853398
v -0.0352 -2.2433e-05 0.04
v -0.0352 0.0 0.038356252
v -0.0352 -0.0 0.039856255
v -0.0352 6.5367e-05 0.038359109
v -0.0352 6.5367e-05 0.039853398
v -0.0352 0.000130236 0.038367648
v -0.0352 0.000130236 0.039844859
v -0.0352 0.000131786 0.029349707
v -0.0352 0.000194114 0.038381808
v -0.0352 0.000194114 0.0398307
v -0.0352 0.000256515 0.038401484
v -0.0352 0.000256515 0.039811023
v -0.0352 0.000316964 0.038426522
v -0.0352 0.000316964 0.039785985
v -0.0352 0.000375 0.038456734
v -0.0352 0.000375 0.039755773
v -0.0352 0.000430182 0.03849189
v -0.0352 0.000430182 0.039720617
v -0.0352 0.000482091 0.038531721
v -0.0352 0.000482091 0.039680786
v -0.0352 0.00053033 0.038575925
v -0.0352 0.00053033 0.039636582
v -0.0352 0.000559126 0.04
v -0.0352 0.000567564 0.02933068
v -0.0352 0.000574533 0.038624164
v -0.0352 0.000574533 0.039588343
v -0.0352 0.000614364 0.038676072
v -0.0352 0.000614364 0.039536435
v -0.0352 0.000649519 0.038731255
v -0.0352 0.000649519 0.039481252
v -0.0352 0.000659339 0.04
v -0.0352 0.000679731 0.038789291
v -0.0352 0.000679731 0.039423216
v -0.0352 0.000704769 0.038849737
v -0.0352 0.000704769 0.03936277
v -0.0352 0.000724444 0.03891214
v -0.0352 0.000724444 0.039300367
v -0.0352 0.000738606 0.038976017
v -0.0352 0.000738606 0.03923649
v -0.0352 0.000747146 0.039040886
v -0.0352 0.000747146 0.039171621
v -0.0352 0.00075 0.039106254
v -0.0352 0.00076752 0.04
v -0.0352 0.000882331 0.04
v -0.0352 0.001000026 0.029273745
v -0.0352 0.001002374 0.04
v -0.0352 0.00112623 0.04
v -0.0352 0.001252494 0.04
v -0.0352 0.001379793 0.04
v -0.0352 0.001425881 0.029179337
v -0.0352 0.001506823 0.04
v -0.0352 0.001632358 0.04
v -0.0352 0.001755263 0.04
v -0.0352 0.001841886 0.029048169
v -0.0352 0.001874511 0.04
v -0.0352 0.001989196 0.04
v -0.0352 0.002244877 0.028881246
v -0.0352 0.002594173 0.02
v -0.0352 0.002631786 0.02001958
v -0.0352 0.002631786 0.028679833
v -0.0352 0.00264912 0.02
v -0.0352 0.002999668 0.020253947
v -0.0352 0.002999668 0.028445467
v -0.0352 0.003211562 0.02
v -0.0352 0.003345723 0.020519484
v -0.0352 0.003345723 0.028179929
v -0.0352 0.003667319 0.020814173
v -0.0352 0.003667319 0.02788524
v -0.0352 0.003753696 0.02
v -0.0352 0.003962008 0.021135768
v -0.0352 0.003962008 0.027563645
v -0.0352 0.004227546 0.021481825
v -0.0352 0.004227546 0.027217589
v -0.0352 0.004268774 0.02
v -0.0352 0.004461912 0.021849707
v -0.0352 0.004461912 0.026849706
v -0.0352 0.004663324 0.022236615
v -0.0352 0.004663324 0.026462797
v -0.0352 0.004751427 0.02
v -0.0352 0.004756201 0.04
v -0.0352 0.004830249 0.022639606
v -0.0352 0.004830249 0.026059806
v -0.0352 0.004961415 0.023055611
v -0.0352 0.004961415 0.025643801
v -0.0352 0.004976801 0.04
v -0.0352 0.005055824 0.023481466
v -0.0352 0.005055824 0.025217947
v -0.0352 0.005112759 0.023913927
v -0.0352 0.005112759 0.024785485
v -0.0352 0.005131785 0.024349706
v -0.0352 0.005182148 0.04
v -0.0352 0.005197654 0.02
v -0.0352 0.005372055 0.04
v -0.0352 0.005546583 0.04
v -0.0352 0.005604723 0.02
v -0.0352 0.00570598 0.04
v -0.0352 0.00585064 0.04
v -0.0352 0.005971037 0.02
v -0.0352 0.005981042 0.04
v -0.0352 0.006097702 0.04
v -0.0352 0.006201185 0.04
v -0.0352 0.006292039 0.04
v -0.0352 0.006295967 0.02
v -0.0352 0.006370802 0.04
v -0.0352 0.006437988 0.04
v -0.0352 0.006494078 0.04
v -0.0352 0.006539504 0.04
v -0.0352 0.00657466 0.04
v -0.0352 0.00657968 0.02
v -0.0352 0.006822973 0.02
v -0.0352 0.007027115 0.02
v -0.0352 0.00719371 0.02
v -0.0352 0.007324583 0.02
v -0.0352 0.00742168 0.02
v -0.0352 0.007486997 0.02
v -0.0352 0.007522514 0.02
v -0.0352 0.007811054 0.02
v -0.0352 0.00783726 0.02
v -0.0352 0.007863743 0.02
v -0.0352 0.007890284 0.02
v -0.0352 0.011331223 0.04
v -0.0352 0.012390441 0.038068321
v -0.0352 0.012416208 0.02
v -0.0352 0.012431967 0.02
v -0.0352 0.012431967 0.037999999
v -0.035199579 -0.011348485 0.04
v -0.035199445 -0.011525336 0.039689783
v -0.035199445 -0.011369295 0.04
v -0.035198633 0.012515498 0.02
v -0.035198214 -0.011397 0.04
v -0.035197109 0.012584614 0.02
v -0.035196823 0.011438367 0.04
v -0.035196331 -0.012539121 0.02
v -0.035196017 0.011477487 0.04
v -0.035196017 0.011610289 0.039735984
v -0.035195991 0.012613666 0.037999999
v -0.035193991 -0.012648372 0.02
v -0.035191718 -0.012677538 0.02
v -0.035190392 -0.011685329 0.039776791
v -0.035190392 -0.011573053 0.04
v -0.035190355 -0.012713665 0.037999999
v -0.035188797 0.012723202 0.02
v -0.035188411 -0.011593024 0.04
v -0.03518438 -0.012790342 0.02
v -0.03518438 -0.012790342 0.037999999
v -0.03518438 0.012790447 0.02
v -0.03518438 0.012790447 0.037999999
v -0.035182992 0.011657277 0.04
v -0.035181779 0.011674007 0.04
v -0.035181779 0.011764599 0.0398199
v -0.035178972 -0.01284225 0.02
v -0.035174928 -0.012884489 0.02
v -0.035173111 0.012894739 0.02
v -0.035170238 -0.011844868 0.039863553
v -0.035170238 -0.011776234 0.04
v -0.035170164 -0.012926803 0.037999999
v -0.035168352 -0.01178842 0.04
v -0.035164099 -0.012958866 0.02
v -0.035161844 0.012989994 0.02
v -0.035155968 0.011875948 0.04
v -0.035154812 0.011884995 0.04
v -0.035154812 0.011930269 0.039909992
v -0.03515476 0.013040866 0.037999999
v -0.035145915 0.013095864 0.02
v -0.035141695 -0.013122333 0.02
v -0.035141695 -0.013122333 0.037999999
v -0.035140485 0.013129628 0.02
v -0.035140485 0.013129628 0.037999999
v -0.035138994 -0.012003351 0.039949737
v -0.035138994 -0.011978069 0.04
v -0.035138049 -0.011982532 0.04
v -0.035124549 -0.013208182 0.02
v -0.035117418 0.013246835 0.02
v -0.035116006 0.01209328 0.04
v -0.035115987 0.012093382 0.04
v -0.035115987 0.012093896 0.039998978
v -0.035115939 0.013259476 0.037999999
v -0.035115398 0.012095775 0.04
v -0.035115136 -0.01326013 0.02
v -0.035114071 -0.012095776 0.04
v -0.035108081 0.013296227 0.02
v -0.03510028 -0.01333183 0.02
v -0.035096703 -0.012180615 0.04
v -0.035096619 -0.013348022 0.037999999
v -0.035096309 -0.012182243 0.04
v -0.035091562 -0.01336781 0.02
v -0.035086772 0.013384656 0.02
v -0.035073701 -0.013442611 0.02
v -0.035073701 -0.013442611 0.037999999
v -0.035068866 0.013461505 0.02
v -0.035068866 0.013461505 0.037999999
v -0.035067644 0.012296293 0.04
v -0.035065695 0.012304661 0.04
v -0.035062184 -0.013485158 0.02
v -0.035045169 -0.012378111 0.04
v -0.035043468 -0.012384396 0.04
v -0.035043422 -0.013554462 0.037999999
v -0.035042716 -0.013556924 0.02
v -0.035040052 -0.01239526 0.04
v -0.035031364 0.013590868 0.02
v -0.035019594 -0.013630461 0.02
v -0.035008952 0.01249509 0.04
v -0.035006612 0.013675653 0.02
v -0.0350038 0.012512738 0.04
v -0.035003796 0.013684398 0.037999999
v -0.035001215 0.012520369 0.04
v -0.034983571 0.013744123 0.02
v -0.034982637 -0.013747785 0.02
v -0.034982637 -0.013747785 0.037999999
v -0.034979716 -0.01258375 0.04
v -0.03497259 -0.012602733 0.04
v -0.034971155 0.013780789 0.02
v -0.034971155 0.013780789 0.037999999
v -0.03495303 -0.013826652 0.02
v -0.034949181 0.013840475 0.02
v -0.034940027 -0.013857451 0.02
v -0.034935572 0.012702856 0.04
v -0.03493394 0.013881659 0.02
v -0.03493109 0.013889058 0.037999999
v -0.034931037 0.012715113 0.04
v -0.034904804 -0.013955119 0.037999999
v -0.034904755 -0.012780421 0.04
v -0.034900528 -0.012790432 0.04
v -0.034880505 0.014009698 0.02
v -0.034870621 -0.014036088 0.02
v -0.034870621 -0.014036088 0.037999999
v -0.034859618 0.012882962 0.04
v -0.034851278 -0.014078566 0.02
v -0.03484945 0.01408376 0.02
v -0.03484945 0.01408376 0.037999999
v -0.034847871 0.012910977 0.04
v -0.034827447 -0.012953989 0.04
v -0.034819771 -0.014147758 0.037999999
v -0.034819679 -0.012971048 0.04
v -0.034814792 -0.014158169 0.02
v -0.034813158 0.014158135 0.02
v -0.034807565 -0.012995055 0.04
v -0.034784627 -0.014217948 0.02
v -0.034770304 0.013067698 0.04
v -0.034754042 0.014279286 0.037999999
v -0.034753937 0.01310124 0.04
v -0.034745796 0.013116251 0.04
v -0.03474047 -0.014304911 0.02
v -0.03474047 -0.014304911 0.037999999
v -0.034727306 -0.013150445 0.04
v -0.034724639 0.014333506 0.02
v -0.034706589 0.014366793 0.02
v -0.034706589 0.014366793 0.037999999
v -0.034705631 -0.013187911 0.04
v -0.03469445 -0.014384458 0.02
v -0.034685132 -0.014399172 0.02
v -0.034665227 0.014437574 0.02
v -0.034661431 0.013264534 0.04
v -0.034659637 -0.014445523 0.02
v -0.034650579 0.014463278 0.037999999
v -0.034650426 0.01328349 0.04
v -0.034643922 0.014474276 0.02
v -0.034619488 -0.014514034 0.037999999
v -0.034619393 -0.013333655 0.04
v -0.034614418 -0.01334151 0.04
v -0.03459499 -0.014552714 0.02
v -0.03459499 -0.014552714 0.037999999
v -0.034585572 0.014564949 0.02
v -0.034562247 0.013419149 0.04
v -0.03456078 -0.014603372 0.02
v -0.034545664 0.014627365 0.02
v -0.034545664 0.014627365 0.037999999
v -0.03453928 0.013455071 0.04
v -0.03453093 -0.014648588 0.02
v -0.034525074 -0.013474144 0.04
v -0.03450743 0.014681811 0.02
v -0.034505054 -0.014685888 0.037999999
v -0.034504867 -0.013504066 0.04
v -0.034504087 -0.014685065 0.02
v -0.034489011 -0.013525612 0.04
v -0.03446514 -0.014740548 0.02
v -0.03445429 0.014751979 0.02
v -0.034446777 0.013580307 0.04
v -0.034434486 -0.014781781 0.02
v -0.034434486 -0.014781781 0.037999999
v -0.03441152 0.01362839 0.04
v -0.034404061 -0.014820692 0.02
v -0.034398194 0.01482848 0.02
v -0.034398194 0.01482848 0.037999999
v -0.034394178 -0.013649761 0.04
v -0.034385383 -0.014844579 0.02
v -0.034385383 -0.014844579 0.037999999
v -0.034382187 -0.013665095 0.04
v -0.034348932 -0.013704024 0.04
v -0.03433358 -0.014905219 0.02
v -0.034319806 0.014921778 0.02
v -0.034314705 0.013744128 0.04
v -0.034286108 0.014962777 0.037999999
v -0.034285884 0.013778661 0.04
v -0.03427717 0.014972863 0.02
v -0.034266988 0.013799416 0.04
v -0.034263163 -0.014988506 0.02
v -0.034249321 -0.015003453 0.02
v -0.034249198 -0.015003996 0.037999999
v -0.034249057 -0.013819454 0.04
v -0.034240575 0.01501279 0.02
v -0.034239534 -0.013829738 0.04
v -0.034212809 -0.01504329 0.02
v -0.034212809 -0.01504329 0.037999999
v -0.034212623 0.015043492 0.02
v -0.034212623 0.015043492 0.037999999
v -0.034177344 0.015080017 0.02
v -0.03417323 -0.015083437 0.02
v -0.03416557 0.013906524 0.04
v -0.034152829 0.015105312 0.02
v -0.034148175 0.015109992 0.037999999
v -0.034147956 0.013924699 0.04
v -0.034143758 -0.015111026 0.02
v -0.034137417 -0.013933943 0.04
v -0.034108758 -0.015148832 0.037999999
v -0.034108548 -0.013963225 0.04
v -0.034087052 -0.013983348 0.04
v -0.034066632 0.01518719 0.02
v -0.034044559 0.014020966 0.04
v -0.034031279 -0.015221361 0.02
v -0.034031279 -0.015221361 0.037999999
v -0.034016572 0.015234583 0.02
v -0.034016572 0.015234583 0.037999999
v -0.034006698 0.01405681 0.04
v -0.034004353 -0.015244991 0.02
v -0.033980921 -0.014078734 0.04
v -0.033960491 -0.015283482 0.037999999
v -0.033960288 -0.014096841 0.04
v -0.033947572 0.015293341 0.02
v -0.033926422 -0.015311795 0.02
v -0.033926096 -0.014124508 0.04
v -0.033900679 0.014143569 0.04
v -0.033884641 0.015345716 0.02
v -0.033881799 -0.015347901 0.02
v -0.033851132 0.015372271 0.037999999
v -0.033850978 0.014184932 0.04
v -0.033843182 -0.015378403 0.02
v -0.033843182 -0.015378403 0.037999999
v -0.033839778 0.014193462 0.04
v -0.033828642 -0.015389396 0.02
v -0.033828031 0.015389864 0.02
v -0.033816435 -0.014210915 0.04
v -0.033813849 0.015400665 0.02
v -0.033813849 0.015400665 0.037999999
v -0.033804957 -0.015407303 0.037999999
v -0.033804819 -0.014219698 0.04
v -0.033784305 -0.015422437 0.02
v -0.033768049 0.015433232 0.02
v -0.033757739 -0.01425242 0.04
v -0.033730723 0.014271504 0.04
v -0.033725373 -0.015463397 0.02
v -0.033693444 0.015486281 0.037999999
v -0.033693205 0.014298182 0.04
v -0.033665967 0.014315837 0.04
v -0.033650029 -0.015514984 0.02
v -0.033650029 -0.015514984 0.037999999
v -0.033644998 -0.014329742 0.04
v -0.033639279 0.01552139 0.02
v -0.033606026 0.015542944 0.02
v -0.033606026 0.015542944 0.037999999
v -0.033589812 -0.014362788 0.04
v -0.033583342 -0.015554918 0.02
v -0.033574979 -0.015559478 0.02
v -0.033554363 0.014385068 0.04
v -0.033532629 0.01558625 0.02
v -0.033530209 0.015588563 0.037999999
v -0.033530002 0.014399726 0.04
v -0.033503789 0.015603602 0.02
v -0.033486415 0.014423469 0.04
v -0.033474714 -0.015619966 0.037999999
v -0.03347463 -0.014430848 0.04
v -0.033467502 -0.014434735 0.04
v -0.033452727 -0.015631955 0.02
v -0.033452727 -0.015631955 0.037999999
v -0.033446157 0.015634349 0.02
v -0.033394556 0.015662458 0.02
v -0.033394556 0.015662458 0.037999999
v -0.033381799 -0.015668139 0.02
v -0.033372723 0.014483862 0.04
v -0.033362132 0.015678715 0.037999999
v -0.033362034 0.014489221 0.04
v -0.03335978 0.015679689 0.02
v -0.033351481 -0.014492934 0.04
v -0.033347447 0.015685873 0.02
v -0.033305338 -0.015705504 0.02
v -0.033284685 -0.014525575 0.04
v -0.033251718 -0.015730184 0.02
v -0.033251718 -0.015730184 0.037999999
v -0.033249642 0.015729236 0.02
v -0.033247952 0.014540209 0.04
v -0.033241934 -0.014543074 0.04
v -0.033236311 0.002594173 0.02
v -0.03320278 -0.015750215 0.02
v -0.03318683 0.014567659 0.04
v -0.033180583 0.01576025 0.02
v -0.033180583 0.01576025 0.037999999
v -0.033173728 -0.015760746 0.02
v -0.033123065 -0.015782844 0.037999999
v -0.03312292 -0.01459269 0.04
v -0.033117521 0.01578348 0.02
v -0.033097025 -0.014602076 0.04
v -0.033071458 0.014609991 0.04
v -0.033046689 -0.015810529 0.02
v -0.033046689 -0.015810529 0.037999999
v -0.033014797 0.015821319 0.037999999
v -0.033014686 0.014630903 0.04
v -0.033006374 -0.015823516 0.02
v -0.032998098 0.014636224 0.04
v -0.03298478 0.015830947 0.02
v -0.032977092 -0.014642348 0.04
v -0.032967962 -0.015834181 0.02
v -0.032966353 0.015836857 0.02
v -0.032966353 0.015836857 0.037999999
v -0.032940704 -0.015844671 0.037999999
v -0.032940582 -0.014654109 0.04
v -0.032905796 -0.014663767 0.04
v -0.032904404 0.015854746 0.02
v -0.03288159 0.014670018 0.04
v -0.032855094 0.015868675 0.02
v -0.032839723 -0.015872708 0.02
v -0.032839723 -0.015872708 0.037999999
v -0.03283672 0.015873475 0.037999999
v -0.032836608 0.014682724 0.04
v -0.032807475 -0.015880401 0.02
v -0.032807381 0.014689664 0.04
v -0.032784529 0.015885868 0.02
v -0.032784418 -0.014695 0.04
v -0.032754947 -0.015892934 0.037999999
v -0.032754859 -0.014702052 0.04
v -0.032752488 0.015893476 0.02
v -0.032752488 0.015893476 0.037999999
v -0.032721543 0.015899966 0.02
v -0.032711773 -0.014710484 0.04
v -0.032690097 0.01471495 0.04
v -0.032685056 0.015907276 0.02
v -0.03267838 -0.015907918 0.02
v -0.032656565 0.015912693 0.037999999
v -0.032656488 0.014721683 0.04
v -0.032631375 -0.015917117 0.02
v -0.032631375 -0.015917117 0.037999999
v -0.03261507 0.014728184 0.04
v -0.032589277 -0.014732636 0.04
v -0.03258332 0.015924189 0.02
v -0.032572438 -0.015926044 0.02
v -0.032538354 0.015931247 0.02
v -0.032538354 0.015931247 0.037999999
v -0.032515618 -0.014742114 0.04
v -0.032497343 0.014745012 0.04
v -0.032492755 -0.015936297 0.02
v -0.032475058 0.015938884 0.037999999
v -0.032475024 0.014747705 0.04
v -0.032433274 0.015941715 0.02
v -0.032421894 -0.015944071 0.02
v -0.032421894 -0.015944071 0.037999999
v -0.032405755 0.015943294 0.02
v -0.032404584 -0.015945423 0.02
v -0.032392455 -0.014755136 0.04
v -0.032381678 0.015946198 0.02
v -0.032376386 -0.015947625 0.037999999
v -0.032376374 -0.014756391 0.04
v -0.03237162 -0.015947947 0.02
v -0.032357598 0.014756109 0.04
v -0.032324351 0.015950689 0.02
v -0.032324351 0.015950689 0.037999999
v -0.032314047 -0.014758544 0.04
v -0.032304525 -0.015950264 0.02
v -0.032304287 0.014760285 0.04
v -0.03227705 0.01595184 0.02
v -0.032234658 0.01475094 0.04
v -0.032200001 -0.015953716 0.02
v -0.032200001 -0.015953716 0.037999999
v -0.032200001 -0.014762299 0.04
v -0.032200001 0.014751784 0.04
v -0.032200001 0.015953716 0.02
v -0.032200001 0.015953716 0.037999999
v -0.03007338 0.014751784 0.04
v -0.028963228 0.015953716 0.02
v -0.028599167 0.014751784 0.04
v -0.02786235 -0.015953716 0.02
v -0.025199443 -0.015953716 0.02
v -0.025199443 -0.015953716 0.035
v -0.025194408 -0.015953716 0.035130858
v -0.025179315 -0.015953716 0.035261467
v -0.02515419 -0.015953716 0.03539158
v -0.025119083 -0.015953716 0.035520945
v -0.025074059 -0.015953716 0.035649318
v -0.025019204 -0.015953716 0.035776459
v -0.024954624 -0.015953716 0.035902116
v -0.024880443 -0.015953716 0.036026061
v -0.024796797 -0.015953716 0.036148049
v -0.024703851 -0.015953716 0.036267854
v -0.024601778 -0.015953716 0.036385246
v -0.024569536 0.015953716 0.02
v -0.024569536 0.015953716 0.035
v -0.024569536 0.015953716 0.037999999
v -0.024564501 0.015953716 0.035130858
v -0.024549408 0.015953716 0.035261467
v -0.024524283 0.015953716 0.03539158
v -0.024490774 -0.015953716 0.036499999
v -0.024489176 0.015953716 0.035520945
v -0.024444152 0.015953716 0.035649318
v -0.024389297 0.015953716 0.035776459
v -0.02437105 -0.015953716 0.0366119
v -0.024324717 0.015953716 0.035902116
v -0.024250535 0.015953716 0.036026061
v -0.024242833 -0.015953716 0.03672073
v -0.024166889 0.015953716 0.036148049
v -0.024073943 0.015953716 0.036267854
v -0.023998547 -0.014792302 0.04
v -0.023971871 0.015953716 0.036385246
v -0.023961917 -0.015953716 0.036928363
v -0.023860866 0.015953716 0.036499999
v -0.023741143 0.015953716 0.0366119
v -0.02365016 -0.015953716 0.037121322
v -0.023612926 0.015953716 0.03672073
v -0.023332009 0.015953716 0.036928363
v -0.023309939 -0.015953716 0.037298132
v -0.023020253 0.015953716 0.037121322
v -0.022943841 -0.015953716 0.037457455
v -0.022680031 0.015953716 0.037298132
v -0.022554653 -0.015953716 0.037598077
v -0.022313934 0.015953716 0.037457455
v -0.022145336 -0.015953716 0.037718922
v -0.021924745 0.015953716 0.037598077
v -0.021719005 -0.015953716 0.037819076
v -0.021515429 0.015953716 0.037718922
v -0.021278907 -0.015953716 0.037897777
v -0.021089097 0.015953716 0.037819076
v -0.020899528 -0.018914704 0.02
v -0.020828389 -0.015953716 0.037954424
v -0.020694831 0.018621898 0.02
v -0.020648999 0.015953716 0.037897777
v -0.020543442 0.018726147 0.02
v -0.02037088 -0.015953716 0.037988584
v -0.020198481 0.015953716 0.037954424
v -0.019909862 -0.015953716 0.037999999
v -0.019740973 0.015953716 0.037988584
v -0.019279955 0.015953716 0.037999999
v -0.017930446 -0.014792302 0.04
v -0.016963688 -0.002330602 0.02
v -0.016914128 0.014751784 0.04
v -0.016000001 -0.015953716 0.037999999
v -0.016000001 -0.014792302 0.04
v -0.016000001 0.014751784 0.04
v -0.016000001 0.015953716 0.037999999
v -0.015996579 0.014751759 0.04
v -0.015987722 0.015953626 0.037999999
v -0.015983614 0.014751217 0.04
v -0.015969051 -0.015953153 0.037999999
v -0.01594121 0.014748805 0.04
v -0.015941205 0.015951684 0.037999999
v -0.015939084 -0.014749338 0.04
v -0.015935706 0.014748358 0.04
v -0.015930327 -0.014749179 0.04
v -0.015924761 -0.014747094 0.04
v -0.015920853 -0.015950032 0.037999999
v -0.015920853 0.015950032 0.037999999
v -0.015911741 -0.014746251 0.04
v -0.015896776 -0.014744362 0.04
v -0.015889452 0.014743456 0.04
v -0.015874511 0.014741571 0.04
v -0.015865458 -0.015943041 0.037999999
v -0.015865458 0.015943041 0.037999999
v -0.015852619 -0.014738036 0.04
v -0.015847882 -0.01473723 0.04
v -0.01584786 -0.015940048 0.037999999
v -0.015834787 -0.014734473 0.04
v -0.015828595 0.014733244 0.04
v -0.01581506 0.014730672 0.04
v -0.015815038 0.015933458 0.037999999
v -0.015810812 0.014729691 0.04
v -0.015799215 -0.015929805 0.037999999
v -0.015799215 0.015929805 0.037999999
v -0.015790898 -0.014724986 0.04
v -0.015773308 -0.014720022 0.04
v -0.015765446 0.014717986 0.04
v -0.015753155 0.014714671 0.04
v -0.015753122 0.015917374 0.037999999
v -0.015747927 0.014713041 0.04
v -0.015733518 -0.015911261 0.037999999
v -0.015733518 0.015911261 0.037999999
v -0.015729831 -0.014707377 0.04
v -0.015712493 -0.014700993 0.04
v -0.015703264 0.014698001 0.04
v -0.01568602 0.014691652 0.04
v -0.015669578 -0.014685203 0.04
v -0.015668288 -0.015887242 0.037999999
v -0.015668288 0.015887242 0.037999999
v -0.015652509 -0.014677362 0.04
v -0.015642212 0.014673333 0.04
v -0.015632957 0.01466928 0.04
v -0.015632898 0.015871743 0.037999999
v -0.015625262 0.014665547 0.04
v -0.015610307 -0.014658445 0.04
v -0.015604828 -0.014655578 0.04
v -0.015603477 -0.015857471 0.037999999
v -0.015603477 0.015857471 0.037999999
v -0.01558246 0.014644009 0.04
v -0.015582439 -0.015846463 0.037999999
v -0.015582439 0.015846463 0.037999999
v -0.015577028 0.014641167 0.04
v -0.015563343 -0.014633478 0.04
v -0.015562466 0.022069784 0.035649318
v -0.015558597 -0.022506213 0.035649318
v -0.015557538 0.022104181 0.035520945
v -0.015557083 0.022035716 0.035776459
v -0.015556715 -0.014629766 0.04
v -0.015556649 -0.015832022 0.037999999
v -0.015553668 -0.02254061 0.035520945
v -0.015553214 -0.022472145 0.035776459
v -0.015548399 -0.022456663 0.035832092
v -0.015546911 -0.014623762 0.04
v -0.015545692 0.021999091 0.035902116
v -0.015542307 0.022138845 0.03539158
v -0.015538437 -0.022575274 0.03539158
v -0.015535221 0.014616389 0.04
v -0.015532607 0.021957017 0.036026061
v -0.015528738 -0.022393446 0.036026061
v -0.015523292 -0.022375936 0.036072947
v -0.015518958 0.014606773 0.04
v -0.015518503 -0.015808659 0.037999999
v -0.015518503 0.015808659 0.037999999
v -0.015517854 0.021909578 0.036148049
v -0.015516804 0.022173708 0.035261467
v -0.015512934 -0.022610137 0.035261467
v -0.015506431 -0.014598576 0.04
v -0.015502321 -0.014595867 0.04
v -0.015502266 -0.015797952 0.037999999
v -0.015501459 0.021856863 0.036267854
v -0.015497589 -0.022293292 0.036267854
v -0.015491939 -0.022275124 0.036306109
v -0.015490774 -0.014587598 0.04
v -0.015483455 0.021798972 0.036385246
v -0.015481076 0.022208704 0.035130858
v -0.015478445 0.014578898 0.04
v -0.015477207 -0.022645133 0.035130858
v -0.015463875 0.021736015 0.036499999
v -0.015462978 0.014568053 0.04
v -0.015459998 -0.022172419 0.036500044
v -0.01545664 -0.01576528 0.037999999
v -0.01545664 0.01576528 0.037999999
v -0.015454563 -0.022154946 0.036529906
v -0.015451452 -0.014559369 0.04
v -0.015442757 0.021668114 0.0366119
v -0.015436591 -0.01454715 0.04
v -0.015435192 0.022243768 0.035
v -0.015431322 -0.022680197 0.035
v -0.015423907 0.014537166 0.04
v -0.015420142 0.021595396 0.03672073
v -0.015416264 -0.022031799 0.036720764
v -0.015413256 0.014528597 0.04
v -0.0154132 0.015730329 0.037999999
v -0.015411434 -0.022016268 0.036742736
v -0.015409254 0.014525118 0.04
v -0.015398583 -0.014515936 0.04
v -0.015396873 -0.015716139 0.037999999
v -0.015396873 0.015716139 0.037999999
v -0.015396071 0.021517999 0.036826283
v -0.015384552 -0.014502489 0.04
v -0.015371773 0.014491319 0.04
v -0.015370592 0.021436073 0.036928363
v -0.015366714 -0.021872479 0.036928389
v -0.015362859 -0.02186008 0.036943071
v -0.015357966 0.014478087 0.04
v -0.015348017 -0.014468357 0.04
v -0.015343751 0.021349771 0.03702677
v -0.015339764 -0.014459414 0.04
v -0.0153393 -0.015660964 0.037999999
v -0.0153393 0.015660964 0.037999999
v -0.015322223 0.014441481 0.04
v -0.015316983 0.014435899 0.04
v -0.015316906 0.015637107 0.037999999
v -0.015315602 0.021259259 0.037121322
v -0.015311727 -0.021695673 0.037121337
v -0.015309187 -0.021687506 0.037129473
v -0.01530474 -0.014422301 0.04
v -0.015304659 -0.01562343 0.037999999
v -0.015298602 -0.014415062 0.04
v -0.015282964 0.014396431 0.04
v -0.015278236 -0.015592269 0.037999999
v -0.015278236 0.015592269 0.037999999
v -0.01527416 0.014386223 0.04
v -0.01526525 -0.014375034 0.04
v -0.015261445 -0.01437026 0.04
v -0.015261391 -0.01557113 0.037999999
v -0.015255591 0.021066302 0.037298132
v -0.015253375 -0.014359292 0.04
v -0.015251719 -0.021502726 0.037298139
v -0.015250881 0.022370687 0.02
v -0.015250881 0.022370687 0.034526329
v -0.015250803 -0.021499781 0.037300605
v -0.015247012 -0.022807116 0.02
v -0.015247012 -0.022807116 0.034526329
v -0.015242007 0.014343976 0.04
v -0.015230396 0.014328583 0.04
v -0.01522566 -0.015522566 0.037999999
v -0.01522566 0.015522566 0.037999999
v -0.015221914 -0.014316506 0.04
v -0.015211364 -0.014300043 0.04
v -0.015200409 0.014283875 0.04
v -0.015193541 0.01427346 0.04
v -0.015193497 0.015473795 0.037999999
v -0.015191016 0.020858668 0.037457455
v -0.015190115 0.014267812 0.04
v -0.015187146 -0.021295097 0.037457455
v -0.015182009 -0.014254683 0.04
v -0.015177456 -0.015447345 0.037999999
v -0.015177456 0.015447345 0.037999999
v -0.015175925 -0.014243748 0.04
v -0.015162425 0.014220799 0.04
v -0.015158521 0.014213921 0.04
v -0.015158483 0.015413919 0.037999999
v -0.015148709 -0.014195715 0.04
v -0.015148675 -0.015395614 0.037999999
v -0.015145696 -0.014189783 0.04
v -0.015133857 -0.015366445 0.037999999
v -0.015133857 0.015366445 0.037999999
v -0.015133048 0.014164378 0.04
v -0.015128183 0.014155 0.04
v -0.015122368 0.020637939 0.037598077
v -0.015121601 -0.021084342 0.037592292
v -0.015120675 -0.014138957 0.04
v -0.015118498 -0.021074368 0.037598077
v -0.015117479 -0.014132192 0.04
v -0.015117453 -0.015331729 0.037999999
v -0.015113145 -0.014122044 0.04
v -0.015105116 0.014103141 0.04
v -0.015097818 0.014086748 0.04
v -0.015095214 -0.015279649 0.037999999
v -0.015095214 0.015279649 0.037999999
v -0.015090704 -0.014069 0.04
v -0.015084985 -0.014053139 0.04
v -0.015077428 0.014033045 0.04
v -0.015073528 0.014022594 0.04
v -0.015073519 0.015221504 0.037999999
v -0.015065243 -0.013997996 0.04
v -0.015064443 -0.015194303 0.037999999
v -0.015064443 0.015194303 0.037999999
v -0.015061784 -0.013986167 0.04
v -0.015056522 0.022497131 0.02
v -0.015055812 0.013966931 0.04
v -0.015054268 0.013962302 0.04
v -0.015051709 -0.020859618 0.037710745
v -0.015050169 0.020405794 0.037718922
v -0.015049574 0.013945485 0.04
v -0.015049161 0.013943718 0.04
v -0.015046299 -0.020842222 0.037718922
v -0.015044826 -0.013928876 0.04
v -0.015044824 -0.015127224 0.037999999
v -0.015043501 -0.013923597 0.04
v -0.015036863 -0.015095492 0.037999999
v -0.015036863 0.015095492 0.037999999
v -0.015034437 0.01508511 0.037999999
v -0.015034435 0.013887013 0.04
v -0.015029393 -0.013863923 0.04
v -0.015026251 -0.013848005 0.04
v -0.015022451 0.013828068 0.04
v -0.015019794 0.013814321 0.04
v -0.015016708 -0.014993374 0.037999999
v -0.015016708 0.014993374 0.037999999
v -0.015015307 -0.01378683 0.04
v -0.015015073 -0.014982738 0.037999999
v -0.01501507 -0.013785288 0.04
v -0.015013504 -0.013771564 0.04
v -0.015010866 0.013754242 0.04
v -0.015009932 0.014944715 0.037999999
v -0.015009923 0.013747471 0.04
v -0.015005836 -0.013709188 0.04
v -0.015005444 -0.013702806 0.04
v -0.015004272 -0.014888063 0.037999999
v -0.015004272 0.014888063 0.037999999
v -0.015004065 0.013685978 0.04
v -0.01500334 0.013678723 0.04
v -0.015001335 -0.014840297 0.037999999
v -0.015001329 -0.013643716 0.04
v -0.015001166 -0.013636273 0.04
v -0.015000482 0.013595881 0.04
v -0.015000187 0.014802378 0.037999999
v -0.015000021 0.013586201 0.04
v -0.015 -0.017418215 0.02
v -0.015 -0.017418215 0.031349707
v -0.015 -0.017191047 0.02
v -0.015 -0.016218215 0.02
v -0.015 -0.016218215 0.031349707
v -0.015 -0.016218215 0.036699705
v -0.015 -0.014779657 0.037999999
v -0.015 -0.01359311 0.04
v -0.015 -0.013003654 0.02
v -0.015 -0.012994639 0.02
v -0.015 -0.012969607 0.02
v -0.015 -0.012927 0.02
v -0.015 -0.012864932 0.02
v -0.015 -0.012781139 0.02
v -0.015 -0.012672907 0.02
v -0.015 -0.012536998 0.02
v -0.015 -0.012369559 0.02
v -0.015 -0.012166016 0.02
v -0.015 -0.011920954 0.02
v -0.015 -0.011627989 0.02
v -0.015 -0.011279641 0.02
v -0.015 -0.010867203 0.02
v -0.015 -0.010380677 0.02
v -0.015 -0.009808767 0.02
v -0.015 -0.009139062 0.02
v -0.015 -0.009055297 0.04
v -0.015 -0.008872923 0.04
v -0.015 -0.008670106 0.04
v -0.015 -0.008445432 0.04
v -0.015 -0.008358486 0.02
v -0.015 -0.008197547 0.04
v -0.015 -0.00586897 0.02
v -0.015 -0.005246387 0.02
v -0.015 -0.004868214 0.024349706
v -0.015 -0.004849188 0.023913927
v -0.015 -0.004849188 0.024785485
v -0.015 -0.004792253 0.023481466
v -0.015 -0.004792253 0.025217947
v -0.015 -0.004697843 0.023055611
v -0.015 -0.004697843 0.025643801
v -0.015 -0.004580716 0.02
v -0.015 -0.004566677 0.022639606
v -0.015 -0.004566677 0.026059806
v -0.015 -0.004399754 0.022236615
v -0.015 -0.004399754 0.026462797
v -0.015 -0.004198342 0.021849707
v -0.015 -0.004198342 0.026849706
v -0.015 -0.003963975 0.021481825
v -0.015 -0.003963975 0.027217589
v -0.015 -0.003878436 0.02
v -0.015 -0.003698437 0.021135768
v -0.015 -0.003698437 0.027563645
v -0.015 -0.003403748 0.020814173
v -0.015 -0.003403748 0.02788524
v -0.015 -0.003148385 0.02
v -0.015 -0.003082152 0.020519484
v -0.015 -0.003082152 0.028179929
v -0.015 -0.002887222 0.04
v -0.015 -0.002736097 0.020253947
v -0.015 -0.002736097 0.028445467
v -0.015 -0.002727919 0.04
v -0.015 -0.002562324 0.04
v -0.015 -0.002401818 0.02
v -0.015 -0.002391656 0.04
v -0.015 -0.002368215 0.02001958
v -0.015 -0.002368215 0.028679833
v -0.015 -0.002330602 0.02
v -0.015 -0.001981306 0.028881246
v -0.015 -0.001578315 0.029048169
v -0.015 -0.001560257 0.04
v -0.015 -0.001450806 0.04
v -0.015 -0.001338961 0.04
v -0.015 -0.00122568 0.04
v -0.015 -0.00116231 0.029179337
v -0.015 -0.001111986 0.04
v -0.015 -0.000998946 0.04
v -0.015 -0.000887671 0.04
v -0.015 -0.000779285 0.04
v -0.015 -0.00075 0.039106254
v -0.015 -0.000747146 0.039040886
v -0.015 -0.000747146 0.039171621
v -0.015 -0.000738606 0.038976017
v -0.015 -0.000738606 0.03923649
v -0.015 -0.000736455 0.029273745
v -0.015 -0.000724444 0.03891214
v -0.015 -0.000724444 0.039300367
v -0.015 -0.000704769 0.038849737
v -0.015 -0.000704769 0.03936277
v -0.015 -0.000679731 0.038789291
v -0.015 -0.000679731 0.039423216
v -0.015 -0.000649519 0.038731255
v -0.015 -0.000649519 0.039481252
v -0.015 -0.000614364 0.038676072
v -0.015 -0.000614364 0.039536435
v -0.015 -0.000574533 0.038624164
v -0.015 -0.000574533 0.039588343
v -0.015 -0.00053033 0.038575925
v -0.015 -0.00053033 0.039636582
v -0.015 -0.000482091 0.038531721
v -0.015 -0.000482091 0.039680786
v -0.015 -0.000430182 0.03849189
v -0.015 -0.000430182 0.039720617
v -0.015 -0.000415724 0.04
v -0.015 -0.000375 0.038456734
v -0.015 -0.000375 0.039755773
v -0.015 -0.000358928 0.04
v -0.015 -0.000358842 0.04
v -0.015 -0.000316964 0.038426522
v -0.015 -0.000316964 0.039785985
v -0.015 -0.000303993 0.02933068
v -0.015 -0.000299497 0.04
v -0.015 -0.000256515 0.038401484
v -0.015 -0.000256515 0.039811023
v -0.015 -0.000238177 0.04
v -0.015 -0.000237971 0.04
v -0.015 -0.000237228 0.04
v -0.015 -0.000235899 0.04
v -0.015 -0.000233941 0.04
v -0.015 -0.000231317 0.04
v -0.015 -0.000227999 0.04
v -0.015 -0.000226074 0.04
v -0.015 -0.000223973 0.04
v -0.015 -0.000221695 0.04
v -0.015 -0.000219243 0.04
v -0.015 -0.000216621 0.04
v -0.015 -0.000194114 0.038381808
v -0.015 -0.000194114 0.0398307
v -0.015 -0.000157413 0.04
v -0.015 -0.000154912 0.04
v -0.015 -0.000152259 0.04
v -0.015 -0.000149463 0.04
v -0.015 -0.00014653 0.04
v -0.015 -0.000143473 0.04
v -0.015 -0.000140301 0.04
v -0.015 -0.000137028 0.04
v -0.015 -0.000130236 0.038367648
v -0.015 -0.000130236 0.039844859
v -0.015 -7.8378e-05 0.04
v -0.015 -7.5222e-05 0.04
v -0.015 -7.1992e-05 0.04
v -0.015 -6.8701e-05 0.04
v -0.015 -6.5367e-05 0.038359109
v -0.015 -6.5367e-05 0.039853398
v -0.015 -6.5367e-05 0.04
v -0.015 -6.2006e-05 0.04
v -0.015 -5.8634e-05 0.04
v -0.015 0.0 0.038356252
v -0.015 -0.0 0.039856255
v -0.015 -0.0 0.04
v -0.015 3.309e-06 0.04
v -0.015 6.2006e-05 0.04
v -0.015 6.5367e-05 0.038359109
v -0.015 6.5367e-05 0.039853398
v -0.015 6.5367e-05 0.04
v -0.015 6.8701e-05 0.04
v -0.015 7.1992e-05 0.04
v -0.015 7.5222e-05 0.04
v -0.015 7.8378e-05 0.04
v -0.015 8.1445e-05 0.04
v -0.015 0.000130236 0.038367648
v -0.015 0.000130236 0.039844859
v -0.015 0.000131786 0.029349707
v -0.015 0.000140301 0.04
v -0.015 0.000143473 0.04
v -0.015 0.00014653 0.04
v -0.015 0.000149463 0.04
v -0.015 0.000152259 0.04
v -0.015 0.000154912 0.04
v -0.015 0.000157413 0.04
v -0.015 0.000159757 0.04
v -0.015 0.000194114 0.038381808
v -0.015 0.000194114 0.0398307
v -0.015 0.000219243 0.04
v -0.015 0.000221695 0.04
v -0.015 0.000223973 0.04
v -0.015 0.000226074 0.04
v -0.015 0.000227999 0.04
v -0.015 0.000231317 0.04
v -0.015 0.000233941 0.04
v -0.015 0.000235899 0.04
v -0.015 0.000237228 0.04
v -0.015 0.000237971 0.04
v -0.015 0.000238177 0.04
v -0.015 0.000256515 0.038401484
v -0.015 0.000256515 0.039811023
v -0.015 0.000299497 0.04
v -0.015 0.000316964 0.038426522
v -0.015 0.000316964 0.039785985
v -0.015 0.000358842 0.04
v -0.015 0.000358928 0.04
v -0.015 0.000375 0.038456734
v -0.015 0.000375 0.039755773
v -0.015 0.000415724 0.04
v -0.015 0.000430182 0.03849189
v -0.015 0.000430182 0.039720617
v -0.015 0.000469072 0.04
v -0.015 0.000482091 0.038531721
v -0.015 0.000482091 0.039680786
v -0.015 0.000518393 0.04
v -0.015 0.000518488 0.04
v -0.015 0.00053033 0.038575925
v -0.015 0.00053033 0.039636582
v -0.015 0.000563594 0.04
v -0.015 0.000567564 0.02933068
v -0.015 0.000574533 0.038624164
v -0.015 0.000574533 0.039588343
v -0.015 0.000614364 0.038676072
v -0.015 0.000614364 0.039536435
v -0.015 0.000649519 0.038731255
v -0.015 0.000649519 0.039481252
v -0.015 0.000679731 0.038789291
v -0.015 0.000679731 0.039423216
v -0.015 0.000704769 0.038849737
v -0.015 0.000704769 0.03936277
v -0.015 0.000724444 0.03891214
v -0.015 0.000724444 0.039300367
v -0.015 0.000738606 0.038976017
v -0.015 0.000738606 0.03923649
v -0.015 0.000747146 0.039040886
v -0.015 0.000747146 0.039171621
v -0.015 0.00075 0.039106254
v -0.015 0.001000026 0.029273745
v -0.015 0.001425881 0.029179337
v -0.015 0.001841886 0.029048169
v -0.015 0.002160835 0.04
v -0.015 0.002244877 0.028881246
v -0.015 0.002381579 0.04
v -0.015 0.002594173 0.02
v -0.015 0.002604011 0.04
v -0.015 0.002631786 0.02001958
v -0.015 0.002631786 0.028679833
v -0.015 0.002663691 0.02
v -0.015 0.002825566 0.04
v -0.015 0.002999668 0.020253947
v -0.015 0.002999668 0.028445467
v -0.015 0.003043942 0.04
v -0.015 0.003257121 0.04
v -0.015 0.003345723 0.020519484
v -0.015 0.003345723 0.028179929
v -0.015 0.00339055 0.02
v -0.015 0.003463396 0.04
v -0.015 0.003667319 0.020814173
v -0.015 0.003667319 0.02788524
v -0.015 0.003962008 0.021135768
v -0.015 0.003962008 0.027563645
v -0.015 0.004099574 0.02
v -0.015 0.004227546 0.021481825
v -0.015 0.004227546 0.027217589
v -0.015 0.004461912 0.021849707
v -0.015 0.004461912 0.026849706
v -0.015 0.004663324 0.022236615
v -0.015 0.004663324 0.026462797
v -0.015 0.004779995 0.02
v -0.015 0.004830249 0.022639606
v -0.015 0.004830249 0.026059806
v -0.015 0.004961415 0.023055611
v -0.015 0.004961415 0.025643801
v -0.015 0.005023936 0.04
v -0.015 0.005055824 0.023481466
v -0.015 0.005055824 0.025217947
v -0.015 0.005112759 0.023913927
v -0.015 0.005112759 0.024785485
v -0.015 0.005131785 0.024349706
v -0.015 0.005278576 0.04
v -0.015 0.00542341 0.02
v -0.015 0.006023722 0.02
v -0.015 0.006576907 0.02
v -0.015 0.007080739 0.02
v -0.015 0.00753446 0.02
v -0.015 0.007938466 0.02
v -0.015 0.008294018 0.02
v -0.015 0.008602982 0.02
v -0.015 0.008867622 0.02
v -0.015 0.010256003 0.04
v -0.015 0.010448183 0.04
v -0.015 0.013583634 0.04
v -0.015 0.014779657 0.037999999
v -0.015 0.015781786 0.02
v -0.015 0.015781786 0.036699705
v -0.014978955 -0.020625681 0.037809759
v -0.01497497 0.020164 0.037819076
v -0.014971101 -0.020600429 0.037819076
v -0.014915467 -0.023014964 0.02
v -0.014903856 -0.020384211 0.037888624
v -0.014897343 0.019914396 0.037897777
v -0.014893472 -0.020350825 0.037897777
v -0.014826952 -0.020136939 0.037946779
v -0.014817877 0.019658884 0.037954424
v -0.014814007 -0.020095313 0.037954424
v -0.01478916 0.022664538 0.02
v -0.014748797 -0.019885637 0.037983809
v -0.014737178 0.019399406 0.037988584
v -0.014733308 -0.019835835 0.037988584
v -0.014667128 0.022736646 0.02
v -0.014667128 0.022736646 0.033160552
v -0.014663259 -0.023173075 0.02
v -0.014663259 -0.023173075 0.033160552
v -0.01465586 0.019137939 0.037999999
v -0.01465199 -0.019574368 0.037999999
v -0.01462078 0.022762699 0.02
v -0.01461925 0.02276355 0.02
v -0.014615098 0.022765855 0.02
v -0.014608253 0.022769645 0.02
v -0.0146 0.017981786 0.034599707
v -0.0146 0.022351027 0.034599707
v -0.014598746 0.02277489 0.02
v -0.014592457 0.017981786 0.034426168
v -0.014592457 0.017981786 0.034773245
v -0.014592457 0.022304526 0.034773245
v -0.014592457 0.022397526 0.034426168
v -0.014586515 0.022781604 0.02
v -0.014571557 0.022789762 0.02
v -0.014569884 0.017981786 0.034253936
v -0.014569884 0.017981786 0.034945473
v -0.014569884 0.022258379 0.034945473
v -0.014569884 0.022443675 0.034253936
v -0.014553871 0.022799337 0.02
v -0.014533456 0.022810293 0.02
v -0.014532452 0.017981786 0.034084316
v -0.014532452 0.017981786 0.035115097
v -0.014532452 0.022212928 0.035115097
v -0.014532452 0.022489125 0.034084316
v -0.014510228 0.022822636 0.02
v -0.014484542 0.015781786 0.02
v -0.014484463 0.022836175 0.02
v -0.014480445 0.017981786 0.033918582
v -0.014480445 0.017981786 0.035280831
v -0.014480445 0.022168519 0.035280831
v -0.014480445 0.022533532 0.033918582
v -0.014473243 0.015781786 0.02
v -0.014459355 0.015781786 0.02
v -0.014455875 0.022851014 0.02
v -0.014442958 0.015781786 0.02
v -0.014424711 0.022866972 0.02
v -0.01442416 0.015781786 0.02
v -0.014414251 0.017981786 0.033757988
v -0.014414251 0.017981786 0.035441425
v -0.014414251 0.022125488 0.035441425
v -0.014414251 0.022576565 0.033757988
v -0.014403087 0.015781786 0.02
v -0.014390894 0.022884037 0.02
v -0.014379894 0.015781786 0.02
v -0.014354752 0.015781786 0.02
v -0.014354448 0.022902139 0.02
v -0.014334373 0.017981786 0.033603739
v -0.014334373 0.017981786 0.035595674
v -0.014334373 0.022084158 0.035595674
v -0.014334373 0.022617895 0.033603739
v -0.014330002 -0.023343964 0.02
v -0.014327854 0.015781786 0.02
v -0.014299415 0.015781786 0.02
v -0.014274046 0.022941028 0.02
v -0.014269664 0.015781786 0.02
v -0.014241412 0.017981786 0.033457007
v -0.014241412 0.017981786 0.035742406
v -0.014241412 0.022044841 0.035742406
v -0.014241412 0.022657212 0.033457007
v -0.014238846 0.015781786 0.02
v -0.014217176 0.022035716 0.035776459
v -0.014211751 0.022970196 0.02
v -0.014207219 0.015781786 0.02
v -0.014175049 0.015781786 0.02
v -0.014142612 0.015781786 0.02
v -0.01413607 0.017981786 0.033318892
v -0.01413607 0.017981786 0.035880521
v -0.01413607 0.022005809 0.035880521
v -0.01413607 0.022694219 0.033318892
v -0.014110185 0.015781786 0.02
v -0.014078047 0.015781786 0.02
v -0.01405479 0.023050682 0.02
v -0.014054052 0.023051022 0.031987287
v -0.014050182 -0.023487451 0.02
v -0.014050182 -0.023487451 0.031987287
v -0.014046473 0.015781786 0.02
v -0.014028656 0.023062618 0.02
v -0.014019142 0.017981786 0.033190437
v -0.014019142 0.017981786 0.036008976
v -0.014019142 0.021963177 0.036008976
v -0.014019142 0.022728639 0.033190437
v -0.014015733 0.015781786 0.02
v -0.014001372 0.021956803 0.036026645
v -0.013986088 0.015781786 0.02
v -0.013957786 0.015781786 0.02
v -0.013934956 0.023104152 0.02
v -0.013931062 0.015781786 0.02
v -0.013906133 0.015781786 0.02
v -0.013895106 -0.023554705 0.02
v -0.013891508 0.017981786 0.033072617
v -0.013891508 0.017981786 0.036126796
v -0.013891508 0.021918286 0.036126796
v -0.013891508 0.022760209 0.033072617
v -0.013832864 0.023147236 0.02
v -0.013823975 0.022774851 0.033017971
v -0.013754132 0.017981786 0.032966312
v -0.013754132 0.017981786 0.036233101
v -0.013754132 0.0218728 0.036233101
v -0.013754132 0.022788692 0.032966312
v -0.01373793 0.02318812 0.03147563
v -0.01373406 -0.023624549 0.03147563
v -0.013730749 -0.023617886 0.02
v -0.013723218 0.02319108 0.02
v -0.013701386 0.021856271 0.036269121
v -0.013682112 0.02280171 0.032917734
v -0.013642685 0.023226045 0.02
v -0.013608051 0.017981786 0.03287233
v -0.013608051 0.017981786 0.036327083
v -0.013608051 0.02182845 0.036327083
v -0.013608051 0.022813875 0.03287233
v -0.0136 0.015781786 0.034599707
v -0.0136 0.017981786 0.034599707
v -0.013596228 0.015781786 0.034512937
v -0.013596228 0.015781786 0.034686476
v -0.013596228 0.017981786 0.034512937
v -0.013596228 0.017981786 0.034686476
v -0.013584943 0.015781786 0.034426823
v -0.013584943 0.015781786 0.03477259
v -0.013584943 0.017981786 0.034426823
v -0.013584943 0.017981786 0.03477259
v -0.013566227 0.015781786 0.034342013
v -0.013566227 0.015781786 0.0348574
v -0.013566227 0.017981786 0.034342013
v -0.013566227 0.017981786 0.0348574
v -0.013540222 0.015781786 0.034259144
v -0.013540222 0.015781786 0.034940269
v -0.013540222 0.017981786 0.034259144
v -0.013540222 0.017981786 0.034940269
v -0.013532087 0.022825168 0.032830182
v -0.0135289 0.023268875 0.02
v -0.013507126 0.015781786 0.034178846
v -0.013507126 0.015781786 0.035020567
v -0.013507126 0.017981786 0.034178846
v -0.013507126 0.017981786 0.035020567
v -0.013500845 0.023279032 0.02
v -0.013467187 0.015781786 0.034101725
v -0.013467187 0.015781786 0.035097688
v -0.013467187 0.017981786 0.034101725
v -0.013467187 0.017981786 0.035097688
v -0.013454365 0.017981786 0.032791376
v -0.013454365 0.017981786 0.036408037
v -0.013454365 0.021786982 0.036408037
v -0.013454365 0.022835568 0.032791376
v -0.013420707 0.015781786 0.034028355
v -0.013420707 0.015781786 0.035171058
v -0.013420707 0.017981786 0.034028355
v -0.013420707 0.017981786 0.035171058
v -0.013416538 0.023311357 0.02
v -0.013416198 0.023311479 0.031015247
v -0.013412328 -0.023747908 0.02
v -0.013412328 -0.023747908 0.031015247
v -0.013375082 0.021767875 0.036443412
v -0.013375031 0.02284505 0.032755978
v -0.013368035 0.015781786 0.033959299
v -0.013368035 0.015781786 0.035240114
v -0.013368035 0.017981786 0.033959299
v -0.013368035 0.017981786 0.035240114
v -0.013326872 0.023342727 0.02
v -0.013309571 0.015781786 0.033895072
v -0.013309571 0.015781786 0.035304341
v -0.013309571 0.017981786 0.033895072
v -0.013309571 0.017981786 0.035304341
v -0.013294235 0.017981786 0.032724064
v -0.013294235 0.017981786 0.036475349
v -0.013294235 0.021750093 0.036475349
v -0.013294235 0.022853604 0.032724064
v -0.013245754 0.015781786 0.03383616
v -0.013245754 0.015781786 0.035363253
v -0.013245754 0.017981786 0.03383616
v -0.013245754 0.017981786 0.035363253
v -0.013245612 -0.023803723 0.02
v -0.013223606 0.021736015 0.036499999
v -0.013212129 0.022861207 0.032695685
v -0.013205011 0.02338279 0.02
v -0.013177066 0.015781786 0.033783007
v -0.013177066 0.015781786 0.035416406
v -0.013177066 0.017981786 0.033783007
v -0.013177066 0.017981786 0.035416406
v -0.013132704 0.015781786 0.02
v -0.013128868 0.017981786 0.0326709
v -0.013128868 0.017981786 0.036528513
v -0.013128868 0.021719342 0.036528513
v -0.013128868 0.022867849 0.0326709
v -0.013113387 0.015781786 0.02
v -0.013110464 0.015781786 0.02
v -0.013104025 0.015781786 0.033736017
v -0.013104025 0.015781786 0.035463396
v -0.013104025 0.017981786 0.033736017
v -0.013104025 0.017981786 0.035463396
v -0.013102162 0.015781786 0.02
v -0.013089454 0.02342087 0.030606996
v -0.013088476 0.015781786 0.02
v -0.013085583 -0.023857299 0.030606996
v -0.013079667 0.023420981 0.02
v -0.013071047 -0.023854048 0.02
v -0.013069446 0.015781786 0.02
v -0.013045157 0.015781786 0.02
v -0.013044792 0.021706728 0.03654962
v -0.01304461 0.022873515 0.032649752
v -0.013027183 0.015781786 0.033695541
v -0.013027183 0.015781786 0.035503872
v -0.013027183 0.017981786 0.033695541
v -0.013027183 0.017981786 0.035503872
v -0.013015744 0.015781786 0.02
v -0.01299466 0.023449472 0.02
v -0.012981388 0.015781786 0.02
v -0.012959512 0.017981786 0.032632284
v -0.012959512 0.017981786 0.036567129
v -0.012959512 0.021696085 0.036567129
v -0.012959512 0.022878196 0.032632284
v -0.012947118 0.015781786 0.033661883
v -0.012947118 0.015781786 0.03553753
v -0.012947118 0.017981786 0.033661883
v -0.012947118 0.017981786 0.03553753
v -0.012942324 0.015781786 0.02
v -0.01289883 0.015781786 0.02
v -0.012873736 0.02288188 0.032618526
v -0.012873637 0.021687597 0.036580898
v -0.012868774 0.023484774 0.02
v -0.012864434 0.015781786 0.033635303
v -0.012864434 0.015781786 0.03556411
v -0.012864434 0.017981786 0.033635303
v -0.012864434 0.017981786 0.03556411
v -0.012851231 0.015781786 0.02
v -0.012847473 0.02349045 0.02
v -0.0127999 0.015781786 0.02
v -0.012787445 0.017981786 0.032608509
v -0.012787445 0.017981786 0.036590904
v -0.012787445 0.021681366 0.036590904
v -0.012787445 0.022884566 0.032608509
v -0.012785461 -0.017418215 0.02
v -0.012779756 0.015781786 0.033615995
v -0.012779756 0.015781786 0.035583418
v -0.012779756 0.017981786 0.033615995
v -0.012779756 0.017981786 0.035583418
v -0.012758337 0.023516079 0.02
v -0.012758301 0.023516089 0.030251633
v -0.012754431 -0.023952518 0.02
v -0.012754431 -0.023952518 0.030251633
v -0.012745248 0.015781786 0.02
v -0.012700864 0.021677442 0.036597162
v -0.012700799 0.022886243 0.032602247
v -0.012693722 0.015781786 0.033604108
v -0.012693722 0.015781786 0.035595305
v -0.012693722 0.017981786 0.033604108
v -0.012693722 0.017981786 0.035595305
v -0.012687727 0.015781786 0.02
v -0.012667135 -0.023974592 0.02
v -0.012653743 0.023542691 0.02
v -0.012627818 0.015781786 0.02
v -0.012613962 0.017981786 0.032599755
v -0.012613962 0.017981786 0.036599658
v -0.012613962 0.02167587 0.036599658
v -0.012613962 0.022886911 0.032599755
v -0.012607636 0.02355435 0.02
v -0.012606981 0.015781786 0.033599731
v -0.012606981 0.015781786 0.035599682
v -0.012606981 0.017981786 0.033599731
v -0.012606981 0.017981786 0.035599682
v -0.012591263 0.023558328 0.030093996
v -0.012587394 -0.023994757 0.030093996
v -0.012578182 -0.023995072 0.02
v -0.012566034 0.015781786 0.02
v -0.012560286 0.023565245 0.02
v -0.012527331 0.021676671 0.036598384
v -0.0125271 0.022886569 0.032601036
v -0.012520188 0.015781786 0.033602897
v -0.012520188 0.015781786 0.035596516
v -0.012520188 0.017981786 0.033602897
v -0.012520188 0.017981786 0.035596516
v -0.012511814 0.023575315 0.02
v -0.012502908 0.015781786 0.02
v -0.012487752 -0.024013874 0.02
v -0.012449873 0.023590097 0.02
v -0.012440375 0.017981786 0.032606088
v -0.012440375 0.017981786 0.036593325
v -0.012440375 0.02167985 0.036593325
v -0.012440375 0.022885215 0.032606088
v -0.01243899 0.015781786 0.02
v -0.012433996 0.015781786 0.033613581
v -0.012433996 0.015781786 0.035585832
v -0.012433996 0.017981786 0.033613581
v -0.012433996 0.017981786 0.035585832
v -0.012423355 0.023596959 0.02994982
v -0.012419485 -0.024033388 0.02994982
v -0.012400616 0.023599236 0.02
v -0.012396037 -0.024030922 0.02
v -0.012353952 0.022882853 0.032614898
v -0.012353561 0.021685382 0.036584467
v -0.012349057 0.015781786 0.033631705
v -0.012349057 0.015781786 0.035567708
v -0.012349057 0.017981786 0.033631705
v -0.012349057 0.017981786 0.035567708
v -0.012338426 0.023613345 0.02
v -0.012276611 0.023626648 0.02
v -0.012267992 0.017981786 0.032627456
v -0.012267992 0.017981786 0.036571957
v -0.012267992 0.02169312 0.036571957
v -0.012267992 0.022879489 0.032627456
v -0.01226601 0.015781786 0.03365713
v -0.01226601 0.015781786 0.035542283
v -0.01226601 0.017981786 0.03365713
v -0.01226601 0.017981786 0.035542283
v -0.012254653 0.023631966 0.029819172
v -0.012250784 -0.024068395 0.029819172
v -0.012215324 0.023639133 0.02
v -0.012185483 0.015781786 0.033689667
v -0.012185483 0.015781786 0.035509747
v -0.012185483 0.017981786 0.033689667
v -0.012185483 0.017981786 0.035509747
v -0.012182659 0.022875126 0.032643735
v -0.012182406 0.021703096 0.036555625
v -0.012154536 0.02365083 0.02
v -0.012108083 0.015781786 0.033729065
v -0.012108083 0.015781786 0.035470348
v -0.012108083 0.017981786 0.033729065
v -0.012108083 0.017981786 0.035470348
v -0.012098114 0.017981786 0.032663703
v -0.012098114 0.017981786 0.03653571
v -0.012098114 0.021715069 0.03653571
v -0.012098114 0.022869777 0.032663703
v -0.012094388 0.023661733 0.02
v -0.012085238 0.023663333 0.02
v -0.012085238 0.023663333 0.029702114
v -0.012081368 -0.024099762 0.02
v -0.012081368 -0.024099762 0.029702114
v -0.012035503 0.023671436 0.02
v -0.012034393 0.015781786 0.033775032
v -0.012034393 0.015781786 0.035424381
v -0.012034393 0.017981786 0.033775032
v -0.012034393 0.017981786 0.035424381
v -0.012014515 0.022863448 0.032687325
v -0.011990365 -0.02411459 0.02
v -0.011984943 0.023678568 0.02
v -0.011976394 0.021736015 0.036499999
v -0.01196497 0.015781786 0.033827219
v -0.01196497 0.015781786 0.035372194
v -0.01196497 0.017981786 0.033827219
v -0.01196497 0.017981786 0.035372194
v -0.011933718 0.023684684 0.02
v -0.011932021 0.017981786 0.032714553
v -0.011932021 0.017981786 0.03648486
v -0.011932021 0.022856152 0.032714553
v -0.011931946 0.021744713 0.036484834
v -0.011915185 0.023691041 0.0295987
v -0.011914568 0.015781786 0.02
v -0.011911316 -0.02412747 0.0295987
v -0.011900336 0.015781786 0.033885233
v -0.011900336 0.015781786 0.03531418
v -0.011900336 0.017981786 0.033885233
v -0.011900336 0.017981786 0.03531418
v -0.011898267 -0.024127576 0.02
v -0.01185089 0.021761972 0.036454115
v -0.011850786 0.022847902 0.032745339
v -0.011824976 0.023702492 0.02
v -0.01180529 -0.024138665 0.02
v -0.01177304 0.023707558 0.02
v -0.011770966 0.017981786 0.032779623
v -0.011770966 0.017981786 0.03641979
v -0.011770966 0.021780701 0.03641979
v -0.011770966 0.022838715 0.032779623
v -0.011744577 0.023715083 0.029508976
v -0.011740706 -0.024151511 0.029508976
v -0.011715648 0.023716077 0.02
v -0.011711654 -0.024147805 0.02
v -0.01169271 0.022828609 0.032817341
v -0.011692405 0.021800702 0.036381915
v -0.011659045 0.023723897 0.02
v -0.011616166 0.017981786 0.032858424
v -0.011616166 0.017981786 0.036340989
v -0.011616166 0.021821545 0.036340989
v -0.011616166 0.022817602 0.032858424
v -0.011603843 0.023730966 0.02
v -0.011573488 0.023735445 0.029432986
v -0.011569618 -0.024171874 0.029432986
v -0.011550332 0.023737295 0.02
v -0.011541477 0.022805713 0.032902788
v -0.011498272 0.023742953 0.02
v -0.011498047 0.021856446 0.036268748
v -0.011468786 0.017981786 0.032950357
v -0.011468786 0.017981786 0.036249056
v -0.011468786 0.021865549 0.036249056
v -0.011468786 0.022792969 0.032950357
v -0.011455498 -0.017418215 0.02
v -0.011447962 0.023747953 0.02
v -0.011402002 0.023752118 0.02
v -0.011402002 0.023752118 0.029370762
v -0.011398229 0.022779388 0.033001035
v -0.011398132 -0.024188546 0.02
v -0.011398132 -0.024188546 0.029370762
v -0.01134778 0.023756212 0.02
v -0.01132994 0.017981786 0.033054732
v -0.01132994 0.017981786 0.036144681
v -0.01132994 0.021910971 0.036144681
v -0.01132994 0.022765001 0.033054732
v -0.011293207 0.023759157 0.02
v -0.011238471 0.023760931 0.02
v -0.011230196 0.023765093 0.029322339
v -0.011226326 -0.024201522 0.029322339
v -0.011200673 0.017981786 0.03317076
v -0.011200673 0.017981786 0.036028653
v -0.011200673 0.021956073 0.036028653
v -0.011200673 0.02273391 0.03317076
v -0.011198008 0.021957023 0.036026042
v -0.011187986 0.02376502 0.02
v -0.011170741 0.015781786 0.034599707
v -0.011170741 0.017981786 0.034599707
v -0.011132802 0.023765617 0.02
v -0.01108659 0.023768936 0.02
v -0.011058151 0.023774365 0.029287733
v -0.011054281 -0.024210794 0.029287733
v -0.011042087 0.02377178 0.02
v -0.011031101 -0.02420644 0.02
v -0.0110222 -0.024206696 0.02
v -0.010957561 -0.024211598 0.02
v -0.010943141 0.022035716 0.035776459
v -0.01089232 -0.02421512 0.02
v -0.010885946 0.023779931 0.029266963
v -0.010882076 -0.024216359 0.029266963
v -0.010826686 -0.024217242 0.02
v -0.010811929 -0.024217379 0.02
v -0.0108 -0.022787455 0.034599707
v -0.0108 -0.018418215 0.034599707
v -0.010792457 -0.022833955 0.034426168
v -0.010792457 -0.022740955 0.034773245
v -0.010792457 -0.018418215 0.034426168
v -0.010792457 -0.018418215 0.034773245
v -0.010769884 -0.022880103 0.034253936
v -0.010769884 -0.022694807 0.034945473
v -0.010769884 -0.018418215 0.034253936
v -0.010769884 -0.018418215 0.034945473
v -0.010747353 -0.024218074 0.02
v -0.010732452 -0.022925554 0.034084316
v -0.010732452 -0.022649357 0.035115097
v -0.010732452 -0.018418215 0.034084316
v -0.010732452 -0.018418215 0.035115097
v -0.01072412 -0.024218195 0.02
v -0.01071366 0.023781786 0.02
v -0.01071366 0.023781786 0.029260039
v -0.010709791 -0.024218215 0.02
v -0.010709791 -0.024218215 0.029260039
v -0.010691023 -0.024218215 0.02
v -0.010680445 -0.022969961 0.033918582
v -0.010680445 -0.022604948 0.035280831
v -0.010680445 -0.018418215 0.033918582
v -0.010680445 -0.018418215 0.035280831
v -0.010648004 -0.024218215 0.02
v -0.010614252 -0.023012994 0.033757988
v -0.010614252 -0.022561917 0.035441425
v -0.010614252 -0.018418215 0.033757988
v -0.010614252 -0.018418215 0.035441425
v -0.010534373 -0.023054324 0.033603739
v -0.010534373 -0.022520587 0.035595674
v -0.010534373 -0.018418215 0.033603739
v -0.010534373 -0.018418215 0.035595674
v -0.010441412 -0.023093641 0.033457007
v -0.010441412 -0.02248127 0.035742406
v -0.010441412 -0.018418215 0.033457007
v -0.010441412 -0.018418215 0.035742406
v -0.010417175 -0.022472145 0.035776459
v -0.01033607 -0.023130648 0.033318892
v -0.01033607 -0.022442238 0.035880521
v -0.01033607 -0.018418215 0.033318892
v -0.01033607 -0.018418215 0.035880521
v -0.010219142 -0.023165068 0.033190437
v -0.010219142 -0.022399606 0.036008976
v -0.010219142 -0.018418215 0.033190437
v -0.010219142 -0.018418215 0.036008976
v -0.010151336 -0.022375487 0.036074117
v -0.010119847 0.023781786 0.02
v -0.010091508 -0.023196638 0.033072617
v -0.010091508 -0.022354715 0.036126796
v -0.010091508 -0.018418215 0.033072617
v -0.010091508 -0.018418215 0.036126796
v -0.010023975 -0.02321128 0.033017971
v -0.01 0.015781786 0.02
v -0.01 0.015781786 0.033549707
v -0.01 0.016282631 0.02
v -0.01 0.017681785 0.02
v -0.01 0.017681785 0.033549707
v -0.009954132 -0.023225121 0.032966312
v -0.009954132 -0.022309229 0.036233101
v -0.009954132 -0.018418215 0.032966312
v -0.009954132 -0.018418215 0.036233101
v -0.009882112 -0.023238139 0.032917734
v -0.009841612 -0.022274666 0.036307056
v -0.00980805 -0.023250304 0.03287233
v -0.00980805 -0.022264879 0.036327083
v -0.00980805 -0.018418215 0.03287233
v -0.00980805 -0.018418215 0.036327083
v -0.0098 -0.018418215 0.034599707
v -0.0098 -0.016218215 0.034599707
v -0.009796228 -0.018418215 0.034512937
v -0.009796228 -0.018418215 0.034686476
v -0.009796228 -0.016218215 0.034512937
v -0.009796228 -0.016218215 0.034686476
v -0.009784942 -0.018418215 0.034426823
v -0.009784942 -0.018418215 0.03477259
v -0.009784942 -0.016218215 0.034426823
v -0.009784942 -0.016218215 0.03477259
v -0.009766227 -0.018418215 0.034342013
v -0.009766227 -0.018418215 0.0348574
v -0.009766227 -0.016218215 0.034342013
v -0.009766227 -0.016218215 0.0348574
v -0.009741482 0.017981786 0.034599707
v -0.009741482 0.022351027 0.034599707
v -0.009740222 -0.018418215 0.034259144
v -0.009740222 -0.018418215 0.034940269
v -0.009740222 -0.016218215 0.034259144
v -0.009740222 -0.016218215 0.034940269
v -0.009732087 -0.023261597 0.032830182
v -0.009707126 -0.018418215 0.034178846
v -0.009707126 -0.018418215 0.035020567
v -0.009707126 -0.016218215 0.034178846
v -0.009707126 -0.016218215 0.035020567
v -0.009667187 -0.018418215 0.034101725
v -0.009667187 -0.018418215 0.035097688
v -0.009667187 -0.016218215 0.034101725
v -0.009667187 -0.016218215 0.035097688
v -0.009654365 -0.023271997 0.032791376
v -0.009654365 -0.022223411 0.036408037
v -0.009654365 -0.018418215 0.032791376
v -0.009654365 -0.018418215 0.036408037
v -0.009620707 -0.018418215 0.034028355
v -0.009620707 -0.018418215 0.035171058
v -0.009620707 -0.016218215 0.034028355
v -0.009620707 -0.016218215 0.035171058
v -0.009575203 -0.022204332 0.03644336
v -0.009575031 -0.023281479 0.032755978
v -0.009568036 -0.018418215 0.033959299
v -0.009568036 -0.018418215 0.035240114
v -0.009568036 -0.016218215 0.033959299
v -0.009568036 -0.016218215 0.035240114
v -0.009509571 -0.018418215 0.033895072
v -0.009509571 -0.018418215 0.035304341
v -0.009509571 -0.016218215 0.033895072
v -0.009509571 -0.016218215 0.035304341
v -0.009494235 -0.023290033 0.032724064
v -0.009494235 -0.022186521 0.036475349
v -0.009494235 -0.018418215 0.032724064
v -0.009494235 -0.018418215 0.036475349
v -0.009445754 -0.018418215 0.03383616
v -0.009445754 -0.018418215 0.035363253
v -0.009445754 -0.016218215 0.03383616
v -0.009445754 -0.016218215 0.035363253
v -0.009412496 -0.022170357 0.036503609
v -0.009412129 -0.023297636 0.032695685
v -0.009377066 -0.018418215 0.033783007
v -0.009377066 -0.018418215 0.035416406
v -0.009377066 -0.016218215 0.033783007
v -0.009377066 -0.016218215 0.035416406
v -0.009328877 -0.022155773 0.036528513
v -0.009328868 -0.023304278 0.0326709
v -0.009328868 -0.018418215 0.0326709
v -0.009328868 -0.018418215 0.036528513
v -0.009323761 -0.022154946 0.036529906
v -0.009304025 -0.018418215 0.033736017
v -0.009304025 -0.018418215 0.035463396
v -0.009304025 -0.016218215 0.033736017
v -0.009304025 -0.016218215 0.035463396
v -0.00924461 -0.023309944 0.032649752
v -0.009241875 -0.022142757 0.036550283
v -0.009227183 -0.018418215 0.033695541
v -0.009227183 -0.018418215 0.035503872
v -0.009227183 -0.016218215 0.033695541
v -0.009227183 -0.016218215 0.035503872
v -0.009159512 -0.023314625 0.032632284
v -0.009159512 -0.022132514 0.036567129
v -0.009159512 -0.018418215 0.032632284
v -0.009159512 -0.018418215 0.036567129
v -0.009147118 -0.018418215 0.033661883
v -0.009147118 -0.018418215 0.03553753
v -0.009147118 -0.016218215 0.033661883
v -0.009147118 -0.016218215 0.03553753
v -0.009073736 -0.023318309 0.032618526
v -0.009073688 -0.022124032 0.03658089
v -0.009064434 -0.018418215 0.033635303
v -0.009064434 -0.018418215 0.03556411
v -0.009064434 -0.016218215 0.033635303
v -0.009064434 -0.016218215 0.03556411
v -0.008987444 -0.023320995 0.032608509
v -0.008987444 -0.022117795 0.036590904
v -0.008987444 -0.018418215 0.032608509
v -0.008987444 -0.018418215 0.036590904
v -0.008979756 -0.018418215 0.033615995
v -0.008979756 -0.018418215 0.035583418
v -0.008979756 -0.016218215 0.033615995
v -0.008979756 -0.016218215 0.035583418
v -0.008900915 -0.022113873 0.036597159
v -0.008900799 -0.023322672 0.032602247
v -0.008893722 -0.018418215 0.033604108
v -0.008893722 -0.018418215 0.035595305
v -0.008893722 -0.016218215 0.033604108
v -0.008893722 -0.016218215 0.035595305
v -0.008813962 -0.02332334 0.032599755
v -0.008813962 -0.022112299 0.036599658
v -0.008813962 -0.018418215 0.032599755
v -0.008813962 -0.018418215 0.036599658
v -0.008806981 -0.018418215 0.033599731
v -0.008806981 -0.018418215 0.035599682
v -0.008806981 -0.016218215 0.033599731
v -0.008806981 -0.016218215 0.035599682
v -0.008727383 -0.0221131 0.036598388
v -0.0087271 -0.023322998 0.032601036
v -0.008720187 -0.018418215 0.033602897
v -0.008720187 -0.018418215 0.035596516
v -0.008720187 -0.016218215 0.033602897
v -0.008720187 -0.016218215 0.035596516
v -0.008640375 -0.023321643 0.032606088
v -0.008640375 -0.022116279 0.036593325
v -0.008640375 -0.018418215 0.032606088
v -0.008640375 -0.018418215 0.036593325
v -0.008633996 -0.018418215 0.033613581
v -0.008633996 -0.018418215 0.035585832
v -0.008633996 -0.016218215 0.033613581
v -0.008633996 -0.016218215 0.035585832
v -0.008626344 0.017681785 0.02
v -0.008553952 -0.023319282 0.032614898
v -0.008553611 -0.022121808 0.03658447
v -0.008549057 -0.018418215 0.033631705
v -0.008549057 -0.018418215 0.035567708
v -0.008549057 -0.016218215 0.033631705
v -0.008549057 -0.016218215 0.035567708
v -0.008467992 -0.023315918 0.032627456
v -0.008467992 -0.022129549 0.036571957
v -0.008467992 -0.018418215 0.032627456
v -0.008467992 -0.018418215 0.036571957
v -0.00846601 -0.018418215 0.03365713
v -0.00846601 -0.018418215 0.035542283
v -0.00846601 -0.016218215 0.03365713
v -0.00846601 -0.016218215 0.035542283
v -0.008420142 -0.024218215 0.02
v -0.008385483 -0.018418215 0.033689667
v -0.008385483 -0.018418215 0.035509747
v -0.008385483 -0.016218215 0.033689667
v -0.008385483 -0.016218215 0.035509747
v -0.008382659 -0.023311555 0.032643735
v -0.008382487 -0.022139516 0.03655564
v -0.008376793 -0.024218215 0.02
v -0.008325902 -0.024218215 0.02
v -0.008308083 -0.018418215 0.033729065
v -0.008308083 -0.018418215 0.035470348
v -0.008308083 -0.016218215 0.033729065
v -0.008308083 -0.016218215 0.035470348
v -0.008298114 -0.023306206 0.032663703
v -0.008298114 -0.018418215 0.032663703
v -0.008298114 -0.018418215 0.03653571
v -0.008298079 -0.022151502 0.036535703
v -0.008276239 -0.022154946 0.036529906
v -0.008267563 -0.024218215 0.02
v -0.008234393 -0.018418215 0.033775032
v -0.008234393 -0.018418215 0.035424381
v -0.008234393 -0.016218215 0.033775032
v -0.008234393 -0.016218215 0.035424381
v -0.008214515 -0.023299877 0.032687325
v -0.008201964 -0.024218215 0.02
v -0.00816497 -0.018418215 0.033827219
v -0.00816497 -0.018418215 0.035372194
v -0.00816497 -0.016218215 0.033827219
v -0.00816497 -0.016218215 0.035372194
v -0.008132021 -0.023292581 0.032714553
v -0.008132021 -0.022181127 0.03648486
v -0.008132021 -0.018418215 0.032714553
v -0.008132021 -0.018418215 0.03648486
v -0.008129395 -0.024218215 0.02
v -0.008100336 -0.018418215 0.033885233
v -0.008100336 -0.018418215 0.03531418
v -0.008100336 -0.016218215 0.033885233
v -0.008100336 -0.016218215 0.03531418
v -0.008059648 0.023781786 0.02
v -0.008050787 -0.023284331 0.032745339
v -0.008050581 -0.02219847 0.036453992
v -0.008050261 -0.024218215 0.02
v -0.008049563 -0.024218215 0.02
v -0.007970966 -0.023275144 0.032779623
v -0.007970966 -0.022217132 0.03641979
v -0.007970966 -0.018418215 0.032779623
v -0.007970966 -0.018418215 0.03641979
v -0.007965449 -0.024218215 0.02
v -0.007964444 -0.017418215 0.02
v -0.00789271 -0.023265038 0.032817341
v -0.007892524 -0.0222371 0.036381975
v -0.007875968 -0.024218215 0.02
v -0.007816166 -0.023254031 0.032858424
v -0.007816166 -0.018418215 0.032858424
v -0.007816166 -0.018418215 0.036340989
v -0.007816101 -0.022257993 0.036340956
v -0.0078 -0.020718215 0.022733288
v -0.0078 -0.020718215 0.025966449
v -0.0078 -0.017418215 0.022733288
v -0.0078 -0.017418215 0.025966449
v -0.007781879 -0.024218215 0.02
v -0.007756837 -0.022275124 0.036306109
v -0.007741477 -0.023242142 0.032902788
v -0.007684066 -0.024218215 0.02
v -0.007681072 -0.024218215 0.02
v -0.007668786 -0.023229398 0.032950357
v -0.007668786 -0.022301978 0.036249056
v -0.007668786 -0.018418215 0.032950357
v -0.007668786 -0.018418215 0.036249056
v -0.007598229 -0.023215817 0.033001035
v -0.00758173 -0.024218215 0.02
v -0.007573005 -0.024218215 0.02
v -0.007557062 -0.024218215 0.02
v -0.007533714 -0.024218215 0.02
v -0.00752994 -0.02320143 0.033054732
v -0.00752994 -0.0223474 0.036144681
v -0.00752994 -0.018418215 0.033054732
v -0.00752994 -0.018418215 0.036144681
v -0.007509319 0.022035716 0.035776459
v -0.007502888 -0.024218215 0.02
v -0.007467934 -0.017418215 0.02
v -0.00746464 -0.024218215 0.02
v -0.007448615 -0.022375505 0.036074072
v -0.007419176 -0.024218215 0.02
v -0.007400673 -0.023170339 0.03317076
v -0.007400673 -0.022392502 0.036028653
v -0.007400673 -0.018418215 0.03317076
v -0.007400673 -0.018418215 0.036028653
v -0.007370741 -0.018418215 0.034599707
v -0.007370741 -0.016218215 0.034599707
v -0.007366854 -0.024218215 0.02
v -0.007324257 0.021957099 0.036025833
v -0.007308189 -0.024218215 0.02
v -0.007243847 -0.024218215 0.02
v -0.007199662 -0.022456745 0.035831805
v -0.007174635 -0.024218215 0.02
v -0.007143141 -0.022472145 0.035776459
v -0.007140602 0.021857066 0.036267415
v -0.007140266 0.021856863 0.036267854
v -0.007086393 -0.024218215 0.02
v -0.00701423 -0.024218215 0.02
v -0.006959748 0.021736378 0.03649937
v -0.006959253 0.021736016 0.036499996
v -0.006939032 -0.024218215 0.02
v -0.006861868 -0.024218215 0.02
v -0.006783841 -0.024218215 0.02
v -0.006783069 0.021595949 0.036719937
v -0.006782428 0.021595398 0.036720727
v -0.006696902 -0.024218215 0.02
v -0.006619482 -0.024218215 0.02
v -0.006611906 0.02143685 0.036927436
v -0.006611135 0.021436077 0.036928356
v -0.0066 -0.024218215 0.024349868
v -0.0066 -0.020718215 0.024349868
v -0.006593911 -0.024218215 0.02421042
v -0.006593911 -0.024218215 0.024489317
v -0.006593911 -0.020718215 0.02421042
v -0.006593911 -0.020718215 0.024489317
v -0.006575692 -0.024218215 0.024072031
v -0.006575692 -0.024218215 0.024627704
v -0.006575692 -0.020718215 0.024072031
v -0.006575692 -0.020718215 0.024627704
v -0.006545481 -0.024218215 0.023935758
v -0.006545481 -0.024218215 0.024763979
v -0.006545481 -0.020718215 0.023935758
v -0.006545481 -0.020718215 0.024763979
v -0.006531794 -0.024218215 0.02
v -0.006503508 -0.024218215 0.023802636
v -0.006503508 -0.024218215 0.0248971
v -0.006503508 -0.020718215 0.023802636
v -0.006503508 -0.020718215 0.0248971
v -0.006455626 -0.024218215 0.02
v -0.006450092 -0.024218215 0.023673678
v -0.006450092 -0.024218215 0.025026057
v -0.006450092 -0.020718215 0.023673678
v -0.006450092 -0.020718215 0.025026057
v -0.006447562 0.021260286 0.037120294
v -0.006446677 0.021259267 0.037121315
v -0.006385641 -0.024218215 0.023549868
v -0.006385641 -0.024218215 0.025149869
v -0.006385641 -0.020718215 0.023549868
v -0.006385641 -0.020718215 0.025149869
v -0.006381497 -0.024218215 0.02
v -0.006310643 -0.024218215 0.023432145
v -0.006310643 -0.024218215 0.02526759
v -0.006310643 -0.020718215 0.023432145
v -0.006310643 -0.020718215 0.02526759
v -0.00631031 -0.024218215 0.02
v -0.006291282 0.021067599 0.037297044
v -0.006290307 0.021066312 0.037298124
v -0.006253174 -0.016218215 0.036699705
v -0.006253174 0.015781786 0.036699705
v -0.00624286 -0.024218215 0.02
v -0.006225671 -0.024218215 0.023321407
v -0.006225671 -0.024218215 0.025378328
v -0.006225671 -0.020718215 0.023321407
v -0.006225671 -0.020718215 0.025378328
v -0.006179819 -0.024218215 0.02
v -0.006144255 0.020860253 0.037456345
v -0.006143214 0.020858681 0.037457447
v -0.006131371 -0.024218215 0.023218498
v -0.006131371 -0.024218215 0.025481239
v -0.006131371 -0.020718215 0.023218498
v -0.006131371 -0.020718215 0.025481239
v -0.006090631 -0.024218215 0.02
v -0.00602846 -0.024218215 0.023124197
v -0.00602846 -0.024218215 0.025575539
v -0.00602846 -0.020718215 0.023124197
v -0.00602846 -0.020718215 0.025575539
v -0.006007599 0.020639824 0.037596986
v -0.006006517 0.020637956 0.037598066
v -0.005941482 -0.022787455 0.034599707
v -0.005941482 -0.018418215 0.034599707
v -0.005917722 -0.024218215 0.023039225
v -0.005917722 -0.024218215 0.025660511
v -0.005917722 -0.020718215 0.023039225
v -0.005917722 -0.020718215 0.025660511
v -0.00588235 0.020407986 0.037717901
v -0.005881253 0.020405803 0.037718918
v -0.005823782 0.020287219 0.037771128
v -0.0058 -0.024218215 0.022964228
v -0.0058 -0.024218215 0.025735509
v -0.0058 -0.020718215 0.022964228
v -0.0058 -0.020718215 0.025735509
v -0.00576946 0.0201665 0.037818167
v -0.005768383 0.020164011 0.037819073
v -0.005717415 0.020041442 0.037860714
v -0.005676189 -0.024218215 0.022899775
v -0.005676189 -0.024218215 0.02579996
v -0.005676189 -0.020718215 0.022899775
v -0.005676189 -0.020718215 0.02579996
v -0.005669788 0.019917199 0.037897024
v -0.005668763 0.019914407 0.037897773
v -0.005624673 0.019788792 0.037928548
v -0.005584089 0.01966198 0.037953876
v -0.00558315 0.019658895 0.03795442
v -0.005547232 -0.024218215 0.02284636
v -0.005547232 -0.024218215 0.025853377
v -0.005547232 -0.020718215 0.02284636
v -0.005547232 -0.020718215 0.025853377
v -0.005546261 0.019531196 0.037974112
v -0.005513016 0.01940278 0.037988286
v -0.005512197 0.019399418 0.037988584
v -0.005490077 -0.024218215 0.02
v -0.005482775 0.01927061 0.037997063
v -0.005457107 0.019141568 0.037999999
v -0.005456441 0.019137939 0.037999999
v -0.005435707 0.019008271 0.037999999
v -0.005420822 0.018877359 0.037999999
v -0.005420144 0.023781786 0.029260039
v -0.005414111 -0.024218215 0.022804387
v -0.005414111 -0.024218215 0.02589535
v -0.005414111 -0.020718215 0.022804387
v -0.005414111 -0.020718215 0.02589535
v -0.005411729 0.01874358 0.037999999
v -0.005408696 -0.016218215 0.037999999
v -0.005408696 0.018609023 0.037999999
v -0.005394799 -0.024218215 0.02
v -0.005351469 0.023781072 0.029262703
v -0.005299295 -0.024218215 0.02
v -0.005287063 -0.016218215 0.037665818
v -0.005287063 0.015781786 0.037665818
v -0.005284766 0.02377893 0.029270696
v -0.005277837 -0.024218215 0.022774175
v -0.005277837 -0.024218215 0.02592556
v -0.005277837 -0.020718215 0.022774175
v -0.005277837 -0.020718215 0.02592556
v -0.005252164 0.023777325 0.029276688
v -0.005220067 0.023775361 0.029284012
v -0.005204695 -0.024218215 0.02
v -0.005188479 0.023773044 0.029292664
v -0.005157406 0.02377037 0.029302644
v -0.005153534 0.023770008 0.029303992
v -0.005139449 -0.024218215 0.022755956
v -0.005139449 -0.024218215 0.02594378
v -0.005139449 -0.020718215 0.022755956
v -0.005139449 -0.020718215 0.02594378
v -0.005112113 -0.024218215 0.02
v -0.005022621 -0.024218215 0.02
v -0.005 -0.024218215 0.022749867
v -0.005 -0.024218215 0.025949867
v -0.005 -0.020718215 0.021116706
v -0.005 -0.020718215 0.022749867
v -0.005 -0.020718215 0.025949867
v -0.005 -0.020718215 0.027583029
v -0.005 -0.017418215 0.021116706
v -0.005 -0.017418215 0.027583029
v -0.004937229 -0.024218215 0.02
v -0.004912122 0.023736209 0.0293874
v -0.004908511 0.023735534 0.029388625
v -0.004860551 -0.024218215 0.022755956
v -0.004860551 -0.024218215 0.02594378
v -0.004860551 -0.020718215 0.022755956
v -0.004860551 -0.020718215 0.02594378
v -0.004856862 -0.024218215 0.02
v -0.004788922 0.015781786 0.033549707
v -0.004788922 0.017681785 0.033549707
v -0.004722163 -0.024218215 0.022774175
v -0.004722163 -0.024218215 0.02592556
v -0.004722163 -0.020718215 0.022774175
v -0.004722163 -0.020718215 0.02592556
v -0.004669617 0.023679564 0.029468192
v -0.004666284 0.023678621 0.029469281
v -0.00458589 -0.024218215 0.022804387
v -0.00458589 -0.024218215 0.02589535
v -0.00458589 -0.020718215 0.022804387
v -0.00458589 -0.020718215 0.02589535
v -0.004452768 -0.024218215 0.02284636
v -0.004452768 -0.024218215 0.025853377
v -0.004452768 -0.020718215 0.02284636
v -0.004452768 -0.020718215 0.025853377
v -0.00443173 0.023600863 0.029544394
v -0.004428691 0.023599703 0.029545348
v -0.004323811 -0.024218215 0.022899775
v -0.004323811 -0.024218215 0.02579996
v -0.004323811 -0.020718215 0.022899775
v -0.004323811 -0.020718215 0.02579996
v -0.004200271 0.023500709 0.029615426
v -0.0042 -0.024218215 0.022964228
v -0.0042 -0.024218215 0.025735509
v -0.0042 -0.020718215 0.022964228
v -0.0042 -0.020718215 0.025735509
v -0.004197537 0.023499379 0.029616246
v -0.004082278 -0.024218215 0.023039225
v -0.004082278 -0.024218215 0.025660511
v -0.004082278 -0.020718215 0.023039225
v -0.004082278 -0.020718215 0.025660511
v -0.004055768 0.015781786 0.034282859
v -0.004055768 0.017681785 0.034282859
v -0.003977003 0.023379862 0.029680748
v -0.003974579 0.023378409 0.029681439
v -0.00397154 -0.024218215 0.023124197
v -0.00397154 -0.024218215 0.025575539
v -0.00397154 -0.020718215 0.023124197
v -0.00397154 -0.020718215 0.025575539
v -0.003868629 -0.024218215 0.023218498
v -0.003868629 -0.024218215 0.025481239
v -0.003868629 -0.020718215 0.023218498
v -0.003868629 -0.020718215 0.025481239
v -0.003774329 -0.024218215 0.023321407
v -0.003774329 -0.024218215 0.025378328
v -0.003774329 -0.020718215 0.023321407
v -0.003774329 -0.020718215 0.025378328
v -0.003763623 0.023239242 0.029739862
v -0.00376151 0.023237715 0.029740429
v -0.003689357 -0.024218215 0.023432145
v -0.003689357 -0.024218215 0.02526759
v -0.003689357 -0.020718215 0.023432145
v -0.003689357 -0.020718215 0.02526759
v -0.003614359 -0.024218215 0.023549868
v -0.003614359 -0.024218215 0.025149869
v -0.003614359 -0.020718215 0.023549868
v -0.003614359 -0.020718215 0.025149869
v -0.003561757 0.023079919 0.029792318
v -0.00355995 0.023078363 0.029792771
v -0.003549908 -0.024218215 0.023673678
v -0.003549908 -0.024218215 0.025026057
v -0.003549908 -0.020718215 0.023673678
v -0.003549908 -0.020718215 0.025026057
v -0.003496492 -0.024218215 0.023802636
v -0.003496492 -0.024218215 0.0248971
v -0.003496492 -0.020718215 0.023802636
v -0.003496492 -0.020718215 0.0248971
v -0.003454519 -0.024218215 0.023935758
v -0.003454519 -0.024218215 0.024763979
v -0.003454519 -0.020718215 0.023935758
v -0.003454519 -0.020718215 0.024763979
v -0.003424308 -0.024218215 0.024072031
v -0.003424308 -0.024218215 0.024627704
v -0.003424308 -0.020718215 0.024072031
v -0.003424308 -0.020718215 0.024627704
v -0.003406089 -0.024218215 0.02421042
v -0.003406089 -0.024218215 0.024489317
v -0.003406089 -0.020718215 0.02421042
v -0.003406089 -0.020718215 0.024489317
v -0.0034 -0.024218215 0.024349868
v -0.0034 -0.020718215 0.024349868
v -0.00337294 0.022903105 0.029837718
v -0.003371428 0.022901565 0.029838065
v -0.003198609 0.022710148 0.029875714
v -0.003197377 0.022708666 0.029875968
v -0.003040091 0.022502515 0.02990602
v -0.00303912 0.022501128 0.029906191
v -0.002898593 0.022281786 0.029928403
v -0.002897858 0.022280527 0.029928505
v -0.002775192 0.022049641 0.029942693
v -0.002774665 0.022048544 0.029942742
v -0.002670826 0.021807846 0.029948784
v -0.002670477 0.021806937 0.029948791
v -0.00258629 0.021558242 0.029946625
v -0.002586084 0.021557542 0.029946608
v -0.002522228 0.02130273 0.029936235
v -0.002479126 0.021043252 0.029917695
v -0.002457313 0.020781785 0.029891143
v -0.002265643 -0.017418215 0.02
v -0.0022 -0.020718215 0.022733288
v -0.0022 -0.020718215 0.025966449
v -0.0022 -0.017418215 0.022733288
v -0.0022 -0.017418215 0.025966449
v -0.002049765 0.023781786 0.02
v -0.001900918 0.023775679 0.02
v -0.001868515 0.023775346 0.02
v -0.001836116 0.023774348 0.02
v -0.001819934 0.023773601 0.02
v -0.001803769 0.023772688 0.02
v -0.001787628 0.023771611 0.02
v -0.001771519 0.02377037 0.02
v -0.001769495 0.023770202 0.02
v -0.001621456 0.023751888 0.02
v -0.001495387 0.023736209 0.02
v -0.001493515 0.023735897 0.02
v -0.001347126 0.023705401 0.02
v -0.001223477 0.023679564 0.02
v -0.001221763 0.023679131 0.02
v -0.001078195 0.023636593 0.02
v -0.000957854 0.023600863 0.02
v -0.000956305 0.023600332 0.02
v -0.000816717 0.023546 0.02
v -0.000700542 0.023500709 0.02
v -0.00069916 0.023500103 0.02
v -0.000641225 -0.024218215 0.02
v -0.00056469 0.023434324 0.02
v -0.000480042 -0.024218215 0.02
v -0.000453498 0.023379862 0.02
v -0.000452284 0.023379203 0.02
v -0.000324032 0.023302425 0.02
v -0.000314921 -0.024218215 0.02
v -0.000290152 -0.022472098 0.035776634
v -0.000252381 -0.022456668 0.035832074
v -0.000218603 0.023239242 0.02
v -0.000217554 0.023238551 0.02
v -0.000167977 -0.022418406 0.035954695
v -0.000147537 -0.024218215 0.02
v -9.6579e-05 0.023151321 0.02
v -9.1513e-05 -0.022379031 0.036064833
v -8.5862e-05 -0.022375943 0.036072932
v 2.356e-06 0.023079919 0.02
v 3.245e-06 0.023079217 0.02
v 2.0461e-05 -0.024218215 0.02
v 7.8739e-05 -0.022275137 0.036306083
v 8.8384e-05 -0.022268575 0.036319561
v 0.000115942 0.022982177 0.02
v 0.000185627 -0.022198342 0.036454223
v 0.000187471 -0.024218215 0.02
v 0.000207697 0.022903105 0.02
v 0.000208434 0.022902412 0.02
v 0.000241017 -0.022154987 0.036529839
v 0.000261408 0.022850412 0.02
v 0.000263495 -0.022136692 0.03656029
v 0.0003 -0.020718215 0.022733288
v 0.0003 -0.020718215 0.025966449
v 0.0003 -0.017418215 0.022733288
v 0.0003 -0.017418215 0.025966449
v 0.000345261 0.022764362 0.02
v 0.000351972 -0.024218215 0.02
v 0.000395857 0.022710148 0.02
v 0.000396452 0.022709482 0.02
v 0.000400442 -0.022016345 0.036742628
v 0.000423797 -0.021994269 0.036773156
v 0.000432221 -0.021986192 0.036784124
v 0.000444484 0.022653245 0.02
v 0.000510967 0.017681785 0.02
v 0.000512527 -0.024218215 0.02
v 0.000519967 0.022560747 0.02
v 0.000556201 -0.021860206 0.036942922
v 0.000565405 0.022502515 0.02
v 0.000565869 0.022501893 0.02
v 0.000592769 -0.021820407 0.036988795
v 0.00060856 0.022441854 0.02
v 0.000656946 -0.021747472 0.03706824
v 0.000667807 -0.024218215 0.02
v 0.000675146 0.02234358 0.02
v 0.000707004 -0.021687694 0.037129287
v 0.00071505 0.022281786 0.02
v 0.000715396 0.022281223 0.02
v 0.000742374 -0.021643819 0.037171952
v 0.000752394 0.022217851 0.02
v 0.00080961 0.022114509 0.02
v 0.000843653 0.022049641 0.02
v 0.000843896 0.02204915 0.02
v 0.000850555 -0.021500045 0.037300386
v 0.00086083 0.017681785 0.02
v 0.000874896 0.021982947 0.02
v 0.000878659 -0.021459937 0.037333373
v 0.000922331 0.021875274 0.02
v 0.000934581 -0.023073683 0.033508312
v 0.000950235 0.021807846 0.02
v 0.000950393 0.021807439 0.02
v 0.00097514 0.021738931 0.02
v 0.000984429 -0.021298451 0.037455104
v 0.001005152 -0.021264726 0.037478443
v 0.001012443 0.021627693 0.02
v 0.001033985 0.021558242 0.02
v 0.001034075 0.021557929 0.02
v 0.001052373 0.021487662 0.02
v 0.00106755 -0.021158621 0.037547577
v 0.001079255 0.021373648 0.02
v 0.001094266 0.02130273 0.02
v 0.00109612 -0.023038782 0.033573311
v 0.001105972 0.021231264 0.02
v 0.001108758 -0.021084519 0.037592188
v 0.001122164 -0.02105967 0.037606508
v 0.00112225 0.021115069 0.02
v 0.00113062 0.021043252 0.02
v 0.001135648 0.020971161 0.02
v 0.001141093 0.020853928 0.02
v 0.001142768 0.017681785 0.02
v 0.001142768 0.019664347 0.02
v 0.001142769 0.020781785 0.02
v 0.001154371 -0.0209984 0.037640478
v 0.001181617 -0.023339378 0.032539904
v 0.001222989 -0.0208598 0.037710659
v 0.001233866 -0.020836731 0.037721477
v 0.001259682 -0.022992728 0.03363625
v 0.001326607 -0.020625813 0.037809707
v 0.001332708 -0.02061094 0.037815228
v 0.001376841 -0.020499054 0.037853938
v 0.001418888 -0.020384507 0.037888542
v 0.00142433 -0.022935344 0.033696655
v 0.001440948 -0.020320777 0.037905663
v 0.001492678 -0.020159328 0.037942417
v 0.001499347 -0.020137081 0.037946753
v 0.0015 -0.024218215 0.024349868
v 0.0015 -0.020718215 0.024349868
v 0.001506089 -0.024218215 0.02421042
v 0.001506089 -0.024218215 0.024489317
v 0.001506089 -0.020718215 0.02421042
v 0.001506089 -0.020718215 0.024489317
v 0.001524308 -0.024218215 0.024072031
v 0.001524308 -0.024218215 0.024627704
v 0.001524308 -0.020718215 0.024072031
v 0.001524308 -0.020718215 0.024627704
v 0.001554379 -0.019937053 0.037977997
v 0.001554519 -0.024218215 0.023935758
v 0.001554519 -0.024218215 0.024763979
v 0.001554519 -0.020718215 0.023935758
v 0.001554519 -0.020718215 0.024763979
v 0.001567048 -0.019885853 0.037983786
v 0.001589038 -0.022866581 0.033754036
v 0.001596492 -0.024218215 0.023802636
v 0.001596492 -0.024218215 0.0248971
v 0.001596492 -0.020718215 0.023802636
v 0.001596492 -0.020718215 0.0248971
v 0.001604309 -0.019719079 0.037996508
v 0.001631331 -0.019574327 0.037999883
v 0.00163806 -0.019531408 0.037999999
v 0.001649908 -0.024218215 0.023673678
v 0.001649908 -0.024218215 0.025026057
v 0.001649908 -0.020718215 0.023673678
v 0.001649908 -0.020718215 0.025026057
v 0.001657987 -0.019378863 0.037999999
v 0.001664114 -0.019311458 0.037999999
v 0.001672873 -0.019088896 0.037999999
v 0.001672873 -0.016218215 0.037999999
v 0.001714359 -0.024218215 0.023549868
v 0.001714359 -0.024218215 0.025149869
v 0.001714359 -0.020718215 0.023549868
v 0.001714359 -0.020718215 0.025149869
v 0.001752611 -0.022786567 0.033807881
v 0.001789357 -0.024218215 0.023432145
v 0.001789357 -0.024218215 0.02526759
v 0.001789357 -0.020718215 0.023432145
v 0.001789357 -0.020718215 0.02526759
v 0.001874329 -0.024218215 0.023321407
v 0.001874329 -0.024218215 0.025378328
v 0.001874329 -0.020718215 0.023321407
v 0.001874329 -0.020718215 0.025378328
v 0.001913734 -0.022695642 0.033857677
v 0.001968629 -0.024218215 0.023218498
v 0.001968629 -0.024218215 0.025481239
v 0.001968629 -0.020718215 0.023218498
v 0.001968629 -0.020718215 0.025481239
v 0.002071023 -0.022594364 0.033902936
v 0.00207154 -0.024218215 0.023124197
v 0.00207154 -0.024218215 0.025575539
v 0.00207154 -0.020718215 0.023124197
v 0.00207154 -0.020718215 0.025575539
v 0.002182278 -0.024218215 0.023039225
v 0.002182278 -0.024218215 0.025660511
v 0.002182278 -0.020718215 0.023039225
v 0.002182278 -0.020718215 0.025660511
v 0.002223099 -0.022483507 0.033943225
v 0.0023 -0.024218215 0.022964228
v 0.0023 -0.024218215 0.025735509
v 0.0023 -0.020718215 0.022964228
v 0.0023 -0.020718215 0.025735509
v 0.002368665 -0.022364022 0.033978205
v 0.002376564 -0.024218215 0.029260039
v 0.002417241 -0.024217973 0.029260946
v 0.002423811 -0.024218215 0.022899775
v 0.002423811 -0.024218215 0.02579996
v 0.002423811 -0.020718215 0.022899775
v 0.002423811 -0.020718215 0.02579996
v 0.002482675 -0.024216505 0.029266419
v 0.002502663 -0.024215775 0.029269148
v 0.002506571 -0.022236984 0.034007642
v 0.002552768 -0.024218215 0.02284636
v 0.002552768 -0.024218215 0.025853377
v 0.002552768 -0.020718215 0.02284636
v 0.002552768 -0.020718215 0.025853377
v 0.002560279 -0.024212863 0.029280011
v 0.002615495 -0.02420886 0.029294953
v 0.00263418 -0.022105383 0.034031112
v 0.002668685 -0.024203751 0.029314015
v 0.00268589 -0.024218215 0.022804387
v 0.00268589 -0.024218215 0.02589535
v 0.00268589 -0.020718215 0.022804387
v 0.00268589 -0.020718215 0.02589535
v 0.00272233 -0.024198562 0.029333387
v 0.00275428 -0.021966735 0.034049239
v 0.002776895 -0.024189552 0.029359229
v 0.002822163 -0.024218215 0.022774175
v 0.002822163 -0.024218215 0.02592556
v 0.002822163 -0.020718215 0.022774175
v 0.002822163 -0.020718215 0.02592556
v 0.002864623 -0.021823844 0.034061737
v 0.002880729 -0.024170985 0.029407911
v 0.002960551 -0.024218215 0.022755956
v 0.002960551 -0.024218215 0.02594378
v 0.002960551 -0.020718215 0.022755956
v 0.002960551 -0.020718215 0.02594378
v 0.002965835 -0.021676701 0.034068897
v 0.002995617 -0.024145098 0.029461028
v 0.00306054 -0.021521704 0.034070954
v 0.0031 -0.024218215 0.022749867
v 0.0031 -0.024218215 0.025949867
v 0.0031 -0.020718215 0.021116706
v 0.0031 -0.020718215 0.022749867
v 0.0031 -0.020718215 0.025949867
v 0.0031 -0.020718215 0.027583029
v 0.0031 -0.017418215 0.021116706
v 0.0031 -0.017418215 0.027583029
v 0.00314815 -0.02135917 0.034067728
v 0.003215063 -0.024079887 0.02956032
v 0.003227758 -0.021190083 0.034059063
v 0.003239449 -0.024218215 0.022755956
v 0.003239449 -0.024218215 0.02594378
v 0.003239449 -0.020718215 0.022755956
v 0.003239449 -0.020718215 0.02594378
v 0.003298502 -0.021015661 0.034044888
v 0.003359614 -0.020837305 0.03402523
v 0.003361034 -0.024024762 0.029624781
v 0.003377837 -0.024218215 0.022774175
v 0.003377837 -0.024218215 0.02592556
v 0.003377837 -0.020718215 0.022774175
v 0.003377837 -0.020718215 0.02592556
v 0.00341048 -0.020656548 0.03400021
v 0.003432162 -0.023994381 0.029655719
v 0.003450673 -0.020474974 0.033970058
v 0.003479971 -0.020294117 0.033935085
v 0.00349086 -0.020201126 0.033915181
v 0.003514111 -0.024218215 0.022804387
v 0.003514111 -0.024218215 0.02589535
v 0.003514111 -0.020718215 0.022804387
v 0.003514111 -0.020718215 0.02589535
v 0.003533483 -0.023946982 0.029699249
v 0.003643723 -0.023889702 0.02974586
v 0.003647232 -0.024218215 0.02284636
v 0.003647232 -0.024218215 0.025853377
v 0.003647232 -0.020718215 0.02284636
v 0.003647232 -0.020718215 0.025853377
v 0.003697033 -0.017418215 0.031349707
v 0.003697033 -0.016218215 0.031349707
v 0.003776189 -0.024218215 0.022899775
v 0.003776189 -0.024218215 0.02579996
v 0.003776189 -0.020718215 0.022899775
v 0.003776189 -0.020718215 0.02579996
v 0.003846735 -0.023767551 0.029829524
v 0.0039 -0.024218215 0.022964228
v 0.0039 -0.024218215 0.025735509
v 0.0039 -0.020718215 0.022964228
v 0.0039 -0.020718215 0.025735509
v 0.003980319 -0.023674272 0.029882906
v 0.004017722 -0.024218215 0.023039225
v 0.004017722 -0.024218215 0.025660511
v 0.004017722 -0.020718215 0.023039225
v 0.004017722 -0.020718215 0.025660511
v 0.004038612 -0.023630034 0.029905744
v 0.00412846 -0.024218215 0.023124197
v 0.00412846 -0.024218215 0.025575539
v 0.00412846 -0.020718215 0.023124197
v 0.00412846 -0.020718215 0.025575539
v 0.004143274 -0.023544734 0.029945994
v 0.00421739 -0.023479391 0.029973859
v 0.004231371 -0.024218215 0.023218498
v 0.004231371 -0.024218215 0.025481239
v 0.004231371 -0.020718215 0.023218498
v 0.004231371 -0.020718215 0.025481239
v 0.004279162 -0.023421513 0.029996645
v 0.004325671 -0.024218215 0.023321407
v 0.004325671 -0.024218215 0.025378328
v 0.004325671 -0.020718215 0.023321407
v 0.004325671 -0.020718215 0.025378328
v 0.004351951 -0.024218215 0.025346933
v 0.004373213 -0.017418215 0.032025885
v 0.004373213 -0.016218215 0.032025885
v 0.004379754 -0.023319907 0.030032802
v 0.004410643 -0.024218215 0.023432145
v 0.004410643 -0.024218172 0.02526759
v 0.004410643 -0.020718215 0.023432145
v 0.004410643 -0.020718215 0.02526759
v 0.004428009 -0.024218148 0.025242276
v 0.004485641 -0.024218215 0.023549868
v 0.004485641 -0.024218077 0.025149869
v 0.004485641 -0.020718215 0.023549868
v 0.004485641 -0.020718215 0.025149869
v 0.004494698 -0.024218069 0.025133971
v 0.004521622 -0.023158642 0.03008143
v 0.004550092 -0.024218215 0.023673678
v 0.004550092 -0.024218077 0.025026057
v 0.004550092 -0.020718215 0.023673678
v 0.004550092 -0.020718215 0.025026057
v 0.00455203 -0.024218079 0.025021886
v 0.004600199 -0.024218164 0.024906106
v 0.004603508 -0.024218215 0.023802636
v 0.004603508 -0.024218172 0.0248971
v 0.004603508 -0.020718215 0.023802636
v 0.004603508 -0.020718215 0.0248971
v 0.004634546 -0.024218215 0.024804017
v 0.004645481 -0.024218215 0.023935758
v 0.004645481 -0.024218215 0.024763979
v 0.004645481 -0.020718215 0.023935758
v 0.004645481 -0.020718215 0.024763979
v 0.004650982 -0.022989031 0.030122397
v 0.004675692 -0.024218215 0.024072031
v 0.004675692 -0.024218215 0.024627704
v 0.004675692 -0.020718215 0.024072031
v 0.004675692 -0.020718215 0.024627704
v 0.004693911 -0.024218215 0.02421042
v 0.004693911 -0.024218215 0.024489317
v 0.004693911 -0.020718215 0.02421042
v 0.004693911 -0.020718215 0.024489317
v 0.0047 -0.024218215 0.024349868
v 0.0047 -0.020718215 0.024349868
v 0.004730401 -0.022871537 0.030145682
v 0.004773815 -0.02280217 0.030157734
v 0.004823308 -0.022717983 0.030170813
v 0.004887138 -0.022600072 0.030186495
v 0.004911243 -0.024218215 0.02
v 0.004988384 -0.022385355 0.030207878
v 0.005010457 -0.024218215 0.02
v 0.005049834 -0.022232147 0.030217968
v 0.005075464 -0.02216116 0.030221278
v 0.005117878 -0.024218215 0.02
v 0.005118534 -0.022029189 0.030225223
v 0.005146864 -0.021930907 0.030226344
v 0.005169188 -0.021844555 0.030226076
v 0.005201699 -0.021698 0.030222982
v 0.005204227 -0.021685172 0.030222554
v 0.00523241 -0.024218215 0.02
v 0.005239598 -0.021466156 0.03021137
v 0.005255594 -0.021313559 0.030199232
v 0.005257733 -0.021285908 0.030196646
v 0.005261955 -0.021218214 0.030189779
v 0.005352863 -0.024218215 0.02
v 0.005477981 -0.024218215 0.02
v 0.005488661 -0.017418215 0.02
v 0.005606452 -0.024218215 0.02
v 0.005736948 -0.024218215 0.02
v 0.005868138 -0.024218215 0.02
v 0.0059 -0.020718215 0.022733288
v 0.0059 -0.020718215 0.025966449
v 0.0059 -0.017418215 0.022733288
v 0.0059 -0.017418215 0.025966449
v 0.005998712 -0.024218215 0.02
v 0.006751861 -0.021218214 0.027235851
v 0.006751861 -0.017418215 0.027235851
v 0.006930244 -0.024218215 0.02
v 0.006962353 -0.024218215 0.02
v 0.006993068 -0.024218215 0.02
v 0.007022055 -0.024218215 0.02
v 0.007049058 -0.024218215 0.02
v 0.007073892 -0.024218215 0.02
v 0.007096441 -0.024218215 0.02
v 0.007116647 -0.024218215 0.02
v 0.007134498 -0.024218215 0.02
v 0.007150023 -0.024218215 0.02
v 0.007163279 -0.024218215 0.02
v 0.007174345 -0.024218215 0.02
v 0.007183317 -0.024218215 0.02
v 0.007190297 -0.024218215 0.02
v 0.007195394 -0.024218215 0.02
v 0.007196605 -0.024218215 0.02
v 0.007198716 -0.02421821 0.02
v 0.00737215 -0.024213587 0.02
v 0.007372329 -0.024213585 0.02
v 0.00737402 -0.024213566 0.02
v 0.00737406 -0.024213566 0.02
v 0.007396296 -0.024213064 0.02
v 0.007399791 -0.024212842 0.02
v 0.007403278 -0.024212559 0.02
v 0.007406786 -0.024212274 0.02
v 0.007587783 -0.024197824 0.02
v 0.007591003 -0.024197397 0.02
v 0.007782901 -0.024171713 0.02
v 0.00778795 -0.024170987 0.02
v 0.007983774 -0.024133834 0.02
v 0.007988125 -0.024133044 0.02
v 0.008186773 -0.024083944 0.02
v 0.008192663 -0.024082528 0.02
v 0.008196497 -0.024081351 0.02
v 0.008394028 -0.024020711 0.02
v 0.008395144 -0.024020323 0.02
v 0.008569378 -0.017418215 0.02
v 0.008593028 -0.023947188 0.02
v 0.008593552 -0.023946987 0.02
v 0.008690744 -0.023904647 0.02
v 0.00876729 -0.0238619 0.020041367
v 0.008788912 -0.02386224 0.02
v 0.008789725 -0.023861883 0.02
v 0.008790025 -0.023861738 0.02
v 0.00891514 -0.02376595 0.020121273
v 0.00897146 -0.017418215 0.02
v 0.00897939 -0.023766679 0.02
v 0.008980731 -0.023765983 0.02
v 0.008981711 -0.023765438 0.02
v 0.009057169 -0.023659913 0.02019803
v 0.009162075 -0.023661271 0.02
v 0.009163458 -0.02366046 0.02
v 0.009166972 -0.02365821 0.02
v 0.009192173 -0.023544744 0.020270996
v 0.009319128 -0.023421522 0.020339614
v 0.009337413 -0.023545727 0.02
v 0.009339427 -0.023544318 0.02
v 0.009343117 -0.023541528 0.02
v 0.009435697 -0.023293175 0.020402616
v 0.009502304 -0.023421989 0.02
v 0.009505739 -0.023419142 0.02
v 0.009544476 -0.023157327 0.02046141
v 0.009643504 -0.023016697 0.020514935
v 0.009650415 -0.023295899 0.02
v 0.009654541 -0.023292181 0.02
v 0.009659165 -0.023287629 0.02
v 0.009733267 -0.022871548 0.020563452
v 0.009793508 -0.023157802 0.02
v 0.009797254 -0.023153796 0.02
v 0.00981638 -0.022717994 0.020608373
v 0.009892481 -0.022555968 0.020649508
v 0.009918436 -0.023020635 0.02
v 0.009924406 -0.02301365 0.02
v 0.009927407 -0.023009834 0.02
v 0.009960735 -0.022386361 0.020686399
v 0.010020343 -0.022210313 0.020718617
v 0.010036725 -0.02287304 0.02
v 0.010043418 -0.022863687 0.02
v 0.010070593 -0.022029197 0.020745778
v 0.01007801 -0.02146136 0.02094863
v 0.010110913 -0.02184456 0.020767571
v 0.010140911 -0.021658048 0.020783786
v 0.01014403 -0.02271984 0.02
v 0.010146145 -0.022716613 0.02
v 0.010153421 -0.022704333 0.02
v 0.010160395 -0.021471312 0.020794317
v 0.01024517 -0.022553149 0.02
v 0.010326747 -0.022396284 0.02
v 0.010327683 -0.022394548 0.02
v 0.010331828 -0.022386363 0.02
v 0.010335331 -0.022378694 0.02
v 0.010406335 -0.022216426 0.02
v 0.010406608 -0.022215794 0.02
v 0.01041288 -0.022199502 0.02
v 0.010472526 -0.022033151 0.02
v 0.010473742 -0.022029485 0.02
v 0.010477804 -0.02201537 0.02
v 0.010525514 -0.021846309 0.02
v 0.010527239 -0.021839015 0.02
v 0.01056261 -0.021668845 0.02
v 0.010564804 -0.021657552 0.02
v 0.010567205 -0.021638736 0.02
v 0.010590155 -0.021468519 0.02
v 0.010591143 -0.02145913 0.02
v 0.010592448 -0.021429059 0.02
v 0.010619354 -0.018477506 0.02
v 0.010619354 -0.017418215 0.02
v 0.0106309 -0.021218214 0.02
f 2332 2652 2653
f 2273 2169 2652
f 2170 2169 2652
f 2024 2332 2652
f 239 235 234
f 239 235 241
f 1513 1492 1512
f 2316 2322 765
f 2331 2332 2653
f 494 505 506
f 1293 505 506
f 1627 1624 1628
f 1586 1513 1562
f 1586 1598 1628
f 1586 1598 1576
f 307 308 319
f 294 292 298
f 294 298 299
f 495 488 484
f 2523 2521 2311
f 2523 2316 2311
f 2023 2170 2169
f 2023 2170 2652
f 2023 2024 2652
f 867 2024 2332
f 246 235 241
f 246 231 235
f 367 377 376
f 350 357 358
f 350 340 339
f 405 393 403
f 381 377 376
f 487 476 478
f 469 476 478
f 445 433 443
f 445 453 454
f 421 432 433
f 394 393 403
f 394 381 393
f 394 381 377
f 2272 2273 2169
f 2041 2181 2178
f 2186 2051 2185
f 2186 2051 2187
f 1336 1293 1335
f 1336 1293 506
f 1336 1287 506
f 724 715 713
f 1472 1449 1512
f 1472 1492 1512
f 1472 1449 1448
f 1472 1513 1448
f 1472 1513 1492
f 1435 1425 1448
f 1435 1449 1448
f 1550 1539 1576
f 1550 1576 1562
f 1604 1598 1576
f 1577 1576 1562
f 1577 1586 1562
f 1577 1586 1576
f 275 276 266
f 318 319 331
f 467 480 466
f 304 307 308
f 304 298 299
f 304 307 299
f 413 407 409
f 364 371 368
f 364 354 353
f 364 354 368
f 619 1169 653
f 619 1169 582
f 833 567 853
f 833 2279 831
f 753 2316 765
f 717 2316 2311
f 2524 2316 2322
f 2524 2523 2316
f 2641 2524 2523
f 816 808 2322
f 2021 2169 2020
f 2021 2023 2169
f 2021 781 2020
f 844 2023 2024
f 515 715 713
f 515 523 713
f 515 724 715
f 414 413 409
f 414 413 418
f 414 425 418
f 461 457 466
f 461 465 466
f 483 488 484
f 483 480 484
f 430 425 418
f 430 425 431
f 430 435 431
f 498 495 497
f 498 495 484
f 317 313 315
f 317 322 315
f 310 300 301
f 310 313 315
f 310 301 315
f 252 246 241
f 252 256 257
f 252 246 257
f 244 246 231
f 244 246 257
f 287 278 277
f 365 367 357
f 365 357 358
f 365 367 377
f 334 340 339
f 334 329 340
f 334 329 328
f 323 322 315
f 363 365 358
f 346 350 339
f 486 487 478
f 490 494 506
f 490 486 494
f 490 486 487
f 458 462 468
f 458 453 454
f 458 462 454
f 470 469 468
f 470 462 468
f 470 469 476
f 439 433 443
f 439 432 433
f 451 445 443
f 451 445 453
f 449 445 454
f 416 405 415
f 416 405 403
f 422 421 433
f 422 416 419
f 422 416 421
f 2263 2166 2261
f 2165 2261 2258
f 2165 2166 2261
f 2160 2239 2159
f 2160 1989 2159
f 2250 2161 2162
f 1929 2108 1926
f 1605 1626 1625
f 1605 2028 1626
f 1605 2028 2046
f 2037 2028 2178
f 2037 2041 2178
f 2037 2028 2046
f 2037 2041 2046
f 2182 2183 2046
f 2182 2041 2046
f 2182 2041 2181
f 2067 1910 2068
f 2067 2188 2068
f 2067 2187 2188
f 2067 2051 2187
f 756 515 800
f 756 515 744
f 1194 724 1228
f 1194 724 1693
f 1988 1989 2159
f 1988 813 1978
f 2568 2380 2571
f 2382 2387 2571
f 2382 2380 2571
f 2382 2380 2387
f 2367 2366 1628
f 2367 1586 1628
f 2367 1586 1513
f 2367 1513 1707
f 2379 2568 2567
f 2379 2568 2380
f 1534 1513 1562
f 1534 1550 1562
f 1606 1598 1628
f 2516 2629 2515
f 2520 2638 2521
f 2520 2518 2299
f 2280 2502 2486
f 2280 2279 2486
f 2280 833 2279
f 815 552 831
f 2300 692 653
f 2300 2299 653
f 2300 2521 2311
f 2300 2520 2521
f 2300 2520 2299
f 696 704 2311
f 696 2300 2311
f 696 2300 692
f 2645 2644 2322
f 2412 2576 2578
f 2207 2206 2387
f 749 525 524
f 773 772 537
f 773 772 2243
f 526 772 537
f 526 525 760
f 1380 1513 1448
f 1380 1262 1513
f 1380 1358 1425
f 289 275 276
f 289 294 276
f 289 294 292
f 254 255 251
f 311 308 319
f 311 318 319
f 265 276 266
f 265 255 266
f 321 319 331
f 385 390 383
f 382 390 383
f 397 407 409
f 455 457 466
f 482 480 484
f 570 567 853
f 570 857 853
f 557 833 831
f 557 552 831
f 557 833 567
f 742 737 2316
f 742 753 2316
f 712 717 2311
f 736 737 2316
f 2525 2524 2322
f 2639 2638 2521
f 2643 2525 2524
f 2643 2644 2322
f 2643 2525 2322
f 775 2322 765
f 775 786 2322
f 823 816 2322
f 2330 2331 2653
f 2330 2329 2653
f 2330 878 2329
f 838 2023 829
f 1184 515 800
f 1184 756 800
f 854 577 1170
f 472 483 480
f 472 480 466
f 472 465 466
f 258 257 259
f 258 244 257
f 291 287 277
f 291 300 301
f 291 287 301
f 263 256 257
f 273 278 271
f 273 263 269
f 273 263 257
f 273 274 269
f 273 271 259
f 273 257 259
f 273 274 277
f 273 278 277
f 325 323 322
f 325 329 328
f 325 323 329
f 314 323 315
f 366 365 377
f 366 363 365
f 356 350 357
f 356 346 350
f 463 462 454
f 463 470 462
f 434 422 433
f 434 445 433
f 428 421 432
f 428 420 421
f 417 416 415
f 417 416 421
f 417 420 421
f 2265 2166 2266
f 2265 2263 2166
f 2167 2267 2266
f 2167 2166 2266
f 2167 2267 2270
f 2012 2165 2166
f 770 2019 2020
f 2245 2160 2161
f 2189 2188 2068
f 2189 2190 2068
f 2191 2190 2068
f 2101 2108 1926
f 1955 783 1956
f 1955 2123 1956
f 2122 2208 2123
f 2122 1955 2123
f 1599 1605 1625
f 1574 1573 1585
f 1378 1336 1287
f 1330 1194 1228
f 1330 1194 1693
f 1511 1574 1561
f 1511 1574 1585
f 1511 1605 1585
f 1511 1330 1228
f 1511 1605 2046
f 1511 1378 1447
f 1511 1693 2046
f 1511 1330 1693
f 2184 2049 2185
f 2184 2049 2183
f 2050 2051 2185
f 2050 2049 2185
f 2050 2049 2046
f 2047 2183 2046
f 2047 2049 2046
f 2047 2049 2183
f 1897 2067 2051
f 1897 2067 1910
f 1897 2050 2051
f 1897 1255 1910
f 1897 1693 2046
f 1897 2050 2046
f 1920 2091 1921
f 723 1255 1910
f 723 523 727
f 734 756 744
f 734 756 724
f 734 515 744
f 734 515 724
f 2562 2366 2561
f 2562 2367 2366
f 2562 2367 2372
f 2562 2372 2567
f 2289 2206 2387
f 2289 2367 2387
f 2289 2367 2206
f 2373 2372 2567
f 2373 2379 2567
f 2373 2367 2372
f 2373 2379 2380
f 2373 2380 2387
f 2373 2367 2387
f 1520 1513 1512
f 1520 1534 1513
f 1520 1550 1539
f 1520 1534 1550
f 1607 1606 1628
f 1607 1604 1598
f 1607 1606 1598
f 2632 2516 2629
f 2632 2516 2518
f 2632 2634 2518
f 2622 2618 2502
f 2617 2502 2486
f 2617 2618 2502
f 2462 2602 2461
f 2513 2622 2502
f 2293 1169 653
f 2389 2387 2571
f 2389 2207 2387
f 2389 2207 2210
f 2420 2412 2578
f 2420 2581 2426
f 2420 2412 2221
f 2610 2613 2486
f 2610 2475 2486
f 1790 2227 1797
f 1790 2227 1783
f 2236 1783 760
f 2236 2227 1783
f 1640 2367 2206
f 757 1262 1186
f 752 1783 760
f 752 525 760
f 752 749 525
f 741 749 524
f 2225 2227 2426
f 2225 2420 2426
f 2225 2420 2221
f 2219 2412 2221
f 2219 2218 2412
f 763 526 760
f 763 526 772
f 763 2236 760
f 1338 1358 1337
f 1338 1380 1358
f 1426 1425 1448
f 1426 1380 1448
f 1426 1380 1425
f 247 254 251
f 247 2 1
f 247 251 2
f 262 255 266
f 262 254 255
f 262 275 266
f 324 318 331
f 324 335 331
f 250 265 255
f 250 255 251
f 280 294 276
f 320 309 319
f 320 321 319
f 372 371 368
f 372 382 383
f 379 372 371
f 379 372 382
f 396 397 407
f 437 438 431
f 437 440 448
f 437 440 435
f 437 435 431
f 427 425 431
f 456 455 466
f 456 455 448
f 471 467 480
f 493 498 484
f 493 482 484
f 575 1169 582
f 575 857 1169
f 575 570 857
f 539 773 537
f 705 704 2311
f 705 712 2311
f 722 717 2316
f 722 736 2316
f 2640 2639 2521
f 2640 2523 2521
f 2640 2641 2523
f 2642 2641 2524
f 2642 2643 2524
f 797 808 2322
f 797 794 2322
f 793 794 2322
f 832 834 2322
f 836 834 2322
f 836 841 2322
f 2323 858 846
f 2323 842 846
f 2323 842 841
f 2323 841 2322
f 2323 2645 2646
f 2323 2645 2322
f 885 2330 878
f 885 2331 897
f 885 2330 2331
f 792 2021 781
f 864 867 2024
f 864 855 2024
f 852 844 2024
f 852 855 2024
f 843 844 2023
f 843 838 2023
f 889 1165 2332
f 889 883 2332
f 877 883 2332
f 1260 1184 515
f 1260 1287 506
f 1260 515 506
f 1260 724 1228
f 1260 756 724
f 1260 1184 756
f 1260 1378 1287
f 1260 1511 1228
f 1260 1511 1378
f 1998 577 654
f 1998 577 1170
f 1998 854 1170
f 1998 2003 2162
f 1998 2161 2162
f 830 1988 813
f 830 1988 1989
f 830 854 577
f 551 813 558
f 796 548 783
f 796 551 548
f 796 551 813
f 743 523 528
f 1967 783 1956
f 1967 796 783
f 1967 796 1968
f 1977 1968 2156
f 1977 796 1968
f 1977 813 1978
f 1977 796 813
f 444 440 448
f 444 447 448
f 450 455 448
f 450 447 448
f 450 455 457
f 508 509 498
f 508 1262 1186
f 508 497 503
f 508 498 497
f 303 301 315
f 303 314 315
f 330 323 329
f 330 329 340
f 378 394 377
f 378 366 377
f 460 449 454
f 460 463 454
f 477 470 476
f 477 487 476
f 446 449 445
f 446 434 445
f 2168 2167 2270
f 2168 2271 2270
f 2168 2167 2019
f 2168 2271 2272
f 2168 2272 2169
f 2168 2169 2020
f 2168 2019 2020
f 2163 2003 2162
f 2163 2255 2164
f 2013 2167 2166
f 2013 2012 2166
f 2010 2164 2165
f 745 2019 748
f 745 730 2019
f 774 770 2020
f 2133 1968 2156
f 2133 1967 1968
f 2157 2223 2156
f 2157 1977 2156
f 2157 1977 1978
f 2253 2163 2162
f 2253 2163 2255
f 2256 2255 2164
f 2247 2250 2161
f 2247 2245 2161
f 2242 2160 2239
f 2196 2091 2197
f 2096 2091 2197
f 2096 2091 1921
f 2096 1925 1921
f 2096 1925 1926
f 2096 2101 1926
f 2080 2191 2192
f 2080 2081 2192
f 2080 2191 2068
f 2080 1910 2068
f 2080 2081 1917
f 2193 2081 2192
f 2193 2081 2194
f 2090 2194 2091
f 2090 2081 2194
f 2090 2081 1917
f 2090 1920 2091
f 2090 1920 1917
f 2209 2123 2212
f 2209 2208 2123
f 1930 2122 1955
f 2109 2203 2108
f 2109 1930 2122
f 2109 1929 2108
f 2109 1930 1929
f 1597 1605 1585
f 1597 1599 1605
f 1592 1597 1585
f 1592 1597 1599
f 1471 1511 1447
f 1532 1511 1510
f 1424 1378 1447
f 1424 1392 1423
f 1424 1392 1378
f 716 1897 1255
f 716 723 1255
f 716 523 713
f 716 723 523
f 1236 724 713
f 1236 724 1693
f 1236 1897 1693
f 1589 1910 727
f 1916 1581 1910
f 1916 2080 1910
f 1916 2080 1917
f 1267 1910 727
f 1267 723 727
f 1267 723 1910
f 1619 1624 1628
f 1619 1607 1628
f 2637 2636 2518
f 2637 2520 2638
f 2637 2520 2518
f 2635 2634 2518
f 2635 2636 2518
f 2614 2613 2486
f 2614 2617 2486
f 2605 2462 2602
f 2269 2475 2486
f 2467 2262 2475
f 2467 2605 2462
f 2467 2605 2606
f 2467 2606 2475
f 2254 2251 785
f 2514 2513 2622
f 2514 2293 2515
f 2294 2516 2515
f 2294 2293 2515
f 2294 2293 653
f 2291 2514 2513
f 2291 2514 2293
f 2291 857 1169
f 2291 2293 1169
f 2401 2574 2576
f 2401 2412 2576
f 2401 2218 2412
f 2401 2214 2218
f 2583 2581 2426
f 2587 2435 2588
f 2587 2435 2584
f 2434 2435 2584
f 2434 2583 2584
f 2434 2583 2426
f 2434 2227 2426
f 2434 2236 2227
f 2434 2236 2435
f 2456 2248 2251
f 2456 2254 2461
f 2456 2254 2251
f 2246 2446 2243
f 2246 773 2243
f 2246 2248 773
f 784 2251 785
f 784 2248 2251
f 784 2248 773
f 784 539 785
f 784 539 773
f 2580 2420 2578
f 2580 2420 2581
f 2609 2606 2475
f 2609 2610 2475
f 725 1640 714
f 725 1513 1707
f 725 1262 1513
f 725 757 1262
f 1644 1640 2206
f 1644 1640 714
f 1635 2367 1707
f 1635 1640 2367
f 1635 725 1707
f 1635 725 1640
f 1913 2207 2206
f 1913 721 2207
f 1708 741 749
f 1849 2225 2221
f 1835 2225 752
f 1739 2225 752
f 1673 741 2218
f 1673 2219 2218
f 1673 2219 741
f 2238 763 772
f 2238 772 2243
f 2238 2446 2243
f 2238 2435 2446
f 1288 1380 1262
f 1288 1338 1380
f 1288 508 1262
f 1288 1276 1337
f 1288 1338 1337
f 1288 1276 503
f 1288 508 503
f 338 335 343
f 338 345 343
f 348 354 353
f 348 343 354
f 348 345 343
f 238 2 3
f 238 250 251
f 238 251 2
f 267 265 276
f 267 280 276
f 293 280 294
f 336 335 331
f 336 335 343
f 332 321 331
f 332 336 331
f 332 336 333
f 347 343 354
f 386 379 382
f 386 390 389
f 386 382 390
f 392 390 389
f 392 397 390
f 392 396 397
f 436 438 431
f 436 427 431
f 424 414 425
f 459 467 466
f 459 456 466
f 441 437 448
f 441 437 438
f 481 482 480
f 481 471 480
f 496 509 498
f 496 493 498
f 788 786 2322
f 788 793 2322
f 825 823 2322
f 825 832 2322
f 860 2323 865
f 860 2323 858
f 2324 2646 2653
f 2324 2323 2646
f 2324 2329 2653
f 804 805 2021
f 804 792 2021
f 821 2023 829
f 821 820 2023
f 811 2021 2023
f 868 867 2332
f 1996 830 1989
f 1996 830 854
f 1996 2160 1989
f 1996 2160 2161
f 561 830 577
f 561 813 558
f 561 830 813
f 776 1955 783
f 776 1930 1955
f 739 743 523
f 739 1916 1917
f 1554 1920 1917
f 1464 1925 1921
f 1464 1452 1925
f 1440 754 1925
f 1440 1452 1925
f 520 525 524
f 514 511 509
f 514 508 509
f 514 520 511
f 514 520 524
f 514 728 721
f 514 728 729
f 803 757 1186
f 803 508 1186
f 803 508 757
f 285 287 301
f 285 303 301
f 285 278 271
f 285 287 278
f 316 314 323
f 341 350 340
f 341 330 340
f 391 378 394
f 391 394 403
f 464 463 470
f 489 490 487
f 2014 2167 2019
f 2014 2013 2167
f 2014 730 2019
f 2014 730 711
f 2005 2010 2164
f 2005 2163 2164
f 695 2013 2012
f 2011 686 2012
f 2011 2012 2165
f 2011 2010 2165
f 758 2019 748
f 758 761 2019
f 764 770 2019
f 764 761 2019
f 780 781 2020
f 780 774 2020
f 2220 2133 2216
f 2220 2223 2156
f 2220 2133 2156
f 2132 2123 1956
f 2132 1967 1956
f 2132 2133 1967
f 2224 2157 2223
f 2224 2157 2226
f 2235 2239 2159
f 2235 2234 2159
f 2252 2250 2162
f 2252 2253 2162
f 2257 2256 2164
f 2257 2165 2258
f 2257 2164 2165
f 2244 2245 2160
f 2244 2242 2160
f 2195 2194 2091
f 2195 2196 2091
f 2198 2200 2101
f 2198 2096 2197
f 2198 2096 2101
f 2202 2203 2108
f 2202 2101 2108
f 2202 2200 2101
f 2204 2109 2203
f 2204 2122 2208
f 2204 2109 2122
f 1578 1573 1585
f 1578 1592 1585
f 1565 1563 1561
f 1560 1563 1561
f 1491 1471 1511
f 1514 1532 1510
f 1514 1532 1542
f 1549 1532 1542
f 1549 1560 1561
f 1549 1511 1561
f 1549 1532 1511
f 1361 1392 1378
f 1245 716 713
f 1245 716 1897
f 1245 1236 713
f 1245 1236 1897
f 2268 2262 2475
f 2268 2269 2475
f 2268 2262 815
f 2268 2269 815
f 2274 2279 2486
f 2274 2269 2486
f 2274 2279 831
f 2274 815 831
f 2274 2269 815
f 798 2254 785
f 798 539 543
f 798 539 785
f 2623 2514 2622
f 2296 2516 2518
f 2288 2280 2502
f 2288 833 853
f 2288 2280 833
f 2572 2389 2571
f 2572 2573 2389
f 2395 2401 2574
f 2395 2573 2574
f 2395 2573 2389
f 2395 2389 2210
f 2592 2593 2446
f 2594 2596 2446
f 2594 2593 2446
f 2451 2596 2446
f 2451 2456 2248
f 2451 2246 2446
f 2451 2246 2248
f 1915 1644 2206
f 1649 728 721
f 1649 2207 2210
f 1649 721 2207
f 1776 752 1783
f 1776 1769 752
f 1776 1790 1783
f 1776 1790 1797
f 1776 1769 1797
f 740 741 2218
f 740 514 729
f 740 741 524
f 740 514 524
f 1659 740 729
f 1659 740 1669
f 1894 2214 2218
f 1894 1659 2214
f 1894 1659 1669
f 1869 2219 2221
f 1869 1708 741
f 1733 1849 749
f 1733 1849 2225
f 1733 1739 2225
f 1733 752 749
f 1733 1739 752
f 1715 1708 749
f 2237 763 2236
f 2237 2238 763
f 2237 2236 2435
f 2237 2238 2435
f 295 294 299
f 295 293 294
f 342 336 343
f 342 336 333
f 355 354 368
f 355 347 354
f 426 427 425
f 426 424 425
f 412 414 409
f 412 424 414
f 452 456 448
f 452 441 448
f 873 878 2329
f 873 2324 2329
f 814 820 2023
f 814 811 2023
f 810 805 2021
f 810 811 2021
f 875 877 2332
f 875 868 2332
f 1997 1998 854
f 1997 1996 854
f 1997 1998 2161
f 1997 1996 2161
f 544 776 535
f 544 548 783
f 544 776 783
f 747 533 528
f 747 743 528
f 747 533 754
f 768 533 535
f 768 1929 1926
f 733 523 727
f 733 739 523
f 1296 739 743
f 1296 1291 739
f 1522 1920 1921
f 1428 1464 1452
f 1428 1440 1452
f 1428 1440 754
f 720 514 714
f 720 514 721
f 720 1644 714
f 720 1913 721
f 720 1913 2206
f 719 725 714
f 719 514 714
f 719 514 725
f 746 508 757
f 746 514 508
f 327 330 323
f 327 316 323
f 351 341 350
f 351 350 358
f 404 391 403
f 404 416 403
f 474 477 470
f 474 464 470
f 479 477 487
f 479 489 487
f 491 490 506
f 491 489 490
f 2004 2163 2003
f 2004 2005 2163
f 671 2005 2010
f 2215 2133 2216
f 2215 2132 2133
f 2215 2123 2212
f 2215 2132 2123
f 2158 2232 2234
f 2158 2234 2159
f 2158 2157 1978
f 2158 2232 2226
f 2158 2157 2226
f 2158 1988 1978
f 2158 1988 2159
f 1572 1574 1561
f 1572 1565 1561
f 1572 1574 1573
f 1442 1424 1447
f 1555 1549 1542
f 1555 1549 1560
f 1345 1336 1335
f 1345 1378 1336
f 1345 1361 1378
f 2259 798 2254
f 2259 2467 2462
f 2259 2467 2262
f 2259 2462 2461
f 2259 2254 2461
f 801 2262 815
f 801 815 552
f 801 2259 2262
f 801 2259 798
f 801 543 552
f 801 798 543
f 2628 2623 2514
f 2628 2629 2515
f 2628 2514 2515
f 2295 2294 2516
f 2295 2296 2516
f 2295 2294 653
f 2295 2296 653
f 2298 2518 2299
f 2298 2296 2518
f 2298 2299 653
f 2298 2296 653
f 2290 2288 2502
f 2290 2513 2502
f 2290 2291 2513
f 2290 2288 853
f 2290 857 853
f 2290 2291 857
f 2213 2395 2210
f 2213 1904 2210
f 2213 2401 2214
f 2213 2395 2401
f 2213 2214 729
f 2213 728 729
f 2213 1904 728
f 2589 2592 2446
f 2589 2435 2588
f 2589 2435 2446
f 2601 2598 2456
f 2601 2602 2461
f 2601 2456 2461
f 2597 2451 2596
f 2597 2598 2456
f 2597 2451 2456
f 1653 1649 2210
f 1653 1649 728
f 1653 1904 2210
f 1653 1904 728
f 1806 2227 1797
f 1806 1769 1797
f 1763 1769 752
f 1763 1755 752
f 1763 1806 1769
f 1763 1806 2227
f 1749 2225 2227
f 1749 1835 2225
f 1749 1835 752
f 1749 1755 752
f 1885 740 2218
f 1885 740 1669
f 1885 1894 2218
f 1885 1894 1669
f 1901 2214 729
f 1901 1659 2214
f 1863 1869 2221
f 1863 1869 1708
f 1863 1715 2221
f 1863 1715 1708
f 1874 1869 741
f 1874 1869 2219
f 1726 1849 749
f 1726 1715 749
f 1726 1849 2221
f 305 295 299
f 344 347 343
f 344 342 343
f 369 372 368
f 399 397 409
f 866 2323 865
f 866 2324 2323
f 1476 1464 1921
f 1339 747 743
f 759 533 754
f 759 768 533
f 759 768 1926
f 759 1925 1926
f 759 754 1925
f 771 776 535
f 771 768 535
f 771 768 1929
f 771 1930 1929
f 771 776 1930
f 1279 733 727
f 1279 733 1581
f 1279 1589 727
f 1279 1581 1910
f 1279 1589 1910
f 1285 1916 1581
f 1285 733 1581
f 1285 733 739
f 1566 739 1917
f 1566 1291 739
f 1566 1296 1917
f 1566 1296 1291
f 1558 1554 743
f 1558 1296 743
f 1558 1554 1917
f 1558 1296 1917
f 735 725 757
f 735 746 757
f 735 514 725
f 735 746 514
f 352 363 358
f 352 351 358
f 406 416 419
f 406 404 416
f 504 491 506
f 504 515 506
f 679 2011 2010
f 700 695 2013
f 700 701 2013
f 703 2014 2013
f 703 701 2013
f 687 686 2012
f 687 689 2012
f 694 695 2012
f 694 689 2012
f 1500 1493 1491
f 1500 1491 1511
f 1482 1491 1471
f 1482 1493 1491
f 1482 1461 1471
f 1436 1424 1423
f 1436 1442 1424
f 1451 1471 1447
f 1451 1442 1447
f 1451 1461 1471
f 1812 1755 2227
f 1812 1763 2227
f 1812 1763 1755
f 1825 1755 2227
f 1825 1749 2227
f 1825 1749 1755
f 1656 1659 729
f 1656 1901 729
f 1656 1901 1659
f 1675 2219 741
f 1675 1874 741
f 1675 1874 2219
f 1859 1715 2221
f 1859 1726 2221
f 1859 1726 1715
f 306 307 299
f 306 305 299
f 306 307 319
f 306 309 319
f 359 355 368
f 359 369 368
f 370 369 372
f 410 412 409
f 410 399 409
f 398 399 397
f 871 873 2324
f 871 866 2324
f 1416 1476 1464
f 1416 1428 754
f 1416 1428 1464
f 1352 1339 747
f 1547 1554 1920
f 1569 739 1916
f 1569 1285 1916
f 1569 1285 739
f 516 504 515
f 670 671 2005
f 670 663 2005
f 658 2004 2003
f 678 671 2010
f 678 679 2010
f 681 2011 686
f 681 679 2011
f 708 2014 711
f 708 703 2014
f 1509 1511 1510
f 1509 1500 1511
f 380 372 383
f 380 370 372
f 395 385 390
f 395 397 390
f 395 398 397
f 1369 1522 747
f 1369 1522 1921
f 1369 1507 1921
f 1531 747 1920
f 1531 1352 1920
f 1531 1352 747
f 1540 1352 1920
f 1540 1352 1339
f 1540 1547 1920
f 1540 1547 1339
f 1329 1554 743
f 1329 1547 1554
f 1329 1339 743
f 1329 1547 1339
f 518 523 528
f 518 515 523
f 518 516 515
f 660 658 2004
f 660 2004 2005
f 660 663 2005
f 656 658 2003
f 656 1998 2003
f 656 1998 654
f 1385 747 754
f 1385 1369 747
f 1385 1369 1507
f 1396 1385 754
f 1405 1416 754
f 1405 1396 754
f 1405 1416 1476
f 1499 1385 1507
f 1499 1396 1385
f 1499 1507 1921
f 1485 1476 1921
f 1485 1499 1921
f 1485 1499 1396
f 1485 1405 1476
f 1485 1405 1396
f 231 234 1
f 231 2 1
f 231 235 234
f 231 2 3
f 2366 1627 2561
f 2366 1627 1628
f 2028 2178 1625
f 2028 1626 1625
f 1165 2331 2332
f 1165 2331 897
f 1522 747 1920
f 720 1915 1644
f 720 1915 2206
f 1509 1627 1624
f 1509 239 241
f 1509 234 1
f 1509 2265 2266
f 1509 2652 2653
f 1509 317 313
f 1509 495 488
f 1509 2178 1625
f 1509 1514 1510
f 1509 310 313
f 1509 1276 1337
f 1509 381 376
f 1509 1449 1512
f 1509 2182 2181
f 1509 1358 1337
f 1509 483 488
f 1509 2273 2652
f 1509 2272 2273
f 1509 2181 2178
f 1509 2562 2561
f 1509 2646 2653
f 1509 304 298
f 1509 413 418
f 1509 405 415
f 1509 494 505
f 1509 472 465
f 1509 469 478
f 1509 239 234
f 1509 2261 2258
f 1509 458 468
f 1509 2187 2188
f 1509 2242 2239
f 1509 1293 505
f 1509 1435 1425
f 1509 1520 1512
f 1509 2645 2644
f 1509 2635 2634
f 1509 289 292
f 1509 1358 1425
f 1509 497 503
f 1509 1276 503
f 1509 461 457
f 1509 346 339
f 1509 291 277
f 1509 334 339
f 1509 367 376
f 1509 439 443
f 1509 428 432
f 1509 417 415
f 1509 2247 2250
f 1509 1578 1573
f 1509 450 457
f 1509 1572 1573
f 1509 1293 1335
f 1509 1627 2561
f 1509 2184 2185
f 1509 2186 2185
f 1509 1539 1576
f 1509 364 353
f 1509 2568 2571
f 1509 2605 2602
f 1509 292 298
f 1509 311 308
f 1509 348 353
f 1509 338 335
f 1509 495 497
f 1509 324 318
f 1509 430 418
f 1509 263 256
f 1509 444 440
f 1509 252 241
f 1509 367 357
f 1509 405 393
f 1509 381 393
f 1509 486 478
f 1509 469 468
f 1509 451 443
f 1509 2267 2266
f 1509 2271 2270
f 1509 2191 2192
f 1509 2193 2192
f 1509 2186 2187
f 1509 1435 1449
f 1509 1604 1576
f 1509 1555 1542
f 1509 2576 2578
f 1509 2583 2581
f 1509 2587 2588
f 1509 2610 2613
f 1509 304 308
f 1509 413 407
f 1509 364 371
f 1509 2639 2638
f 1509 461 465
f 1509 2643 2644
f 1509 430 435
f 1509 440 435
f 1509 317 322
f 1509 310 300
f 1509 252 256
f 1509 274 277
f 1509 334 328
f 1509 325 328
f 1509 486 494
f 1509 458 453
f 1509 439 432
f 1509 451 453
f 1509 356 357
f 1509 2263 2261
f 1509 2267 2270
f 1509 2271 2272
f 1509 2589 2588
f 1509 2232 2226
f 1509 2189 2188
f 1509 2196 2197
f 1509 1599 1625
f 1509 2182 2183
f 1509 2568 2567
f 1509 1619 1624
f 1509 2632 2629
f 1509 2645 2646
f 1509 2574 2576
f 1509 2572 2571
f 1509 2614 2613
f 1509 289 275
f 1509 247 1
f 1509 311 318
f 1509 262 275
f 1509 386 389
f 1509 2640 2641
f 1509 472 483
f 1509 2642 2641
f 1509 291 300
f 1509 274 269
f 1509 263 269
f 1509 325 322
f 1509 356 346
f 1509 428 420
f 1509 417 420
f 1509 2265 2263
f 1509 392 389
f 1509 2220 2223
f 1509 2224 2223
f 1509 2252 2250
f 1509 2189 2190
f 1509 2191 2190
f 1509 2195 2194
f 1509 2202 2203
f 1509 2209 2212
f 1509 2204 2203
f 1509 1482 1461
f 1509 2184 2183
f 1509 2562 2567
f 1509 1520 1539
f 1509 1607 1604
f 1509 2637 2638
f 1509 2632 2634
f 1509 2622 2618
f 1509 2617 2618
f 1509 1345 1335
f 1509 2594 2596
f 1509 2580 2578
f 1509 247 254
f 1509 262 254
f 1509 324 335
f 1509 2609 2606
f 1509 379 371
f 1509 396 407
f 1509 2640 2639
f 1509 2642 2643
f 1509 444 447
f 1509 450 447
f 1509 2235 2239
f 1509 2253 2255
f 1509 2256 2255
f 1509 2247 2245
f 1509 2257 2258
f 1509 2244 2245
f 1509 2198 2197
f 1509 2193 2194
f 1509 2209 2208
f 1509 1592 1599
f 1509 2215 2212
f 1509 1392 1423
f 1509 1619 1607
f 1509 2637 2636
f 1509 2635 2636
f 1509 2614 2617
f 1509 2605 2606
f 1509 2573 2574
f 1509 2583 2584
f 1509 2587 2584
f 1509 2628 2629
f 1509 2580 2581
f 1509 2609 2610
f 1509 338 345
f 1509 348 345
f 1509 386 379
f 1509 392 396
f 1509 2220 2216
f 1509 2224 2226
f 1509 2235 2234
f 1509 2232 2234
f 1509 2252 2253
f 1509 2257 2256
f 1509 2244 2242
f 1509 2195 2196
f 1509 2198 2200
f 1509 2202 2200
f 1509 2204 2208
f 1509 1578 1592
f 1509 1565 1563
f 1509 1560 1563
f 1509 2597 2596
f 1509 1514 1542
f 1509 1361 1392
f 1509 2623 2622
f 1509 2572 2573
f 1509 2592 2593
f 1509 2594 2593
f 1509 2601 2602
f 1509 2215 2216
f 1509 1572 1565
f 1509 1451 1461
f 1509 1436 1423
f 1509 1555 1560
f 1509 1345 1361
f 1509 2628 2623
f 1509 2589 2592
f 1509 2601 2598
f 1509 2597 2598
f 1509 1500 1493
f 1509 1482 1493
f 1509 1436 1442
f 1509 1451 1442
f 656 496 509
f 656 493 482
f 656 1165 897
f 656 804 805
f 656 619 653
f 656 692 653
f 656 271 259
f 656 231 3
f 656 889 1165
f 656 320 309
f 656 742 737
f 656 825 823
f 656 838 829
f 656 696 704
f 656 868 867
f 656 561 558
f 656 753 765
f 656 736 737
f 656 722 717
f 656 842 846
f 656 464 463
f 656 533 528
f 656 526 537
f 656 551 558
f 656 446 449
f 656 422 419
f 656 871 873
f 656 436 438
f 656 619 582
f 656 575 582
f 656 557 567
f 656 539 537
f 656 775 765
f 656 816 808
f 656 832 834
f 656 730 711
f 656 792 781
f 656 244 231
f 656 258 259
f 656 316 314
f 656 460 449
f 656 696 692
f 656 526 525
f 656 764 770
f 656 267 265
f 656 385 383
f 656 332 321
f 656 426 427
f 656 570 567
f 656 543 552
f 656 557 552
f 656 742 753
f 656 712 717
f 656 705 704
f 656 775 786
f 656 797 808
f 656 823 816
f 656 836 834
f 656 858 846
f 656 452 456
f 656 885 897
f 656 864 867
f 656 852 844
f 656 843 844
f 656 577 654
f 656 814 820
f 656 471 467
f 656 258 244
f 656 520 525
f 656 366 363
f 656 327 330
f 656 434 422
f 656 479 477
f 656 745 748
f 656 250 265
f 656 238 3
f 656 320 321
f 656 780 781
f 656 342 333
f 656 459 467
f 656 441 438
f 656 481 482
f 656 575 570
f 656 539 543
f 656 705 712
f 656 722 736
f 656 797 794
f 656 793 794
f 656 788 786
f 656 836 841
f 656 842 841
f 656 885 878
f 656 860 865
f 656 821 829
f 656 864 855
f 656 852 855
f 656 843 838
f 656 889 883
f 656 877 883
f 656 875 877
f 656 551 548
f 656 511 509
f 656 303 314
f 656 285 271
f 656 378 366
f 656 460 463
f 656 866 865
f 656 446 434
f 656 406 419
f 656 745 730
f 656 758 748
f 656 774 770
f 656 238 250
f 656 267 280
f 656 293 280
f 656 332 333
f 656 681 686
f 656 436 427
f 656 344 347
f 656 459 456
f 656 359 355
f 656 481 471
f 656 496 493
f 656 788 793
f 656 825 832
f 656 860 858
f 656 804 792
f 656 821 820
f 656 410 412
f 656 810 805
f 656 561 577
f 656 533 535
f 656 520 511
f 656 285 303
f 656 544 548
f 656 341 330
f 656 391 378
f 656 352 363
f 656 474 477
f 656 700 695
f 656 758 761
f 656 764 761
f 656 780 774
f 656 295 293
f 656 694 695
f 656 355 347
f 656 426 424
f 656 412 424
f 656 452 441
f 656 873 878
f 656 814 811
f 656 810 811
f 656 875 868
f 656 544 535
f 656 327 316
f 656 351 341
f 656 404 391
f 656 474 464
f 656 479 489
f 656 491 489
f 656 670 671
f 656 678 671
f 656 687 686
f 656 305 295
f 656 344 342
f 656 306 309
f 656 708 711
f 656 380 383
f 656 352 351
f 656 406 404
f 656 504 491
f 656 395 385
f 656 660 663
f 656 700 701
f 656 703 701
f 656 687 689
f 656 694 689
f 656 306 305
f 656 359 369
f 656 370 369
f 656 410 399
f 656 398 399
f 656 871 866
f 656 516 504
f 656 670 663
f 656 518 528
f 656 678 679
f 656 681 679
f 656 708 703
f 656 380 370
f 656 395 398
f 656 518 516
f 656 660 658
