v -0.023955598 -0.002258207 0.075
v -0.023955597 -0.002373197 0.075
v -0.023955597 -0.002074484 0.075
v -0.023955597 -0.002012653 0.075
v -0.023955597 -0.001892164 0.075
v -0.023955597 -0.001834902 0.075
v -0.023955597 0.001893132 0.075
v -0.023955597 0.002075434 0.075
v -0.023955597 0.002274509 0.075
v -0.023955597 0.005026551 0.075
v -0.023955596 -0.005026616 0.075
v -0.023955596 -0.002316808 0.075
v -0.023955596 -0.002136447 0.075
v -0.023955596 -0.001780558 0.075
v -0.023955596 -0.001729785 0.075
v -0.023955596 -0.001683194 0.075
v -0.023955596 0.001684205 0.075
v -0.023955596 0.001730783 0.075
v -0.023955596 0.001781544 0.075
v -0.023955596 0.001835879 0.075
v -0.023955596 0.002013608 0.075
v -0.023955595 -0.002197893 0.075
v -0.023955595 -0.001951642 0.075
v -0.023955595 0.001952603 0.075
v -0.023955595 0.002137393 0.075
v -0.023955595 0.002198835 0.075
v -0.023955595 0.002214236 0.075
v -0.023955595 0.00233308 0.075
v -0.023945833 0.005253861 0.075
v -0.023945824 -0.005254088 0.075
v -0.023945824 0.005254077 0.075
v -0.023945758 -0.005255649 0.075
v -0.023945192 -0.005269321 0.075
v -0.023945192 0.005269323 0.075
v -0.023944832 0.005272578 0.075
v -0.023930475 -0.0054023 0.075
v -0.02393011 -0.005405613 0.075
v -0.02393011 0.00540561 0.075
v -0.023929573 0.005408954 0.075
v -0.023908562 -0.005539695 0.075
v -0.023908024 0.005543052 0.075
v -0.023908022 -0.005543058 0.075
v -0.023907308 0.005546433 0.075
v -0.023895852 0.005015339 0.075164147
v -0.023881411 -0.005256853 0.075175233
v -0.023881411 0.005256855 0.075175233
v -0.023879409 -0.005677852 0.075
v -0.0238787 0.005681202 0.075
v -0.023878698 -0.005681211 0.075
v -0.023877807 0.005684566 0.075
v -0.023865132 -0.005392917 0.075178519
v -0.023865132 0.005392915 0.075178519
v -0.023857143 -0.005008141 0.075270496
v -0.023842802 -0.005816293 0.075
v -0.02384264 0.005530284 0.075179629
v -0.023842638 -0.00553029 0.075179629
v -0.02384193 0.005819579 0.075
v -0.023841927 -0.005819593 0.075
v -0.023840875 0.00582287 0.075
v -0.023813736 0.005668523 0.075178467
v -0.023813734 -0.005668533 0.075178467
v -0.023798575 -0.005954512 0.075
v -0.02379756 0.005957677 0.075
v -0.023797555 -0.005957695 0.075
v -0.023796365 0.005960836 0.075
v -0.023778249 0.005807159 0.075174935
v -0.023778245 -0.005807173 0.075174935
v -0.023746612 -0.006091979 0.075
v -0.023745481 0.006094965 0.075
v -0.023745474 -0.006094986 0.075
v -0.023744176 0.006097934 0.075
v -0.023736052 0.005945688 0.075168952
v -0.023736047 -0.005945705 0.075168952
v -0.023687063 0.006083584 0.075160451
v -0.023687055 -0.006083605 0.075160451
v -0.023686847 -0.006228143 0.075
v -0.02368564 0.006230892 0.075
v -0.023685629 -0.006230916 0.075
v -0.023684268 0.006233617 0.075
v -0.023631245 0.006220302 0.075149387
v -0.023631234 -0.006220326 0.075149387
v -0.023619277 -0.006362439 0.075
v -0.023618039 0.006364896 0.075
v -0.023618026 -0.006364925 0.075
v -0.023616651 0.006367326 0.075
v -0.023568612 0.006355279 0.07513573
v -0.023568599 -0.006355308 0.07513573
v -0.023543948 -0.006494294 0.075
v -0.023542741 0.006496411 0.075
v -0.023542722 -0.006496442 0.075
v -0.023541397 0.0064985 0.075
v -0.023499234 0.006487951 0.075119458
v -0.023499217 -0.006487982 0.075119451
v -0.02348581 0.0 0.076290727
v -0.023484834 -6.5367e-05 0.076293409
v -0.023484834 6.5367e-05 0.076293409
v -0.023481913 -0.000130236 0.076301433
v -0.023481913 0.000130236 0.076301433
v -0.02347707 -0.000194114 0.07631474
v -0.02347707 0.000194114 0.07631474
v -0.02347034 -0.000256515 0.076333232
v -0.02347034 0.000256515 0.076333232
v -0.023461776 -0.000316964 0.076356754
v -0.023461776 0.000316964 0.076356754
v -0.023460987 -0.006623136 0.075
v -0.02345987 0.006624869 0.075
v -0.02345985 -0.006624903 0.075
v -0.023458638 0.006626579 0.075
v -0.023451444 -0.000375 0.076385148
v -0.023451444 0.000375 0.076385148
v -0.02343942 -0.000430182 0.076418184
v -0.02343942 0.000430182 0.076418184
v -0.023425797 -0.000482091 0.076455608
v -0.023425797 0.000482091 0.076455608
v -0.023423234 0.006617749 0.075100578
v -0.023423214 -0.006617783 0.075100578
v -0.023410678 -0.00053033 0.076497145
v -0.023410678 0.00053033 0.076497145
v -0.02339418 -0.000574533 0.076542482
v -0.02339418 0.000574533 0.076542482
v -0.023376426 -0.000614364 0.076591253
v -0.023376426 0.000614364 0.076591253
v -0.023370565 -0.006748397 0.075
v -0.023369617 0.006749714 0.075
v -0.02336959 -0.00674975 0.075
v -0.023368571 0.006751014 0.075
v -0.023357553 -0.000649519 0.076643109
v -0.023357553 0.000649519 0.076643109
v -0.02334079 0.006744114 0.075079128
v -0.023340765 -0.006744151 0.075079121
v -0.023337703 -0.000679731 0.076697648
v -0.023337703 0.000679731 0.076697648
v -0.023317028 -0.000704769 0.076754451
v -0.023317028 0.000704769 0.076754451
v -0.023295686 -0.000724444 0.076813087
v -0.023295686 0.000724444 0.076813087
v -0.023273839 -0.000738606 0.076873116
v -0.023273839 0.000738606 0.076873116
v -0.023272929 -0.006869529 0.075
v -0.023272228 0.006870403 0.075
v -0.023272196 -0.00687044 0.075
v -0.023271448 0.006871274 0.075
v -0.023252135 0.006866502 0.075055145
v -0.023252105 -0.00686654 0.075055137
v -0.023251651 -0.000747146 0.076934069
v -0.023251651 0.000747146 0.076934069
v -0.023229295 -0.00075 0.076995492
v -0.023229295 0.00075 0.076995492
v -0.023206938 -0.000747146 0.077056922
v -0.023206938 0.000747146 0.077056922
v -0.023184752 -0.000738606 0.077117875
v -0.023184752 0.000738606 0.077117875
v -0.023168383 -0.006986002 0.075
v -0.023168011 0.006986418 0.075
v -0.023167975 -0.006986458 0.075
v -0.02316758 0.006986851 0.075
v -0.023162903 -0.000724444 0.077177905
v -0.023162903 0.000724444 0.077177905
v -0.023157554 0.006984389 0.075028695
v -0.02315752 -0.006984429 0.075028688
v -0.023141561 -0.000704769 0.077236541
v -0.023141561 0.000704769 0.077236541
v -0.023120888 -0.000679731 0.077293344
v -0.023120888 0.000679731 0.077293344
v -0.023101037 -0.000649519 0.077347882
v -0.023101037 0.000649519 0.077347882
v -0.023082163 -0.000614364 0.077399738
v -0.023082163 0.000614364 0.077399738
v -0.02306441 -0.000574533 0.07744851
v -0.02306441 0.000574533 0.07744851
v -0.023057812 0.007096799 0.075
v -0.023057799 -0.007096812 0.075
v -0.023057339 0.007097273 0.075
v -0.023057338 0.007097275 0.075
v -0.023057296 -0.007097316 0.075
v -0.023057294 -0.007097318 0.075
v -0.023047911 -0.00053033 0.077493839
v -0.023047911 0.00053033 0.077493839
v -0.023032794 -0.000482091 0.077535383
v -0.023032794 0.000482091 0.077535383
v -0.02301917 -0.000430182 0.077572808
v -0.02301917 0.000430182 0.077572808
v -0.023007147 -0.000375 0.077605844
v -0.023007147 0.000375 0.077605844
v -0.022996813 -0.000316964 0.07763423
v -0.022996813 0.000316964 0.07763423
v -0.02298825 -0.000256515 0.077657759
v -0.02298825 0.000256515 0.077657759
v -0.022981521 -0.000194114 0.077676252
v -0.022981521 0.000194114 0.077676252
v -0.022976676 -0.000130236 0.077689558
v -0.022976676 0.000130236 0.077689558
v -0.022973755 -6.5367e-05 0.077697583
v -0.022973755 6.5367e-05 0.077697583
v -0.022972779 0.0 0.077700265
v -0.022941151 0.007202071 0.075
v -0.022940659 0.007202515 0.075
v -0.022940612 -0.007202557 0.075
v -0.022940092 -0.007202981 0.075
v -0.022819484 0.007300876 0.075
v -0.022818421 0.007301742 0.075
v -0.022818367 -0.007301784 0.075
v -0.02281725 -0.007302602 0.075
v -0.022692843 0.007393347 0.075
v -0.022691132 0.0073946 0.075
v -0.022691073 -0.007394641 0.075
v -0.022689284 -0.007395816 0.075
v -0.022561767 0.007479191 0.075
v -0.022559337 0.007480787 0.075
v -0.022559272 -0.007480827 0.075
v -0.022556744 -0.00748231 0.075
v -0.022426815 0.007558173 0.075
v -0.022423604 0.007560057 0.075
v -0.022423535 -0.007560096 0.075
v -0.022420209 -0.00756183 0.075
v -0.022288573 0.007630115 0.075
v -0.022284529 0.007632224 0.075
v -0.022284452 -0.007632261 0.075
v -0.022280282 -0.007634181 0.075
v -0.022147622 0.007694895 0.075
v -0.022142704 0.007697159 0.075
v -0.022142624 -0.007697194 0.075
v -0.022137574 -0.007699228 0.075
v -0.022004558 0.007752448 0.075
v -0.021998739 0.007754792 0.075
v -0.021998655 -0.007754825 0.075
v -0.021992704 -0.007756898 0.075
v -0.021859967 0.007802765 0.075
v -0.021853231 0.007805112 0.075
v -0.021853139 -0.007805141 0.075
v -0.021846276 -0.007807175 0.075
v -0.021714417 0.00784589 0.075
v -0.021706762 0.007848159 0.075
v -0.021706669 -0.007848185 0.075
v -0.021698898 -0.007850103 0.075
v -0.02156847 0.007881914 0.075
v -0.021559906 0.007884028 0.075
v -0.021559805 -0.007884049 0.075
v -0.021551143 -0.007885773 0.075
v -0.02151789 0.004558872 0.081697538
v -0.02151743 -0.004558777 0.081698805
v -0.021422652 0.007910977 0.075
v -0.021413202 0.007912858 0.075
v -0.021413096 -0.007912876 0.075
v -0.02140357 -0.007914333 0.075
v -0.021277467 0.007933257 0.075
v -0.021267164 0.007934833 0.075
v -0.021267056 -0.007934847 0.075
v -0.021256705 -0.007935969 0.075
v -0.021212447 -0.0047394 0.082508251
v -0.021212447 0.004739401 0.082508251
v -0.02119582 -0.004875151 0.082512625
v -0.02119582 0.004875149 0.082512625
v -0.021173002 0.005012197 0.082514845
v -0.021173 -0.005012203 0.082514845
v -0.021143792 0.005150109 0.082514808
v -0.02114379 -0.005150119 0.082514808
v -0.021133388 0.007948969 0.075
v -0.021122276 0.007950174 0.075
v -0.021122166 -0.007950184 0.075
v -0.021111037 -0.007950908 0.075
v -0.021108026 0.005288414 0.082512408
v -0.021108022 -0.005288428 0.082512408
v -0.021065576 0.005426613 0.082507573
v -0.02106557 -0.00542663 0.082507573
v -0.021016363 0.005564182 0.082500227
v -0.021016356 -0.005564203 0.082500227
v -0.020990847 0.007958362 0.075
v -0.02097898 0.007959135 0.075
v -0.02097887 -0.00795914 0.075
v -0.02096703 -0.007959411 0.075
v -0.020960351 0.00570058 0.082490318
v -0.020960342 -0.005700605 0.082490318
v -0.02089756 0.005835249 0.082477808
v -0.020897547 -0.005835277 0.082477808
v -0.020862268 0.007963338 0.075
v -0.020837686 -0.007961996 0.075
v -0.020836846 0.007963883 0.075
v -0.020828057 0.005967627 0.082462683
v -0.02082804 -0.005967658 0.082462676
v -0.020787733 0.007954744 0.075134866
v -0.020751968 0.006097151 0.082444936
v -0.020751946 -0.006097185 0.082444929
v -0.020669468 0.006223264 0.082424596
v -0.020669444 -0.0062233 0.082424589
v -0.020637869 -0.007963181 0.075
v -0.020634184 -0.007963196 0.075
v -0.020632979 -0.007963201 0.075
v -0.020628318 -0.007963218 0.075
v -0.020627182 -0.007963221 0.075
v -0.020621459 -0.007963239 0.075
v -0.020620477 -0.007963241 0.075
v -0.020613619 -0.007963259 0.075
v -0.020612873 -0.007963261 0.075
v -0.020604818 -0.007963279 0.075
v -0.020604401 -0.00796328 0.075
v -0.020595073 -0.007963298 0.075
v -0.020584955 -0.007963315 0.075
v -0.02058448 -0.007963316 0.075
v -0.020580793 0.006345427 0.0824017
v -0.020580763 -0.006345465 0.082401693
v -0.020574101 -0.007963331 0.075
v -0.020573048 -0.007963333 0.075
v -0.020564045 -0.007963345 0.075
v -0.020560872 -0.007963349 0.075
v -0.020551941 -0.007963359 0.075
v -0.020548039 -0.007963364 0.075
v -0.020539287 -0.007963373 0.075
v -0.020534658 -0.007963377 0.075
v -0.020526249 -0.007963385 0.075
v -0.020520848 -0.00796339 0.075
v -0.02051291 -0.007963396 0.075
v -0.020506744 -0.007963401 0.075
v -0.020499359 -0.007963406 0.075
v -0.020486226 0.006463119 0.082376324
v -0.020486191 -0.006463159 0.082376309
v -0.0203861 0.006575852 0.08234854
v -0.020386063 -0.006575893 0.082348526
v -0.020280797 0.006683172 0.082318455
v -0.020280752 -0.006683214 0.08231844
v -0.020170735 0.006784668 0.082286187
v -0.020170687 -0.006784711 0.082286179
v -0.020157431 0.007962955 0.075
v -0.020141261 0.00796297 0.075
v -0.020128694 0.007962981 0.075
v -0.020113629 0.007962992 0.075
v -0.020099611 0.007963003 0.075
v -0.020085781 0.007963012 0.075
v -0.020070472 0.007963022 0.075
v -0.020065609 0.0 0.085687652
v -0.020064633 -6.5367e-05 0.085690334
v -0.020064633 6.5367e-05 0.085690334
v -0.020061711 -0.000130236 0.085698359
v -0.020061711 0.000130236 0.085698359
v -0.020058091 0.007963028 0.075
v -0.020056868 -0.000194114 0.085711665
v -0.020056868 0.000194114 0.085711665
v -0.020056369 0.006879977 0.082251884
v -0.020056317 -0.006880019 0.082251869
v -0.020050409 0.007963033 0.075
v -0.020050138 -0.000256515 0.085730158
v -0.020050138 0.000256515 0.085730158
v -0.020041589 0.007963037 0.075
v -0.020041576 -0.000316964 0.085753687
v -0.020041576 0.000316964 0.085753687
v -0.020031242 -0.000375 0.085782073
v -0.020031242 0.000375 0.085782073
v -0.020023269 0.007963045 0.075
v -0.020019218 -0.000430182 0.085815109
v -0.020019218 0.000430182 0.085815109
v -0.020013274 0.007963049 0.075
v -0.020005595 -0.000482091 0.085852534
v -0.020005595 0.000482091 0.085852534
v -0.019996778 0.007963055 0.075
v -0.019990478 -0.00053033 0.085894071
v -0.019990478 0.00053033 0.085894071
v -0.019985835 0.007963058 0.075
v -0.019973978 -0.000574533 0.085939407
v -0.019973978 0.000574533 0.085939407
v -0.019971213 0.007963061 0.075
v -0.01995958 0.007963063 0.075
v -0.019956224 -0.000614364 0.085988179
v -0.019956224 0.000614364 0.085988179
v -0.019946916 0.007963065 0.075
v -0.019939569 0.0 0.075
v -0.019938946 -9.762e-06 0.075
v -0.019938946 9.762e-06 0.075
v -0.019938186 0.006968786 0.082215689
v -0.019938126 -0.006968827 0.082215674
v -0.019937351 -0.000649519 0.086040035
v -0.019937351 0.000649519 0.086040035
v -0.019933093 -5.5609e-05 0.075
v -0.019933093 5.5609e-05 0.075
v -0.019931221 -6.5367e-05 0.075
v -0.019931221 6.5367e-05 0.075
v -0.019928103 -7.5101e-05 0.075
v -0.019928103 7.5101e-05 0.075
v -0.019917501 -0.000679731 0.086094573
v -0.019917501 0.000679731 0.086094573
v -0.019910627 -0.000120515 0.075
v -0.019910627 0.000120515 0.075
v -0.019906252 -0.000130236 0.075
v -0.019906252 0.000130236 0.075
v -0.019900632 -0.000139909 0.075
v -0.019900632 0.000139909 0.075
v -0.019896828 -0.000704769 0.086151376
v -0.019896828 0.000704769 0.086151376
v -0.019875485 -0.000724444 0.086210012
v -0.019875485 0.000724444 0.086210012
v -0.019871757 -0.000184466 0.075
v -0.019871757 0.000184466 0.075
v -0.019864853 -0.000194114 0.075
v -0.019864853 0.000194114 0.075
v -0.019856691 -0.00020369 0.075
v -0.019856691 0.00020369 0.075
v -0.019853637 -0.000738606 0.086270042
v -0.019853637 0.000738606 0.086270042
v -0.019831451 -0.000747146 0.086330995
v -0.019831451 0.000747146 0.086330995
v -0.019816784 -0.000246978 0.075
v -0.019816784 0.000246978 0.075
v -0.019816687 0.007050836 0.082177773
v -0.019816624 -0.007050877 0.082177751
v -0.019809093 -0.00075 0.086392425
v -0.019809093 0.00075 0.086392425
v -0.019807321 -0.000256515 0.075
v -0.019807321 0.000256515 0.075
v -0.019796589 -0.000265954 0.075
v -0.019796589 0.000265954 0.075
v -0.019786736 -0.000747146 0.086453848
v -0.019786736 0.000747146 0.086453848
v -0.01976455 -0.000738606 0.086514801
v -0.01976455 0.000738606 0.086514801
v -0.019746195 -0.000307582 0.075
v -0.019746195 0.000307582 0.075
v -0.019742703 -0.000724444 0.08657483
v -0.019742703 0.000724444 0.08657483
v -0.019734121 -0.000316964 0.075
v -0.019734121 0.000316964 0.075
v -0.019721361 -0.000704769 0.086633466
v -0.019721361 0.000704769 0.086633466
v -0.019720777 -0.000326219 0.075
v -0.019720777 0.000326219 0.075
v -0.019700686 -0.000679731 0.086690269
v -0.019700686 0.000679731 0.086690269
v -0.0196924 0.00712593 0.0821383
v -0.019692332 -0.007125969 0.082138278
v -0.019680835 -0.000649519 0.086744808
v -0.019680835 0.000649519 0.086744808
v -0.019661963 -0.000614364 0.086796664
v -0.019661963 0.000614364 0.086796664
v -0.019661396 -0.007964082 0.075
v -0.019660501 -0.000365823 0.075
v -0.019660501 0.000365823 0.075
v -0.019645782 -0.000375 0.075
v -0.019645782 0.000375 0.075
v -0.019644208 -0.000574533 0.086845435
v -0.019644208 0.000574533 0.086845435
v -0.019639921 -0.007964095 0.075
v -0.019629774 -0.000384021 0.075
v -0.019629774 0.000384021 0.075
v -0.019627711 -0.00053033 0.086890772
v -0.019627711 0.00053033 0.086890772
v -0.019618698 -0.007964108 0.075
v -0.019612592 -0.000482091 0.086932309
v -0.019612592 0.000482091 0.086932309
v -0.019598968 -0.000430182 0.086969733
v -0.019598968 0.000430182 0.086969733
v -0.019595153 -0.00796412 0.075
v -0.019586945 -0.000375 0.087002769
v -0.019586945 0.000375 0.087002769
v -0.019576611 -0.000316964 0.087031156
v -0.019576611 0.000316964 0.087031156
v -0.019576068 -0.007964129 0.075
v -0.019568048 -0.000256515 0.087054685
v -0.019568048 0.000256515 0.087054685
v -0.01956585 0.007193923 0.082097463
v -0.019565778 -0.00719396 0.082097441
v -0.019564203 -0.007964135 0.075
v -0.019561319 -0.000194114 0.087073177
v -0.019561319 0.000194114 0.087073177
v -0.019560406 -0.000421268 0.075
v -0.019560406 0.000421268 0.075
v -0.019556476 -0.000130236 0.087086484
v -0.019556476 0.000130236 0.087086484
v -0.019553555 -6.5367e-05 0.087094508
v -0.019553555 6.5367e-05 0.087094508
v -0.019552579 0.0 0.08709719
v -0.01955056 -0.00796414 0.075
v -0.019542995 -0.000430182 0.075
v -0.019542995 0.000430182 0.075
v -0.019524285 -0.000438909 0.075
v -0.019524285 0.000438909 0.075
v -0.019522133 -0.007964151 0.075
v -0.019506569 -0.007964156 0.075
v -0.019480785 -0.007964163 0.075
v -0.019463605 -0.007964167 0.075
v -0.019446693 -0.000473504 0.075
v -0.019446693 0.000473504 0.075
v -0.019440542 -0.007964171 0.075
v -0.019437572 0.007254731 0.082055442
v -0.019437496 -0.007254765 0.08205542
v -0.019426546 -0.000482091 0.075
v -0.019426546 0.000482091 0.075
v -0.019422094 -0.007964174 0.075
v -0.019405096 -0.000490455 0.075
v -0.019405096 0.000490455 0.075
v -0.019403301 0.004067785 0.08750733
v -0.019401893 -0.007964176 0.075
v -0.019382446 -0.007964177 0.075
v -0.019320216 -0.000522144 0.075
v -0.019320216 0.000522144 0.075
v -0.019308088 0.007308325 0.082012437
v -0.019308008 -0.007308356 0.082012407
v -0.019297302 -0.00053033 0.075
v -0.019297302 0.00053033 0.075
v -0.019247588 0.000545911 0.075
v -0.01920633 -0.000558838 0.075
v -0.019177917 0.007354732 0.08196862
v -0.019177832 -0.00735476 0.081968591
v -0.01915625 -0.000574533 0.075
v -0.01915625 0.000574533 0.075
v -0.019101006 0.000589032 0.075
v -0.019060117 -0.000599765 0.075
v -0.019047551 0.007394028 0.081924185
v -0.019047463 -0.007394053 0.081924155
v -0.019004492 -0.000614364 0.075
v -0.019004492 0.000614364 0.075
v -0.01894376 0.000627596 0.075
v -0.018917469 0.007426338 0.081879325
v -0.018917378 -0.007426359 0.081879295
v -0.018904257 -0.000636204 0.075
v -0.018843145 -0.000649519 0.075
v -0.018843145 0.000649519 0.075
v -0.018788118 0.00745183 0.081834204
v -0.018788023 -0.007451846 0.081834167
v -0.018777042 0.000661289 0.075
v -0.018739923 -0.000667897 0.075
v -0.018687706 -0.003863872 0.089473411
v -0.018673458 -0.000679731 0.075
v -0.018673458 0.000679731 0.075
v -0.018659918 0.007470708 0.081788994
v -0.018659821 -0.00747072 0.081788957
v -0.018602153 0.000689833 0.075
v -0.018568347 -0.000694622 0.075
v -0.018563665 0.003825777 0.089814208
v -0.018545952 -0.00406446 0.089834757
v -0.018545952 0.004064461 0.089834757
v -0.018533252 0.007483213 0.081743851
v -0.018533153 -0.00748322 0.081743814
v -0.01852797 -0.004198878 0.089843407
v -0.01852797 0.004198876 0.089843407
v -0.018503871 0.004334556 0.089849986
v -0.018503869 -0.004334562 0.089849986
v -0.018496718 -0.000704769 0.075
v -0.018496718 0.000704769 0.075
v -0.018496043 -0.003802239 0.09
v -0.018496043 0.00266421 0.09
v -0.018496043 0.002682833 0.09
v -0.018496043 0.002702589 0.09
v -0.018496043 0.002723244 0.09
v -0.018496043 0.002788128 0.09
v -0.018496043 0.002831356 0.09
v -0.018496043 0.002852271 0.09
v -0.018496043 0.003803769 0.09
v -0.018496042 -0.002833632 0.09
v -0.018496042 -0.002812222 0.09
v -0.018496042 -0.00279049 0.09
v -0.018496042 -0.002747004 0.09
v -0.018496042 -0.00272574 0.09
v -0.018496042 -0.00270513 0.09
v -0.018496042 -0.002685417 0.09
v -0.018496042 -0.002666835 0.09
v -0.018496042 0.002744553 0.09
v -0.018496042 0.002766263 0.09
v -0.018496042 0.002809903 0.09
v -0.018496041 -0.00276867 0.09
v -0.018487149 -0.004013304 0.09
v -0.018487145 0.004013389 0.09
v -0.018485814 -0.004042872 0.09
v -0.018485814 0.004042874 0.09
v -0.018485156 -0.004048936 0.09
v -0.018473467 0.004471076 0.08985436
v -0.018473463 -0.004471086 0.08985436
v -0.018471617 0.004172597 0.09
v -0.018470989 -0.004178379 0.09
v -0.018470989 0.004178377 0.09
v -0.018470076 -0.004184163 0.09
v -0.018450176 0.004309312 0.09
v -0.018449297 0.004314879 0.09
v -0.018449295 -0.004314885 0.09
v -0.018448135 -0.004320445 0.09
v -0.018436603 0.004607976 0.089856423
v -0.0184366 -0.00460799 0.089856423
v -0.018421631 0.004446516 0.09
v -0.018420501 0.004451933 0.09
v -0.018420497 -0.004451943 0.09
v -0.018420471 0.000712992 0.075
v -0.018419087 -0.00445734 0.09
v -0.018408475 -0.00748961 0.081698924
v -0.018408475 0.00748961 0.081698924
v -0.018393165 0.004744771 0.089856081
v -0.018393157 -0.004744789 0.089856081
v -0.018390787 -0.000716193 0.075
v -0.018385802 0.004583732 0.09
v -0.018384408 0.004589065 0.09
v -0.018384405 -0.004589079 0.09
v -0.018382729 -0.00459438 0.09
v -0.018343076 0.004880951 0.089853257
v -0.018343069 -0.004880972 0.089853257
v -0.018342552 0.004720457 0.09
v -0.018340871 0.004725776 0.09
v -0.018340863 -0.004725793 0.09
v -0.018338894 -0.004731068 0.09
v -0.018314271 -0.000724444 0.075
v -0.018314271 0.000724444 0.075
v -0.018291794 0.004856167 0.09
v -0.018289787 0.004861544 0.09
v -0.01828978 -0.004861565 0.09
v -0.018287475 -0.004866882 0.09
v -0.018286316 0.005015988 0.08984787
v -0.018286305 -0.005016012 0.08984787
v -0.018233493 0.004990326 0.09
v -0.01823343 0.000730574 0.075
v -0.018231108 0.00499583 0.09
v -0.018231097 -0.004995854 0.09
v -0.0182284 -0.005001282 0.09
v -0.018222904 0.005149341 0.089839868
v -0.018222889 -0.005149369 0.089839868
v -0.018208537 -0.000732461 0.075
v -0.018167667 0.005122388 0.09
v -0.018164837 0.005128084 0.09
v -0.018164822 -0.005128111 0.09
v -0.018161663 -0.005133712 0.09
v -0.018152915 0.005280463 0.089829229
v -0.018152896 -0.005280494 0.089829221
v -0.018127497 -0.000738606 0.075
v -0.018127497 0.000738606 0.075
v -0.018094397 0.005251809 0.09
v -0.018091043 0.005257755 0.09
v -0.018091022 -0.005257785 0.09
v -0.018087316 -0.005263613 0.09
v -0.018076474 0.005408808 0.089815922
v -0.018076453 -0.005408841 0.089815915
v -0.018042507 0.000742433 0.075
v -0.01802295 -0.000743314 0.075
v -0.018013815 0.005378047 0.09
v -0.018009844 0.005384292 0.09
v -0.018009821 -0.005384324 0.09
v -0.018005474 -0.005390425 0.09
v -0.017993761 0.005533833 0.089799955
v -0.017993737 -0.005533869 0.089799948
v -0.017953234 -0.007693169 0.078932941
v -0.017953234 0.007693169 0.078932941
v -0.017953146 -0.007693982 0.078921467
v -0.017953146 0.007693982 0.078921467
v -0.017951513 -0.007689564 0.078983732
v -0.017951513 0.007689564 0.078983732
v -0.017950406 -0.007697781 0.07886786
v -0.017950406 -0.00768855 0.078998014
v -0.017950406 0.00768855 0.078998014
v -0.017950406 0.007697781 0.07886786
v -0.017949607 -0.007698389 0.07885927
v -0.017949607 0.007698389 0.07885927
v -0.017944712 -0.007685164 0.079045676
v -0.017944712 0.007685164 0.079045676
v -0.017941941 -0.007702352 0.078803279
v -0.017941941 -0.00768396 0.079062603
v -0.017941941 0.00768396 0.079062603
v -0.017941941 0.007702352 0.078803279
v -0.017940914 -0.007702756 0.078797556
v -0.017940914 0.007702756 0.078797556
v -0.017937841 -0.000747146 0.075
v -0.017937841 0.000747146 0.075
v -0.017932797 -0.007680813 0.07910683
v -0.017932797 0.007680813 0.07910683
v -0.017927904 -0.007706847 0.078739665
v -0.017927904 -0.007679433 0.079126209
v -0.017927904 0.007679433 0.079126209
v -0.017927904 0.007706847 0.078739665
v -0.017927144 -0.007707046 0.078736842
v -0.017927144 0.007707046 0.078736842
v -0.017926117 0.005500574 0.09
v -0.017921428 0.005507154 0.09
v -0.017921401 -0.005507189 0.09
v -0.017916305 -0.005513594 0.09
v -0.017915865 -0.007676545 0.079166725
v -0.017915865 0.007676545 0.079166725
v -0.017908402 -0.007675003 0.079188362
v -0.017908402 0.007675003 0.079188362
v -0.017908365 -0.00771124 0.078677416
v -0.017908365 0.00771124 0.078677416
v -0.01790501 0.005655014 0.089781359
v -0.01790498 -0.005655052 0.089781351
v -0.017893964 -0.007672376 0.07922516
v -0.017893964 0.007672376 0.07922516
v -0.017884757 -0.007715299 0.078619845
v -0.017884757 0.007715299 0.078619845
v -0.017883578 -0.007715479 0.078617297
v -0.017883578 -0.007670704 0.079248585
v -0.017883578 0.007670704 0.079248585
v -0.017883578 0.007715479 0.078617297
v -0.017867325 -0.007668353 0.079281479
v -0.017867325 0.007668353 0.079281479
v -0.017856505 -0.007719195 0.07856451
v -0.017856505 0.007719195 0.07856451
v -0.017853625 -0.007719551 0.078559451
v -0.017853625 -0.007666569 0.079306424
v -0.017853625 0.007666569 0.079306424
v -0.017853625 0.007719551 0.078559451
v -0.01784922 0.000748469 0.075
v -0.017836189 -0.007664505 0.079335265
v -0.017836189 0.007664506 0.079335265
v -0.01783537 -0.000748676 0.075
v -0.017831559 0.005618884 0.09
v -0.017828114 -0.007722454 0.078518175
v -0.017828114 0.007722454 0.078518175
v -0.01782604 0.005625821 0.09
v -0.017826007 -0.005625859 0.09
v -0.01782533 -0.007663317 0.079351865
v -0.01782533 0.007663317 0.079351865
v -0.01782005 -0.005632584 0.09
v -0.017818766 -0.00772342 0.078504428
v -0.017818766 0.00772342 0.078504428
v -0.017818764 -0.007662631 0.079361454
v -0.017818764 0.007662631 0.079361454
v -0.017810497 0.005771845 0.089760169
v -0.017810464 -0.005771885 0.089760162
v -0.017791551 -0.007725996 0.078467764
v -0.017791551 0.007725996 0.078467764
v -0.017788596 -0.007659738 0.079401821
v -0.017788596 0.007659738 0.079401821
v -0.017779263 -0.007727059 0.078452632
v -0.017779263 0.007727059 0.078452632
v -0.017779261 -0.007658919 0.079413243
v -0.017779261 0.007658919 0.079413243
v -0.017750872 -0.007729315 0.078420497
v -0.017750872 0.007729315 0.078420497
v -0.017747737 -0.007656375 0.079448707
v -0.017747737 0.007656375 0.079448707
v -0.017746719 -0.00075 0.075
v -0.017746719 0.00075 0.075
v -0.017735414 -0.00773044 0.078404464
v -0.017735414 -0.007655463 0.079461411
v -0.017735414 0.007655463 0.079461411
v -0.017735414 0.00773044 0.078404464
v -0.017730444 0.005732493 0.09
v -0.017723977 0.005739794 0.09
v -0.017723941 -0.005739832 0.09
v -0.017717003 -0.005746879 0.09
v -0.017710555 0.00588385 0.089736462
v -0.017710516 -0.005883891 0.089736454
v -0.017706579 -0.007732371 0.078376926
v -0.017706577 0.00773237 0.078376926
v -0.017703123 -0.007653262 0.079492055
v -0.017703123 0.007653262 0.079492055
v -0.017687552 -0.007733538 0.078360282
v -0.017687552 -0.007652289 0.0795056
v -0.017687552 0.007652289 0.0795056
v -0.017687552 0.007733538 0.078360282
v -0.01765888 -0.007735154 0.078337215
v -0.01765888 0.007735154 0.078337215
v -0.017655177 -0.007650428 0.079531476
v -0.017655177 0.007650428 0.079531476
v -0.017655116 0.000748632 0.075
v -0.017647139 -0.000748513 0.075
v -0.017636035 -0.007736331 0.078320414
v -0.017636035 -0.007649422 0.079545461
v -0.017636035 0.007649422 0.079545461
v -0.017636035 0.007736331 0.078320414
v -0.017623134 0.005840954 0.09
v -0.017615601 0.005848606 0.09
v -0.017615559 -0.005848647 0.09
v -0.017607993 -0.007737653 0.078301534
v -0.017607993 0.007737653 0.078301534
v -0.017607521 -0.005855996 0.09
v -0.017605554 0.005990586 0.089710318
v -0.017605511 -0.005990628 0.089710303
v -0.017604245 -0.007647892 0.079566732
v -0.017604245 0.007647892 0.079566732
v -0.017581254 -0.007738798 0.078285173
v -0.017581254 -0.007646885 0.079580702
v -0.017581254 0.007646885 0.079580702
v -0.017581254 0.007738798 0.078285173
v -0.017555596 -0.000747146 0.075
v -0.017555596 0.000747146 0.075
v -0.017554253 -0.007739849 0.078270152
v -0.017554253 0.007739849 0.078270152
v -0.017550472 -0.00764566 0.079597712
v -0.017550472 0.00764566 0.079597712
v -0.017523622 -0.007740923 0.078254811
v -0.017523622 -0.007644698 0.079611063
v -0.017523622 0.007644698 0.079611063
v -0.017523622 0.007740923 0.078254811
v -0.017510035 0.005943856 0.09
v -0.017501316 0.005951831 0.09
v -0.017501268 -0.005951871 0.09
v -0.017498253 -0.007741721 0.078243397
v -0.017498253 0.007741721 0.078243397
v -0.017495908 0.006091652 0.089681834
v -0.017495859 -0.006091694 0.089681827
v -0.017494245 -0.007643753 0.079624176
v -0.017494245 0.007643753 0.079624176
v -0.017492012 -0.005959488 0.09
v -0.017482232 -0.007742185 0.078236766
v -0.017482232 0.007742185 0.078236766
v -0.017463574 -0.007742688 0.078229569
v -0.017463574 -0.007642879 0.079636306
v -0.017463574 0.007642879 0.079636306
v -0.017463574 0.007742688 0.078229569
v -0.017461709 0.000742919 0.075
v -0.017459668 -0.000742826 0.075
v -0.017437736 -0.007642227 0.079645336
v -0.017437736 0.007642227 0.079645336
v -0.017423835 -0.007743629 0.078216113
v -0.017423835 0.007743629 0.078216113
v -0.017401561 -0.007744082 0.078209639
v -0.017401561 -0.007641441 0.079656243
v -0.017401561 0.007641441 0.079656243
v -0.017401561 0.007744082 0.078209639
v -0.017391594 0.006040833 0.09
v -0.017382057 0.00618669 0.089651145
v -0.017382005 -0.006186732 0.08965113
v -0.017381574 0.006049081 0.09
v -0.017381523 -0.006049122 0.09
v -0.017378179 -0.007641007 0.079662248
v -0.017378179 0.007641007 0.079662248
v -0.017370936 -0.006056953 0.09
v -0.01736593 -0.000738606 0.075
v -0.01736593 0.000738606 0.075
v -0.01736382 -0.007744732 0.078200333
v -0.01736382 0.007744732 0.078200333
v -0.017338052 -0.007745094 0.078195155
v -0.017338052 -0.007640395 0.07967072
v -0.017338052 0.007640395 0.07967072
v -0.017338052 0.007745094 0.078195155
v -0.017317463 -0.007640145 0.079674192
v -0.017317463 0.007640145 0.079674192
v -0.017302617 -0.007745485 0.078189552
v -0.017302617 0.007745485 0.078189552
v -0.017274273 -0.000731656 0.075
v -0.017273527 -0.007745716 0.078186236
v -0.017273527 -0.007639752 0.079679638
v -0.017273527 0.007639752 0.079679638
v -0.017273527 0.007745716 0.078186236
v -0.017270592 0.000731376 0.075
v -0.017268296 0.006131565 0.09
v -0.01726448 0.006275394 0.089618385
v -0.017264422 -0.006275435 0.08961837
v -0.017256868 0.00614002 0.09
v -0.01725681 -0.006140061 0.09
v -0.017255712 -0.007639646 0.079681098
v -0.017255712 0.007639646 0.079681098
v -0.017244788 -0.006148035 0.09
v -0.017240837 -0.007745881 0.078183882
v -0.017240837 0.007745881 0.078183882
v -0.01720847 -0.007745946 0.078182958
v -0.01720847 -0.007639515 0.079682916
v -0.01720847 0.007639515 0.079682916
v -0.01720847 0.007745946 0.078182958
v -0.017193658 -0.007639518 0.079682879
v -0.017193658 0.007639518 0.079682879
v -0.017179166 -0.000724444 0.075
v -0.017179166 0.000724444 0.075
v -0.017178988 -0.00774592 0.078183331
v -0.017178988 0.00774592 0.078183331
v -0.017143667 0.006357508 0.089583702
v -0.017143605 -0.006357548 0.08958368
v -0.017143374 -0.00774578 0.078185335
v -0.017143374 -0.007639687 0.079680547
v -0.017143374 0.007639687 0.079680547
v -0.017143374 0.00774578 0.078185335
v -0.017140656 0.006215786 0.09
v -0.017131772 -0.00763976 0.079679526
v -0.017131772 0.00763976 0.079679526
v -0.017127725 0.006224365 0.09
v -0.017127662 -0.006224405 0.09
v -0.017117204 -0.007745601 0.07818789
v -0.017117204 0.007745601 0.07818789
v -0.017114113 -0.006232434 0.09
v -0.017092346 -0.000715082 0.075
v -0.017083235 0.000714099 0.075
v -0.017078731 -0.00774522 0.078193344
v -0.017078731 -0.007640265 0.07967253
v -0.017078731 0.007640265 0.07967253
v -0.017078731 0.00774522 0.078193344
v -0.017070474 -0.007640369 0.079671092
v -0.017070474 0.007640368 0.079671092
v -0.017063234 -0.007745026 0.078196123
v -0.017063234 0.007745026 0.078196123
v -0.017060809 -0.007640499 0.079669289
v -0.017060809 0.007640499 0.079669289
v -0.017030332 -0.007170865 0.085527524
v -0.017020129 0.006432832 0.089547254
v -0.017020062 -0.006432871 0.089547232
v -0.017015027 -0.00774427 0.078206934
v -0.017015027 -0.007641246 0.07965894
v -0.017015027 0.007641246 0.07965894
v -0.017015027 0.00774427 0.078206934
v -0.017009209 0.006293279 0.09
v -0.017002724 -0.007744039 0.078210235
v -0.017002724 0.007744039 0.078210235
v -0.017000489 -0.007641529 0.079655014
v -0.017000489 0.007641529 0.079655014
v -0.016996719 -0.000704769 0.075
v -0.016996719 0.000704769 0.075
v -0.016994692 0.006301885 0.09
v -0.016994622 -0.006301922 0.09
v -0.016979472 -0.006309905 0.09
v -0.016952742 -0.007742937 0.078226008
v -0.016952742 -0.007642621 0.079639867
v -0.016952742 0.007642621 0.079639867
v -0.016952742 0.007742937 0.078226008
v -0.016943682 -0.007742708 0.078229278
v -0.016943682 0.007742708 0.078229278
v -0.016941454 -0.007642917 0.079635769
v -0.016941454 0.007642917 0.079635769
v -0.01691518 -0.000693218 0.075
v -0.016901157 0.000691231 0.075
v -0.016894383 0.006501223 0.089509219
v -0.016894311 -0.00650126 0.089509197
v -0.016892347 -0.007741231 0.078250408
v -0.016892347 0.007741231 0.078250408
v -0.016892346 -0.00764438 0.079615466
v -0.016892346 0.00764438 0.079615466
v -0.016886467 -0.007741041 0.078253113
v -0.016886467 0.007741041 0.078253113
v -0.016884286 -0.007644649 0.079611741
v -0.016884286 0.007644649 0.079611741
v -0.016874506 0.006363882 0.09
v -0.016858336 0.006372404 0.09
v -0.016858262 -0.00637244 0.09
v -0.01684145 -0.006380264 0.09
v -0.016834296 -0.007739163 0.078279957
v -0.016834296 -0.007646509 0.079585917
v -0.016834296 0.007646509 0.079585917
v -0.016834296 0.007739163 0.078279957
v -0.016831314 -0.007739045 0.078281648
v -0.016831314 0.007739045 0.078281648
v -0.016829189 -0.007646719 0.079583004
v -0.016829189 0.007646719 0.079583004
v -0.016819979 -0.000679731 0.075
v -0.016819979 0.000679731 0.075
v -0.01677903 -0.00773675 0.078314431
v -0.01677903 -0.007648991 0.079551443
v -0.01677903 0.007648991 0.079551443
v -0.01677903 0.00773675 0.078314431
v -0.016778784 -0.007736738 0.078314602
v -0.016778784 0.007736738 0.078314602
v -0.016776634 -0.00764911 0.079549797
v -0.016776634 0.00764911 0.079549797
v -0.016766945 0.006562592 0.089469776
v -0.016766869 -0.006562626 0.089469753
v -0.01674408 -0.000666218 0.075
v -0.016737107 0.006427489 0.09
v -0.016729143 -0.007734133 0.078351788
v -0.016729143 0.007734133 0.078351788
v -0.016727069 -0.0076518 0.079512395
v -0.016727069 0.0076518 0.079512395
v -0.016726961 -0.007734008 0.078353576
v -0.016726961 -0.007651806 0.079512306
v -0.016726961 0.007651806 0.079512306
v -0.016726961 0.007734008 0.078353576
v -0.016725781 0.000662961 0.075
v -0.01671924 0.006435807 0.09
v -0.01671916 -0.006435841 0.09
v -0.016700648 -0.006443384 0.09
v -0.016685022 -0.007731401 0.078390762
v -0.016685022 0.007731401 0.078390762
v -0.016678488 -0.007730957 0.07839708
v -0.016678488 -0.007654933 0.079468794
v -0.016678488 0.007654933 0.079468794
v -0.016678488 0.007730957 0.07839708
v -0.016650283 -0.000649519 0.075
v -0.016650283 0.000649519 0.075
v -0.016638329 0.006616903 0.08942911
v -0.016638249 -0.006616934 0.08942908
v -0.016597572 0.006484049 0.09
v -0.016593663 -0.007056189 0.086746074
v -0.016580299 -0.000634271 0.075
v -0.01657798 0.006492035 0.09
v -0.016577896 -0.006492066 0.09
v -0.01655851 0.000629521 0.075
v -0.016557667 -0.0064992 0.09
v -0.016509037 0.006664175 0.089387394
v -0.016508954 -0.006664203 0.089387372
v -0.016488947 -0.000614364 0.075
v -0.016488947 0.000614364 0.075
v -0.016456459 0.006533558 0.09
v -0.016435137 0.00654108 0.09
v -0.016435046 -0.006541108 0.09
v -0.016425079 -0.0005976 0.075
v -0.016413103 -0.006547702 0.09
v -0.016400621 0.000591186 0.075
v -0.016379556 0.006704476 0.089344829
v -0.016379468 -0.006704501 0.0893448
v -0.016337175 -0.000574533 0.075
v -0.016337175 0.000574533 0.075
v -0.016314307 0.006576063 0.09
v -0.01629127 0.006582989 0.09
v -0.016291178 -0.006583015 0.09
v -0.016279522 -0.000556464 0.075
v -0.016267547 -0.006588939 0.09
v -0.016253382 0.000548272 0.075
v -0.01625035 0.00673792 0.089301579
v -0.016250258 -0.006737941 0.089301549
v -0.016196134 -0.00053033 0.075
v -0.016196134 0.00053033 0.075
v -0.016180528 0.006939677 0.08790195
v -0.016171649 0.00661166 0.09
v -0.016156306 -0.0005161 0.075
v -0.016146935 0.00661786 0.09
v -0.016146836 -0.006617881 0.09
v -0.016144751 0.000511154 0.075
v -0.016131291 -0.007693169 0.078932941
v -0.016131291 0.007693169 0.078932941
v -0.016121855 0.006764662 0.089257836
v -0.01612176 -0.00676468 0.089257807
v -0.016121562 -0.006623009 0.09
v -0.016117905 -0.000501128 0.075
v -0.01610511 0.000496998 0.075
v -0.016066893 -0.000482091 0.075
v -0.016066893 0.000482091 0.075
v -0.016030207 -0.00046646 0.075
v -0.016028985 0.006640481 0.09
v -0.016021802 0.00046199 0.075
v -0.01600265 0.006645829 0.09
v -0.016002548 -0.006645847 0.09
v -0.015995208 -0.000450138 0.075
v -0.015994482 0.006784896 0.089213766
v -0.015994385 -0.006784909 0.089213736
v -0.01598528 0.000446437 0.075
v -0.015975697 -0.006650059 0.09
v -0.015950441 -0.000430182 0.075
v -0.015950441 0.000430182 0.075
v -0.015917379 -0.000413261 0.075
v -0.01591159 0.000409325 0.075
v -0.015886797 0.006662703 0.09
v -0.015886227 -0.000395713 0.075
v -0.015878665 0.000392482 0.075
v -0.015868971 -0.006798816 0.089169659
v -0.015868612 0.006798848 0.089169532
v -0.015858916 0.006667082 0.09
v -0.01585881 -0.006667095 0.09
v -0.015847644 -0.000375 0.075
v -0.015847644 0.000375 0.075
v -0.015839741 0.006836739 0.088857919
v -0.015830468 -0.00667028 0.09
v -0.015818646 -0.000356921 0.075
v -0.015814978 0.000353536 0.075
v -0.015791773 -0.00033829 0.075
v -0.015786087 0.000335532 0.075
v -0.015759316 -0.000316964 0.075
v -0.015759316 0.000316964 0.075
v -0.01574553 0.006678532 0.09
v -0.015744589 -0.006806771 0.089125291
v -0.015734768 -0.000297879 0.075
v -0.015732749 0.000295027 0.075
v -0.015716196 0.006681832 0.09
v -0.015716089 -0.006681842 0.09
v -0.015712529 -0.000278328 0.075
v -0.015708279 0.000276011 0.075
v -0.015686112 -0.000256515 0.075
v -0.015686112 0.000256515 0.075
v -0.015666344 -0.000236593 0.075
v -0.01566556 0.000234225 0.075
v -0.015649042 -0.000216301 0.075
v -0.015645842 0.000214362 0.075
v -0.015628585 -0.000194114 0.075
v -0.015628585 0.000194114 0.075
v -0.015613977 0.000171576 0.075
v -0.015613863 -0.000173539 0.075
v -0.015605895 -0.006688194 0.09
v -0.015605605 0.006688203 0.09
v -0.015601734 -0.000152696 0.075
v -0.015599282 0.000151048 0.075
v -0.015598692 -0.006688325 0.09
v -0.015587176 -0.000130236 0.075
v -0.015587176 0.000130236 0.075
v -0.015578443 0.000107545 0.075
v -0.015577711 -0.000109202 0.075
v -0.015574926 0.00669033 0.09
v -0.015570919 -8.8009e-05 0.075
v -0.015568988 8.6544e-05 0.075
v -0.015562205 -6.5367e-05 0.075
v -0.015562205 6.5367e-05 0.075
v -0.015559299 4.261e-05 0.075
v -0.015558134 -4.4078e-05 0.075
v -0.015556772 -2.274e-05 0.075
v -0.01555523 2.1337e-05 0.075
v -0.015553868 0.0 0.075
v -0.015490696 -0.00668992 0.09
v -0.015474903 0.006688296 0.09
v -0.015436562 -0.006685529 0.09
v -0.015435981 0.006689367 0.09
v -0.015313789 -0.007964168 0.075
v -0.015296299 -0.007964168 0.075
v -0.015274635 -0.007964166 0.075
v -0.015258352 -0.007964164 0.075
v -0.015233857 -0.00796416 0.075
v -0.015223802 -0.007964158 0.075
v -0.01519185 -0.007964149 0.075
v -0.015183529 -0.007964147 0.075
v -0.015149025 -0.007964134 0.075
v -0.015142651 -0.007964132 0.075
v -0.015105803 -0.007964115 0.075
v -0.015101504 -0.007964113 0.075
v -0.015062596 -0.007964091 0.075
v -0.015060331 -0.007964089 0.075
v -0.015019812 -0.007964062 0.075
v -0.015019617 -0.007964062 0.075
v -0.014979635 -0.007964031 0.075
v -0.01497784 -0.007964029 0.075
v -0.014942666 -0.007963997 0.075
v -0.014937062 -0.007963991 0.075
v -0.0149 -0.000649517 0.09
v -0.0149 -0.000614364 0.089944817
v -0.0149 -0.000574533 0.089892909
v -0.0149 -0.000535555 0.09
v -0.0149 -0.00053033 0.089844666
v -0.0149 -0.000482091 0.08980047
v -0.0149 -0.000446907 0.09
v -0.0149 -0.000430182 0.089760639
v -0.0149 -0.000375 0.089725479
v -0.0149 -0.000374997 0.09
v -0.0149 -0.000316964 0.089695267
v -0.0149 -0.000314664 0.09
v -0.0149 -0.000262579 0.09
v -0.0149 -0.000256515 0.089670233
v -0.0149 -0.000216506 0.09
v -0.0149 -0.000194114 0.089650556
v -0.0149 -0.000174865 0.09
v -0.0149 -0.000136489 0.09
v -0.0149 -0.000130236 0.089636393
v -0.0149 -0.000100481 0.09
v -0.0149 -6.6122e-05 0.09
v -0.0149 -6.5367e-05 0.089627855
v -0.0149 -3.2808e-05 0.09
v -0.0149 -0.0 0.089625001
v -0.0149 -0.0 0.09
v -0.0149 3.2808e-05 0.09
v -0.0149 6.5367e-05 0.089627855
v -0.0149 6.6122e-05 0.09
v -0.0149 0.000100481 0.09
v -0.0149 0.000130236 0.089636393
v -0.0149 0.000136489 0.09
v -0.0149 0.000174865 0.09
v -0.0149 0.000194114 0.089650556
v -0.0149 0.000216506 0.09
v -0.0149 0.000256515 0.089670233
v -0.0149 0.000262579 0.09
v -0.0149 0.000314664 0.09
v -0.0149 0.000316964 0.089695267
v -0.0149 0.000374997 0.09
v -0.0149 0.000375 0.089725479
v -0.0149 0.000430182 0.089760639
v -0.0149 0.000446907 0.09
v -0.0149 0.000482091 0.08980047
v -0.0149 0.00053033 0.089844666
v -0.0149 0.000535555 0.09
v -0.0149 0.000574533 0.089892909
v -0.0149 0.000614364 0.089944817
v -0.0149 0.000649517 0.09
v -0.014899676 0.000649517 0.09
v -0.014533033 -0.006894383 0.088329867
v -0.014533033 0.006894383 0.088329867
v -0.014532892 -0.006895942 0.08831533
v -0.014532892 0.006895942 0.08831533
v -0.0145315 -0.006889232 0.088377796
v -0.0145315 0.006889232 0.088377796
v -0.014530204 -0.00690135 0.088264786
v -0.014530204 -0.006887386 0.08839494
v -0.014530204 0.006887386 0.08839494
v -0.014530204 0.00690135 0.088264786
v -0.014529079 -0.006902615 0.088252954
v -0.014529079 0.006902615 0.088252954
v -0.014524912 -0.006882531 0.088439934
v -0.014524912 0.006882531 0.088439934
v -0.014521739 -0.006908237 0.088200204
v -0.014521739 -0.006880412 0.088459529
v -0.014521739 0.006880412 0.088459529
v -0.014521739 0.006908237 0.088200204
v -0.01452008 -0.006909207 0.088191077
v -0.01452008 0.006909207 0.088191077
v -0.014513169 -0.006875883 0.088501334
v -0.014513169 0.006875883 0.088501334
v -0.014507703 -0.006914991 0.088136591
v -0.014507703 -0.006873516 0.088523135
v -0.014507703 0.006873516 0.088523135
v -0.014507703 0.006914991 0.088136591
v -0.014505978 -0.006915665 0.088130236
v -0.014505978 0.006915665 0.088130236
v -0.014496394 -0.006869351 0.088561416
v -0.014496394 0.006869351 0.088561416
v -0.014495819 -0.007963438 0.075
v -0.014488201 -0.006866749 0.088585287
v -0.014488201 0.006866749 0.088585287
v -0.0144882 -0.006921564 0.088074446
v -0.0144882 0.006921564 0.088074446
v -0.014486856 -0.006921953 0.088070765
v -0.014486856 0.006921953 0.088070765
v -0.014474646 -0.006862959 0.088619985
v -0.014474646 0.006862959 0.088619985
v -0.014463378 -0.006860167 0.08864551
v -0.014463378 0.006860167 0.08864551
v -0.014463377 -0.006927909 0.088014223
v -0.014463377 0.006927909 0.088014223
v -0.014462857 -0.006928027 0.088013098
v -0.014462857 0.006928027 0.088013098
v -0.014448105 -0.006856765 0.088676535
v -0.014448105 0.006856765 0.088676535
v -0.014434249 -0.006933829 0.087957822
v -0.014434249 0.006933829 0.087957822
v -0.014433425 -0.006853819 0.088703349
v -0.014433425 0.006853819 0.088703349
v -0.014433423 -0.00693398 0.087956376
v -0.014433423 0.00693398 0.087956376
v -0.014417052 -0.00685083 0.088730514
v -0.014417052 0.00685083 0.088730514
v -0.014405148 0.00693873 0.087910973
v -0.014405119 -0.006848814 0.088748805
v -0.014405119 0.006848814 0.088748805
v -0.014401142 -0.006939346 0.087905079
v -0.014401142 0.006939346 0.087905079
v -0.014398564 -0.006939735 0.087901354
v -0.014398564 -0.006847758 0.088758372
v -0.014398564 0.006847758 0.088758372
v -0.014398564 0.006939735 0.087901354
v -0.014368344 -0.00684329 0.088798814
v -0.014368344 0.006843291 0.088798814
v -0.014363726 -0.006944545 0.087855212
v -0.014363726 0.006944546 0.087855212
v -0.014359062 -0.006842033 0.088810168
v -0.014359062 0.006842033 0.088810168
v -0.014359061 -0.006945133 0.087849557
v -0.014359061 0.006945133 0.087849557
v -0.014344033 0.006689372 0.09
v -0.014327596 -0.006838109 0.088845566
v -0.014327596 0.006838109 0.088845566
v -0.014322261 -0.006949392 0.087808587
v -0.014322261 0.006949392 0.087808587
v -0.014320222 0.006689766 0.09
v -0.014315213 -0.006836691 0.088858336
v -0.014315213 0.006836691 0.088858336
v -0.014315212 -0.006950139 0.087801389
v -0.014315212 0.006950139 0.087801389
v -0.014308561 0.006689941 0.09
v -0.01429619 0.007963065 0.075
v -0.01428467 0.007963065 0.075
v -0.014284326 0.006690275 0.09
v -0.014282997 -0.006833292 0.088888913
v -0.014282997 0.006833292 0.088888913
v -0.014277168 -0.006953842 0.087765656
v -0.014277168 0.006953842 0.087765656
v -0.014273768 0.007963065 0.075
v -0.014269776 0.006690457 0.09
v -0.014267351 -0.006954717 0.087757207
v -0.014267351 -0.006831776 0.088902518
v -0.014267351 0.006831776 0.088902518
v -0.014267351 0.006954717 0.087757207
v -0.014260087 0.007963064 0.075
v -0.014249685 0.007963062 0.075
v -0.014245715 0.006690731 0.09
v -0.014235076 -0.006828899 0.088928327
v -0.014235076 0.006828899 0.088928327
v -0.01423386 0.007963059 0.075
v -0.014228858 -0.006957864 0.087726757
v -0.014228858 0.006957864 0.087726757
v -0.01422801 0.006690914 0.09
v -0.014227307 0.007963057 0.075
v -0.014215835 -0.006827329 0.088942386
v -0.014215835 0.006827329 0.088942386
v -0.014215834 -0.006958837 0.087717339
v -0.014215834 0.006958837 0.087717339
v -0.014206279 0.007963051 0.075
v -0.014204694 0.006691132 0.09
v -0.014200754 0.007963049 0.075
v -0.014195943 -0.006680846 0.09
v -0.014184204 -0.006824963 0.088963553
v -0.014184204 0.006824963 0.088963553
v -0.014183653 0.006691309 0.09
v -0.014177649 0.007963039 0.075
v -0.014177456 -0.006961455 0.087691955
v -0.014177456 0.006961455 0.087691955
v -0.014173348 0.007963037 0.075
v -0.014171427 -0.006681384 0.09
v -0.014161408 0.006691476 0.09
v -0.014161055 -0.006823387 0.088977627
v -0.014161055 0.006823387 0.088977627
v -0.014161054 -0.00696247 0.087682098
v -0.014161054 0.00696247 0.087682098
v -0.01415664 -0.006681678 0.09
v -0.014148292 0.007963024 0.075
v -0.014145349 0.007963022 0.075
v -0.014137155 0.006691638 0.09
v -0.014132083 -0.00668212 0.09
v -0.014130705 -0.006821507 0.088994414
v -0.014130705 0.006821507 0.088994414
v -0.014123303 -0.00696459 0.087661497
v -0.014123303 0.00696459 0.087661497
v -0.014118528 0.007963006 0.075
v -0.014118077 0.00669175 0.09
v -0.014116956 0.007963005 0.075
v -0.014113935 -0.006682415 0.09
v -0.014103423 -0.006819984 0.089007989
v -0.014103423 0.006819984 0.089007989
v -0.014103422 -0.006965593 0.087651744
v -0.014103422 0.006965593 0.087651744
v -0.014089942 -0.006682767 0.09
v -0.014089018 0.006691899 0.09
v -0.014088672 0.007962984 0.075
v -0.014088535 0.007962984 0.075
v -0.014074778 -0.00696691 0.087638937
v -0.014074778 0.006966909 0.087638937
v -0.014074661 -0.006818541 0.089020841
v -0.014074661 0.006818541 0.089020841
v -0.014071983 0.006691973 0.09
v -0.014068201 -0.006683052 0.09
v -0.014060305 0.00796296 0.075
v -0.014059031 0.007962959 0.075
v -0.014045124 -0.006683322 0.09
v -0.014043373 -0.006968187 0.087626502
v -0.014043373 -0.00681715 0.089033231
v -0.014043373 0.00681715 0.089033231
v -0.014043373 0.006968187 0.087626502
v -0.014039786 0.006692088 0.09
v -0.014033925 0.007962935 0.075
v -0.014029902 0.007962931 0.075
v -0.014025182 0.00669213 0.09
v -0.014019861 -0.006683583 0.09
v -0.01401879 -0.006816181 0.089041844
v -0.014018789 0.006816181 0.089041844
v -0.014016902 -0.006969135 0.087617263
v -0.014016902 0.006969134 0.087617263
v -0.013999911 -0.006683764 0.09
v -0.013990031 0.006692205 0.09
v -0.01398136 -0.006970231 0.087606564
v -0.01398136 -0.006814908 0.089053169
v -0.01398136 0.006814908 0.089053169
v -0.01398136 0.006970231 0.087606564
v -0.013977997 0.006692222 0.09
v -0.013969391 -0.006684003 0.09
v -0.013959409 -0.00681427 0.089058831
v -0.013959408 0.00681427 0.089058831
v -0.013957396 -0.006970861 0.087600417
v -0.013957396 0.006970861 0.087600417
v -0.013951424 -0.006684123 0.09
v -0.013940347 0.006692248 0.09
v -0.013930846 0.006692247 0.09
v -0.013917851 -0.006971715 0.08759208
v -0.013917851 -0.006813277 0.089067645
v -0.013917851 0.006813277 0.089067645
v -0.013917851 0.006971715 0.08759208
v -0.013917303 -0.006684308 0.09
v -0.013901757 -0.006684376 0.09
v -0.01389896 -0.006812916 0.089070849
v -0.01389896 0.006812916 0.089070849
v -0.013896631 -0.00697208 0.087588519
v -0.013896631 0.00697208 0.087588519
v -0.01389133 0.006692217 0.09
v -0.013884471 0.006692206 0.09
v -0.013864143 -0.006684497 0.09
v -0.013853326 -0.006972628 0.087583169
v -0.013853326 -0.006812272 0.089076564
v -0.013853326 0.006812272 0.089076564
v -0.013853326 0.006972628 0.087583169
v -0.0138512 -0.006684525 0.09
v -0.013843565 0.006692112 0.09
v -0.01383939 0.006692099 0.09
v -0.013837636 -0.006812125 0.089077875
v -0.013837636 0.006812125 0.089077875
v -0.013835015 -0.006972781 0.087581664
v -0.013835015 0.006972781 0.087581664
v -0.01383007 0.006692068 0.09
v -0.013810475 -0.006684566 0.09
v -0.013800139 -0.006684566 0.09
v -0.013797612 0.006691934 0.09
v -0.013788269 -0.006972964 0.087579884
v -0.013788269 -0.006811902 0.089079842
v -0.013788269 0.006811902 0.089079842
v -0.013788269 0.006972964 0.087579884
v -0.013787084 0.006691881 0.09
v -0.013775732 -0.006811904 0.089079827
v -0.013775732 0.006811904 0.089079827
v -0.013773227 -0.006972959 0.087579928
v -0.013773227 0.006972959 0.087579928
v -0.013756879 -0.006684516 0.09
v -0.013749322 -0.006684499 0.09
v -0.013723174 -0.00681217 0.089077473
v -0.013723174 0.00681217 0.089077473
v -0.013723174 0.006972721 0.08758226
v -0.013723173 -0.006972721 0.08758226
v -0.013723017 0.007962551 0.075
v -0.013713974 -0.00681226 0.089076675
v -0.013713974 0.00681226 0.089076675
v -0.013711627 -0.006972617 0.087583274
v -0.013711627 0.006972617 0.087583274
v -0.013703929 -0.006684347 0.09
v -0.01365853 -0.006971901 0.08759027
v -0.01365853 -0.006813074 0.089069456
v -0.01365853 0.006813074 0.089069456
v -0.01365853 0.006971901 0.08759027
v -0.01365281 0.006813184 0.089068472
v -0.013652809 -0.006813184 0.089068472
v -0.013650409 -0.006971756 0.087591685
v -0.013650409 0.006971756 0.087591685
v -0.013639995 -0.006813452 0.089066096
v -0.013639995 0.006813452 0.089066096
v -0.013622037 -0.006971176 0.087597348
v -0.013622037 0.006971176 0.087597348
v -0.013594825 -0.006814604 0.089055866
v -0.013594825 0.006814604 0.089055866
v -0.013594824 -0.006970508 0.08760386
v -0.013594824 0.006970508 0.08760386
v -0.013579972 -0.006815055 0.08905185
v -0.013579972 0.006815055 0.08905185
v -0.013562193 -0.006969559 0.087613113
v -0.013562193 0.006969559 0.087613113
v -0.01353254 -0.006816749 0.0890368
v -0.01353254 0.006816749 0.0890368
v -0.013532539 -0.006968552 0.087622933
v -0.013532539 0.006968552 0.087622933
v -0.013521098 -0.006817217 0.089032635
v -0.013521098 0.006817217 0.089032635
v -0.01350378 -0.006967438 0.087633789
v -0.01350378 0.006967437 0.087633789
v -0.013472144 -0.006966047 0.087647334
v -0.013472144 -0.00681949 0.089012392
v -0.013472144 0.00681949 0.089012392
v -0.013472144 0.006966047 0.087647334
v -0.01346399 -0.006819913 0.089008622
v -0.01346399 0.006819913 0.089008622
v -0.013447387 -0.006964831 0.087659165
v -0.013447387 0.006964831 0.087659165
v -0.013414094 -0.006822803 0.088982843
v -0.013414094 0.006822803 0.088982843
v -0.013414093 -0.006963007 0.087676883
v -0.013414093 0.006963007 0.087676883
v -0.013409015 -0.006823128 0.088979952
v -0.013409015 0.006823128 0.088979952
v -0.013393173 -0.006961743 0.087689154
v -0.013393173 0.006961743 0.087689154
v -0.013358828 -0.00682666 0.088948369
v -0.013358828 0.00682666 0.088948369
v -0.013358826 -0.006959454 0.087711357
v -0.013358826 0.006959454 0.087711357
v -0.013356476 -0.006826841 0.088946752
v -0.013356476 0.006826841 0.088946752
v -0.013341655 -0.006958202 0.087723494
v -0.013341655 0.006958202 0.087723494
v -0.01330689 -0.006831017 0.088909335
v -0.01330689 0.006831017 0.088909335
v -0.01330676 -0.006831028 0.088909231
v -0.01330676 0.006831028 0.088909231
v -0.013306758 -0.00695541 0.087750502
v -0.013306758 0.00695541 0.087750502
v -0.013293109 -0.006954221 0.087761998
v -0.013293109 0.006954221 0.087761998
v -0.013258286 -0.006950904 0.087794013
v -0.013258286 -0.006835871 0.08886572
v -0.013258286 0.006835871 0.08886572
v -0.013258286 0.006950904 0.087794013
v -0.013166294 -0.006684562 0.09
v -0.013161167 -0.006684541 0.09
v -0.013149616 -0.006684491 0.09
v -0.013138918 0.006938738 0.087910905
v -0.013108202 -0.006684278 0.09
v -0.013094345 -0.006684194 0.09
v -0.013049326 -0.006683881 0.09
v -0.013038287 -0.006683793 0.09
v -0.012990294 -0.006683372 0.09
v -0.012982178 -0.006683294 0.09
v -0.01293173 -0.006682758 0.09
v -0.012926521 -0.006682699 0.09
v -0.01287423 -0.006682044 0.09
v -0.012871744 -0.006682011 0.09
v -0.01285624 0.006693492 0.09
v -0.012818494 -0.006681238 0.09
v -0.012813415 0.00669332 0.09
v -0.012802851 0.006693272 0.09
v -0.012756665 0.006693041 0.09
v -0.012748816 0.006692998 0.09
v -0.012711089 -0.006894383 0.088329867
v -0.012711089 0.006894383 0.088329867
v -0.012699784 0.006692704 0.09
v -0.012694698 0.006692672 0.09
v -0.012643431 0.006692313 0.09
v -0.012640985 0.006692295 0.09
v -0.0126 -0.007943357 0.075
v -0.0126 -0.007184692 0.085375004
v -0.0126 0.007184693 0.085375004
v -0.0126 0.007952451 0.075
v -0.012588371 0.006691871 0.09
v -0.012588232 0.00669187 0.09
v -0.012534761 0.006691379 0.09
v -0.012534597 -0.007182544 0.085375004
v -0.012534597 0.007182544 0.085375004
v -0.012513204 0.007180905 0.085375004
v -0.012513193 -0.007180904 0.085375004
v -0.012501311 0.007957612 0.075
v -0.012484857 -0.007956859 0.075
v -0.012476842 0.007958317 0.075
v -0.012475715 0.007958231 0.075
v -0.01247518 -0.0079581 0.075
v -0.012474056 -0.007958014 0.075
v -0.012473642 0.007921008 0.075514197
v -0.012471894 -0.007920845 0.075513288
v -0.012471767 -0.007957763 0.075
v -0.012471189 0.007957635 0.075
v -0.012469474 -0.007957714 0.075
v -0.012469474 -0.00791622 0.075576894
v -0.012469474 0.00791622 0.075576894
v -0.012466984 -0.007957331 0.075
v -0.012466983 0.00795733 0.075
v -0.012427042 0.007169561 0.085375004
v -0.012427031 -0.00716956 0.085375004
v -0.012406196 -0.007947269 0.075
v -0.012406196 0.007947269 0.075
v -0.012404909 -0.007905585 0.075576171
v -0.012404909 0.007905585 0.075576171
v -0.012404909 0.007947027 0.075
v -0.012404908 -0.0071654 0.085375004
v -0.012404908 0.0071654 0.085375004
v -0.012401232 -0.007946168 0.075
v -0.0123449 0.007932999 0.075
v -0.012342167 0.007150745 0.085375004
v -0.012342156 -0.007150743 0.085375004
v -0.012341229 -0.007932141 0.075
v -0.012341228 0.007932141 0.075
v -0.012341181 -0.007932128 0.075
v -0.012341181 -0.007890759 0.075575165
v -0.012341181 0.007890759 0.075575165
v -0.012336384 -0.007930614 0.075
v -0.012282255 0.007914206 0.075
v -0.012278561 -0.007871807 0.075573884
v -0.012278561 0.007871807 0.075573884
v -0.01227856 0.007913083 0.075
v -0.012278559 -0.007131408 0.085375004
v -0.012278559 0.007131408 0.085375004
v -0.012277421 -0.007912682 0.075
v -0.012277421 0.007912681 0.075
v -0.012274993 -0.007911736 0.075
v -0.012259211 0.00712459 0.085375004
v -0.012259201 -0.007124586 0.085375004
v -0.012219738 0.007890915 0.075
v -0.012217317 -0.007889972 0.075
v -0.012217317 -0.007848809 0.075572327
v -0.012217317 0.007848809 0.075572327
v -0.012215065 -0.007888979 0.075
v -0.012215064 0.007888979 0.075
v -0.012178796 0.007091281 0.085375004
v -0.012178787 -0.007091277 0.085375004
v -0.012158918 -0.007863475 0.075
v -0.012158918 0.007863474 0.075
v -0.012157711 -0.007821864 0.075570494
v -0.012157711 0.007821864 0.075570494
v -0.012157711 0.007862895 0.075
v -0.012157709 -0.007081145 0.085375004
v -0.012157709 0.007081145 0.085375004
v -0.012154442 -0.007861144 0.075
v -0.012103331 0.007833753 0.075
v -0.012101529 0.007051058 0.085375004
v -0.01210152 -0.007051053 0.085375004
v -0.012100073 -0.007832008 0.075
v -0.012100072 0.007832008 0.075
v -0.0121 -0.007831966 0.075
v -0.0121 -0.007791087 0.075568408
v -0.0121 0.007791087 0.075568408
v -0.012095828 -0.007829304 0.075
v -0.012047697 0.007799355 0.075
v -0.01204443 -0.007756611 0.075566076
v -0.01204443 0.007756611 0.075566076
v -0.01204443 0.00779732 0.075
v -0.012044428 -0.007015476 0.085375004
v -0.012044428 0.007015476 0.085375004
v -0.012043469 -0.007796662 0.075
v -0.012043468 0.007796662 0.075
v -0.012041371 -0.007795122 0.075
v -0.012027994 0.007004211 0.085375004
v -0.012027984 -0.007004205 0.085375004
v -0.011996518 0.006685476 0.09
v -0.011993326 0.007760637 0.075
v -0.011991238 -0.007759104 0.075
v -0.011991238 -0.007718582 0.07556349
v -0.011991238 0.007718582 0.07556349
v -0.011991235 0.006977203 0.085375004
v -0.011989363 -0.007757596 0.075
v -0.011989362 0.007757596 0.075
v -0.011958752 0.00695108 0.085375004
v -0.011958743 -0.006951073 0.085375004
v -0.01194167 -0.007718354 0.075
v -0.011941669 0.007718354 0.075
v -0.011940654 -0.007677163 0.075560682
v -0.011940654 0.007677163 0.075560682
v -0.011940654 0.007717482 0.075
v -0.011940652 -0.006935521 0.085375004
v -0.011938001 -0.007714992 0.075
v -0.011895601 0.007675176 0.075
v -0.011894338 0.006892054 0.085375004
v -0.011894329 -0.006892046 0.085375004
v -0.011892961 -0.007672699 0.075
v -0.01189296 0.007672699 0.075
v -0.011892893 -0.007672632 0.075
v -0.011892893 -0.007632533 0.075557657
v -0.011892893 0.006890607 0.085375004
v -0.011892893 0.007632533 0.075557657
v -0.011889613 -0.007669045 0.075
v -0.011850749 0.007627514 0.075
v -0.01184816 -0.007584882 0.07555443
v -0.01184816 0.007584882 0.07555443
v -0.01184816 0.007624746 0.075
v -0.011848158 -0.006842649 0.085375004
v -0.011847419 -0.007623881 0.075
v -0.011847419 0.00762388 0.075
v -0.011845819 -0.007621885 0.075
v -0.01183525 0.00682757 0.085375004
v -0.011835243 -0.006827562 0.085375004
v -0.011808236 0.007576013 0.075
v -0.011806646 -0.007574029 0.075
v -0.011806646 -0.007534413 0.075551003
v -0.011806646 0.007534413 0.075551003
v -0.011806644 0.006791858 0.085375004
v -0.011805251 -0.007572123 0.075
v -0.011805251 0.007572122 0.075
v -0.01178195 0.00675811 0.085375004
v -0.011781945 -0.006758101 0.085375004
v -0.011769267 -0.007521777 0.075
v -0.011769266 0.007521777 0.075
v -0.01176853 -0.007481344 0.075547405
v -0.01176853 0.007481344 0.075547405
v -0.01176853 0.007520698 0.075
v -0.011768529 -0.006738449 0.085375004
v -0.011766646 -0.007517663 0.075
v -0.011735887 0.007468069 0.075
v -0.011734861 0.006684193 0.085375004
v -0.011734856 -0.006684184 0.085375004
v -0.011734015 -0.007465053 0.075
v -0.011734014 0.007465052 0.075
v -0.011733974 -0.007464983 0.075
v -0.011733974 -0.007425901 0.075543649
v -0.011733974 0.006682654 0.085375004
v -0.011733974 0.007425901 0.075543649
v -0.011731775 -0.007460751 0.075
v -0.011704862 0.007410373 0.075
v -0.011703127 -0.007368322 0.075539745
v -0.011703127 0.007368322 0.075539745
v -0.011703127 0.007407121 0.075
v -0.011703126 -0.006624706 0.085375004
v -0.011702638 -0.0074061 0.075
v -0.011702638 0.0074061 0.075
v -0.011701643 -0.007403834 0.075
v -0.011694356 0.006606382 0.085375004
v -0.011694351 -0.006606372 0.085375004
v -0.011677109 0.00734961 0.075
v -0.011676121 -0.00734736 0.075
v -0.011676121 -0.007308853 0.075535707
v -0.011676121 0.007308853 0.075535707
v -0.01167612 0.006564857 0.085375004
v -0.011675278 -0.007345188 0.075
v -0.011675277 0.007345188 0.075
v -0.011660758 0.00652527 0.085375004
v -0.011660755 -0.006525259 0.085375004
v -0.011653482 -0.00728713 0.075
v -0.011653481 0.007287129 0.075
v -0.011653069 -0.007247749 0.075531565
v -0.011653069 -0.006503363 0.085375004
v -0.011653069 0.007247749 0.075531565
v -0.011653069 0.007285956 0.075
v -0.011652052 -0.007282596 0.075
v -0.011635096 0.00722655 0.075
v -0.01163434 0.00644148 0.085375004
v -0.011634337 -0.006441469 0.085375004
v -0.011634086 -0.007223216 0.075
v -0.011634086 0.007223215 0.075
v -0.011634074 -0.007223172 0.075
v -0.011634074 -0.007185272 0.075527333
v -0.011634074 0.006440486 0.085375004
v -0.011634074 0.007185272 0.075527333
v -0.011633064 -0.007218608 0.075
v -0.011625391 -0.006702639 0.09
v -0.011625304 -0.006702639 0.09
v -0.011620019 0.007162731 0.075
v -0.011619215 -0.00712169 0.075523019
v -0.011619215 -0.006376497 0.085375004
v -0.011619215 0.00712169 0.075523019
v -0.011619215 0.007159277 0.075
v -0.011619006 -0.007158159 0.075
v -0.011619006 0.007158158 0.075
v -0.011618646 -0.00715582 0.075
v -0.011615315 0.00635566 0.085375004
v -0.011615313 -0.006355649 0.085375004
v -0.011608912 0.007096864 0.075
v -0.011608555 -0.007094544 0.075
v -0.011608555 -0.007057273 0.075518653
v -0.011608555 -0.006311669 0.085375004
v -0.011608555 0.006311669 0.085375004
v -0.011608555 0.007057273 0.075518653
v -0.011608555 0.007094544 0.075
v -0.011608305 -0.007092256 0.075
v -0.011608305 0.007092255 0.075
v -0.011603836 0.006268475 0.085375004
v -0.011603835 -0.006268464 0.085375004
v -0.01160223 -0.007030412 0.075
v -0.01160223 0.007030411 0.075
v -0.011602141 -0.007029251 0.075
v -0.011602141 -0.0069923 0.075514242
v -0.011602141 -0.006246279 0.085375004
v -0.011602141 0.006246279 0.085375004
v -0.011602141 0.0069923 0.075514242
v -0.011602141 0.007029251 0.075
v -0.011602029 0.007025805 0.075
v -0.011601906 -0.007020225 0.075
v -0.0116 -0.006962195 0.075
v -0.0116 -0.006924729 0.075549193
v -0.0116 -0.006180605 0.085375004
v -0.0116 -0.005707711 0.075
v -0.0116 -0.005675975 0.075
v -0.0116 -0.00075 0.083404556
v -0.0116 -0.000747146 0.083334997
v -0.0116 -0.000747146 0.083474115
v -0.0116 -0.000738606 0.08326596
v -0.0116 -0.000738606 0.083543152
v -0.0116 -0.000724444 0.083197981
v -0.0116 -0.000724444 0.083611131
v -0.0116 -0.000704769 0.083131582
v -0.0116 -0.000704769 0.08367753
v -0.0116 -0.000679731 0.083067253
v -0.0116 -0.000679731 0.083741859
v -0.0116 -0.000649519 0.083005488
v -0.0116 -0.000649519 0.083803624
v -0.0116 -0.000614364 0.082946762
v -0.0116 -0.000614364 0.083862349
v -0.0116 -0.000588714 0.075
v -0.0116 -0.000581447 0.075
v -0.0116 -0.000578889 0.075
v -0.0116 -0.000574533 0.082891524
v -0.0116 -0.000574533 0.083917588
v -0.0116 -0.000571795 0.075
v -0.0116 -0.000560125 0.075
v -0.0116 -0.000543881 0.075
v -0.0116 -0.00053033 0.082840189
v -0.0116 -0.00053033 0.083968922
v -0.0116 -0.000523106 0.075
v -0.0116 -0.000506693 0.082816109
v -0.0116 -0.000506693 0.083993003
v -0.0116 -0.000497889 0.075
v -0.0116 -0.000482091 0.082793154
v -0.0116 -0.000482091 0.084015958
v -0.0116 -0.000468366 0.075
v -0.0116 -0.00046233 0.075
v -0.0116 -0.000456571 0.082771353
v -0.0116 -0.000456571 0.084037758
v -0.0116 -0.000456326 0.075
v -0.0116 -0.000450367 0.075
v -0.0116 -0.000444469 0.075
v -0.0116 -0.000438645 0.075
v -0.0116 -0.000432909 0.075
v -0.0116 -0.000430182 0.08275076
v -0.0116 -0.000430182 0.084058352
v -0.0116 -0.000427274 0.075
v -0.0116 -0.000421753 0.075
v -0.0116 -0.00041636 0.075
v -0.0116 -0.000411105 0.075
v -0.0116 -0.000406001 0.075
v -0.0116 -0.000402975 0.082731418
v -0.0116 -0.000402975 0.084077694
v -0.0116 -0.000401059 0.075
v -0.0116 -0.000396289 0.075
v -0.0116 -0.000391702 0.075
v -0.0116 -0.000387307 0.075
v -0.0116 -0.000383112 0.075
v -0.0116 -0.000379127 0.075
v -0.0116 -0.000375358 0.075
v -0.0116 -0.000375 0.082713351
v -0.0116 -0.000375 0.084095761
v -0.0116 -0.000368495 0.075
v -0.0116 -0.000346311 0.082696602
v -0.0116 -0.000346311 0.08411251
v -0.0116 -0.000337084 0.075
v -0.0116 -0.000319833 0.075
v -0.0116 -0.000316964 0.082681201
v -0.0116 -0.000316964 0.08412791
v -0.0116 -0.000301591 0.075
v -0.0116 -0.000287013 0.082667179
v -0.0116 -0.000287013 0.084141932
v -0.0116 -0.000282394 0.075
v -0.0116 -0.000262277 0.075
v -0.0116 -0.000256515 0.082654558
v -0.0116 -0.000256515 0.084154554
v -0.0116 -0.000241282 0.075
v -0.0116 -0.000225529 0.08264336
v -0.0116 -0.000225529 0.084165752
v -0.0116 -0.000219452 0.075
v -0.0116 -0.000196832 0.075
v -0.0116 -0.000194114 0.082633615
v -0.0116 -0.000194114 0.08417549
v -0.0116 -0.000173471 0.075
v -0.0116 -0.00016233 0.082625344
v -0.0116 -0.00016233 0.084183767
v -0.0116 -0.00014942 0.075
v -0.0116 -0.000130236 0.082618549
v -0.0116 -0.000130236 0.084190562
v -0.0116 -0.000124733 0.075
v -0.0116 -9.9465e-05 0.075
v -0.0116 -9.7895e-05 0.082613252
v -0.0116 -9.7895e-05 0.08419586
v -0.0116 -7.3674e-05 0.075
v -0.0116 -6.5367e-05 0.08260946
v -0.0116 -6.5367e-05 0.084199652
v -0.0116 -4.742e-05 0.075
v -0.0116 -3.2715e-05 0.08260718
v -0.0116 -3.2715e-05 0.084201932
v -0.0116 -2.0764e-05 0.075
v -0.0116 0.0 0.08260642
v -0.0116 0.0 0.084202692
v -0.0116 6.232e-06 0.075
v -0.0116 3.2715e-05 0.08260718
v -0.0116 3.2715e-05 0.084201932
v -0.0116 3.3503e-05 0.075
v -0.0116 6.0985e-05 0.075
v -0.0116 6.5367e-05 0.08260946
v -0.0116 6.5367e-05 0.084199652
v -0.0116 8.8612e-05 0.075
v -0.0116 9.7895e-05 0.082613252
v -0.0116 9.7895e-05 0.08419586
v -0.0116 0.000116318 0.075
v -0.0116 0.000130236 0.082618549
v -0.0116 0.000130236 0.084190562
v -0.0116 0.00016233 0.082625344
v -0.0116 0.00016233 0.084183767
v -0.0116 0.000194114 0.082633615
v -0.0116 0.000194114 0.08417549
v -0.0116 0.000225529 0.08264336
v -0.0116 0.000225529 0.084165752
v -0.0116 0.000256515 0.082654558
v -0.0116 0.000256515 0.084154554
v -0.0116 0.000287013 0.082667179
v -0.0116 0.000287013 0.084141932
v -0.0116 0.000316964 0.082681201
v -0.0116 0.000316964 0.08412791
v -0.0116 0.000346311 0.082696602
v -0.0116 0.000346311 0.08411251
v -0.0116 0.000375 0.082713351
v -0.0116 0.000375 0.084095761
v -0.0116 0.000402975 0.082731418
v -0.0116 0.000402975 0.084077694
v -0.0116 0.000430182 0.08275076
v -0.0116 0.000430182 0.084058352
v -0.0116 0.000456571 0.082771353
v -0.0116 0.000456571 0.084037758
v -0.0116 0.000482091 0.082793154
v -0.0116 0.000482091 0.084015958
v -0.0116 0.000506693 0.082816109
v -0.0116 0.000506693 0.083993003
v -0.0116 0.00053033 0.082840189
v -0.0116 0.00053033 0.083968922
v -0.0116 0.000574533 0.082891524
v -0.0116 0.000574533 0.083917588
v -0.0116 0.000614364 0.082946762
v -0.0116 0.000614364 0.083862349
v -0.0116 0.000649519 0.083005488
v -0.0116 0.000649519 0.083803624
v -0.0116 0.000679731 0.083067253
v -0.0116 0.000679731 0.083741859
v -0.0116 0.000704769 0.083131582
v -0.0116 0.000704769 0.08367753
v -0.0116 0.000724444 0.083197981
v -0.0116 0.000724444 0.083611131
v -0.0116 0.000738606 0.08326596
v -0.0116 0.000738606 0.083543152
v -0.0116 0.000747146 0.083334997
v -0.0116 0.000747146 0.083474115
v -0.0116 0.00075 0.083404556
v -0.0116 0.005021783 0.075
v -0.0116 0.00503296 0.075
v -0.0116 0.00504551 0.075
v -0.0116 0.005059365 0.075
v -0.0116 0.005074461 0.075
v -0.0116 0.005090721 0.075
v -0.0116 0.005108065 0.075
v -0.0116 0.005126405 0.075
v -0.0116 0.005145656 0.075
v -0.0116 0.005165721 0.075
v -0.0116 0.005186509 0.075
v -0.0116 0.005207924 0.075
v -0.0116 0.005229872 0.075
v -0.0116 0.005252256 0.075
v -0.0116 0.005274976 0.075
v -0.0116 0.005297956 0.075
v -0.0116 0.005321093 0.075
v -0.0116 0.005344313 0.075
v -0.0116 0.005390679 0.075
v -0.0116 0.005436467 0.075
v -0.0116 0.005481159 0.075
v -0.0116 0.00552434 0.075
v -0.0116 0.005565652 0.075
v -0.0116 0.005604824 0.075
v -0.0116 0.005641644 0.075
v -0.0116 0.005675975 0.075
v -0.0116 0.005707711 0.075
v -0.0116 0.005736806 0.075
v -0.0116 0.005763237 0.075
v -0.0116 0.006180605 0.085375004
v -0.0116 0.006594599 0.080267601
v -0.0116 0.006924729 0.075549193
v -0.0116 0.006964161 0.075
v -0.011591426 -0.006702557 0.09
v -0.011298073 -0.006701575 0.09
v -0.0109 -0.007184692 0.085375004
v -0.0109 -0.007055128 0.08675696
v -0.0109 -0.006698935 0.09
v -0.0109 0.006681043 0.09
v -0.0109 0.006938716 0.087911107
v -0.0109 0.007184692 0.085375004
v -0.010872936 -0.006698513 0.09
v -0.010869031 -0.007184211 0.085375004
v -0.010869012 -0.006696401 0.09
v -0.010863858 -0.006696095 0.09
v -0.010841212 0.007182956 0.085375004
v -0.010813204 -0.007180903 0.085375004
v -0.010813192 0.007180902 0.085375004
v -0.010808786 -0.006692692 0.09
v -0.010806272 0.006694761 0.09
v -0.010802758 -0.006691963 0.09
v -0.010788547 0.006689426 0.09
v -0.01078567 0.006689215 0.09
v -0.010781112 0.0066897 0.09
v -0.010777854 0.006689356 0.09
v -0.010777853 0.007177174 0.085375004
v -0.010747858 -0.006685181 0.09
v -0.010747857 -0.007173003 0.085375004
v -0.010745941 -0.006684864 0.09
v -0.010727041 -0.00716956 0.085375004
v -0.010727031 0.007169558 0.085375004
v -0.010720842 0.006680446 0.09
v -0.010716168 0.006679745 0.09
v -0.010691427 -0.006674705 0.09
v -0.010683632 -0.006672977 0.09
v -0.010659938 0.00666724 0.09
v -0.010653168 0.006665779 0.09
v -0.010653167 0.007153624 0.085375004
v -0.010652159 0.006665515 0.09
v -0.010642166 -0.007150744 0.085375004
v -0.010642156 0.007150741 0.085375004
v -0.01062972 -0.006659461 0.09
v -0.010628466 -0.006659115 0.09
v -0.010628465 -0.007146968 0.085375004
v -0.010622129 -0.006657067 0.09
v -0.010596935 0.006649487 0.09
v -0.010589364 0.0066471 0.09
v -0.010569025 -0.006640221 0.09
v -0.010564786 -0.006638557 0.09
v -0.010559211 -0.007124588 0.085375004
v -0.0105592 0.007124585 0.085375004
v -0.010535359 0.006627634 0.09
v -0.010532978 0.006626729 0.09
v -0.010532976 0.007114619 0.085375004
v -0.010512682 -0.006618419 0.09
v -0.01051268 -0.00710632 0.085375004
v -0.010509612 -0.006617057 0.09
v -0.010480366 0.006603909 0.09
v -0.010478796 -0.00709128 0.085375004
v -0.010478786 0.007091275 0.085375004
v -0.010475475 0.006601802 0.09
v -0.010458699 -0.006593675 0.09
v -0.01045671 -0.006592717 0.09
v -0.010456707 -0.007080648 0.085375004
v -0.010451741 -0.006590053 0.09
v -0.010424463 0.006575735 0.09
v -0.010419115 0.00657302 0.09
v -0.010419113 0.007060973 0.085375004
v -0.010417538 0.00657213 0.09
v -0.010402243 -0.006563503 0.09
v -0.010401527 -0.007051056 0.085375004
v -0.010401518 0.007051051 0.085375004
v -0.01039761 -0.006560636 0.09
v -0.010368331 0.006542942 0.09
v -0.010365092 0.006540979 0.09
v -0.010365089 0.007028969 0.085375004
v -0.010349708 -0.006530988 0.09
v -0.010349706 -0.007018992 0.085375004
v -0.010347782 -0.006529677 0.09
v -0.010327992 -0.007004209 0.085375004
v -0.010327984 0.007004203 0.085375004
v -0.010317844 0.006508779 0.09
v -0.010314573 0.006506596 0.09
v -0.010301648 -0.006497006 0.09
v -0.010295561 -0.006492335 0.09
v -0.010269454 0.006471519 0.09
v -0.010263856 0.006467253 0.09
v -0.010263856 0.006955332 0.085375004
v -0.01026341 0.006466881 0.09
v -0.010258751 -0.006951078 0.085375004
v -0.010258743 0.006951071 0.085375004
v -0.010251419 -0.006456767 0.09
v -0.01025072 -0.006456174 0.09
v -0.010250719 -0.006944266 0.085375004
v -0.010245812 -0.006451629 0.09
v -0.010220613 0.006429092 0.09
v -0.010215049 0.006423994 0.09
v -0.010203847 -0.006413282 0.09
v -0.010201014 -0.006410311 0.09
v -0.010194336 -0.006892052 0.085375004
v -0.010194329 0.006892045 0.085375004
v -0.010174784 0.006383711 0.09
v -0.010172959 0.006381829 0.09
v -0.010172958 0.006870008 0.085375004
v -0.010161441 -0.006369358 0.09
v -0.010161438 -0.006857551 0.085375004
v -0.010159211 -0.006366806 0.09
v -0.010135248 -0.006827569 0.085375004
v -0.010135242 0.006827561 0.085375004
v -0.010135216 0.006339061 0.09
v -0.010132035 0.006335481 0.09
v -0.010122057 -0.006323229 0.09
v -0.010120846 -0.006321752 0.09
v -0.010120844 -0.006810003 0.085375004
v -0.010117577 -0.00631739 0.09
v -0.010097024 0.00629047 0.09
v -0.010093553 0.006286039 0.09
v -0.010093552 0.006774332 0.085375004
v -0.010092586 0.006284687 0.09
v -0.010083107 -0.006271444 0.09
v -0.01008195 -0.006758108 0.085375004
v -0.010081944 0.006758099 0.085375004
v -0.010080349 -0.006267242 0.09
v -0.010060453 0.006237639 0.09
v -0.01005853 0.006234767 0.09
v -0.010058529 0.006723121 0.085375004
v -0.010048702 -0.006219063 0.09
v -0.0100487 -0.006707435 0.085375004
v -0.010047571 -0.006217162 0.09
v -0.010034861 -0.006684192 0.085375004
v -0.010034855 0.006684183 0.085375004
v -0.010029355 0.006185825 0.09
v -0.010027439 0.006182674 0.09
v -0.010018871 -0.00616688 0.09
v -0.010015609 -0.006160613 0.09
v -0.010001327 0.006132027 0.09
v -0.009998424 0.006126514 0.09
v -0.009998423 0.006614998 0.085375004
v -0.009998099 0.006125826 0.09
v -0.009994355 -0.006606381 0.085375004
v -0.00999435 0.006606371 0.085375004
v -0.009990033 -0.006108469 0.09
v -0.009989661 -0.006596165 0.085375004
v -0.009989661 -0.006107659 0.09
v -0.00998737 -0.006102039 0.09
v -0.009975163 0.006073718 0.09
v -0.009972529 0.006067358 0.09
v -0.009965042 -0.006048223 0.09
v -0.009963799 -0.006044525 0.09
v -0.009960758 -0.006525269 0.085375004
v -0.009960754 0.006525259 0.085375004
v -0.009952841 0.006013992 0.09
v -0.00995218 0.0060121 0.09
v -0.00995218 0.00650072 0.085375004
v -0.009944817 -0.006477835 0.085375004
v -0.009944817 -0.005989187 0.09
v -0.009944015 -0.005986403 0.09
v -0.009935779 0.005957603 0.09
v -0.009934427 0.005953113 0.09
v -0.00993434 -0.00644148 0.085375004
v -0.009934337 0.006441469 0.085375004
v -0.009928483 -0.005929728 0.09
v -0.009927052 -0.005923274 0.09
v -0.009921379 0.005897738 0.09
v -0.009920337 0.005893319 0.09
v -0.009920337 0.006382083 0.085375004
v -0.009919963 0.005891352 0.09
v -0.009915314 -0.00635566 0.085375004
v -0.009915312 0.006355649 0.085375004
v -0.009915083 -0.005865543 0.09
v -0.009915064 -0.006354234 0.085375004
v -0.009915064 -0.005865437 0.09
v -0.009914236 -0.00585911 0.09
v -0.009910315 0.005835343 0.09
v -0.009909921 0.005832863 0.09
v -0.009909921 0.0063217 0.085375004
v -0.009905912 -0.005800602 0.09
v -0.009905731 -0.005797986 0.09
v -0.009903836 -0.006268477 0.085375004
v -0.009903835 0.006268466 0.085375004
v -0.009903685 0.005776359 0.09
v -0.009903249 0.005772545 0.09
v -0.009901327 -0.006232321 0.085375004
v -0.009901327 -0.005743375 0.09
v -0.009901129 -0.005738798 0.09
v -0.009900442 0.005715785 0.09
v -0.009900324 -0.000649517 0.09
v -0.009900185 0.005710972 0.09
v -0.009900185 0.006199956 0.085375004
v -0.009900172 0.005709613 0.09
v -0.0099 -0.006180607 0.085375004
v -0.0099 -0.005925651 0.087985821
v -0.0099 -0.00569457 0.09
v -0.0099 -0.00115306 0.09
v -0.0099 -0.000994822 0.09
v -0.0099 -0.000826652 0.09
v -0.0099 -0.000649528 0.09
v -0.0099 -0.000649517 0.09
v -0.0099 -0.000614364 0.089944817
v -0.0099 -0.000574533 0.089892909
v -0.0099 -0.00053033 0.089844666
v -0.0099 -0.000482091 0.08980047
v -0.0099 -0.000430182 0.089760639
v -0.0099 -0.000375 0.089725479
v -0.0099 -0.000316964 0.089695267
v -0.0099 -0.000256515 0.089670233
v -0.0099 -0.000194114 0.089650556
v -0.0099 -0.000130236 0.089636393
v -0.0099 -6.5367e-05 0.089627855
v -0.0099 -0.0 0.089625001
v -0.0099 6.5367e-05 0.089627855
v -0.0099 0.000130236 0.089636393
v -0.0099 0.000194114 0.089650556
v -0.0099 0.000256515 0.089670233
v -0.0099 0.000316964 0.089695267
v -0.0099 0.000375 0.089725479
v -0.0099 0.000430182 0.089760639
v -0.0099 0.000482091 0.08980047
v -0.0099 0.00053033 0.089844666
v -0.0099 0.000574533 0.089892909
v -0.0099 0.000614364 0.089944817
v -0.0099 0.000649517 0.09
v -0.0099 0.000649523 0.09
v -0.0099 0.000747902 0.09
v -0.0099 0.000841545 0.09
v -0.0099 0.000929809 0.09
v -0.0099 0.005691093 0.09
v -0.0099 0.006180607 0.085375004
f 443 545 488
f 443 10 488
f 443 442 1
f 262 256 573
f 519 11 1
f 519 442 1
f 519 545 537
f 519 443 545
f 519 443 442
f 180 10 1
f 180 443 1
f 180 443 10
f 567 528 532
f 563 256 573
f 563 586 573
f 48 262 256
f 2072 2065 2063
f 2072 1886 2111
f 2043 2046 2051
f 2066 1693 2074
f 2054 1673 2062
f 2054 2060 2062
f 526 545 488
f 526 528 488
f 526 528 545
f 561 567 528
f 50 262 57
f 50 48 262
f 533 253 532
f 251 528 532
f 251 253 532
f 251 528 488
f 847 887 828
f 1690 2072 2063
f 1690 2072 1886
f 2071 2072 2065
f 2026 2023 2025
f 2039 2033 2038
f 2039 2043 2038
f 1667 2043 2051
f 1667 2054 2051
f 1667 2054 1673
f 2075 2066 2074
f 1685 2066 1693
f 1685 2066 2062
f 2055 2054 2060
f 2055 2054 2051
f 1629 2026 2023
f 257 42 255
f 559 528 545
f 559 561 528
f 576 563 586
f 576 533 563
f 43 48 256
f 254 533 253
f 254 43 41
f 254 43 256
f 254 253 38
f 254 563 256
f 254 533 563
f 570 567 532
f 570 533 532
f 570 576 533
f 240 10 488
f 240 251 488
f 34 240 251
f 34 251 253
f 499 229 493
f 874 847 402
f 874 945 900
f 338 802 828
f 1684 2063 1680
f 1684 1690 2063
f 2073 2110 2111
f 2073 2072 2111
f 2073 2071 2072
f 1894 1471 581
f 1916 1903 1893
f 2031 2039 2033
f 2031 2026 2033
f 2045 2043 2046
f 1655 1667 2043
f 2067 2075 2066
f 2067 2066 2062
f 2067 2060 2062
f 1679 1673 2062
f 2053 2046 2051
f 2053 2055 2051
f 1635 1629 2026
f 1635 2026 2033
f 241 519 11
f 241 250 519
f 527 250 519
f 527 519 537
f 33 241 250
f 141 155 316
f 265 58 64
f 318 155 316
f 848 829 369
f 39 254 38
f 39 254 41
f 44 34 10
f 44 240 10
f 44 34 240
f 35 253 38
f 35 34 253
f 259 529 522
f 515 243 510
f 233 499 229
f 961 945 900
f 961 932 900
f 965 956 980
f 965 975 499
f 965 956 493
f 965 499 493
f 505 975 499
f 505 233 499
f 213 209 402
f 225 229 493
f 457 221 217
f 457 932 900
f 856 887 828
f 856 802 828
f 856 830 802
f 911 874 945
f 911 847 887
f 911 874 847
f 321 338 802
f 368 209 205
f 368 338 205
f 368 209 402
f 368 338 828
f 368 847 828
f 368 847 402
f 1486 1894 996
f 1501 1509 1921
f 1974 1980 1984
f 1920 1916 1921
f 2027 2026 2025
f 2027 2031 2026
f 2040 2039 2043
f 2040 2045 2043
f 1653 2038 1649
f 1653 2043 2038
f 1653 1655 2043
f 2068 2075 2076
f 2068 2067 2075
f 1683 1685 2062
f 1683 1679 2062
f 1643 2038 1649
f 1643 2033 2038
f 1593 1583 1989
f 2011 2004 1607
f 1933 1526 1939
f 1491 1889 1484
f 1470 1889 873
f 252 33 250
f 53 33 11
f 53 241 11
f 53 33 241
f 49 257 42
f 301 141 125
f 301 141 316
f 70 78 273
f 263 265 58
f 263 49 58
f 263 49 257
f 275 78 273
f 283 280 90
f 322 320 781
f 322 803 781
f 176 198 320
f 176 318 320
f 732 318 316
f 403 848 369
f 403 214 427
f 875 848 912
f 875 403 427
f 875 403 848
f 210 403 369
f 580 1470 873
f 580 1470 1889
f 506 986 976
f 1441 1464 1893
f 281 529 581
f 1482 1373 996
f 1482 1486 996
f 1482 1486 1894
f 952 1894 996
f 272 69 266
f 108 124 284
f 282 108 106
f 282 108 284
f 989 529 522
f 989 515 522
f 989 529 581
f 989 1471 581
f 247 515 243
f 247 259 522
f 247 515 522
f 592 586 573
f 628 615 623
f 631 282 284
f 631 282 623
f 970 956 980
f 970 932 956
f 970 961 932
f 237 505 233
f 237 243 510
f 237 505 510
f 992 1007 975
f 992 965 980
f 992 965 975
f 481 225 221
f 481 457 221
f 481 225 493
f 481 457 932
f 481 956 493
f 481 932 956
f 426 457 217
f 426 213 217
f 426 213 402
f 426 874 402
f 426 874 900
f 426 457 900
f 197 174 319
f 197 321 319
f 317 174 319
f 317 315 731
f 317 154 315
f 317 757 319
f 317 757 731
f 776 757 804
f 776 757 731
f 776 752 731
f 780 757 804
f 780 804 830
f 780 830 802
f 780 321 802
f 780 321 319
f 780 757 319
f 1672 2059 2052
f 2037 1654 2044
f 2037 2036 2044
f 1640 2034 2024
f 2021 2014 1627
f 2009 2005 2008
f 2009 2014 2008
f 2058 2065 2063
f 2058 2059 2063
f 2058 2059 2052
f 2049 1666 2052
f 2049 1666 1654
f 2049 1654 2044
f 2042 2036 2044
f 2042 2049 2044
f 2042 2049 2048
f 2029 2034 2024
f 1914 1909 1893
f 1914 1916 1893
f 1914 1916 1921
f 1914 1501 1921
f 1934 1517 1521
f 1639 1635 2033
f 1639 1643 2033
f 1983 1583 1989
f 1613 2011 1607
f 2013 1619 1629
f 2013 1629 2023
f 1988 1983 1989
f 1520 1933 1526
f 1938 1933 1939
f 995 1491 1484
f 995 1491 1889
f 37 252 33
f 37 42 255
f 37 252 255
f 564 257 255
f 267 70 64
f 267 265 64
f 267 70 273
f 267 602 273
f 84 275 78
f 84 280 90
f 84 275 280
f 107 283 90
f 285 301 125
f 285 107 125
f 285 107 283
f 285 301 674
f 624 283 280
f 339 322 803
f 339 829 369
f 339 803 829
f 888 848 829
f 175 318 155
f 175 176 318
f 708 732 316
f 708 301 316
f 708 301 674
f 758 732 777
f 758 805 781
f 758 320 781
f 758 318 320
f 758 732 318
f 901 458 933
f 901 458 427
f 901 875 427
f 215 214 427
f 215 218 427
f 219 458 222
f 219 458 427
f 219 218 427
f 207 210 369
f 207 339 369
f 207 339 206
f 211 403 214
f 211 210 403
f 227 230 494
f 482 458 222
f 482 458 933
f 482 227 226
f 482 227 494
f 482 957 494
f 482 957 933
f 523 516 873
f 523 248 516
f 235 506 238
f 500 231 234
f 500 506 976
f 500 235 234
f 500 235 506
f 500 231 230
f 500 230 494
f 1428 1903 1893
f 1392 1396 1903
f 1241 281 278
f 1241 281 852
f 269 259 529
f 269 281 529
f 1901 1482 1483
f 1901 1909 1893
f 681 952 996
f 931 1894 581
f 59 63 264
f 59 262 57
f 59 264 262
f 65 264 266
f 65 63 264
f 65 69 266
f 77 272 274
f 601 272 266
f 1264 989 1254
f 1264 989 1271
f 1264 1418 1271
f 582 592 573
f 582 262 573
f 582 264 262
f 582 592 598
f 279 282 623
f 279 615 623
f 279 615 274
f 620 628 615
f 664 628 623
f 664 631 623
f 1022 1010 1062
f 1022 1345 1027
f 1022 989 1027
f 1022 1010 989
f 1022 1345 1351
f 1022 1321 1062
f 1022 1321 1457
f 1022 1457 1351
f 985 1007 975
f 985 1023 1007
f 985 505 510
f 985 505 975
f 201 197 321
f 201 338 205
f 201 321 338
f 673 631 284
f 673 300 284
f 156 317 174
f 156 317 154
f 1668 1666 2052
f 1668 1672 2052
f 1678 1672 2059
f 1678 2063 1680
f 1678 2059 2063
f 1634 1640 2024
f 1648 2037 1654
f 1648 2037 2034
f 1987 1591 1582
f 1987 1582 1984
f 1618 2014 1627
f 1618 2009 2014
f 1985 1980 1984
f 1985 1987 1984
f 1985 1987 1986
f 2050 2049 2052
f 2050 2049 2048
f 2016 2014 2008
f 2016 2021 2014
f 2016 2021 2020
f 2022 2029 2024
f 2022 2021 2024
f 2022 2021 2020
f 2030 2029 2034
f 1361 1894 1471
f 1361 1353 1471
f 1414 1410 1893
f 1414 1418 1893
f 1414 1418 1271
f 1494 1914 1909
f 1494 1901 1483
f 1494 1901 1909
f 1959 1964 1958
f 1951 1545 1537
f 1951 1943 1537
f 1951 1944 1943
f 1575 1582 1984
f 1575 1974 1984
f 1575 1572 1974
f 1979 1974 1980
f 1966 1964 1958
f 1534 1943 1537
f 1534 1530 1943
f 1924 1934 1517
f 1924 1517 1509
f 1924 1509 1921
f 1924 1929 1930
f 1924 1934 1930
f 1525 1934 1521
f 1936 1944 1943
f 1973 1571 1567
f 1603 2004 1607
f 1603 1599 2004
f 1997 1599 2004
f 1997 1599 1593
f 1617 1613 2011
f 1617 2013 1619
f 1617 2013 2011
f 1563 1556 1963
f 1563 1973 1567
f 1563 1973 1963
f 1947 1942 1533
f 1961 1556 1546
f 1961 1954 1546
f 1961 1556 1963
f 1961 1954 1953
f 2003 1997 2004
f 1008 986 976
f 1008 999 976
f 1890 1889 873
f 1923 1510 1508
f 1923 1497 1913
f 1175 995 1484
f 609 275 273
f 609 602 273
f 583 263 265
f 534 564 255
f 534 252 255
f 534 577 564
f 616 624 622
f 616 624 280
f 616 275 280
f 616 609 275
f 199 202 322
f 199 198 320
f 199 322 320
f 203 339 206
f 203 339 322
f 203 202 322
f 857 803 829
f 857 834 803
f 889 848 912
f 889 888 848
f 831 803 781
f 831 834 803
f 784 758 777
f 784 758 805
f 223 482 222
f 223 482 226
f 245 248 516
f 245 244 516
f 511 506 238
f 511 244 516
f 511 506 986
f 530 580 873
f 530 523 873
f 530 523 260
f 249 523 248
f 249 523 260
f 1232 1441 1027
f 1185 1441 1464
f 1153 989 1027
f 1432 1441 1893
f 1432 1428 1893
f 1432 1232 1441
f 1364 1370 1903
f 1364 1370 1351
f 1375 1381 1351
f 1375 1370 1351
f 1375 1381 1903
f 1375 1370 1903
f 1400 1392 1396
f 1400 1404 1903
f 1400 1396 1903
f 1400 1304 1404
f 1388 1381 1903
f 1388 1392 1903
f 1388 1392 1381
f 1319 1381 1351
f 1319 1304 1027
f 1319 1392 1381
f 1319 1400 1392
f 1319 1400 1304
f 276 281 278
f 276 269 281
f 953 1308 1373
f 953 1373 996
f 953 1308 949
f 1899 1482 1894
f 1899 1901 1482
f 1899 1894 1893
f 1899 1901 1893
f 799 794 581
f 670 681 996
f 71 272 69
f 71 77 272
f 79 83 274
f 79 77 274
f 605 601 612
f 608 601 612
f 608 615 274
f 608 272 274
f 608 601 272
f 608 620 612
f 608 620 615
f 589 601 266
f 589 582 598
f 589 605 598
f 589 605 601
f 589 264 266
f 589 582 264
f 91 282 106
f 91 279 282
f 91 279 89
f 1422 1264 1418
f 1422 1418 1893
f 1187 1181 1893
f 1187 1181 989
f 1212 989 1893
f 1212 1442 1893
f 85 279 89
f 85 83 274
f 85 279 274
f 1039 1010 1062
f 997 985 1023
f 997 1039 1023
f 997 1039 1010
f 997 989 515
f 997 1010 989
f 997 515 510
f 997 985 510
f 698 673 728
f 698 664 631
f 698 673 631
f 707 300 315
f 707 673 300
f 707 315 731
f 707 673 728
f 707 752 728
f 707 752 731
f 126 140 300
f 126 124 284
f 126 300 284
f 142 154 315
f 142 300 315
f 142 140 300
f 1630 1634 2024
f 1630 2021 2024
f 1630 2021 1627
f 1644 1640 2034
f 1644 1648 2034
f 1992 1986 1994
f 1992 1987 1986
f 1992 1987 1591
f 1611 1618 2009
f 1611 2009 2005
f 2007 2005 2008
f 2007 2002 2005
f 2057 2058 2052
f 2057 2050 2052
f 2035 2030 2034
f 2035 2037 2036
f 2035 2037 2034
f 1288 1305 1410
f 1288 1414 1410
f 1382 1894 1893
f 1498 1914 1501
f 1498 1494 1914
f 1553 1959 1545
f 1553 1557 1964
f 1553 1959 1964
f 1955 1959 1545
f 1955 1951 1545
f 1955 1959 1958
f 1950 1951 1944
f 1950 1955 1951
f 1971 1568 1572
f 1971 1572 1974
f 1971 1966 1964
f 1971 1966 1970
f 1971 1970 1974
f 1562 1557 1964
f 1562 1971 1964
f 1562 1971 1568
f 1972 1970 1974
f 1972 1979 1974
f 1922 1924 1929
f 1922 1920 1921
f 1922 1924 1921
f 1937 1525 1530
f 1937 1525 1934
f 1937 1530 1943
f 1937 1936 1943
f 1935 1934 1930
f 1935 1937 1934
f 1935 1937 1936
f 1581 1983 1583
f 1581 1577 1983
f 1977 1577 1983
f 1977 1577 1571
f 1977 1973 1571
f 1975 1977 1973
f 1991 1593 1989
f 1991 1997 1593
f 1529 1942 1533
f 1529 1526 1939
f 1529 1942 1939
f 1940 1938 1939
f 1940 1942 1939
f 1540 1947 1533
f 2010 2011 2004
f 2010 2003 2004
f 2010 2013 2011
f 1996 2003 1997
f 966 981 957
f 966 500 976
f 966 957 494
f 966 500 494
f 993 999 976
f 993 966 976
f 1463 1891 1890
f 1493 1497 1913
f 1504 1923 1508
f 1504 1923 1497
f 1927 1520 1933
f 1927 1510 1520
f 1927 1923 1510
f 1896 1890 1889
f 1896 1900 1890
f 1896 1889 1484
f 1896 1900 1484
f 951 995 1889
f 951 938 1889
f 930 580 1889
f 930 938 1889
f 558 527 537
f 558 560 527
f 562 560 527
f 574 583 263
f 574 263 257
f 574 564 257
f 579 577 564
f 579 574 587
f 579 574 564
f 531 534 252
f 531 527 250
f 531 252 250
f 531 562 566
f 531 562 527
f 571 531 534
f 629 624 622
f 632 699 674
f 632 285 674
f 632 285 283
f 632 624 283
f 860 888 829
f 860 857 829
f 808 805 781
f 808 831 781
f 729 730 708
f 753 708 732
f 753 730 708
f 959 1890 873
f 959 1358 1890
f 998 959 1011
f 998 959 873
f 998 516 873
f 998 511 986
f 998 511 516
f 239 511 238
f 239 511 244
f 261 530 270
f 261 530 260
f 841 580 850
f 841 838 580
f 841 823 850
f 841 838 823
f 832 823 580
f 832 838 580
f 832 838 823
f 1245 1252 1027
f 1245 1428 1252
f 1245 1432 1428
f 1183 1177 1464
f 1183 1185 1464
f 1183 1177 1027
f 1183 1185 1027
f 1191 1185 1441
f 1191 1185 1027
f 1420 1416 1903
f 1360 1364 1903
f 1360 1364 1351
f 1360 1457 1903
f 1360 1457 1351
f 1332 1319 1351
f 682 953 996
f 919 927 1283
f 870 800 852
f 855 865 581
f 839 842 581
f 839 842 824
f 851 855 865
f 851 842 824
f 851 799 824
f 851 842 581
f 851 855 581
f 818 799 824
f 818 824 581
f 818 815 581
f 676 681 581
f 676 670 581
f 676 670 681
f 659 656 996
f 659 670 996
f 659 281 581
f 659 281 656
f 892 897 581
f 1426 1430 1893
f 1426 1422 1893
f 1426 1422 1264
f 1426 1430 1254
f 1426 1264 1254
f 1179 1181 989
f 1179 1172 989
f 1179 1181 1893
f 1179 1172 1893
f 1170 1464 1893
f 1170 1172 1893
f 1170 1172 989
f 1193 1187 989
f 1193 989 1893
f 1193 1187 1893
f 1234 1226 989
f 1234 1240 989
f 1234 1442 1226
f 1248 1430 1254
f 1248 1240 1430
f 1248 989 1254
f 1248 1240 989
f 1438 1442 1893
f 1438 1234 1240
f 1438 1234 1442
f 1221 1226 989
f 1221 1212 989
f 1221 1442 1226
f 1221 1212 1442
f 2001 2000 1994
f 2001 1992 1994
f 2001 2002 2000
f 2001 2002 2005
f 2001 1604 2005
f 1598 2001 1604
f 1598 2001 1992
f 1608 1604 2005
f 1608 1611 2005
f 1294 1305 989
f 1294 1288 989
f 1294 1288 1305
f 1280 1414 1271
f 1280 1288 1414
f 1280 989 1271
f 1280 1288 989
f 1402 1410 1893
f 1402 1305 1410
f 1346 1361 1353
f 1346 1353 1471
f 1346 1371 1361
f 1346 1371 1382
f 1320 1326 989
f 1952 1950 1955
f 1962 1961 1963
f 1981 1988 1983
f 1981 1977 1983
f 1945 1947 1942
f 1945 1940 1942
f 1544 1540 1947
f 1544 1954 1546
f 1544 1947 1954
f 2017 2013 2023
f 1990 1988 1989
f 1990 1991 1989
f 983 966 981
f 983 993 966
f 973 981 957
f 973 971 957
f 947 901 933
f 1439 1463 1890
f 1912 1890 1913
f 1912 1917 1913
f 1372 1890 1376
f 1490 1900 1484
f 1095 1175 995
f 271 277 580
f 271 530 270
f 271 530 580
f 621 616 622
f 621 616 609
f 607 606 602
f 607 609 602
f 607 613 609
f 590 606 602
f 590 267 602
f 590 599 583
f 590 267 265
f 590 583 265
f 572 534 577
f 572 571 534
f 568 531 566
f 568 571 531
f 630 629 624
f 630 632 624
f 630 632 665
f 666 632 699
f 666 632 665
f 702 699 674
f 702 708 674
f 702 729 708
f 756 732 777
f 756 753 732
f 1021 959 1036
f 1021 959 1011
f 1190 1184 1036
f 1239 1232 1027
f 1239 1245 1027
f 1239 1432 1232
f 1239 1245 1432
f 1219 1441 1027
f 1207 1210 1441
f 1207 1210 1027
f 1195 1199 1027
f 1195 1191 1027
f 1195 1199 1441
f 1195 1191 1441
f 1158 1153 1464
f 1158 1153 1027
f 1169 1166 1027
f 1169 1166 1464
f 1150 1153 989
f 1150 1153 1464
f 1156 1162 1464
f 1156 989 1162
f 1424 1428 1903
f 1424 1420 1903
f 1424 1420 1428
f 1260 1420 1269
f 1260 1252 1027
f 1260 1269 1027
f 1260 1428 1252
f 1260 1420 1428
f 1278 1420 1269
f 1278 1269 1027
f 1412 1420 1416
f 1412 1416 1903
f 1412 1278 1420
f 1337 1345 1027
f 1337 1332 1027
f 1337 1345 1351
f 1337 1332 1351
f 1324 1319 1027
f 1324 1332 1027
f 1324 1332 1319
f 774 919 903
f 774 768 281
f 660 650 996
f 690 953 697
f 690 697 281
f 642 634 996
f 1292 927 1283
f 1307 1308 949
f 1307 1300 949
f 943 1300 949
f 943 740 949
f 943 1292 1300
f 943 1292 927
f 943 750 927
f 1281 1273 903
f 1281 919 1283
f 1281 919 903
f 1265 1273 903
f 893 800 903
f 893 870 800
f 833 824 581
f 833 839 581
f 833 839 824
f 872 851 865
f 872 865 581
f 878 851 799
f 878 872 851
f 878 872 581
f 807 818 815
f 807 818 799
f 807 815 581
f 807 799 581
f 712 706 952
f 712 706 581
f 668 670 581
f 668 659 581
f 668 659 670
f 926 931 581
f 909 916 581
f 921 760 931
f 921 926 931
f 921 909 760
f 921 909 916
f 921 916 581
f 921 926 581
f 1164 1162 1464
f 1164 1170 1464
f 1164 989 1162
f 1164 1170 989
f 1436 1240 1430
f 1436 1438 1240
f 1436 1430 1893
f 1436 1438 1893
f 1594 1992 1591
f 1594 1598 1992
f 1366 1361 1894
f 1366 1371 1894
f 1366 1371 1361
f 1377 1382 1894
f 1377 1371 1894
f 1377 1371 1382
f 1339 989 1471
f 1339 1346 1471
f 1339 1346 1382
f 1314 1305 989
f 1314 1320 989
f 1314 1320 1305
f 1957 1955 1958
f 1957 1952 1955
f 1967 1962 1963
f 1967 1973 1963
f 1960 1962 1961
f 1976 1975 1977
f 1976 1981 1977
f 1946 1945 1947
f 2012 2010 2013
f 2012 2017 2013
f 2018 2023 2025
f 2018 2017 2023
f 1995 1990 1991
f 1995 1991 1997
f 1995 1996 1997
f 946 947 901
f 962 947 933
f 1888 1463 1891
f 1072 1660 1036
f 1365 1358 1890
f 1365 1372 1890
f 1365 1372 1358
f 1911 1490 1900
f 1911 1890 1913
f 1911 1900 1890
f 1911 1490 1493
f 1911 1493 1913
f 1931 1938 1933
f 1931 1927 1933
f 1931 1926 1927
f 1918 1923 1913
f 1918 1917 1913
f 738 951 938
f 738 735 951
f 738 735 580
f 817 823 580
f 614 613 609
f 614 621 609
f 594 599 583
f 594 593 583
f 588 574 587
f 588 574 583
f 588 593 583
f 600 590 606
f 600 590 599
f 1024 1028 998
f 1040 998 1011
f 1040 1028 998
f 1040 1021 1011
f 1040 1021 1053
f 1440 1888 1463
f 1440 1184 1463
f 1440 1190 1184
f 1285 1277 1036
f 1285 1303 1036
f 1214 1210 1441
f 1214 1219 1441
f 1214 1210 1027
f 1214 1219 1027
f 1202 1199 1027
f 1202 1207 1027
f 1202 1199 1441
f 1202 1207 1441
f 1161 1166 1464
f 1161 1158 1464
f 1161 1166 1027
f 1161 1158 1027
f 1174 1177 1464
f 1174 1169 1464
f 1174 1177 1027
f 1174 1169 1027
f 1146 1148 989
f 1146 1150 989
f 1146 1148 1464
f 1146 1150 1464
f 1154 1148 1464
f 1154 1156 1464
f 1154 1148 989
f 1154 1156 989
f 1286 1278 1027
f 1286 1412 1278
f 1409 1404 1903
f 1409 1412 1903
f 1409 1286 1412
f 1409 1304 1404
f 1409 1286 1304
f 836 825 281
f 836 840 281
f 846 281 852
f 846 840 281
f 742 740 281
f 742 750 281
f 742 943 740
f 742 943 750
f 726 740 949
f 726 718 949
f 726 740 281
f 726 718 281
f 786 800 903
f 786 774 903
f 755 774 919
f 755 919 927
f 755 750 927
f 755 750 281
f 672 682 996
f 672 660 996
f 672 682 281
f 672 660 281
f 652 650 281
f 652 660 281
f 652 660 650
f 686 682 953
f 686 690 953
f 686 682 281
f 686 690 281
f 636 634 281
f 636 642 281
f 636 642 634
f 644 650 996
f 644 642 996
f 644 650 281
f 644 642 281
f 641 646 996
f 641 646 281
f 649 281 656
f 649 646 281
f 649 656 996
f 649 646 996
f 1255 1246 870
f 859 1246 1241
f 859 1241 852
f 879 893 870
f 879 1255 1257
f 879 1255 870
f 1262 893 1257
f 1262 893 1265
f 895 1265 903
f 895 893 903
f 895 893 1265
f 884 892 897
f 884 878 897
f 884 892 581
f 884 878 581
f 716 720 581
f 716 712 581
f 716 720 952
f 716 712 952
f 693 706 581
f 693 689 581
f 693 706 952
f 693 689 952
f 684 681 952
f 684 689 952
f 684 681 581
f 684 689 581
f 770 773 581
f 770 909 760
f 770 909 773
f 789 799 794
f 789 794 581
f 789 878 799
f 789 878 897
f 789 909 897
f 789 909 773
f 744 739 581
f 744 760 931
f 725 720 952
f 725 720 581
f 939 739 952
f 939 952 1894
f 939 931 1894
f 939 744 931
f 939 744 739
f 905 897 581
f 905 909 581
f 905 909 897
f 1398 1402 1893
f 1398 1394 1893
f 1398 1394 1402
f 1390 1402 1305
f 1390 1394 1402
f 1390 1320 1305
f 1390 1320 1326
f 1390 1394 1893
f 1390 1339 1382
f 1390 1339 1326
f 1333 1326 989
f 1333 1339 989
f 1333 1339 1326
f 1968 1975 1973
f 1968 1967 1973
f 1956 1961 1953
f 1956 1960 1961
f 1948 1954 1953
f 1948 1947 1954
f 1948 1946 1947
f 913 875 912
f 913 901 875
f 913 946 901
f 964 962 933
f 964 957 933
f 964 971 957
f 1369 1363 1036
f 1057 1021 1036
f 1057 1072 1036
f 1057 1021 1053
f 1895 1891 1890
f 1895 1902 1890
f 1910 1912 1890
f 1925 1918 1923
f 1925 1927 1923
f 1925 1926 1927
f 891 896 580
f 925 930 580
f 908 915 580
f 920 925 930
f 920 908 915
f 920 915 580
f 920 925 580
f 877 871 580
f 1013 1008 986
f 1013 998 986
f 1013 1024 998
f 1165 1160 1036
f 1165 1160 1463
f 1176 1173 1463
f 1176 1173 1036
f 1157 1160 1463
f 1157 1160 1036
f 1147 1151 1036
f 1147 1463 1151
f 1887 1440 1888
f 1244 1427 1431
f 1423 1427 1419
f 1350 1369 1036
f 1350 1369 1374
f 1403 1399 1303
f 1296 1304 1027
f 1296 1286 1027
f 1296 1286 1304
f 816 846 840
f 816 800 852
f 816 846 852
f 714 718 281
f 714 710 281
f 714 718 949
f 714 710 949
f 704 710 949
f 704 953 949
f 704 953 697
f 704 697 281
f 704 710 281
f 796 800 281
f 796 786 800
f 779 774 281
f 779 786 281
f 779 786 774
f 764 774 768
f 764 755 774
f 764 768 281
f 764 755 281
f 638 634 281
f 638 641 281
f 638 634 996
f 638 641 996
f 866 870 852
f 866 859 852
f 866 1246 870
f 866 859 1246
f 882 893 1257
f 882 879 1257
f 882 879 893
f 763 760 581
f 763 770 581
f 763 770 760
f 783 773 581
f 783 789 581
f 783 789 773
f 749 760 581
f 749 744 581
f 749 744 760
f 736 739 952
f 736 725 952
f 736 739 581
f 736 725 581
f 1386 1382 1893
f 1386 1390 1893
f 1386 1390 1382
f 1413 1407 1890
f 1904 1902 1890
f 1904 1910 1890
f 489 835 485
f 489 490 835
f 822 835 485
f 822 819 485
f 822 819 835
f 658 669 995
f 640 645 286
f 640 645 995
f 657 647 995
f 639 633 995
f 948 1095 1094
f 854 580 850
f 854 864 850
f 854 864 580
f 867 871 580
f 867 864 580
f 867 864 850
f 867 877 850
f 867 877 871
f 904 896 580
f 904 908 580
f 904 908 896
f 798 877 850
f 798 823 850
f 798 817 823
f 759 920 930
f 759 920 908
f 883 891 896
f 883 877 896
f 883 891 580
f 883 877 580
f 1168 1173 1036
f 1168 1165 1036
f 1168 1173 1463
f 1168 1165 1463
f 1182 1184 1036
f 1182 1176 1036
f 1182 1184 1463
f 1182 1176 1463
f 1152 1149 1463
f 1152 1157 1463
f 1152 1149 1036
f 1152 1157 1036
f 1145 1149 1036
f 1145 1147 1036
f 1145 1149 1463
f 1145 1147 1463
f 1661 1427 1431
f 1661 1440 1431
f 1661 1887 1440
f 1661 1423 1427
f 1661 1423 1419
f 1661 1403 1399
f 1661 1369 1374
f 1661 1369 1363
f 1661 1660 1036
f 1661 1363 1036
f 1194 1440 1190
f 1194 1190 1036
f 1231 1440 1431
f 1259 1427 1419
f 1411 1661 1419
f 1411 1419 1277
f 1411 1285 1277
f 1380 1350 1374
f 1380 1661 1374
f 820 836 840
f 820 816 840
f 820 836 825
f 820 825 281
f 820 816 281
f 812 800 281
f 812 816 281
f 812 816 800
f 790 786 281
f 790 796 281
f 790 796 786
f 1379 1372 1376
f 1379 1890 1376
f 1352 959 1358
f 1417 1263 1421
f 1417 1421 1890
f 1417 1413 1890
f 1186 1180 959
f 1186 1192 1439
f 1186 1439 1463
f 1186 1180 1463
f 1203 1205 1439
f 1203 1192 1439
f 1203 1205 959
f 1203 1192 959
f 1155 1151 1036
f 1155 1463 1151
f 1211 1205 1439
f 1211 1205 959
f 1425 1263 1421
f 1425 1421 1890
f 1425 1429 1890
f 1437 1439 1890
f 837 1077 490
f 837 490 835
f 837 819 813
f 837 819 835
f 477 819 813
f 655 658 995
f 655 286 277
f 655 277 580
f 655 658 580
f 667 669 580
f 667 658 580
f 667 658 669
f 637 633 995
f 637 640 995
f 688 705 951
f 688 683 951
f 688 683 580
f 680 683 580
f 680 683 951
f 680 951 995
f 680 669 995
f 711 705 580
f 711 715 580
f 711 705 951
f 711 715 951
f 719 715 951
f 719 715 580
f 671 297 679
f 671 679 995
f 671 657 995
f 296 671 297
f 635 639 633
f 643 647 995
f 643 639 995
f 924 1088 1091
f 924 1092 1091
f 299 297 679
f 308 723 311
f 806 798 580
f 806 798 817
f 743 738 580
f 743 759 930
f 743 930 938
f 743 738 938
f 1395 1391 1399
f 1395 1661 1399
f 1395 1661 1391
f 1206 1201 1036
f 1206 1209 1036
f 1206 1201 1440
f 1206 1209 1440
f 1213 1218 1440
f 1213 1209 1440
f 1213 1218 1036
f 1213 1209 1036
f 1198 1201 1440
f 1198 1194 1440
f 1198 1201 1036
f 1198 1194 1036
f 1238 1244 1431
f 1238 1231 1431
f 1238 1244 1036
f 1238 1231 1036
f 1223 1218 1440
f 1223 1231 1440
f 1223 1218 1036
f 1223 1231 1036
f 1251 1244 1036
f 1251 1259 1036
f 1251 1244 1427
f 1251 1259 1427
f 1268 1419 1277
f 1268 1259 1419
f 1268 1277 1036
f 1268 1259 1036
f 1408 1411 1285
f 1408 1285 1303
f 1408 1403 1303
f 1408 1661 1403
f 1408 1411 1661
f 1387 1661 1391
f 1387 1380 1391
f 1387 1380 1661
f 1318 1380 1391
f 1318 1380 1350
f 1318 1399 1303
f 1318 1391 1399
f 1318 1350 1036
f 1318 1303 1036
f 1385 1389 1890
f 1385 1379 1890
f 1385 1379 1389
f 1397 1401 1890
f 1405 1407 1890
f 1405 1401 1890
f 1302 1405 1407
f 1188 1192 959
f 1188 1186 959
f 1188 1186 1192
f 1167 1163 1463
f 1167 1171 1463
f 1167 1163 959
f 1167 1171 959
f 1178 1180 959
f 1178 1171 959
f 1178 1180 1463
f 1178 1171 1463
f 1159 1155 1036
f 1159 959 1036
f 1159 1163 959
f 1159 1163 1463
f 1159 1155 1463
f 1233 1225 959
f 1233 1237 959
f 1233 1225 1439
f 1233 1437 1439
f 1233 1437 1237
f 1253 1425 1263
f 1253 1425 1429
f 1253 1263 959
f 1220 1225 1439
f 1220 1225 959
f 1435 1429 1890
f 1435 1437 1890
f 1435 1237 1429
f 1435 1437 1237
f 845 837 813
f 845 837 1077
f 1085 890 1083
f 876 890 869
f 876 1081 1083
f 876 1081 869
f 476 477 813
f 480 819 485
f 480 477 819
f 648 645 286
f 648 655 286
f 648 645 995
f 648 655 995
f 692 688 580
f 692 688 705
f 675 669 580
f 675 680 580
f 675 680 669
f 724 735 580
f 724 719 580
f 724 735 951
f 724 719 951
f 651 657 647
f 651 296 657
f 661 671 657
f 661 296 657
f 661 296 671
f 288 640 286
f 288 637 640
f 291 643 639
f 291 643 647
f 291 635 639
f 449 771 459
f 449 771 444
f 761 771 754
f 761 444 432
f 761 754 432
f 787 474 459
f 918 924 1088
f 918 1088 1087
f 918 1087 902
f 918 924 754
f 918 771 902
f 918 771 754
f 737 432 311
f 950 679 995
f 950 1095 995
f 950 948 1095
f 685 299 679
f 685 950 679
f 814 817 580
f 814 806 580
f 814 806 817
f 748 759 580
f 748 743 580
f 748 743 759
f 793 798 580
f 769 759 908
f 788 908 896
f 788 877 896
f 788 798 877
f 788 793 798
f 788 782 580
f 788 793 580
f 1393 1401 1389
f 1393 1397 1401
f 1393 1389 1890
f 1393 1397 1890
f 1313 1401 1389
f 1313 1405 1401
f 1313 1302 1405
f 1313 1302 959
f 1247 1237 1429
f 1247 1253 1429
f 1247 1237 959
f 1247 1253 959
f 1215 1211 1439
f 1215 1220 1439
f 1215 1211 959
f 1215 1220 959
f 849 1077 1078
f 849 845 1077
f 849 1079 1078
f 849 845 813
f 863 1081 869
f 863 849 869
f 1086 1087 902
f 1086 1085 902
f 894 890 902
f 894 1085 902
f 894 1085 890
f 881 890 1083
f 881 876 1083
f 881 876 890
f 700 705 580
f 700 692 580
f 700 692 705
f 294 291 647
f 294 651 647
f 294 651 296
f 289 635 633
f 289 291 635
f 289 637 633
f 289 288 637
f 767 771 444
f 767 761 444
f 767 761 771
f 785 787 459
f 785 771 902
f 797 474 475
f 797 890 869
f 797 890 902
f 797 785 902
f 797 849 813
f 797 849 869
f 747 924 754
f 747 754 432
f 733 948 723
f 733 737 948
f 733 723 311
f 733 737 311
f 940 737 948
f 940 747 924
f 940 924 1092
f 940 1092 1094
f 940 948 1094
f 709 713 948
f 717 308 723
f 717 948 723
f 717 713 948
f 307 709 305
f 307 709 713
f 307 717 308
f 307 717 713
f 687 950 696
f 687 685 950
f 762 759 580
f 762 769 580
f 762 769 759
f 772 782 580
f 772 769 580
f 772 788 782
f 772 769 908
f 772 788 908
f 1338 1379 1389
f 1293 1302 959
f 1293 1302 1407
f 1293 1413 1407
f 1270 1279 1413
f 1270 1417 1263
f 1270 1417 1413
f 1270 1263 959
f 1270 1279 959
f 1080 863 1081
f 858 849 1079
f 858 863 849
f 858 1080 1079
f 858 1080 863
f 778 771 459
f 778 785 459
f 778 785 771
f 795 787 474
f 795 797 474
f 795 785 787
f 795 797 785
f 811 476 475
f 811 797 475
f 811 476 813
f 811 797 813
f 741 940 737
f 741 940 747
f 741 737 432
f 741 747 432
f 703 696 305
f 703 709 305
f 703 709 948
f 703 950 948
f 703 950 696
f 303 687 696
f 303 685 299
f 303 687 685
f 1325 1313 1389
f 1325 1338 1389
f 1343 1372 1358
f 1343 1352 1358
f 1343 1379 1372
f 1343 1338 1379
f 1343 1352 959
f 1343 1338 959
f 1287 1279 959
f 1287 1293 959
f 1287 1279 1413
f 1287 1293 1413
f 304 696 305
f 304 303 696
f 1317 1313 959
f 1317 1325 959
f 1317 1325 1313
f 1330 1338 959
f 1330 1325 959
f 1330 1325 1338
f 1886 2111 2074
f 1886 1693 2074
f 2075 2110 2076
f 2075 2110 2111
f 2075 2111 2074
f 1661 1979 1980
f 1661 2073 2110
f 1661 1929 1930
f 1661 545 537
f 1661 2068 2076
f 1661 2071 2065
f 1661 2110 2076
f 1661 2045 2046
f 1661 576 586
f 1661 559 545
f 1661 1457 1903
f 1661 2040 2039
f 1661 600 606
f 1661 620 612
f 1661 570 576
f 1661 1916 1903
f 1661 561 567
f 1661 570 567
f 1661 2053 2046
f 1661 911 887
f 1661 970 980
f 1661 2022 2020
f 1661 605 612
f 1661 2035 2036
f 1661 2055 2060
f 1661 993 999
f 1661 607 606
f 1661 559 561
f 1661 856 887
f 1661 592 586
f 1661 776 752
f 1661 2073 2071
f 1661 992 980
f 1661 1985 1980
f 1661 2042 2036
f 1661 2031 2039
f 1661 2027 2025
f 1661 2067 2060
f 1661 2053 2055
f 1661 784 777
f 1661 961 945
f 1661 698 664
f 1661 804 830
f 1661 856 830
f 1661 911 945
f 1661 1039 1062
f 1661 776 804
f 1661 2058 2065
f 1661 2050 2048
f 1661 1920 1916
f 1661 2027 2031
f 1661 2040 2045
f 1661 2068 2067
f 1661 1922 1920
f 1661 964 971
f 1661 857 834
f 1661 831 834
f 1661 666 699
f 1661 592 598
f 1661 1321 1062
f 1661 970 961
f 1661 992 1007
f 1661 752 728
f 1661 1986 1994
f 1661 2000 1994
f 1661 698 728
f 1661 2042 2048
f 1661 2016 2008
f 1661 2016 2020
f 1661 2057 2058
f 1661 1966 1958
f 1661 1972 1970
f 1661 1935 1930
f 1661 1008 999
f 1661 1981 1988
f 1661 562 566
f 1661 572 577
f 1661 889 912
f 1661 1321 1457
f 1661 620 628
f 1661 664 628
f 1661 1023 1007
f 1661 1985 1986
f 1661 2002 2000
f 1661 2007 2008
f 1661 2022 2029
f 1661 2030 2029
f 1661 756 777
f 1661 1966 1970
f 1661 1936 1944
f 1661 1976 1975
f 1661 973 981
f 1661 2012 2010
f 1661 558 537
f 1661 1057 1053
f 1661 579 587
f 1661 630 665
f 1661 629 622
f 1661 889 888
f 1661 860 888
f 1661 808 805
f 1661 784 805
f 1661 605 598
f 1661 1039 1023
f 1661 2007 2002
f 1661 2057 2050
f 1661 2035 2030
f 1661 1950 1944
f 1661 1972 1979
f 1661 1922 1929
f 1661 1935 1936
f 1661 1040 1053
f 1661 1940 1938
f 1661 2010 2003
f 1661 1996 2003
f 1661 1990 1988
f 1661 983 981
f 1661 702 699
f 1661 913 912
f 1661 558 560
f 1661 562 560
f 1661 621 622
f 1661 588 587
f 1661 579 577
f 1661 594 599
f 1661 568 566
f 1661 860 857
f 1661 808 831
f 1661 729 730
f 1661 753 730
f 1661 1995 1996
f 1661 1952 1950
f 1661 1957 1958
f 1661 1968 1975
f 1661 1945 1940
f 1661 1956 1953
f 1661 2018 2025
f 1661 983 993
f 1661 973 971
f 1661 1948 1953
f 1661 1888 1891
f 1661 1912 1917
f 1661 1931 1938
f 1661 1918 1917
f 1661 607 613
f 1661 614 613
f 1661 572 571
f 1661 568 571
f 1661 630 629
f 1661 666 665
f 1661 702 729
f 1661 756 753
f 1661 1925 1926
f 1661 1957 1952
f 1661 1967 1962
f 1661 1960 1962
f 1661 1976 1981
f 1661 1946 1945
f 1661 2012 2017
f 1661 2018 2017
f 1661 1995 1990
f 1661 946 947
f 1661 962 947
f 1661 1013 1008
f 1661 1072 1660
f 1661 1895 1891
f 1661 1931 1926
f 1661 1910 1912
f 1661 614 621
f 1661 594 593
f 1661 588 593
f 1661 600 599
f 1661 1024 1028
f 1661 1040 1028
f 1661 1968 1967
f 1661 1956 1960
f 1661 1948 1946
f 1661 913 946
f 1661 964 962
f 1661 1057 1072
f 1661 1895 1902
f 1661 1904 1902
f 1661 1925 1918
f 1661 1013 1024
f 1661 1887 1888
f 1661 1904 1910
f 304 199 198
f 304 141 155
f 304 261 270
f 304 225 229
f 304 10 1
f 304 237 243
f 304 34 10
f 304 35 38
f 304 11 1
f 304 70 64
f 304 1685 1693
f 304 1643 1649
f 304 43 48
f 304 1678 1680
f 304 1562 1557
f 304 58 64
f 304 235 238
f 304 50 57
f 304 1886 1693
f 304 1684 1680
f 304 1683 1685
f 304 1613 1607
f 304 33 11
f 304 49 42
f 304 213 217
f 304 231 230
f 304 50 48
f 304 209 205
f 304 1690 1886
f 304 201 205
f 304 1553 1557
f 304 1667 1673
f 304 1545 1537
f 304 1679 1673
f 304 1639 1635
f 304 1510 1508
f 304 84 90
f 304 1262 1257
f 304 219 222
f 304 1482 1483
f 304 43 41
f 304 39 38
f 304 1241 278
f 304 233 229
f 304 221 217
f 304 91 106
f 304 1684 1690
f 304 1668 1666
f 304 1618 1627
f 304 1655 1667
f 304 1653 1649
f 304 1619 1629
f 304 1635 1629
f 304 1571 1567
f 304 1581 1583
f 304 1520 1526
f 304 1608 1604
f 304 141 125
f 304 37 42
f 304 107 90
f 304 215 214
f 304 203 206
f 304 249 248
f 304 65 69
f 304 71 69
f 304 39 41
f 304 35 34
f 304 108 124
f 304 247 243
f 304 213 209
f 304 225 221
f 304 1666 1654
f 304 1648 1654
f 304 1501 1509
f 304 1591 1582
f 304 1517 1509
f 304 1653 1655
f 304 1683 1679
f 304 1575 1582
f 304 1525 1521
f 304 1593 1583
f 304 1617 1619
f 304 1175 1484
f 304 49 58
f 304 70 78
f 304 176 198
f 304 175 155
f 304 207 206
f 304 211 214
f 304 227 230
f 304 239 238
f 304 1482 1373
f 304 59 57
f 304 108 106
f 304 247 259
f 304 237 233
f 304 197 174
f 304 85 83
f 304 156 174
f 304 142 154
f 304 1307 1308
f 304 1517 1521
f 304 1498 1501
f 304 1494 1483
f 304 1534 1537
f 304 1639 1643
f 304 1599 1593
f 304 1603 1607
f 304 1556 1546
f 304 1529 1526
f 304 1563 1567
f 304 37 33
f 304 84 78
f 304 107 125
f 304 432 311
f 304 175 176
f 304 215 218
f 304 219 218
f 304 207 210
f 304 211 210
f 304 227 226
f 304 231 234
f 304 245 248
f 304 223 222
f 304 235 234
f 304 276 278
f 304 269 259
f 304 1308 1373
f 304 59 63
f 304 65 63
f 304 271 270
f 304 79 83
f 304 201 197
f 304 126 124
f 304 156 154
f 304 1668 1672
f 304 1678 1672
f 304 1634 1640
f 304 1630 1627
f 304 1644 1640
f 304 1598 1604
f 304 1568 1572
f 304 1575 1572
f 304 1534 1530
f 304 1525 1530
f 304 1577 1571
f 304 1603 1599
f 304 1617 1613
f 304 1563 1556
f 304 1510 1520
f 304 1544 1546
f 304 1504 1508
f 304 1095 1175
f 304 199 202
f 304 203 202
f 304 223 226
f 304 245 244
f 304 249 260
f 304 276 269
f 304 1255 1257
f 304 71 77
f 304 79 77
f 304 91 89
f 304 85 89
f 304 126 140
f 304 142 140
f 304 1630 1634
f 304 1644 1648
f 304 1611 1618
f 304 1498 1494
f 304 1553 1545
f 304 1562 1568
f 304 1581 1577
f 304 1529 1533
f 304 1540 1533
f 304 1493 1497
f 304 1504 1497
f 304 1490 1484
f 304 489 485
f 304 239 244
f 304 261 260
f 304 1292 1283
f 304 1281 1283
f 304 1246 1241
f 304 1608 1611
f 304 1544 1540
f 304 1490 1493
f 304 1095 1094
f 304 1594 1591
f 304 271 277
f 304 1292 1300
f 304 1307 1300
f 304 1281 1273
f 304 1265 1273
f 304 444 432
f 304 1594 1598
f 304 1088 1087
f 304 299 297
f 304 286 277
f 304 1255 1246
f 304 1262 1265
f 304 1077 1078
f 304 308 311
f 304 1092 1094
f 304 474 459
f 304 1077 490
f 304 489 490
f 304 1079 1078
f 304 476 475
f 304 1086 1087
f 304 1092 1091
f 304 1088 1091
f 304 480 485
f 304 1081 1083
f 304 449 459
f 304 474 475
f 304 296 297
f 304 1080 1081
f 304 289 288
f 304 307 305
f 304 1085 1083
f 304 476 477
f 304 480 477
f 304 288 286
f 304 294 296
f 304 449 444
f 304 1086 1085
f 304 294 291
f 304 289 291
f 304 307 308
f 304 1080 1079
f 304 303 299
