v -0.018496043 -0.003802239 0.09
v -0.018496043 0.00266421 0.09
v -0.018496043 0.002682833 0.09
v -0.018496043 0.002702589 0.09
v -0.018496043 0.002723244 0.09
v -0.018496043 0.002788128 0.09
v -0.018496043 0.002831356 0.09
v -0.018496043 0.002852271 0.09
v -0.018496043 0.003803769 0.09
v -0.018496042 -0.002833632 0.09
v -0.018496042 -0.002812222 0.09
v -0.018496042 -0.00279049 0.09
v -0.018496042 -0.002747004 0.09
v -0.018496042 -0.00272574 0.09
v -0.018496042 -0.00270513 0.09
v -0.018496042 -0.002685417 0.09
v -0.018496042 -0.002666835 0.09
v -0.018496042 0.002744553 0.09
v -0.018496042 0.002766263 0.09
v -0.018496042 0.002809903 0.09
v -0.018496041 -0.00276867 0.09
v -0.018487149 -0.004013304 0.09
v -0.018487145 0.004013389 0.09
v -0.018485814 -0.004042872 0.09
v -0.018485814 0.004042874 0.09
v -0.018485156 -0.004048936 0.09
v -0.018471617 0.004172597 0.09
v -0.018470989 -0.004178379 0.09
v -0.018470989 0.004178377 0.09
v -0.018470076 -0.004184163 0.09
v -0.018450176 0.004309312 0.09
v -0.018449297 0.004314879 0.09
v -0.018449295 -0.004314885 0.09
v -0.018448135 -0.004320445 0.09
v -0.018421631 0.004446516 0.09
v -0.018420501 0.004451933 0.09
v -0.018420497 -0.004451943 0.09
v -0.018419087 -0.00445734 0.09
v -0.018385802 0.004583732 0.09
v -0.018384408 0.004589065 0.09
v -0.018384405 -0.004589079 0.09
v -0.018382729 -0.00459438 0.09
v -0.018342552 0.004720457 0.09
v -0.018340871 0.004725776 0.09
v -0.018340863 -0.004725793 0.09
v -0.018338894 -0.004731068 0.09
v -0.018291794 0.004856167 0.09
v -0.018289787 0.004861544 0.09
v -0.01828978 -0.004861565 0.09
v -0.018287475 -0.004866882 0.09
v -0.018233493 0.004990326 0.09
v -0.018231108 0.00499583 0.09
v -0.018231097 -0.004995854 0.09
v -0.0182284 -0.005001282 0.09
v -0.018167667 0.005122388 0.09
v -0.018164837 0.005128084 0.09
v -0.018164822 -0.005128111 0.09
v -0.018161663 -0.005133712 0.09
v -0.018097052 -0.003673937 0.091096215
v -0.018095789 0.003673506 0.091099687
v -0.018094397 0.005251809 0.09
v -0.018091043 0.005257755 0.09
v -0.018091022 -0.005257785 0.09
v -0.018087316 -0.005263613 0.09
v -0.018013815 0.005378047 0.09
v -0.018009844 0.005384292 0.09
v -0.018009821 -0.005384324 0.09
v -0.018005474 -0.005390425 0.09
v -0.017926117 0.005500574 0.09
v -0.017921428 0.005507154 0.09
v -0.017921401 -0.005507189 0.09
v -0.017916305 -0.005513594 0.09
v -0.017831559 0.005618884 0.09
v -0.01782604 0.005625821 0.09
v -0.017826007 -0.005625859 0.09
v -0.01782005 -0.005632584 0.09
v -0.017730444 0.005732493 0.09
v -0.017723977 0.005739794 0.09
v -0.017723941 -0.005739832 0.09
v -0.017717003 -0.005746879 0.09
v -0.017623134 0.005840954 0.09
v -0.017615601 0.005848606 0.09
v -0.017615559 -0.005848647 0.09
v -0.017607521 -0.005855996 0.09
v -0.017510035 0.005943856 0.09
v -0.017501316 0.005951831 0.09
v -0.017501268 -0.005951871 0.09
v -0.017492012 -0.005959488 0.09
v -0.017391594 0.006040833 0.09
v -0.017381574 0.006049081 0.09
v -0.017381523 -0.006049122 0.09
v -0.017370936 -0.006056953 0.09
v -0.017268296 0.006131565 0.09
v -0.017256868 0.00614002 0.09
v -0.01725681 -0.006140061 0.09
v -0.017244788 -0.006148035 0.09
v -0.017215792 -0.003586969 0.093489714
v -0.017215792 0.003586971 0.093489714
v -0.017196447 -0.003719869 0.093502685
v -0.017196447 0.003719867 0.093502685
v -0.017171063 0.003853994 0.093513638
v -0.017171061 -0.003854 0.093513638
v -0.017140656 0.006215786 0.09
v -0.017139459 0.003988934 0.093522452
v -0.017139457 -0.003988944 0.093522452
v -0.017127725 0.006224365 0.09
v -0.017127662 -0.006224405 0.09
v -0.017114113 -0.006232434 0.09
v -0.017101496 0.004124242 0.093529008
v -0.017101493 -0.004124256 0.093529008
v -0.017057067 0.004259446 0.093533188
v -0.017057061 -0.004259462 0.093533188
v -0.017009209 0.006293279 0.09
v -0.017006107 0.004394049 0.093534909
v -0.017006099 -0.004394069 0.093534909
v -0.016994692 0.006301885 0.09
v -0.016994622 -0.006301922 0.09
v -0.016979472 -0.006309905 0.09
v -0.016948598 0.00452754 0.093534075
v -0.016948586 -0.004527564 0.093534075
v -0.016884565 0.004659394 0.093530618
v -0.016884552 -0.004659421 0.093530618
v -0.016874506 0.006363882 0.09
v -0.016858336 0.006372404 0.09
v -0.016858262 -0.00637244 0.09
v -0.01684145 -0.006380264 0.09
v -0.016814092 0.00478908 0.093524493
v -0.016814075 -0.00478911 0.093524493
v -0.016737305 0.004916067 0.093515664
v -0.016737282 -0.0049161 0.093515657
v -0.016737107 0.006427489 0.09
v -0.01671924 0.006435807 0.09
v -0.01671916 -0.006435841 0.09
v -0.016700648 -0.006443384 0.09
v -0.016654382 0.005039831 0.093504116
v -0.016654357 -0.005039867 0.093504108
v -0.016645407 0.0 0.095084578
v -0.016644431 -6.5367e-05 0.09508726
v -0.016644431 6.5367e-05 0.09508726
v -0.016641511 -0.000130236 0.095095284
v -0.016641511 0.000130236 0.095095284
v -0.016636666 -0.000194114 0.095108591
v -0.016636666 0.000194114 0.095108591
v -0.016629938 -0.000256515 0.095127083
v -0.016629938 0.000256515 0.095127083
v -0.016621374 -0.000316964 0.095150612
v -0.016621374 0.000316964 0.095150612
v -0.016611042 -0.000375 0.095178999
v -0.016611042 0.000375 0.095178999
v -0.016599016 -0.000430182 0.095212035
v -0.016599016 0.000430182 0.095212035
v -0.016597572 0.006484049 0.09
v -0.016585395 -0.000482091 0.095249467
v -0.016585395 0.000482091 0.095249467
v -0.01657798 0.006492035 0.09
v -0.016577896 -0.006492066 0.09
v -0.016570276 -0.00053033 0.095291004
v -0.016570276 0.00053033 0.095291004
v -0.016565556 0.005159862 0.093489856
v -0.016565526 -0.0051599 0.093489848
v -0.016557667 -0.0064992 0.09
v -0.016553776 -0.000574533 0.095336333
v -0.016553776 0.000574533 0.095336333
v -0.016536236 0.003034095 0.095384523
v -0.016536023 -0.000614364 0.095385112
v -0.016536023 0.000614364 0.095385112
v -0.016517149 -0.000649519 0.09543696
v -0.016517149 0.000649519 0.09543696
v -0.016497301 -0.000679731 0.095491499
v -0.016497301 0.000679731 0.095491499
v -0.016476626 -0.000704769 0.095548302
v -0.016476626 0.000704769 0.095548302
v -0.016471101 0.005275668 0.093472913
v -0.016471067 -0.005275708 0.093472905
v -0.016456459 0.006533558 0.09
v -0.016455283 -0.000724444 0.095606938
v -0.016455283 0.000724444 0.095606938
v -0.016435137 0.00654108 0.09
v -0.016435046 -0.006541108 0.09
v -0.016433436 -0.000738606 0.095666967
v -0.016433436 0.000738606 0.095666967
v -0.016413103 -0.006547702 0.09
v -0.016411249 -0.000747146 0.095727921
v -0.016411249 0.000747146 0.095727921
v -0.016388891 -0.00075 0.095789351
v -0.016388891 0.00075 0.095789351
v -0.016375793 -0.002952665 0.095825337
v -0.016371343 0.005386787 0.093453333
v -0.016371306 -0.005386828 0.093453325
v -0.016366536 -0.000747146 0.095850773
v -0.016366536 0.000747146 0.095850773
v -0.016344348 -0.000738606 0.095911726
v -0.016344348 0.000738606 0.095911726
v -0.016322501 -0.000724444 0.095971756
v -0.016322501 0.000724444 0.095971756
v -0.016314307 0.006576063 0.09
v -0.016301159 -0.000704769 0.096030392
v -0.016301159 0.000704769 0.096030392
v -0.01629127 0.006582989 0.09
v -0.016291178 -0.006583015 0.09
v -0.016280483 -0.000679731 0.096087195
v -0.016280483 0.000679731 0.096087195
v -0.016267547 -0.006588939 0.09
v -0.016266648 0.005492787 0.093431182
v -0.016266605 -0.005492828 0.093431175
v -0.016260635 -0.000649519 0.096141733
v -0.016260635 0.000649519 0.096141733
v -0.016241761 -0.000614364 0.096193589
v -0.016241761 0.000614364 0.096193589
v -0.016224008 -0.000574533 0.096242368
v -0.016224008 0.000574533 0.096242368
v -0.016207509 -0.00053033 0.096287698
v -0.016207509 0.00053033 0.096287698
v -0.01619239 -0.000482091 0.096329235
v -0.01619239 0.000482091 0.096329235
v -0.016178768 -0.000430182 0.096366659
v -0.016178768 0.000430182 0.096366659
v -0.016171649 0.00661166 0.09
v -0.016166743 -0.000375 0.096399695
v -0.016166743 0.000375 0.096399695
v -0.016157417 0.005593276 0.093406558
v -0.01615737 -0.005593318 0.093406543
v -0.016156411 -0.000316964 0.096428089
v -0.016156411 0.000316964 0.096428089
v -0.016147846 -0.000256515 0.096451618
v -0.016147846 0.000256515 0.096451618
v -0.016146935 0.00661786 0.09
v -0.016146836 -0.006617881 0.09
v -0.016141117 -0.000194114 0.096470103
v -0.016141117 0.000194114 0.096470103
v -0.016136274 -0.000130236 0.096483409
v -0.016136274 0.000130236 0.096483409
v -0.016133353 -6.5367e-05 0.096491434
v -0.016133353 6.5367e-05 0.096491434
v -0.016132377 0.0 0.096494116
v -0.016121562 -0.006623009 0.09
v -0.016044086 0.005687905 0.093379557
v -0.016044034 -0.005687948 0.093379542
v -0.016028985 0.006640481 0.09
v -0.01600265 0.006645829 0.09
v -0.016002548 -0.006645847 0.09
v -0.015975697 -0.006650059 0.09
v -0.015927115 0.005776374 0.093350299
v -0.015927058 -0.005776415 0.093350284
v -0.015918963 -0.00269841 0.097080469
v -0.015894137 -0.002929221 0.097121589
v -0.015894137 0.002929222 0.097121589
v -0.015886797 0.006662703 0.09
v -0.015872465 -0.003059098 0.097141929
v -0.015872465 0.003059096 0.097141929
v -0.015858916 0.006667082 0.09
v -0.01585881 -0.006667095 0.09
v -0.015844891 0.003190136 0.097160369
v -0.015844889 -0.003190142 0.097160369
v -0.015830468 -0.00667028 0.09
v -0.015811251 0.003321945 0.097176768
v -0.015811248 -0.003321954 0.097176768
v -0.01580699 0.005858428 0.093318932
v -0.015806926 -0.005858469 0.093318917
v -0.015771421 0.003454098 0.097190991
v -0.015771417 -0.003454111 0.097190991
v -0.01574553 0.006678532 0.09
v -0.015725313 0.003586148 0.097202905
v -0.015725305 -0.003586164 0.097202912
v -0.015716196 0.006681832 0.09
v -0.015716089 -0.006681842 0.09
v -0.015684202 0.005933871 0.093285598
v -0.015684135 -0.00593391 0.093285583
v -0.015672872 0.003717626 0.097212397
v -0.015672864 -0.003717646 0.097212397
v -0.015614096 0.003848046 0.097219348
v -0.015614084 -0.00384807 0.097219348
v -0.015605895 -0.006688194 0.09
v -0.015605605 0.006688203 0.09
v -0.015598692 -0.006688325 0.09
v -0.015574926 0.00669033 0.09
v -0.015559258 0.006002555 0.093250461
v -0.015559186 -0.006002592 0.093250446
v -0.01554902 0.003976914 0.097223662
v -0.015549006 -0.00397694 0.097223662
v -0.015490696 -0.00668992 0.09
v -0.015477731 0.004103726 0.097225279
v -0.015477713 -0.004103756 0.097225279
v -0.015474903 0.006688296 0.09
v -0.015436562 -0.006685529 0.09
v -0.015435981 0.006689367 0.09
v -0.015432661 0.006064389 0.0932137
v -0.015432586 -0.006064424 0.093213677
v -0.015400359 0.004227981 0.097224116
v -0.015400339 -0.004228013 0.097224116
v -0.015384085 0.002348 0.098550037
v -0.015317087 0.004349183 0.097220153
v -0.015317062 -0.004349218 0.097220145
v -0.015304915 0.006119332 0.093175471
v -0.015304835 -0.006119364 0.093175448
v -0.015296675 -0.002283941 0.098790191
v -0.01522814 0.00446685 0.09721335
v -0.015228111 -0.004466887 0.097213343
v -0.015176505 0.006167395 0.093135968
v -0.015176421 -0.006167424 0.093135945
v -0.015133791 0.004580517 0.097203709
v -0.015133757 -0.004580555 0.097203702
v -0.015047908 0.006208637 0.093095377
v -0.01504782 -0.006208662 0.093095347
v -0.015034352 0.004689743 0.097191252
v -0.015034314 -0.004689784 0.097191252
v -0.014930179 0.00479412 0.097176023
v -0.014930136 -0.004794161 0.097176015
v -0.014919576 0.00624316 0.093053862
v -0.014919485 -0.006243182 0.093053833
v -0.0149 -0.00075 0.090374999
v -0.0149 -0.000747146 0.090309635
v -0.0149 -0.000747146 0.09044037
v -0.0149 -0.000738606 0.090244763
v -0.0149 -0.000738606 0.090505235
v -0.0149 -0.000724444 0.090180889
v -0.0149 -0.000724444 0.090569116
v -0.0149 -0.000704769 0.090118483
v -0.0149 -0.000704769 0.090631515
v -0.0149 -0.000679731 0.090058036
v -0.0149 -0.000679731 0.090691961
v -0.0149 -0.000649519 0.090000004
v -0.0149 -0.000649519 0.090750001
v -0.0149 -0.000649517 0.09
v -0.0149 -0.000614364 0.09080518
v -0.0149 -0.000574533 0.090857089
v -0.0149 -0.000535555 0.09
v -0.0149 -0.00053033 0.090905331
v -0.0149 -0.000482091 0.090949535
v -0.0149 -0.000446907 0.09
v -0.0149 -0.000430182 0.090989366
v -0.0149 -0.000375 0.091024518
v -0.0149 -0.000374997 0.09
v -0.0149 -0.000316964 0.09105473
v -0.0149 -0.000314664 0.09
v -0.0149 -0.000262579 0.09
v -0.0149 -0.000256515 0.091079772
v -0.0149 -0.000216506 0.09
v -0.0149 -0.000194114 0.091099441
v -0.0149 -0.000174865 0.09
v -0.0149 -0.000136489 0.09
v -0.0149 -0.000130236 0.091113605
v -0.0149 -0.000100481 0.09
v -0.0149 -6.6122e-05 0.09
v -0.0149 -6.5367e-05 0.091122143
v -0.0149 -3.2808e-05 0.09
v -0.0149 -0.0 0.09
v -0.0149 -0.0 0.090374999
v -0.0149 -0.0 0.091124997
v -0.0149 3.2808e-05 0.09
v -0.0149 6.5367e-05 0.091122143
v -0.0149 6.6122e-05 0.09
v -0.0149 0.000100481 0.09
v -0.0149 0.000130236 0.091113605
v -0.0149 0.000136489 0.09
v -0.0149 0.000174865 0.09
v -0.0149 0.000194114 0.091099441
v -0.0149 0.000216506 0.09
v -0.0149 0.000256515 0.091079772
v -0.0149 0.000262579 0.09
v -0.0149 0.000314664 0.09
v -0.0149 0.000316964 0.09105473
v -0.0149 0.000374997 0.09
v -0.0149 0.000375 0.091024518
v -0.0149 0.000430182 0.090989366
v -0.0149 0.000446907 0.09
v -0.0149 0.000482091 0.090949535
v -0.0149 0.00053033 0.090905331
v -0.0149 0.000535555 0.09
v -0.0149 0.000574533 0.090857089
v -0.0149 0.000614364 0.09080518
v -0.0149 0.000649517 0.09
v -0.0149 0.000649519 0.090000004
v -0.0149 0.000649519 0.090750001
v -0.0149 0.000679731 0.090058036
v -0.0149 0.000679731 0.090691961
v -0.0149 0.000704769 0.090118483
v -0.0149 0.000704769 0.090631515
v -0.0149 0.000724444 0.090180889
v -0.0149 0.000724444 0.090569116
v -0.0149 0.000738606 0.090244763
v -0.0149 0.000738606 0.090505235
v -0.0149 0.000747146 0.090309635
v -0.0149 0.000747146 0.09044037
v -0.0149 0.00075 0.090374999
v -0.014899676 0.000649517 0.09
v -0.014882509 0.003512032 0.099074244
v -0.014877589 -0.00194241 0.099941619
v -0.014821658 0.004893272 0.097158067
v -0.01482161 -0.004893314 0.097158059
v -0.014810572 0.003636112 0.099082127
v -0.014810555 -0.003636142 0.099082127
v -0.014791938 0.006271109 0.093011618
v -0.014791844 -0.006271128 0.09301158
v -0.01473274 0.003757756 0.099087186
v -0.014732718 -0.003757788 0.099087186
v -0.014727631 0.001803374 0.100353628
v -0.014709207 0.004986865 0.097137481
v -0.014709155 -0.004986906 0.097137474
v -0.014701827 -0.001778366 0.100424521
v -0.014665397 0.006292665 0.092968799
v -0.014665301 -0.006292679 0.092968769
v -0.014649194 0.003876491 0.099089369
v -0.014649169 -0.003876525 0.099089369
v -0.014601287 -0.006280584 0.093064182
v -0.01459327 0.005074607 0.097114354
v -0.014593212 -0.005074648 0.097114339
v -0.014592333 -0.001919939 0.100699656
v -0.014592333 0.001919941 0.100699656
v -0.014565912 0.002041766 0.100735113
v -0.014565911 -0.002041768 0.100735113
v -0.014560157 0.003991858 0.099088632
v -0.014560128 -0.003991894 0.099088632
v -0.014540322 0.006308041 0.092925593
v -0.014533875 0.002164614 0.100768894
v -0.014533874 -0.00216462 0.100768901
v -0.014496098 0.002288132 0.100800842
v -0.014496095 -0.002288141 0.100800842
v -0.014474307 0.005156254 0.097088799
v -0.014474245 -0.005156294 0.097088784
v -0.014465895 0.004103414 0.099084944
v -0.014465862 -0.004103452 0.099084944
v -0.014452488 0.002411947 0.100830778
v -0.014452484 -0.002411959 0.100830778
v -0.014416808 0.00631737 0.092882849
v -0.014402987 0.002535664 0.100858524
v -0.014402979 -0.00253568 0.100858532
v -0.01438454 0.005893382 0.094985627
v -0.014384452 -0.005893408 0.094985597
v -0.01437078 -0.001422797 0.101334065
v -0.014366718 0.00421074 0.099078305
v -0.01436668 -0.004210779 0.099078305
v -0.014352794 0.005231608 0.097060949
v -0.014352727 -0.005231647 0.097060926
v -0.014347568 0.002658872 0.100883938
v -0.01434756 -0.002658891 0.100883938
v -0.014344033 0.006689372 0.09
v -0.014330707 0.001374522 0.101444162
v -0.014320222 0.006689766 0.09
v -0.014308561 0.006689941 0.09
v -0.014286251 0.002781147 0.100906856
v -0.014286239 -0.002781169 0.100906856
v -0.014284326 0.006690275 0.09
v -0.014269776 0.006690457 0.09
v -0.014262966 0.004313443 0.099068739
v -0.014262923 -0.004313484 0.099068731
v -0.014256844 0.00592865 0.094945446
v -0.014256754 -0.005928673 0.094945416
v -0.014253382 -0.002841823 0.100917339
v -0.014245715 0.006690731 0.09
v -0.014229211 0.005300523 0.097030945
v -0.01422914 -0.005300561 0.097030923
v -0.01422801 0.006690914 0.09
v -0.014219088 0.002902055 0.100927137
v -0.014219073 -0.00290208 0.100927144
v -0.014204694 0.006691132 0.09
v -0.014195943 -0.006680846 0.09
v -0.014183653 0.006691309 0.09
v -0.014183327 -0.002961886 0.100936256
v -0.014171427 -0.006681384 0.09
v -0.014161408 0.006691476 0.09
v -0.01415664 -0.006681678 0.09
v -0.014155016 0.004411165 0.099056274
v -0.014154969 -0.004411206 0.099056266
v -0.014146176 0.003021158 0.100944668
v -0.014146158 -0.003021186 0.100944668
v -0.014141846 -0.001126521 0.101963058
v -0.014137155 0.006691638 0.09
v -0.014132083 -0.00668212 0.09
v -0.01412983 0.005957443 0.094904363
v -0.014129736 -0.005957462 0.094904333
v -0.014118077 0.00669175 0.09
v -0.014113935 -0.006682415 0.09
v -0.014107587 -0.003079925 0.100952357
v -0.014104043 0.005362901 0.096998937
v -0.014103969 -0.005362937 0.096998923
v -0.014099592 0.004458056 0.099048972
v -0.014089942 -0.006682767 0.09
v -0.014089018 0.006691899 0.09
v -0.014080057 0.001036465 0.10213282
v -0.014071983 0.006691973 0.09
v -0.014068201 -0.006683052 0.09
v -0.014067654 0.003138019 0.100959316
v -0.014067633 -0.003138049 0.100959323
v -0.014045124 -0.006683322 0.09
v -0.014043273 0.004503583 0.09904097
v -0.014043221 -0.004503625 0.099040963
v -0.014039786 0.006692088 0.09
v -0.014025182 0.00669213 0.09
v -0.014019861 -0.006683583 0.09
v -0.014003891 0.005979933 0.094862543
v -0.014003796 -0.005979948 0.094862506
v -0.013999911 -0.006683764 0.09
v -0.013990031 0.006692205 0.09
v -0.013986112 0.004547714 0.099032275
v -0.013983701 0.003252204 0.100971006
v -0.013983676 -0.003252237 0.100971006
v -0.0139811 -0.000880226 0.102404706
v -0.013977997 0.006692222 0.09
v -0.013977769 0.005418693 0.096965104
v -0.01397769 -0.005418726 0.096965082
v -0.01397047 -0.001129966 0.102409825
v -0.01397047 0.001129967 0.102409825
v -0.013969391 -0.006684003 0.09
v -0.013959457 0.002393005 0.101822883
v -0.013951424 -0.006684123 0.09
v -0.013940347 0.006692248 0.09
v -0.013938786 -0.001239303 0.102462135
v -0.013938786 0.001239302 0.102462135
v -0.013930846 0.006692247 0.09
v -0.013928164 0.004590416 0.09902291
v -0.013928107 -0.004590457 0.099022895
v -0.013918165 0.000771226 0.102577612
v -0.013917303 -0.006684308 0.09
v -0.013914764 -0.006086538 0.094321467
v -0.013901827 0.001349482 0.102513015
v -0.013901825 -0.001349486 0.102513015
v -0.013901757 -0.006684376 0.09
v -0.013894537 0.003363291 0.100979649
v -0.013894508 -0.003363326 0.100979649
v -0.013891372 0.002509386 0.101850405
v -0.01389133 0.006692217 0.09
v -0.013884471 0.006692206 0.09
v -0.013879395 0.005996323 0.094820157
v -0.013879296 -0.005996333 0.094820119
v -0.013869486 0.004631661 0.099012874
v -0.013868188 -0.00067781 0.102714926
v -0.013864143 -0.006684497 0.09
v -0.013859504 0.001460213 0.102562264
v -0.0138595 -0.001460221 0.102562264
v -0.0138512 -0.006684525 0.09
v -0.013850856 0.005467898 0.096929602
v -0.013850773 -0.005467928 0.09692958
v -0.013843565 0.006692112 0.09
v -0.01383939 0.006692099 0.09
v -0.01383007 0.006692068 0.09
v -0.013822054 -0.004115766 0.10001637
v -0.013817748 0.002624085 0.101875164
v -0.01381773 -0.002624112 0.101875164
v -0.013811758 0.001571184 0.102609679
v -0.013811752 -0.001571195 0.102609679
v -0.013811596 0.000562673 0.102870412
v -0.013810475 -0.006684566 0.09
v -0.013810134 0.004671424 0.099002182
v -0.013810073 -0.004671464 0.099002175
v -0.013800421 0.003470874 0.100985192
v -0.013800387 -0.00347091 0.100985192
v -0.013800139 -0.006684566 0.09
v -0.013797612 0.006691934 0.09
v -0.013787949 -0.000510851 0.102935381
v -0.013787084 0.006691881 0.09
v -0.013778881 -0.002680704 0.101886459
v -0.013758559 0.001682067 0.102655053
v -0.013758552 -0.001682081 0.102655061
v -0.013756879 -0.006684516 0.09
v -0.013750168 0.004709682 0.098990858
v -0.013749322 -0.006684499 0.09
v -0.013741482 0.000400565 0.103063047
v -0.013738724 0.002736693 0.101897009
v -0.013738703 -0.002736723 0.101897016
v -0.013732458 -0.000377541 0.103087842
v -0.013723758 0.005510558 0.096892618
v -0.013723672 -0.005510585 0.096892595
v -0.013710783 -0.004207205 0.100004695
v -0.013703929 -0.006684347 0.09
v -0.013701647 0.003574564 0.100987598
v -0.013701608 -0.003574602 0.100987598
v -0.013699912 0.001792522 0.102698199
v -0.013699901 -0.001792539 0.102698207
v -0.013696261 0.000277866 0.103187293
v -0.013694813 -0.00027358 0.103191271
v -0.013689643 0.004746415 0.098978914
v -0.013689577 -0.004746454 0.098978899
v -0.013679291 -0.000543577 0.103211664
v -0.01367929 0.000543578 0.103211664
v -0.013668758 -0.000190851 0.103262857
v -0.013668554 0.00184748 0.102718875
v -0.013668543 -0.001847499 0.102718882
v -0.013666916 0.000184513 0.103267916
v -0.013654479 0.00284681 0.101915836
v -0.013654454 -0.002846841 0.101915844
v -0.013651472 -0.000127773 0.103310347
v -0.013648123 0.000114389 0.103319548
v -0.013641954 0.000633487 0.103282206
v -0.013641953 -0.000633488 0.103282206
v -0.013640248 -8.0621e-05 0.103341185
v -0.013636862 6.476e-05 0.10335049
v -0.01363585 0.0019022 0.102738924
v -0.013635837 -0.001902219 0.102738932
v -0.013632603 -4.3171e-05 0.103362188
v -0.013629716 2.7079e-05 0.103370123
v -0.013628618 0.004781606 0.09896636
v -0.013627467 -1.3352e-05 0.103376299
v -0.01362549 -0.0 0.103381731
v -0.013601797 -0.001956657 0.102758326
v -0.013599731 0.000724026 0.103351556
v -0.013599729 -0.00072403 0.103351556
v -0.013598543 0.003673999 0.100986861
v -0.0135985 -0.003674038 0.100986861
v -0.013596912 0.00554676 0.096854314
v -0.013596823 -0.005546784 0.096854292
v -0.013596227 -0.004293243 0.099990122
v -0.013570443 -1e-09 0.103522882
v -0.013567152 0.00481524 0.098953225
v -0.013567082 -0.004815278 0.09895321
v -0.013566446 0.002010742 0.102777041
v -0.013566431 -0.002010765 0.102777049
v -0.013565229 0.00295404 0.10193155
v -0.013565199 -0.002954074 0.101931557
v -0.013556075 -8.0429e-05 0.103552707
v -0.013556075 8.0429e-05 0.103552707
v -0.01355257 0.000814974 0.10341949
v -0.013552566 -0.000814981 0.103419498
v -0.01354848 -1.2e-08 0.103574194
v -0.013529756 -0.0020645 0.102795072
v -0.013529305 0.000504344 0.103549086
v -0.013529303 -0.000504348 0.103549086
v -0.013511456 0.000123941 0.103646949
v -0.013511455 -0.000123941 0.103646949
v -0.013505302 0.004847308 0.098939516
v -0.013500443 0.000906096 0.103485785
v -0.013500437 -0.000906105 0.103485793
v -0.013491806 0.00211779 0.102812372
v -0.013491788 -0.002117815 0.10281238
v -0.013491468 0.003768846 0.100982979
v -0.013491421 -0.003768886 0.100982971
v -0.013479956 0.000582997 0.103625566
v -0.013479953 -0.000583003 0.103625573
v -0.01347882 -0.004373647 0.099972732
v -0.013474811 0.001587757 0.103201486
v -0.013474798 -0.001587775 0.103201494
v -0.013471226 0.003058005 0.101944067
v -0.013471193 -0.003058041 0.101944067
v -0.01347073 0.005576629 0.096814878
v -0.013470637 -0.005576649 0.096814848
v -0.01346622 -2.9e-08 0.103746854
v -0.013462491 0.000167717 0.103740275
v -0.013462489 -0.000167719 0.103740282
v -0.013452545 -0.002170667 0.102828957
v -0.013443348 0.000997147 0.103550196
v -0.013443341 -0.000997159 0.103550211
v -0.013443128 0.0048778 0.098925255
v -0.013443054 -0.004877836 0.09892524
v -0.01343656 0.003814453 0.100979865
v -0.013425857 0.000661791 0.103700489
v -0.013425851 -0.000661799 0.103700496
v -0.013422531 0.00310865 0.101949103
v -0.013422496 -0.003108686 0.101949103
v -0.013412071 0.002222983 0.102844775
v -0.013412049 -0.00222301 0.102844782
v -0.013409169 0.000211662 0.103832453
v -0.013409166 -0.000211665 0.103832461
v -0.013404458 0.001689436 0.103247389
v -0.013404443 -0.001689457 0.103247397
v -0.013394117 -3.8e-08 0.103878595
v -0.013388845 0.000501062 0.103809357
v -0.01338884 -0.000501068 0.103809364
v -0.013381313 0.001087874 0.103612512
v -0.013381302 -0.001087888 0.10361252
v -0.013380805 0.003858803 0.100975975
v -0.013380754 -0.003858843 0.100975975
v -0.013380686 0.004906711 0.098910466
v -0.013372757 0.003158344 0.10195332
v -0.013372719 -0.003158381 0.101953328
v -0.013367014 0.000740525 0.103773609
v -0.013367007 -0.000740535 0.103773616
v -0.01335901 -0.004448228 0.099952631
v -0.013351496 0.000255678 0.103923216
v -0.01335149 -0.000255682 0.103923224
v -0.013348457 0.001133034 0.103642814
v -0.013348446 -0.001133049 0.103642821
v -0.013345597 0.005600324 0.096774489
v -0.013345502 -0.00560034 0.096774451
v -0.013338438 -9e-09 0.103970766
v -0.013336762 5.8072e-05 0.103969917
v -0.013336756 -5.8074e-05 0.103969932
v -0.01333019 0.005771538 0.096016072
v -0.01332909 0.001789765 0.103290521
v -0.013329072 -0.001789789 0.103290528
v -0.013328752 0.000568776 0.103888772
v -0.013328744 -0.000568785 0.103888787
v -0.013327418 0.002325964 0.102874093
v -0.013327392 -0.002325993 0.1028741
v -0.013324254 0.003901864 0.100971326
v -0.013321945 0.003207047 0.101956718
v -0.013321905 -0.003207084 0.101956718
v -0.013318033 0.004934039 0.098895162
v -0.013317954 -0.004934072 0.09889514
v -0.01331439 0.001178015 0.103672504
v -0.013314378 -0.001178032 0.103672512
v -0.013303464 0.000818989 0.103844695
v -0.013303454 -0.000819001 0.103844702
v -0.013289499 0.00029966 0.104012333
v -0.013289491 -0.000299666 0.10401234
v -0.013273739 7.823e-05 0.104064308
v -0.013273731 -7.8232e-05 0.104064323
v -0.013270138 0.003254717 0.101959288
v -0.013270096 -0.003254755 0.101959288
v -0.013266959 0.003943606 0.100965917
v -0.013266903 -0.003943645 0.10096591
v -0.013264121 0.000636266 0.103966206
v -0.013264111 -0.000636276 0.103966214
v -0.013255225 0.004959782 0.098879367
v -0.013248849 0.001888422 0.103330694
v -0.013248827 -0.001888448 0.103330709
v -0.013242664 0.001267307 0.103729948
v -0.013242649 -0.001267325 0.103729956
v -0.013238056 0.002426385 0.1029002
v -0.013238027 -0.002426416 0.102900207
v -0.013237248 -0.004516836 0.099929944
v -0.013235269 0.000896969 0.103913508
v -0.013235256 -0.000896983 0.103913516
v -0.013223226 0.000343504 0.104099534
v -0.013223216 -0.000343511 0.104099542
v -0.013221873 0.005618035 0.096733302
v -0.013221775 -0.005618047 0.096733272
v -0.013217379 0.003301317 0.101961032
v -0.013217335 -0.003301356 0.101961032
v -0.013208974 0.003984001 0.100959755
v -0.013208153 -6.6e-08 0.104161359
v -0.013206954 0.001937023 0.103349626
v -0.013206931 -0.00193705 0.103349641
v -0.013206584 9.8326e-05 0.104156829
v -0.013206574 -9.8329e-05 0.104156844
v -0.013195019 0.000703353 0.104041405
v -0.013195006 -0.000703365 0.10404142
v -0.013192318 0.004983945 0.098863102
v -0.013192235 -0.004983976 0.09886308
v -0.013174168 0.000572388 0.10411042
v -0.013174155 -0.000572398 0.104110435
v -0.013166294 -0.006684562 0.09
v -0.013166248 0.001355481 0.103784636
v -0.013166229 -0.001355501 0.103784651
v -0.013163909 0.001985085 0.103367761
v -0.013163883 -0.001985113 0.103367776
v -0.013163715 0.003346811 0.101961941
v -0.013163668 -0.00334685 0.101961941
v -0.013162515 0.000974247 0.103979819
v -0.013162499 -0.000974263 0.103979833
v -0.013161167 -0.006684541 0.09
v -0.013152751 0.0003871 0.104184575
v -0.013152738 -0.000387108 0.10418459
v -0.013150351 0.004023027 0.100952856
v -0.013150291 -0.004023066 0.100952849
v -0.013149616 -0.006684491 0.09
v -0.01314423 0.002523909 0.102922991
v -0.013144196 -0.002523942 0.102922998
v -0.013135373 0.000118312 0.104247242
v -0.01313536 -0.000118315 0.104247257
v -0.013129367 0.005006533 0.098846391
v -0.013121536 0.000769856 0.104114138
v -0.01312152 -0.00076987 0.104114152
v -0.01311974 0.002032571 0.103385083
v -0.013119712 -0.0020326 0.103385091
v -0.013113989 -0.004579371 0.099904791
v -0.01310919 0.003391163 0.10196203
v -0.013109141 -0.003391202 0.10196203
v -0.013108202 -0.006684278 0.09
v -0.0131002 0.000630136 0.104187474
v -0.013100185 -0.000630148 0.104187489
v -0.013099887 -0.00562998 0.096691497
v -0.013099887 0.00562998 0.096691497
v -0.013095725 0.002571484 0.102933116
v -0.01309569 -0.002571518 0.102933124
v -0.013094345 -0.006684194 0.09
v -0.013091146 0.004060659 0.100945227
v -0.013085318 0.001050603 0.104043402
v -0.013085299 -0.001050621 0.104043417
v -0.013085283 0.00144227 0.10383638
v -0.013085261 -0.001442293 0.103836395
v -0.013078165 0.000430338 0.10426721
v -0.013078149 -0.000430347 0.104267232
v -0.013074476 0.002079441 0.103401572
v -0.013074446 -0.002079471 0.103401579
v -0.013072279 -1.51e-07 0.104331389
v -0.013067639 0.000288524 0.104306981
v -0.013067623 -0.00028853 0.104306996
v -0.013066423 0.005027552 0.098829255
v -0.013066337 -0.00502758 0.098829225
v -0.013060198 0.000138139 0.104335278
v -0.013060182 -0.000138143 0.104335301
v -0.013053854 0.003434342 0.1019613
v -0.013053803 -0.003434381 0.1019613
v -0.013052015 0.004608306 0.099891357
v -0.013049326 -0.006683881 0.09
v -0.01304621 0.002618215 0.102942377
v -0.013046172 -0.00261825 0.102942385
v -0.013043786 0.000835595 0.104184173
v -0.013043768 -0.00083561 0.104184188
v -0.013043148 0.001485063 0.103861086
v -0.013043123 -0.001485087 0.103861101
v -0.013038287 -0.006683793 0.09
v -0.013031413 0.004096879 0.10093689
v -0.013031348 -0.004096917 0.100936875
v -0.013028148 0.002125659 0.10341721
v -0.013028116 -0.002125689 0.103417225
v -0.013022087 0.000687236 0.104261845
v -0.013022067 -0.000687249 0.10426186
v -0.013003819 0.001125817 0.104104057
v -0.013003796 -0.001125837 0.104104072
v -0.013003539 0.005047014 0.098811708
v -0.012999941 0.001527411 0.103884988
v -0.012999915 -0.001527436 0.103885002
v -0.012999586 0.000473107 0.104347207
v -0.012999566 -0.000473117 0.104347222
v -0.012997756 0.003476317 0.101959743
v -0.012997702 -0.003476356 0.101959743
v -0.012995721 0.002664065 0.102950774
v -0.012995681 -0.002664101 0.102950774
v -0.012990294 -0.006683372 0.09
v -0.01298976 0.004635739 0.099877343
v -0.012989682 -0.004635773 0.099877328
v -0.012988801 0.00032011 0.104390129
v -0.012988782 -0.000320118 0.104390152
v -0.012982178 -0.006683294 0.09
v -0.012981176 0.000157758 0.104420714
v -0.012981158 -0.000157762 0.104420729
v -0.012980785 0.002171186 0.103431992
v -0.012980752 -0.002171217 0.103432007
v -0.012971207 0.00413167 0.100927845
v -0.012961911 0.000900386 0.104251288
v -0.012961889 -0.000900403 0.10425131
v -0.012955688 0.001569282 0.103908055
v -0.012955661 -0.001569308 0.103908069
v -0.012945908 0.001910414 0.103680134
v -0.012945877 -0.001910444 0.103680149
v -0.012944299 0.002709 0.102958292
v -0.012944257 -0.002709036 0.102958299
v -0.012940944 0.00351706 0.101957381
v -0.012940889 -0.003517099 0.101957381
v -0.012940767 0.005064932 0.098793775
v -0.012940679 -0.005064956 0.098793752
v -0.012939963 0.000743534 0.104333311
v -0.012939941 -0.000743549 0.104333334
v -0.01293173 -0.006682758 0.09
v -0.012927354 0.004661635 0.099862792
v -0.012926521 -0.006682699 0.09
v -0.012920753 -1.23e-07 0.104494847
v -0.012918184 0.001199672 0.104161568
v -0.012918158 -0.001199693 0.104161583
v -0.01291715 0.000515295 0.10442432
v -0.012917127 -0.000515306 0.104424343
v -0.012910582 0.004165017 0.100918114
v -0.012910513 -0.004165054 0.100918107
v -0.012910418 0.001610644 0.103930287
v -0.012910388 -0.001610671 0.103930295
v -0.012906192 0.000351276 0.104470417
v -0.01290617 -0.000351285 0.104470439
v -0.012898609 0.001953782 0.103697427
v -0.012898576 -0.001953812 0.103697442
v -0.012898443 0.000177119 0.104503289
v -0.012898421 -0.000177124 0.104503311
v -0.012894103 -1.09e-07 0.104521208
v -0.012894081 -1.09e-07 0.10452123
v -0.012891985 0.002752983 0.10296493
v -0.012891941 -0.002753019 0.102964938
v -0.012891608 0.003178995 0.102464132
v -0.012891558 -0.003179033 0.102464132
v -0.012883472 0.003556544 0.101954207
v -0.012883415 -0.003556583 0.101954207
v -0.0128831 0.00226003 0.103458919
v -0.012883062 -0.002260062 0.103458934
v -0.012878155 0.00508132 0.098775484
v -0.012876074 0.00096405 0.104315281
v -0.012876048 -0.000964069 0.104315296
v -0.01287423 -0.006682044 0.09
v -0.012871744 -0.006682011 0.09
v -0.012864851 0.004685995 0.099847727
v -0.012864769 -0.004686025 0.099847704
v -0.012864158 0.001651467 0.103951648
v -0.012864127 -0.001651494 0.103951655
v -0.01285624 0.006693492 0.09
v -0.012853995 0.000798878 0.104401663
v -0.012853969 -0.000798894 0.104401685
v -0.012849595 0.004196909 0.100907713
v -0.012838821 0.002795982 0.10297069
v -0.012838774 -0.002796019 0.10297069
v -0.012835803 0.003220115 0.102464631
v -0.012835749 -0.003220153 0.102464631
v -0.012831016 0.000556793 0.104498334
v -0.012830989 -0.000556805 0.104498357
v -0.012828605 0.001271955 0.104215756
v -0.012828576 -0.001271977 0.104215771
v -0.012825389 0.003594747 0.101950236
v -0.012825329 -0.003594785 0.101950236
v -0.012819967 0.000381943 0.10454762
v -0.012819941 -0.000381952 0.104547642
v -0.012818494 -0.006681238 0.09
v -0.01281694 0.001691718 0.103972122
v -0.012816906 -0.001691746 0.103972137
v -0.01281575 0.005096194 0.098756857
v -0.012815659 -0.005096215 0.098756827
v -0.012813415 0.00669332 0.09
v -0.012812155 0.000196175 0.104582801
v -0.012812129 -0.000196181 0.104582824
v -0.012802851 0.006693272 0.09
v -0.012802304 0.004708823 0.099832155
v -0.012801144 0.00203847 0.103729345
v -0.012801107 -0.002038501 0.103729352
v -0.012788299 0.004227336 0.100896664
v -0.012788226 -0.004227371 0.100896649
v -0.012786461 0.00102641 0.104375944
v -0.012786432 -0.00102643 0.104375958
v -0.012784852 0.002837967 0.102975562
v -0.012784803 -0.002838004 0.102975562
v -0.012782403 0.001307441 0.10424155
v -0.012782373 -0.001307465 0.104241565
v -0.012781709 0.002345697 0.103482269
v -0.012781668 -0.002345731 0.103482276
v -0.012779304 0.003260061 0.102464281
v -0.012779249 -0.0032601 0.102464281
v -0.012768794 0.00173137 0.103991702
v -0.012768758 -0.001731398 0.103991717
v -0.012764363 0.000853118 0.104466692
v -0.012764334 -0.000853136 0.104466714
v -0.012756665 0.006693041 0.09
v -0.0127536 0.005109574 0.09873791
v -0.012748816 0.006692998 0.09
v -0.012746521 -2.7e-08 0.104656063
v -0.012741362 0.000597493 0.104569048
v -0.012741333 -0.000597506 0.10456907
v -0.012739764 0.004730126 0.099816106
v -0.012739679 -0.004730154 0.099816084
v -0.012735298 0.001342458 0.10426645
v -0.012735264 -0.001342482 0.104266465
v -0.012730304 0.000412031 0.10462153
v -0.012730274 -0.000412041 0.104621552
v -0.012730123 0.002878908 0.102979541
v -0.012730072 -0.002878945 0.102979548
v -0.012726748 0.004256293 0.100884974
v -0.012722485 0.000214877 0.104659013
v -0.012722456 -0.000214883 0.104659043
v -0.012722163 0.003298809 0.102463096
v -0.012722105 -0.003298847 0.102463089
v -0.012719753 0.001770392 0.104010366
v -0.012719716 -0.001770421 0.104010381
v -0.012718237 0.000879779 0.10449791
v -0.012718205 -0.000879797 0.104497924
v -0.0127076 0.003667222 0.101939939
v -0.012707536 -0.00366726 0.101939932
v -0.012700094 0.002120219 0.10375762
v -0.012700052 -0.002120252 0.103757627
v -0.012699784 0.006692704 0.09
v -0.012695277 0.00061751 0.104603097
v -0.012695246 -0.000617524 0.104603119
v -0.012694698 0.006692672 0.09
v -0.012693282 0.001087294 0.104433097
v -0.01269325 -0.001087315 0.104433119
v -0.012691747 0.005121481 0.098718666
v -0.012691653 -0.005121497 0.098718636
v -0.012690313 -0.005346465 0.097907871
v -0.012687319 0.001376979 0.104290441
v -0.012687284 -0.001377004 0.104290456
v -0.012677282 0.004749914 0.099799603
v -0.012676923 0.002427934 0.103501961
v -0.012676876 -0.002427969 0.103501968
v -0.012674679 0.002918776 0.10298264
v -0.012674626 -0.002918813 0.10298264
v -0.012671272 0.00090611 0.104528219
v -0.01267124 -0.000906128 0.104528241
v -0.012669854 0.001808757 0.104028098
v -0.012669815 -0.001808787 0.104028113
v -0.012664998 0.004283774 0.100872666
v -0.012664921 -0.004283807 0.100872651
v -0.012664428 0.003336335 0.10246107
v -0.012664368 -0.003336373 0.10246107
v -0.012648388 0.000637289 0.104636252
v -0.012648355 -0.000637303 0.104636274
v -0.012643431 0.006692313 0.09
v -0.012640985 0.006692295 0.09
v -0.012638499 0.001410982 0.1043135
v -0.012638462 -0.001411008 0.104313515
v -0.012637397 0.000441466 0.104691938
v -0.012637364 -0.000441476 0.10469196
v -0.012629627 0.000233179 0.104731746
v -0.012629594 -0.000233185 0.104731768
v -0.012625807 6.1346e-05 0.104750656
v -0.012625774 -6.1349e-05 0.104750685
v -0.012624971 -0.0 0.104754552
v -0.012623499 0.000932093 0.104557611
v -0.012623465 -0.000932112 0.104557633
v -0.012619131 0.001846437 0.104044899
v -0.012619089 -0.001846467 0.104044914
v -0.012618568 0.002957546 0.102984853
v -0.012618513 -0.002957583 0.102984861
v -0.012614908 0.004768197 0.099782661
v -0.01261482 -0.004768222 0.099782638
v -0.012603099 0.004309779 0.100859754
v -0.012600723 0.000656816 0.104668483
v -0.012600688 -0.00065683 0.104668505
v -0.012596766 0.001146537 0.104486592
v -0.012596729 -0.001146559 0.104486607
v -0.012595759 0.002198791 0.103782162
v -0.012595713 -0.002198825 0.103782177
v -0.01258887 0.001444443 0.104335614
v -0.012588832 -0.001444469 0.104335628
v -0.012588371 0.006691871 0.09
v -0.012588232 0.00669187 0.09
v -0.012587998 0.003734344 0.10192658
v -0.01258793 -0.003734381 0.101926565
v -0.012578874 0.001679727 0.104196072
v -0.012578832 -0.001679756 0.104196087
v -0.012574947 0.000957712 0.104586065
v -0.012574909 -0.000957731 0.104586087
v -0.012569106 0.005140965 0.098679371
v -0.012569072 0.002506507 0.103517972
v -0.012569021 -0.002506542 0.103517972
v -0.01256901 -0.005140978 0.098679341
v -0.012567621 0.001883407 0.104060739
v -0.012567578 -0.001883438 0.104060754
v -0.012566308 -1.1e-08 0.104798473
v -0.012563729 0.000834252 0.104640841
v -0.012563691 -0.000834269 0.104640864
v -0.012561836 0.002995195 0.102986187
v -0.012561779 -0.002995232 0.102986187
v -0.012552691 0.00478499 0.099765316
v -0.01255231 0.00067608 0.104699776
v -0.012552273 -0.000676094 0.104699798
v -0.012547381 0.00340764 0.102454558
v -0.012547317 -0.003407677 0.102454551
v -0.012541458 0.000470172 0.104758665
v -0.012541422 -0.000470183 0.104758687
v -0.012541107 0.004334308 0.100846268
v -0.012541026 -0.004334338 0.100846246
v -0.012538466 0.001477339 0.104356766
v -0.012538425 -0.001477365 0.104356781
v -0.012534761 0.006691379 0.09
v -0.012533789 0.000251035 0.104800791
v -0.012533752 -0.000251042 0.10480082
v -0.012530015 7.0564e-05 0.104820766
v -0.012529979 -7.0567e-05 0.104820795
v -0.012527529 0.001714745 0.104213856
v -0.012527485 -0.001714774 0.104213871
v -0.012515362 0.001919641 0.104075626
v -0.012515317 -0.001919672 0.10407564
v -0.012504533 0.003031699 0.102986649
v -0.012504474 -0.003031736 0.102986649
v -0.012500535 0.00519808 0.098480031
v -0.012497159 0.001203981 0.104536265
v -0.012497118 -0.001204004 0.10453628
v -0.012490675 0.004800307 0.099747568
v -0.012490585 -0.004800328 0.099747546
v -0.01248846 0.00227397 0.103802934
v -0.01248841 -0.002274003 0.103802942
v -0.012487322 0.001509648 0.104376949
v -0.012487278 -0.001509675 0.104376964
v -0.01247907 0.004357364 0.100832216
v -0.012478987 -0.004357394 0.100832194
v -0.012475626 0.001007791 0.104640074
v -0.012475585 -0.001007811 0.104640096
v -0.012475455 0.001749083 0.10423068
v -0.01247541 -0.001749112 0.104230694
v -0.012467002 0.003796007 0.101910256
v -0.012466929 -0.003796042 0.101910241
v -0.01246458 0.000879085 0.104697488
v -0.012464539 -0.000879103 0.104697511
v -0.012458502 0.002581206 0.103530258
v -0.012458447 -0.002581241 0.103530265
v -0.012453359 0.000713768 0.104759455
v -0.012453319 -0.000713783 0.104759477
v -0.012448149 -0.005154845 0.09863916
v -0.012446707 0.00306704 0.102986231
v -0.012446646 -0.003067077 0.102986231
v -0.012446279 0.001231982 0.10455963
v -0.012446236 -0.001232005 0.104559645
v -0.012442715 0.00049808 0.10482154
v -0.012442674 -0.000498091 0.10482157
v -0.012435474 0.00154135 0.104396142
v -0.012435428 -0.001541377 0.104396157
v -0.012435195 0.000268402 0.104865991
v -0.012435155 -0.000268409 0.10486602
v -0.012431489 7.9531e-05 0.104887024
v -0.012431449 -7.9535e-05 0.104887053
v -0.012428908 0.004814166 0.099729456
v -0.012428571 0.003473836 0.10244482
v -0.012428503 -0.003473873 0.102444813
v -0.01241704 0.004378953 0.100817628
v -0.012416955 -0.004378981 0.100817606
v -0.012408755 0.001989806 0.104102477
v -0.012408704 -0.001989837 0.104102492
v -0.01240231 0.002617044 0.103535011
v -0.012402253 -0.002617079 0.103535019
v -0.012394725 0.001259479 0.104581997
v -0.01239468 -0.001259502 0.104582012
v -0.012388405 0.003101199 0.102984957
v -0.012388342 -0.003101235 0.102984957
v -0.012382957 0.001572425 0.104414344
v -0.01238291 -0.001572452 0.104414359
v -0.012378532 0.002345557 0.103819892
v -0.012378477 -0.002345591 0.103819899
v -0.012377074 -9.6e-08 0.104925841
v -0.012373566 0.001056222 0.104690127
v -0.012373521 -0.001056242 0.104690142
v -0.012369274 0.001815632 0.104261354
v -0.012369226 -0.001815662 0.104261369
v -0.012367432 0.004826587 0.099710993
v -0.012367338 -0.004826604 0.099710971
v -0.012362746 0.000922468 0.104750156
v -0.012362701 -0.000922486 0.104750179
v -0.012355066 0.004399083 0.100802518
v -0.01235498 -0.00439911 0.100802496
v -0.012351781 0.000750262 0.10481514
v -0.012351737 -0.000750278 0.10481517
v -0.012345573 0.002651846 0.103538834
v -0.012345514 -0.002651882 0.103538841
v -0.012345028 0.003852144 0.101891086
v -0.012344952 -0.003852177 0.101891078
v -0.012342534 0.001286454 0.10460335
v -0.012342487 -0.001286478 0.104603365
v -0.012341407 0.000525124 0.10488043
v -0.012341362 -0.000525135 0.104880452
v -0.012334082 0.000285241 0.104927197
v -0.012334039 -0.000285248 0.104927219
v -0.012330465 8.8227e-05 0.104949288
v -0.012330421 -8.8231e-05 0.104949318
v -0.01232981 0.001602852 0.104431532
v -0.012329761 -0.00160288 0.104431547
v -0.012329679 0.00313416 0.102982827
v -0.012329613 -0.003134196 0.102982827
v -0.012320872 0.005045232 0.099028215
v -0.012308404 0.003534819 0.102431946
v -0.012308332 -0.003534854 0.102431938
v -0.012299629 0.002056754 0.104125403
v -0.012299575 -0.002056786 0.104125418
v -0.012293196 0.004417763 0.100786909
v -0.012293109 -0.004417788 0.100786887
v -0.012289741 0.001312891 0.104623683
v -0.012289693 -0.001312915 0.104623698
v -0.012288338 0.002685595 0.103541739
v -0.012288277 -0.00268563 0.103541739
v -0.012276072 0.001632615 0.104447708
v -0.012276021 -0.001632642 0.104447722
v -0.012270575 0.003165909 0.102979854
v -0.012270508 -0.003165944 0.102979854
v -0.012269035 0.001102887 0.10473609
v -0.012268987 -0.001102907 0.104736112
v -0.012266322 0.002413381 0.10383302
v -0.012266263 -0.002413415 0.103833027
v -0.012260644 0.00187921 0.104288049
v -0.012260591 -0.00187924 0.104288064
v -0.012258488 0.000964298 0.104798734
v -0.012258439 -0.000964316 0.104798757
v -0.012247836 0.000785478 0.104866721
v -0.012247788 -0.000785493 0.104866751
v -0.012245519 0.004847198 0.099673122
v -0.012245423 -0.004847212 0.099673092
v -0.012237788 0.000551241 0.104935192
v -0.01223774 -0.000551252 0.104935214
v -0.012236383 0.001338777 0.10464298
v -0.012236333 -0.001338801 0.104642995
v -0.012231477 0.004435005 0.100770824
v -0.012230699 0.000301511 0.104984269
v -0.012230651 -0.000301518 0.104984291
v -0.012230651 0.002718272 0.103543729
v -0.012230588 -0.002718307 0.103543729
v -0.012227188 9.6632e-05 0.105007418
v -0.01222714 -9.6636e-05 0.10500744
v -0.012222485 0.003902724 0.101869218
v -0.012222405 -0.003902755 0.101869203
v -0.01222178 0.001661695 0.104462869
v -0.012221727 -0.001661723 0.104462884
v -0.012211146 0.003196433 0.102976047
v -0.012211076 -0.003196468 0.102976039
v -0.012188316 0.002120329 0.104144379
v -0.012188259 -0.002120361 0.104144387
v -0.012187285 0.00359052 0.102416046
v -0.012187209 -0.003590553 0.102416039
v -0.012185194 0.000563933 0.104960993
v -0.012185143 -0.000563945 0.104961015
v -0.012182496 0.001364094 0.104661234
v -0.012182443 -0.001364119 0.104661256
v -0.012178236 0.000309422 0.105011217
v -0.012178185 -0.00030943 0.105011247
v -0.012175679 -1.57e-07 0.105040029
v -0.012172559 0.002749863 0.103544801
v -0.012172494 -0.002749897 0.103544801
v -0.012169954 0.004450824 0.100754283
v -0.012169864 -0.004450846 0.100754261
v -0.012166973 0.001690077 0.104476996
v -0.012166918 -0.001690105 0.104477011
v -0.012162315 0.001147678 0.104777895
v -0.012162263 -0.001147699 0.10477791
v -0.012161125 0.00392593 0.101857319
v -0.012161043 -0.00392596 0.101857297
v -0.012152184 0.002477293 0.103842333
v -0.012152121 -0.002477326 0.10384234
v -0.012152082 0.001004479 0.104843117
v -0.01215203 -0.001004498 0.10484314
v -0.012151437 0.003225725 0.10297142
v -0.012151365 -0.003225759 0.102971412
v -0.012149886 0.001939668 0.104310714
v -0.012149829 -0.001939698 0.104310729
v -0.012141791 0.000819335 0.104914092
v -0.012141739 -0.000819351 0.104914114
v -0.012134396 0.004215043 0.101297863
v -0.01213431 -0.004215069 0.101297848
v -0.01213212 0.000576373 0.104985721
v -0.012132068 -0.000576385 0.104985744
v -0.012128226 0.00044313 0.105015241
v -0.012128174 -0.000443139 0.105015263
v -0.012128118 0.001388831 0.104678445
v -0.012128064 -0.001388855 0.104678467
v -0.012125301 0.000317179 0.105037101
v -0.012125252 0.004862327 0.099634118
v -0.01212525 -0.000317186 0.105037123
v -0.012121914 0.000104728 0.1050613
v -0.012121863 -0.000104732 0.105061322
v -0.012114109 0.002780354 0.103544965
v -0.012114041 -0.002780388 0.103544965
v -0.012111693 0.001717745 0.104490101
v -0.012111636 -0.001717773 0.104490116
v -0.012108671 0.004465234 0.100737311
v -0.012099771 0.003947752 0.101844795
v -0.012099687 -0.00394778 0.101844773
v -0.012092574 0.001580671 0.104587868
v -0.012092517 -0.001580698 0.104587875
v -0.012091498 0.003253774 0.102965981
v -0.012091424 -0.003253808 0.102965973
v -0.012088067 0.000835731 0.104936175
v -0.012088013 -0.000835748 0.10493619
v -0.012078601 0.000588554 0.105009377
v -0.012078548 -0.000588566 0.105009399
v -0.012075158 0.002180392 0.104159392
v -0.012075096 -0.002180424 0.1041594
v -0.012073288 0.001412974 0.104694605
v -0.012073231 -0.001412998 0.10469462
v -0.012065612 0.003640902 0.102397263
v -0.012065533 -0.003640933 0.102397248
v -0.012055346 0.002809733 0.103544243
v -0.012055277 -0.002809766 0.103544243
v -0.012053693 0.001190499 0.104815453
v -0.012053636 -0.00119052 0.104815468
v -0.012047671 0.004478253 0.100719921
v -0.012047579 -0.004478273 0.100719899
v -0.012043812 0.001042926 0.104883231
v -0.012043756 -0.001042945 0.104883254
v -0.012038469 0.003968195 0.101831667
v -0.012038385 -0.003968223 0.101831652
v -0.012037331 0.001996878 0.104329348
v -0.01203727 -0.001996908 0.104329355
v -0.012036477 0.002537169 0.103847869
v -0.012036411 -0.002537202 0.103847869
v -0.012033923 0.000851762 0.104957171
v -0.012033866 -0.000851779 0.104957193
v -0.012031377 0.003280576 0.102959745
v -0.012031302 -0.003280608 0.102959737
v -0.012024672 0.00060047 0.105031937
v -0.012024616 -0.000600482 0.10503196
v -0.012020952 0.000462562 0.105062768
v -0.012020896 -0.000462572 0.10506279
v -0.012018155 0.000332211 0.105085596
v -0.0120181 -0.000332219 0.105085626
v -0.012014906 0.000112498 0.105110846
v -0.01201485 -0.000112502 0.105110869
v -0.01201176 0.004248609 0.101266839
v -0.012011671 -0.004248632 0.101266816
v -0.012007274 -0.004742047 0.10000518
v -0.011999869 0.001770885 0.104513206
v -0.011999808 -0.001770913 0.10451322
v -0.011996518 0.006685476 0.09
v -0.011996317 0.00283799 0.103542633
v -0.011996246 -0.002838023 0.103542626
v -0.011981188 0.001630966 0.104613714
v -0.011981128 -0.001630992 0.104613729
v -0.011979392 0.00086742 0.104977079
v -0.011979334 -0.000867437 0.104977101
v -0.011978148 0.002565562 0.103849232
v -0.01197808 -0.002565595 0.103849232
v -0.011977267 0.003987268 0.101817966
v -0.011977181 -0.003987294 0.101817943
v -0.011971123 0.003306126 0.102952734
v -0.011971045 -0.003306158 0.102952726
v -0.011970365 0.000612114 0.105053402
v -0.011970309 -0.000612126 0.105053425
v -0.011962419 0.001459431 0.104723744
v -0.01196236 -0.001459455 0.104723759
v -0.011961948 -8.3e-08 0.10514009
v -0.011960495 0.002236831 0.104170471
v -0.01196043 -0.002236862 0.104170471
v -0.01194377 0.003685965 0.102375723
v -0.011943687 -0.003685994 0.102375709
v -0.011943461 0.001231264 0.104848728
v -0.011943402 -0.001231285 0.104848742
v -0.011937069 0.002865118 0.103540145
v -0.011936996 -0.002865151 0.103540145
v -0.011933965 0.001079563 0.104919031
v -0.011933904 -0.001079582 0.104919054
v -0.011926679 0.004500198 0.100684002
v -0.011926584 -0.004500214 0.100683972
v -0.011924511 0.000882698 0.104995891
v -0.011924451 -0.000882714 0.104995914
v -0.011923313 0.002050732 0.104343951
v -0.011923248 -0.002050761 0.104343958
v -0.011920343 0.004647765 0.100281887
v -0.011919941 0.000760775 0.105035722
v -0.011919881 -0.000760789 0.105035745
v -0.011919562 0.002592913 0.103849672
v -0.011919492 -0.002592945 0.103849672
v -0.011915718 0.000623483 0.105073772
v -0.011915659 -0.000623495 0.105073787
v -0.011912188 0.00048113 0.105105907
v -0.011912129 -0.000481139 0.105105929
v -0.01191078 0.003330423 0.102944955
v -0.011910702 -0.003330454 0.102944948
v -0.01190953 0.00034658 0.105129696
v -0.011909472 -0.000346588 0.105129719
v -0.01190643 0.000119929 0.105155982
v -0.011906371 -0.000119933 0.105156004
v -0.011902708 0.002263661 0.104174539
v -0.011902641 -0.002263692 0.104174547
v -0.011890064 0.004276674 0.101233929
v -0.011889972 -0.004276693 0.1012339
v -0.011886629 0.001821017 0.10453219
v -0.011886564 -0.001821044 0.104532197
v -0.011877648 0.00289111 0.1035368
v -0.011877573 -0.002891142 0.103536792
v -0.011868417 0.001678474 0.104635388
v -0.011868352 -0.0016785 0.104635395
v -0.011860763 0.002619211 0.103849195
v -0.011860691 -0.002619243 0.103849195
v -0.011855339 0.004021342 0.101788901
v -0.011855249 -0.004021365 0.101788878
v -0.011850398 0.003353466 0.102936432
v -0.011850199 0.001503379 0.104748636
v -0.011850134 -0.001503403 0.104748651
v -0.011844673 0.002289552 0.104177646
v -0.011844604 -0.002289582 0.104177646
v -0.011834193 -0.003148369 0.103230327
v -0.01183192 0.001269898 0.104877688
v -0.011831856 -0.00126992 0.104877703
v -0.01182283 0.001114323 0.10495048
v -0.011822767 -0.001114342 0.104950503
v -0.011822131 0.003725741 0.102351576
v -0.011822045 -0.003725767 0.102351561
v -0.011818097 0.002915962 0.103532597
v -0.011818021 -0.002915993 0.103532597
v -0.011813843 0.000912085 0.105030231
v -0.011813779 -0.000912101 0.105030246
v -0.01180952 0.00078668 0.105071612
v -0.011809457 -0.000786695 0.105071634
v -0.011808844 0.004518703 0.100641631
v -0.011808165 0.002101142 0.104354553
v -0.011808096 -0.002101171 0.10435456
v -0.011807286 -0.004516828 0.100646704
v -0.011805536 0.000645373 0.105111174
v -0.011805473 -0.000645385 0.105111197
v -0.011802209 0.0004988 0.105144605
v -0.011802145 -0.00049881 0.10514462
v -0.011801795 0.002644452 0.103847817
v -0.011801722 -0.002644483 0.103847817
v -0.011799699 0.00036026 0.105169348
v -0.011799636 -0.000360268 0.105169371
v -0.011796758 0.000127006 0.105196655
v -0.011796695 -0.000127009 0.105196677
v -0.011790019 0.003375257 0.102927178
v -0.011789937 -0.003375286 0.102927171
v -0.011786435 0.002314496 0.104179785
v -0.011786363 -0.002314525 0.104179792
v -0.011772296 0.001868057 0.104547061
v -0.011772228 -0.001868084 0.104547068
v -0.011769635 0.004299374 0.101199299
v -0.011769541 -0.00429939 0.101199269
v -0.011758463 0.00293967 0.103527568
v -0.011758385 -0.0029397 0.103527561
v -0.011754574 0.001723118 0.104652882
v -0.011754506 -0.001723144 0.104652897
v -0.011742703 0.002668629 0.103845552
v -0.011742627 -0.002668659 0.103845544
v -0.011740946 -0.0 0.105223052
v -0.011736933 0.001544748 0.104769289
v -0.011736865 -0.001544772 0.104769304
v -0.011734329 0.004050074 0.101757772
v -0.011734237 -0.004050094 0.10175775
v -0.011729688 0.0033958 0.102917217
v -0.011728033 0.002338486 0.104180977
v -0.011727961 -0.002338515 0.104180984
v -0.011719365 0.001306341 0.104902327
v -0.011719298 -0.001306362 0.104902342
v -0.011714163 0.003192866 0.103214942
v -0.011714081 -0.003192894 0.103214927
v -0.011710702 0.001147151 0.10497757
v -0.011710634 -0.001147171 0.104977585
v -0.011702201 0.000939877 0.10506016
v -0.011702134 -0.000939893 0.105060175
v -0.01170105 0.003760289 0.102324992
v -0.011700961 -0.003760313 0.10232497
v -0.011698789 0.002962234 0.10352172
v -0.011698138 0.000811198 0.105103083
v -0.011698072 -0.000811212 0.105103098
v -0.011694404 0.000666105 0.105144136
v -0.011694338 -0.000666117 0.105144158
v -0.01169222 0.002148042 0.104361206
v -0.011692148 -0.00214807 0.104361214
v -0.011691288 0.000515546 0.10517884
v -0.011691222 -0.000515556 0.105178855
v -0.011688934 0.00037323 0.105204523
v -0.011688868 -0.000373238 0.105204538
v -0.011686158 0.000133718 0.105232842
v -0.011686092 -0.000133722 0.105232865
v -0.011685291 -5e-09 0.105240881
v -0.011685224 -5e-09 0.105240896
v -0.011683529 0.002691741 0.1038424
v -0.011683452 -0.00269177 0.1038424
v -0.011680004 0.001564447 0.104778036
v -0.011679934 -0.001564471 0.104778051
v -0.011669513 0.002361518 0.10418123
v -0.01166945 0.003415101 0.102906562
v -0.011669438 -0.002361547 0.10418123
v -0.011669366 -0.003415128 0.102906547
v -0.0116628 0.001323724 0.104913041
v -0.011662731 -0.001323745 0.104913048
v -0.011657192 0.001911944 0.104557857
v -0.011657121 -0.001911971 0.104557864
v -0.011654158 0.003213327 0.103206113
v -0.011646773 -0.002547414 0.104007825
v -0.011639975 0.001764837 0.104666248
v -0.011639903 -0.001764862 0.104666255
v -0.011639118 0.002983653 0.103515066
v -0.011639037 -0.002983682 0.103515051
v -0.011625391 -0.006702639 0.09
v -0.011625304 -0.006702639 0.09
v -0.011624316 0.002713784 0.103838392
v -0.011622928 0.001583482 0.10478574
v -0.011622857 -0.001583505 0.104785748
v -0.011614558 0.004073591 0.101724751
v -0.011614464 -0.004073608 0.101724721
v -0.011610913 0.002383587 0.104180552
v -0.011610837 -0.002383615 0.104180552
v -0.011606093 0.001340542 0.104922675
v -0.011606022 -0.001340562 0.104922689
v -0.011598092 0.004243698 0.101340622
v -0.01159787 0.001178003 0.105000317
v -0.011597799 -0.001178021 0.105000332
v -0.011594243 0.003232592 0.103196561
v -0.011594158 -0.003232619 0.103196546
v -0.011593668 -0.0042374 0.10135562
v -0.011591426 -0.006702557 0.09
v -0.011589871 0.000966036 0.105085701
v -0.011589801 -0.000966052 0.105085716
v -0.011586075 0.000834294 0.105130121
v -0.011586005 -0.000834308 0.105130143
v -0.011582599 0.000685651 0.105172656
v -0.011582529 -0.000685663 0.105172671
v -0.011580861 0.0037897 0.102296136
v -0.01158077 -0.00378972 0.102296114
v -0.011579701 0.000531344 0.105208606
v -0.011579631 -0.000531354 0.10520862
v -0.011579494 0.003003931 0.103507623
v -0.011577506 0.000385472 0.105235219
v -0.011577436 -0.000385479 0.105235234
v -0.011575806 0.002191384 0.104363985
v -0.01157573 -0.002191411 0.104363985
v -0.011574902 0.000140057 0.105264544
v -0.011574833 -0.000140061 0.105264559
v -0.011565743 0.001601847 0.104792394
v -0.01156567 -0.00160187 0.104792401
v -0.011565105 0.00273476 0.103833534
v -0.011565025 -0.002734788 0.103833526
v -0.011552275 0.002404692 0.104178958
v -0.011549419 0.003450003 0.10288325
v -0.011549331 -0.003450027 0.102883235
v -0.011549279 0.001356789 0.10493125
v -0.011549206 -0.001356809 0.104931258
v -0.011541633 0.001952632 0.104564652
v -0.011541557 -0.001952657 0.104564659
v -0.011528885 -0.002589686 0.104001157
v -0.011524929 0.001803589 0.104675531
v -0.011524853 -0.001803613 0.104675531
v -0.011519955 0.00302307 0.103499413
v -0.011519872 -0.003023096 0.103499398
v -0.011516754 -4.3e-08 0.105287716
v -0.011508486 0.001619538 0.104798019
v -0.011508412 -0.001619561 0.104798026
v -0.011505939 0.002754668 0.103827842
v -0.011500298 -0.001506859 0.104865626
v -0.011496324 -0.004092043 0.101690009
v -0.011496324 0.004092043 0.101690009
v -0.011493639 0.002424831 0.104176462
v -0.011493559 -0.002424857 0.104176454
v -0.011492396 0.001372463 0.104938768
v -0.011492321 -0.001372483 0.104938775
v -0.011484619 0.001206843 0.10501875
v -0.011484546 -0.001206861 0.105018765
v -0.011477131 0.000990533 0.10510686
v -0.011477058 -0.000990549 0.105106875
v -0.011474847 0.003267562 0.10317535
v -0.011474759 -0.003267586 0.103175335
v -0.011473607 0.000855943 0.105152771
v -0.011473534 -0.000855956 0.105152786
v -0.011470393 0.000703988 0.105196744
v -0.01147032 -0.000703999 0.105196759
v -0.011467717 0.000546177 0.10523393
v -0.011467643 -0.000546186 0.105233945
v -0.011465684 0.000396971 0.105261445
v -0.011465611 -0.000396979 0.105261467
v -0.011463254 0.000146015 0.105291761
v -0.011463181 -0.000146019 0.105291776
v -0.011462457 -3.9e-08 0.105300575
v -0.011462384 -3.9e-08 0.10530059
v -0.011461878 0.003814086 0.102265172
v -0.011461784 -0.003814104 0.102265142
v -0.011459242 0.002231143 0.10436298
v -0.011459162 -0.002231169 0.10436298
v -0.011451194 0.001636553 0.104802616
v -0.011446856 0.002773512 0.10382133
v -0.011446772 -0.002773538 0.103821322
v -0.011435477 0.00138756 0.104945228
v -0.011435045 0.002444004 0.104173072
v -0.011430248 0.003480039 0.102857411
v -0.011430157 -0.00348006 0.102857396
v -0.011425926 0.001990093 0.10456752
v -0.011425847 -0.001990118 0.10456752
v -0.01141734 -0.003963233 0.101968303
v -0.011411251 0.002627851 0.103991061
v -0.011411168 -0.002627877 0.103991054
v -0.011409737 0.001839344 0.104680799
v -0.011409659 -0.001839368 0.104680806
v -0.011401302 0.003057956 0.103480764
v -0.011401215 -0.00305798 0.103480749
v -0.011393902 0.00165289 0.1048062
v -0.011393824 -0.001652912 0.104806207
v -0.011386063 -0.001538579 0.104875535
v -0.011378558 0.001402078 0.104950652
v -0.011378481 -0.001402098 0.104950659
v -0.01137653 0.002462213 0.104168817
v -0.011376447 -0.002462239 0.10416881
v -0.011371232 0.001233647 0.105032928
v -0.011371154 -0.001233665 0.105032936
v -0.011364256 0.001013347 0.105123706
v -0.011364179 -0.001013362 0.105123714
v -0.011361005 0.000876125 0.105171062
v -0.011360927 -0.000876138 0.10517107
v -0.011358054 0.0007211 0.105216444
v -0.011357978 -0.000721111 0.105216458
v -0.011356291 0.003297842 0.103151463
v -0.011356201 -0.003297863 0.103151441
v -0.011355599 0.00056003 0.105254836
v -0.011355523 -0.000560039 0.105254851
v -0.01135373 0.000407718 0.105283253
v -0.011353654 -0.000407725 0.105283268
v -0.011351475 0.000151587 0.10531453
v -0.011351399 -0.000151591 0.105314545
v -0.011342836 0.002267312 0.104358293
v -0.011342754 -0.002267336 0.104358286
v -0.011339637 0.003824725 0.102249749
v -0.011336645 0.001668548 0.104808785
v -0.011330075 -0.003806737 0.102284998
v -0.011329098 0.002808025 0.103805929
v -0.011329011 -0.002808049 0.103805922
v -0.011321675 0.001416017 0.104955047
v -0.011312241 0.003505308 0.102829218
v -0.011312149 -0.003505326 0.102829196
v -0.011310372 0.002024319 0.104566559
v -0.01131029 -0.002024342 0.104566559
v -0.011298073 -0.006701575 0.09
v -0.011294694 0.001872093 0.104682162
v -0.011294613 -0.001872115 0.104682162
v -0.011294017 0.002661986 0.103977658
v -0.011293931 -0.00266201 0.10397765
v -0.011290221 -0.0 0.105334416
v -0.011283467 0.003088369 0.103459261
v -0.011283377 -0.00308839 0.103459246
v -0.01127946 0.001683525 0.104810372
v -0.011279379 -0.001683546 0.104810379
v -0.011272049 0.001567742 0.104881376
v -0.011271968 -0.001567762 0.104881383
v -0.01126486 0.001429376 0.104958415
v -0.011264779 -0.001429394 0.104958422
v -0.01125989 0.002495753 0.104157746
v -0.011259804 -0.002495776 0.104157738
v -0.011257978 0.001258404 0.105042912
v -0.011257898 -0.001258421 0.10504292
v -0.011251511 0.001034465 0.10513629
v -0.011251431 -0.00103448 0.105136298
v -0.011251085 0.003648717 0.102582388
v -0.01124853 0.00089483 0.105185054
v -0.011248451 -0.000894842 0.105185062
v -0.011245841 0.000736977 0.105231822
v -0.011245762 -0.000736988 0.105231829
v -0.011243608 0.000572895 0.105271399
v -0.011243529 -0.000572904 0.105271406
v -0.0112419 0.000417706 0.105300687
v -0.011241821 -0.000417713 0.105300695
v -0.011240667 0.000278864 0.105320424
v -0.011240588 -0.000278869 0.105320439
v -0.011239819 0.00015677 0.105332904
v -0.01123974 -0.000156773 0.105332918
v -0.011239103 -1.4e-08 0.105342463
v -0.011239024 -1.4e-08 0.10534247
v -0.011238876 0.003323522 0.103125058
v -0.011238783 -0.00332354 0.103125036
v -0.011226885 0.002299904 0.104350038
v -0.0112268 -0.002299927 0.10435003
v -0.011212131 0.002838347 0.103787489
v -0.011212042 -0.002838369 0.103787474
v -0.011203334 0.003543579 0.102768481
v -0.011195681 -0.003525931 0.102798834
v -0.011195256 0.002055314 0.10456188
v -0.011195172 -0.002055336 0.104561873
v -0.01118008 0.001901838 0.104679711
v -0.011179996 -0.001901858 0.104679704
v -0.011177559 0.002692105 0.103961095
v -0.011177471 -0.002692127 0.10396108
v -0.011166741 0.003114391 0.103435077
v -0.011166649 -0.00311441 0.103435062
v -0.011165437 0.001711444 0.104810633
v -0.011165353 -0.001711464 0.104810633
v -0.011158369 0.00159439 0.104883254
v -0.011158285 -0.001594409 0.104883254
v -0.011156308 -0.003431152 0.102957599
v -0.011151564 0.001454352 0.104962148
v -0.011151481 -0.00145437 0.104962148
v -0.01114512 0.001281108 0.105048798
v -0.011145038 -0.001281124 0.105048798
v -0.011144008 0.002525487 0.104143389
v -0.01114392 -0.002525508 0.104143381
v -0.011139153 0.001053884 0.105144702
v -0.011139071 -0.001053898 0.105144709
v -0.011136438 0.000912053 0.105194837
v -0.011136356 -0.000912065 0.105194844
v -0.011134005 0.000751615 0.105242953
v -0.011133923 -0.000751626 0.10524296
v -0.011131989 0.00058477 0.105283678
v -0.011131907 -0.000584779 0.105283685
v -0.011130439 0.000426932 0.105313815
v -0.011130358 -0.000426939 0.105313823
v -0.011129311 0.00028572 0.105334125
v -0.01112923 -0.000285725 0.105334133
v -0.011128529 0.00016156 0.105346963
v -0.011128448 -0.000161564 0.10534697
v -0.011122877 -0.003344713 0.103096314
v -0.011111673 0.002328949 0.104338363
v -0.011111585 -0.002328969 0.104338348
v -0.011096239 0.002864548 0.103766158
v -0.011096148 -0.002864567 0.103766136
v -0.011090166 -0.003253839 0.103236154
v -0.011083229 0.003233637 0.103266418
v -0.011080854 0.002083103 0.10455361
v -0.011080767 -0.002083123 0.104553603
v -0.011066165 0.001928598 0.104673572
v -0.011066078 -0.001928617 0.104673572
v -0.011062155 0.002718271 0.103941523
v -0.011062065 -0.00271829 0.103941508
v -0.011052095 0.001736661 0.104807101
v -0.011052009 -0.001736679 0.104807101
v -0.011051398 0.00313612 0.103408381
v -0.01104536 0.001618512 0.104881279
v -0.011045273 -0.001618529 0.104881279
v -0.011038964 -0.003095646 0.103465363
v -0.011038929 0.001477017 0.104961954
v -0.011038844 -0.001477034 0.104961954
v -0.01103445 1e-09 0.105365708
v -0.01103291 0.001301768 0.10505069
v -0.011032824 -0.001301783 0.10505069
v -0.011030087 0.00119522 0.105098777
v -0.011030002 -0.001195234 0.105098777
v -0.011029158 0.002551469 0.104125902
v -0.011029067 -0.002551488 0.104125887
v -0.011027427 0.001071607 0.105149038
v -0.011027342 -0.00107162 0.105149038
v -0.01102497 0.000927796 0.105200507
v -0.011024885 -0.000927808 0.105200507
v -0.011022787 0.000765017 0.105249926
v -0.011022702 -0.000765026 0.105249926
v -0.011020981 0.000595655 0.105291769
v -0.011020896 -0.000595663 0.105291769
v -0.011019586 0.000435397 0.105322734
v -0.011019501 -0.000435403 0.105322741
v -0.01101856 0.000292014 0.105343595
v -0.011018476 -0.000292019 0.105343603
v -0.011017841 0.00016596 0.105356783
v -0.011017757 -0.000165963 0.105356783
v -0.011007251 0.0 0.093032457
v -0.011006275 -6.5367e-05 0.093035139
v -0.011006275 6.5367e-05 0.093035139
v -0.011003355 -0.000130236 0.093043163
v -0.011003355 0.000130236 0.093043163
v -0.010998511 -0.000194114 0.09305647
v -0.010998511 0.000194114 0.09305647
v -0.010997465 0.002354493 0.104323402
v -0.010997375 -0.002354512 0.104323387
v -0.010991799 0.002926757 0.103691265
v -0.010991782 -0.000256515 0.093074962
v -0.010991782 0.000256515 0.093074962
v -0.010983218 -0.000316964 0.093098491
v -0.010983218 0.000316964 0.093098491
v -0.010982208 0.002239299 0.104429267
v -0.010982119 -0.002239318 0.104429252
v -0.010981687 -0.002886713 0.1037421
v -0.010972885 -0.000375 0.093126878
v -0.010972885 0.000375 0.093126878
v -0.010967423 0.002107722 0.104541883
v -0.010967335 -0.00210774 0.104541875
v -0.010960861 -0.000430182 0.093159914
v -0.010960861 0.000430182 0.093159914
v -0.010958913 -0.002790167 0.103860512
v -0.010953202 0.001952405 0.104663886
v -0.010953113 -0.001952423 0.104663879
v -0.010948068 -0.002740563 0.103919111
v -0.010947239 -0.000482091 0.093197346
v -0.010947239 0.000482091 0.093197346
v -0.010939683 0.001759201 0.104799904
v -0.010939594 -0.001759218 0.104799896
v -0.010933267 0.001640132 0.104875572
v -0.010933178 -0.001640148 0.104875565
v -0.01093212 -0.00053033 0.093238883
v -0.01093212 0.00053033 0.093238883
v -0.010932102 0.002662406 0.104008451
v -0.010928658 -0.002644627 0.10402827
v -0.010927196 0.00149739 0.104957968
v -0.010927108 -0.001497405 0.104957961
v -0.010921584 0.001320397 0.105048701
v -0.010921496 -0.001320411 0.105048701
v -0.010918987 0.00121269 0.105097927
v -0.010918899 -0.001212703 0.105097927
v -0.010916566 0.001087645 0.105149411
v -0.010916479 -0.001087657 0.105149411
v -0.010915621 -0.000574533 0.093284212
v -0.010915621 0.000574533 0.093284212
v -0.010915595 0.002573772 0.104105435
v -0.010914357 0.00094207 0.105202168
v -0.010914271 -0.00094208 0.105202168
v -0.010912414 0.000777188 0.105252847
v -0.010912327 -0.000777197 0.105252847
v -0.010910809 0.000605555 0.105295777
v -0.010910722 -0.000605563 0.105295777
v -0.010909563 0.000443103 0.105327547
v -0.010909476 -0.000443109 0.105327547
v -0.010908635 0.000297749 0.105348945
v -0.010908549 -0.000297753 0.105348952
v -0.010907977 0.000169971 0.105362467
v -0.01090789 -0.000169974 0.105362467
v -0.010907301 5.8e-08 0.105373032
v -0.010903657 -0.002503563 0.104179107
v -0.0109 -0.006698935 0.09
v -0.0109 -0.006647258 0.090470508
v -0.0109 -0.006092885 0.094284296
v -0.0109 -0.005896946 0.095375001
v -0.0109 0.005896951 0.095375001
v -0.0109 0.006364907 0.092562839
v -0.0109 0.006681043 0.09
v -0.010897867 -0.000614364 0.093332991
v -0.010897867 0.000614364 0.093332991
v -0.010896497 -0.005896946 0.095375001
v -0.010896497 0.005896949 0.095375001
v -0.010889404 0.002411005 0.104271986
v -0.010884512 -0.002376598 0.104305319
v -0.010881175 0.002352237 0.104328543
v -0.010878994 -0.000649519 0.09338484
v -0.010878994 0.000649519 0.09338484
v -0.010872936 -0.006698513 0.09
v -0.01086903 -0.005896467 0.095375001
v -0.010869012 -0.006696401 0.09
v -0.01086901 -0.006646781 0.090470448
v -0.010866176 -0.002231906 0.104438707
v -0.010863858 -0.006696095 0.09
v -0.010859543 0.002171616 0.104491107
v -0.010859144 -0.000679731 0.093439378
v -0.010859144 0.000679731 0.093439378
v -0.010855209 -0.002129223 0.104526855
v -0.010850564 0.002080685 0.104566716
v -0.010841306 -0.001971706 0.104652002
v -0.010838913 0.001940235 0.104675591
v -0.010838469 -0.000704769 0.093496181
v -0.010838469 0.000704769 0.093496181
v -0.010832004 -0.001839036 0.104748286
v -0.010830873 0.001820684 0.104760975
v -0.010828434 -0.001779103 0.104789183
v -0.010828434 0.001779103 0.104789183
v -0.010825261 0.001720142 0.104827933
v -0.010825018 -0.001715374 0.104830995
v -0.010822323 -0.001659282 0.104866281
v -0.010822257 -0.005983351 0.094891354
v -0.010819178 -0.001585258 0.104910642
v -0.010818536 0.001568777 0.104920194
v -0.010817127 -0.000724444 0.093554817
v -0.010817127 0.000724444 0.093554817
v -0.010816147 0.001502485 0.104957506
v -0.010814953 -0.00146596 0.104977325
v -0.010814354 0.005893216 0.095375001
v -0.010811368 -0.001337021 0.105042972
v -0.010810849 -0.005892903 0.095375001
v -0.010810624 0.001305531 0.105058022
v -0.01081008 0.001281161 0.105069406
v -0.010808786 -0.006692692 0.09
v -0.010808784 -0.001217886 0.105097868
v -0.010808337 -0.00664308 0.090469994
v -0.010808337 -0.005973476 0.094939247
v -0.010806792 -0.001102017 0.105145946
v -0.010806363 -0.001073218 0.105157137
v -0.010806272 0.006694761 0.09
v -0.010806112 0.001055613 0.105163828
v -0.010805845 0.001036304 0.105171032
v -0.010804924 -0.000963776 0.105196908
v -0.010804819 0.000954888 0.105199948
v -0.010803355 -0.000815449 0.105244003
v -0.010803347 0.000814582 0.105244257
v -0.010803103 -0.000788141 0.105251841
v -0.010802936 0.000769501 0.105257049
v -0.010802758 -0.006691963 0.09
v -0.010802285 -0.000692067 0.105277397
v -0.010801691 -0.00061448 0.105295822
v -0.010801691 0.00061448 0.105295822
v -0.010801324 0.000563018 0.105306946
v -0.010801229 -0.000549295 0.105309762
v -0.010800909 0.000501371 0.105319135
v -0.010800584 0.000450059 0.105328366
v -0.010800531 -0.000441301 0.105329864
v -0.010799873 0.000326255 0.105347261
v -0.010799589 -0.000270724 0.105354205
v -0.010799386 0.000227954 0.105358921
v -0.010799236 -0.000194056 0.105362274
v -0.01079915 0.000173595 0.105364129
v -0.01079873 5.2311e-05 0.105372638
v -0.0107986 0.0 0.105374999
v -0.010795279 -0.000738606 0.093614846
v -0.010795279 0.000738606 0.093614846
v -0.010795051 0.005963513 0.094986677
v -0.010788547 0.006689426 0.09
v -0.01078567 0.006689215 0.09
v -0.010782519 0.006632937 0.090529375
v -0.010781112 0.0066897 0.09
v -0.010777854 0.005970251 0.094938658
v -0.010777854 0.006639827 0.090469584
v -0.010777854 0.006689356 0.09
v -0.010777851 0.005889335 0.095375001
v -0.010773093 -0.000747146 0.0936758
v -0.010773093 0.000747146 0.0936758
v -0.010750736 -0.00075 0.09373723
v -0.010750736 0.0 0.09373723
v -0.010750736 0.00075 0.09373723
v -0.010747858 -0.006685181 0.09
v -0.010747858 -0.006635705 0.090469077
v -0.010747858 -0.005966164 0.094937921
v -0.010745941 -0.006684864 0.09
v -0.010729289 0.005882017 0.095375001
v -0.01072838 -0.000747146 0.093798652
v -0.01072838 0.000747146 0.093798652
v -0.01072582 -0.005881399 0.095375001
v -0.010720842 0.006680446 0.09
v -0.010716168 0.006679745 0.09
v -0.010715068 0.005960647 0.094936915
v -0.010715068 0.006630141 0.090468384
v -0.010706193 -0.000738606 0.093859605
v -0.010706193 0.000738606 0.093859605
v -0.010691427 -0.006674705 0.09
v -0.010687825 -0.006624663 0.090467699
v -0.010687825 -0.005955216 0.094935931
v -0.010687818 -0.005873783 0.095375001
v -0.010684346 -0.000724444 0.093919635
v -0.010684346 0.000724444 0.093919635
v -0.010683632 -0.006672977 0.09
v -0.010663003 -0.000704769 0.093978271
v -0.010663003 0.000704769 0.093978271
v -0.010659938 0.00666724 0.09
v -0.010653168 0.005947174 0.094934471
v -0.010653168 0.006616552 0.090466693
v -0.010653168 0.006665779 0.09
v -0.010652159 0.006665515 0.09
v -0.010645404 0.005863419 0.095375001
v -0.010642328 -0.000679731 0.094035074
v -0.010642328 0.000679731 0.094035074
v -0.010641996 -0.0058625 0.095375001
v -0.01062972 -0.006659461 0.09
v -0.010628466 -0.006659115 0.09
v -0.010628466 -0.006609974 0.090465873
v -0.010628466 -0.005940651 0.094933286
v -0.010622479 -0.000649519 0.094089612
v -0.010622479 0.000649519 0.094089612
v -0.010622129 -0.006657067 0.09
v -0.010603606 -0.000614364 0.094141468
v -0.010603606 0.000614364 0.094141468
v -0.010596935 0.006649487 0.09
v -0.010592394 0.005929911 0.094931342
v -0.010592394 0.006599142 0.090464525
v -0.010592384 0.005847606 0.095375001
v -0.010589364 0.0066471 0.09
v -0.010585852 -0.000574533 0.094190247
v -0.010585852 0.000574533 0.094190247
v -0.010570009 -0.00659167 0.090463594
v -0.010570009 -0.005922502 0.094930001
v -0.010569353 -0.00053033 0.094235577
v -0.010569353 0.00053033 0.094235577
v -0.010569025 -0.006640221 0.09
v -0.010564786 -0.006638557 0.09
v -0.010563279 0.005837524 0.095375001
v -0.010559956 -0.005836308 0.095375001
v -0.010554234 -0.000482091 0.094277114
v -0.010554234 0.000482091 0.094277114
v -0.010540611 -0.000430182 0.094314538
v -0.010540611 0.000430182 0.094314538
v -0.010535359 0.006627634 0.09
v -0.010532978 0.005908952 0.094927542
v -0.010532978 0.006578004 0.090461895
v -0.010532978 0.006626729 0.09
v -0.010532966 0.005825924 0.095375001
v -0.010528588 -0.000375 0.094347574
v -0.010528588 0.000375 0.094347574
v -0.010518255 -0.000316964 0.094375968
v -0.010518255 0.000316964 0.094375968
v -0.010512683 -0.006569801 0.090460874
v -0.010512683 -0.005900818 0.094926067
v -0.010512682 -0.006618419 0.09
v -0.010512671 -0.005817511 0.095375001
v -0.010509691 -0.000256515 0.094399497
v -0.010509691 0.000256515 0.094399497
v -0.010509612 -0.006617057 0.09
v -0.010502961 -0.000194114 0.094417982
v -0.010502961 0.000194114 0.094417982
v -0.010498119 -0.000130236 0.094431289
v -0.010498119 0.000130236 0.094431289
v -0.010495197 -6.5367e-05 0.094439313
v -0.010495197 6.5367e-05 0.094439313
v -0.010494221 0.0 0.094441995
v -0.010483496 0.005804475 0.095375001
v -0.010480366 0.006603909 0.09
v -0.010480282 -0.005802969 0.095375001
v -0.010475475 0.006601802 0.09
v -0.010475147 0.005884402 0.094923086
v -0.010475147 0.006553244 0.090458818
v -0.010458699 -0.006593675 0.09
v -0.01045671 -0.006592717 0.09
v -0.01045671 -0.006544428 0.090457723
v -0.01045671 -0.005875661 0.094921499
v -0.010456697 -0.005791486 0.095375001
v -0.010451741 -0.006590053 0.09
v -0.010424463 0.006575735 0.09
v -0.010419115 0.005856381 0.094918005
v -0.010419115 0.006524984 0.090455301
v -0.010419115 0.00657302 0.09
v -0.010417538 0.00657213 0.09
v -0.010406633 0.005764461 0.095375001
v -0.01040355 -0.005762673 0.095375001
v -0.010402313 -0.006515629 0.090454139
v -0.010402313 -0.005847105 0.094916321
v -0.010402243 -0.006563503 0.09
v -0.01039761 -0.006560636 0.09
v -0.010368331 0.006542942 0.09
v -0.010365092 0.005825019 0.094912313
v -0.010365092 0.006493354 0.090451367
v -0.010365092 0.006540979 0.09
v -0.010365077 0.005739095 0.095375001
v -0.010349709 -0.006483492 0.090450138
v -0.010349709 -0.005815241 0.09491054
v -0.010349708 -0.006530988 0.09
v -0.010347782 -0.006529677 0.09
v -0.010333261 0.005717715 0.095375001
v -0.010330334 -0.005715657 0.095375001
v -0.010317844 0.006508779 0.09
v -0.010314573 0.006506596 0.09
v -0.010313277 0.00579046 0.09490604
v -0.010313277 0.0064585 0.090447031
v -0.010301648 -0.006497006 0.09
v -0.010299109 -0.006448123 0.090445742
v -0.010299109 -0.005780172 0.094904177
v -0.010299094 -0.005692696 0.095375001
v -0.010295561 -0.006492335 0.09
v -0.010269454 0.006471519 0.09
v -0.010263944 0.005664522 0.095375001
v -0.010263857 0.005752857 0.094899222
v -0.010263857 0.006420575 0.090442315
v -0.010263856 0.006467253 0.09
v -0.01026341 0.006466881 0.09
v -0.010261195 -0.005662207 0.095375001
v -0.010251419 -0.006456767 0.09
v -0.01025072 -0.006456174 0.09
v -0.01025072 -0.006409639 0.090440951
v -0.01025072 -0.005742013 0.094897255
v -0.010245812 -0.006451629 0.09
v -0.010220613 0.006429092 0.09
v -0.010217008 0.005712373 0.094891876
v -0.010217008 0.006379745 0.090437233
v -0.010215049 0.006423994 0.09
v -0.010204743 -0.006368169 0.090435795
v -0.010204743 -0.005700895 0.094889797
v -0.010203847 -0.006413282 0.09
v -0.010201014 -0.006410311 0.09
v -0.010199231 0.00560522 0.095375001
v -0.010196683 -0.005602662 0.095375001
v -0.010174784 0.006383711 0.09
v -0.010172959 0.005669245 0.094884053
v -0.010172959 0.006336249 0.090431824
v -0.010172959 0.006381829 0.09
v -0.010172949 0.005577932 0.095375001
v -0.010161441 -0.006369358 0.09
v -0.010161441 -0.006323938 0.090430297
v -0.010161441 -0.005657039 0.09488184
v -0.010161431 -0.005565303 0.095375001
v -0.010159211 -0.006366806 0.09
v -0.010139655 0.0055402 0.095375001
v -0.010137328 -0.005537417 0.095375001
v -0.010135216 0.006339061 0.09
v -0.010132035 0.006335481 0.09
v -0.010131739 0.005623533 0.09487576
v -0.010131739 0.006290147 0.090426087
v -0.010131735 0.005530644 0.095375001
v -0.010122057 -0.006323229 0.09
v -0.010120846 -0.006321752 0.09
v -0.010120846 -0.006276944 0.090424448
v -0.010120846 -0.005610443 0.094873384
v -0.01012084 -0.005517095 0.095375001
v -0.010117577 -0.00631739 0.09
v -0.010097024 0.00629047 0.09
v -0.010093553 0.005575487 0.094867043
v -0.010093553 0.00624169 0.09042006
v -0.010093553 0.006286039 0.09
v -0.010092586 0.006284687 0.09
v -0.010085722 0.005469909 0.095375001
v -0.010083637 -0.00546692 0.095375001
v -0.010083212 -0.00622743 0.090418287
v -0.010083212 -0.005561349 0.09486448
v -0.010083107 -0.006271444 0.09
v -0.010080349 -0.006267242 0.09
v -0.010060453 0.006237639 0.09
v -0.010058531 0.005525304 0.094857939
v -0.010058531 0.006191078 0.090413764
v -0.01005853 0.006234767 0.09
v -0.010058526 0.005429003 0.095375001
v -0.010048702 -0.006219063 0.09
v -0.010048702 -0.006175575 0.090411842
v -0.010048702 -0.005509933 0.094855152
v -0.010048699 -0.005413101 0.095375001
v -0.010047571 -0.006217162 0.09
v -0.010037907 0.005394849 0.095375001
v -0.010036083 -0.005391676 0.095375001
v -0.010029355 0.006185825 0.09
v -0.010027439 0.006182674 0.09
v -0.010026786 0.005375082 0.095375001
v -0.010026786 0.005473188 0.094848484
v -0.010026786 0.006138516 0.09040723
v -0.010018871 -0.00616688 0.09
v -0.01001747 -0.006121567 0.090405121
v -0.01001747 -0.005456381 0.094845437
v -0.010017469 -0.00535769 0.095375001
v -0.010015609 -0.006160613 0.09
v -0.010001327 0.006132027 0.09
v -0.009998424 0.005419348 0.094838716
v -0.009998424 0.006084217 0.090400472
v -0.009998424 0.006126514 0.09
v -0.009998099 0.006125826 0.09
v -0.009996645 0.005315579 0.095375001
v -0.009995098 -0.005312246 0.095375001
v -0.009990033 -0.006108469 0.09
v -0.009989661 -0.006107659 0.09
v -0.009989661 -0.006065604 0.090398163
v -0.009989661 -0.005400893 0.094835371
v -0.00998737 -0.006102039 0.09
v -0.009975163 0.006073718 0.09
v -0.009973531 0.0052621 0.095375001
v -0.009973531 0.005364001 0.09482868
v -0.009973531 0.006028396 0.090393528
v -0.009972529 0.006067358 0.09
v -0.009965405 -0.005241068 0.095375001
v -0.009965404 -0.006007895 0.09039098
v -0.009965404 -0.005343673 0.094824992
v -0.009965042 -0.006048223 0.09
v -0.009963799 -0.006044525 0.09
v -0.00996232 0.005232706 0.095375001
v -0.009961066 -0.005229238 0.095375001
v -0.009952841 0.006013992 0.09
v -0.00995218 0.005307363 0.094818406
v -0.00995218 0.005971274 0.090386428
v -0.00995218 0.0060121 0.09
v -0.009944817 -0.005989187 0.09
v -0.009944817 -0.005948657 0.090383612
v -0.009944817 -0.005284937 0.094814338
v -0.009944015 -0.005986403 0.09
v -0.009935779 0.005957603 0.09
v -0.009935264 0.005146885 0.095375001
v -0.009934436 0.005143778 0.095375001
v -0.009934435 0.005249656 0.094807938
v -0.009934435 0.005913075 0.090379186
v -0.009934427 0.005953113 0.09
v -0.009934313 -0.005143311 0.095375001
v -0.009928483 -0.005929728 0.09
v -0.009928008 -0.005118167 0.095375001
v -0.009928007 -0.005888115 0.090376079
v -0.009928007 -0.005224908 0.094803445
v -0.009927052 -0.005923274 0.09
v -0.009921379 0.005897738 0.09
v -0.009920337 0.005191105 0.094797313
v -0.009920337 0.005854023 0.09037184
v -0.009920337 0.005893319 0.09
v -0.009919963 0.005891352 0.09
v -0.009915739 0.005058812 0.095375001
v -0.009915102 -0.005055162 0.095375001
v -0.009915083 -0.005865543 0.09
v -0.009915064 -0.005865437 0.09
v -0.009915064 -0.005826501 0.09036842
v -0.009915064 -0.005163816 0.094792366
v -0.009914236 -0.00585911 0.09
v -0.009910315 0.005835343 0.09
v -0.009909923 0.005021949 0.095375001
v -0.009909921 0.005131934 0.094786577
v -0.009909921 0.005794346 0.090364419
v -0.009909921 0.005832863 0.09
v -0.009906075 -0.004990927 0.095375001
v -0.009906074 -0.005764117 0.090360656
v -0.009906074 -0.005101961 0.094781138
v -0.009905912 -0.005800602 0.09
v -0.009905731 -0.005797986 0.09
v -0.009903945 0.004969215 0.095375001
v -0.009903685 0.005776359 0.09
v -0.009903628 -0.004965517 0.095375001
v -0.009903249 0.005772545 0.09
v -0.009903204 0.005072368 0.094775774
v -0.009903204 0.005734271 0.090356946
v -0.009901327 -0.005743375 0.09
v -0.009901327 -0.005706011 0.090353429
v -0.009901327 -0.005044348 0.094770692
v -0.009901129 -0.005738798 0.09
v -0.009900442 0.005715785 0.09
v -0.009900324 -0.000649517 0.09
v -0.009900185 0.004898473 0.095375001
v -0.009900185 0.005012633 0.094764933
v -0.009900185 0.005373591 0.092562623
v -0.009900185 0.005674026 0.090349451
v -0.009900185 0.005710972 0.09
v -0.009900172 0.005709613 0.09
v -0.0099 -0.00569457 0.09
v -0.0099 -0.005649689 0.090391196
v -0.0099 -0.004878842 0.095375001
v -0.0099 -0.00115306 0.09
v -0.0099 -0.000994822 0.09
v -0.0099 -0.000826652 0.09
v -0.0099 -0.00075 0.090374999
v -0.0099 -0.000747146 0.090309635
v -0.0099 -0.000747146 0.09044037
v -0.0099 -0.000738606 0.090244763
v -0.0099 -0.000738606 0.090505235
v -0.0099 -0.000724444 0.090180889
v -0.0099 -0.000724444 0.090569116
v -0.0099 -0.000704769 0.090118483
v -0.0099 -0.000704769 0.090631515
v -0.0099 -0.000679731 0.090058036
v -0.0099 -0.000679731 0.090691961
v -0.0099 -0.000649528 0.09
v -0.0099 -0.000649519 0.090000004
v -0.0099 -0.000649519 0.090750001
v -0.0099 -0.000649517 0.09
v -0.0099 -0.000614364 0.09080518
v -0.0099 -0.000574533 0.090857089
v -0.0099 -0.00053033 0.090905331
v -0.0099 -0.000482091 0.090949535
v -0.0099 -0.000430182 0.090989366
v -0.0099 -0.000375 0.091024518
v -0.0099 -0.000316964 0.09105473
v -0.0099 -0.000256515 0.091079772
v -0.0099 -0.000194114 0.091099441
v -0.0099 -0.000130236 0.091113605
v -0.0099 -6.5367e-05 0.091122143
v -0.0099 -0.0 0.091124997
v -0.0099 6.5367e-05 0.091122143
v -0.0099 0.000130236 0.091113605
v -0.0099 0.000194114 0.091099441
v -0.0099 0.000256515 0.091079772
v -0.0099 0.000316964 0.09105473
v -0.0099 0.000375 0.091024518
v -0.0099 0.000430182 0.090989366
v -0.0099 0.000482091 0.090949535
v -0.0099 0.00053033 0.090905331
v -0.0099 0.000574533 0.090857089
v -0.0099 0.000614364 0.09080518
v -0.0099 0.000649517 0.09
v -0.0099 0.000649519 0.090000004
v -0.0099 0.000649519 0.090750001
v -0.0099 0.000649523 0.09
v -0.0099 0.000679731 0.090058036
v -0.0099 0.000679731 0.090691961
v -0.0099 0.000704769 0.090118483
v -0.0099 0.000704769 0.090631515
v -0.0099 0.000724444 0.090180889
v -0.0099 0.000724444 0.090569116
v -0.0099 0.000738606 0.090244763
v -0.0099 0.000738606 0.090505235
v -0.0099 0.000747146 0.090309635
v -0.0099 0.000747146 0.09044037
v -0.0099 0.000747902 0.09
v -0.0099 0.00075 0.090374999
v -0.0099 0.000841545 0.09
v -0.0099 0.000929809 0.09
v -0.0099 0.004878842 0.095375001
v -0.0099 0.005320341 0.092789821
v -0.0099 0.005649689 0.090391196
v -0.0099 0.005691093 0.09
v -0.0089 -0.005896946 0.095375001
v -0.0089 -0.005335567 0.097951278
v -0.0089 -0.00495929 0.099319413
v -0.0089 -0.004707228 0.100108773
v -0.0089 -0.004453416 0.100815639
v -0.0089 -0.004184342 0.101480246
v -0.0089 -0.003962604 0.101969622
v -0.0089 -0.003592723 0.102682628
v -0.0089 -0.003253481 0.10323666
v -0.0089 -0.003047639 0.10353151
v -0.0089 -0.002939057 0.103675447
v -0.0089 -0.002644465 0.104028448
v -0.0089 -0.002365395 0.104316041
v -0.0089 -0.002240505 0.104431085
v -0.0089 -0.002098054 0.104552574
v -0.0089 -0.001839012 0.104748331
v -0.0089 -0.001585205 0.10491059
v -0.0089 -0.001469495 0.104975432
v -0.0089 -0.001326378 0.105048098
v -0.0089 -0.001073216 0.105157137
v -0.0089 -0.000882713 0.105223596
v -0.0089 -0.000815448 0.105244003
v -0.0089 -0.000681865 0.105279952
v -0.0089 -0.000549295 0.105309762
v -0.0089 -0.000280194 0.105353087
v -0.0089 -0.000270723 0.105354205
v -0.0089 0.0 0.105374999
v -0.0089 0.000227953 0.105358921
v -0.0089 0.000280194 0.105353087
v -0.0089 0.000480836 0.105322935
v -0.0089 0.000501371 0.105319135
v -0.0089 0.000681865 0.105279952
v -0.0089 0.000769501 0.105257049
v -0.0089 0.000882713 0.105223596
v -0.0089 0.001036304 0.105171032
v -0.0089 0.00108336 0.105153233
v -0.0089 0.001185435 0.1051118
v -0.0089 0.001305519 0.105058007
v -0.0089 0.001469495 0.104975432
v -0.0089 0.00156874 0.104920156
v -0.0089 0.001658003 0.104866914
v -0.0089 0.001820671 0.104761004
v -0.0089 0.002039901 0.10459929
v -0.0089 0.002080635 0.104566745
v -0.0089 0.002240505 0.104431085
v -0.0089 0.002352185 0.104328595
v -0.0089 0.00244804 0.104235366
v -0.0089 0.002639402 0.104034059
v -0.0089 0.002893657 0.103733361
v -0.0089 0.002947107 0.103665039
v -0.0089 0.003047639 0.10353151
v -0.0089 0.003281106 0.10319481
v -0.0089 0.003573253 0.102716878
v -0.0089 0.003648457 0.102582857
v -0.0089 0.003867527 0.102164686
v -0.0089 0.004057648 0.101765938
v -0.0089 0.004184342 0.101480246
v -0.0089 0.004518197 0.100643001
v -0.0089 0.00495929 0.099319413
v -0.0089 0.005044402 0.099031091
v -0.0089 0.00537139 0.097807609
v -0.0089 0.005629919 0.09669178
v -0.0089 0.005896946 0.095375001
v -0.00886886 -0.005370927 0.097807489
v -0.00886886 -0.004958822 0.099319272
v -0.00886886 -0.004553501 0.100545458
v -0.00886886 -0.004183893 0.101480052
v -0.00886886 -0.003867101 0.10216447
v -0.00886886 -0.003572814 0.102716625
v -0.00886886 -0.003302537 0.103161231
v -0.00886886 -0.003047257 0.103531227
v -0.00886886 -0.002893292 0.10373307
v -0.00886886 -0.002665355 0.104004495
v -0.00886886 -0.002447697 0.104235023
v -0.00886886 -0.002240184 0.10443072
v -0.00886886 -0.002039616 0.104598932
v -0.00886886 -0.001847301 0.104741998
v -0.00886886 -0.001657719 0.104866453
v -0.00886886 -0.001469242 0.104974963
v -0.00886886 -0.00128541 0.105066888
v -0.00886886 -0.001185254 0.105111375
v -0.00886886 -0.001083192 0.105152793
v -0.00886886 -0.000983736 0.105189472
v -0.00886886 -0.000882567 0.105223134
v -0.00886886 -0.000782782 0.10525284
v -0.00886886 -0.000681748 0.105279475
v -0.00886886 -0.000480749 0.10532245
v -0.00886886 -0.000280136 0.105352603
v -0.00886886 -7.6171e-05 0.10537082
v -0.008868859 -0.005896452 0.095375001
v -0.008841213 0.0 0.105373271
v -0.008841213 7.6097e-05 0.105369575
v -0.008841213 0.000279989 0.105351366
v -0.008841213 0.00038004 0.105337888
v -0.008841213 0.000480527 0.105321221
v -0.008841213 0.000581218 0.105301335
v -0.008841213 0.00068145 0.105278268
v -0.008841213 0.000782446 0.10525164
v -0.008841213 0.000882193 0.10522195
v -0.008841213 0.000983324 0.105188295
v -0.008841213 0.001082743 0.105151638
v -0.008841213 0.001184767 0.105110228
v -0.008841213 0.001284887 0.105065756
v -0.008841213 0.001468654 0.10497386
v -0.008841213 0.001657067 0.104865395
v -0.008841213 0.001846588 0.104740977
v -0.008841213 0.002038845 0.104597956
v -0.008841213 0.002239357 0.104429789
v -0.008841213 0.002446818 0.104234137
v -0.008841213 0.002664426 0.104003668
v -0.008841213 0.002892317 0.103732295
v -0.008841213 0.003046254 0.103530489
v -0.008841213 0.003301493 0.103160553
v -0.008841213 0.003571733 0.102716014
v -0.008841213 0.003865987 0.102163918
v -0.008841213 0.00418275 0.10147956
v -0.008841213 0.004552331 0.100545034
v -0.008841213 0.004957631 0.099318914
v -0.008841213 0.005369719 0.097807191
v -0.008841212 0.005895186 0.095375001
v -0.008814353 -0.005893206 0.095375001
v -0.008814338 0.005893205 0.095375001
v -0.008813085 0.0 0.105371214
v -0.008808166 -0.005367295 0.097806595
v -0.008808166 -0.004955241 0.099318191
v -0.008808166 -0.004549985 0.100544184
v -0.008808166 -0.004180458 0.101478577
v -0.008808166 -0.003863753 0.102162801
v -0.008808166 -0.003569565 0.10271477
v -0.008808166 -0.003299399 0.103159189
v -0.008808166 -0.003044242 0.103529014
v -0.008808166 -0.002890361 0.103730746
v -0.008808166 -0.002662562 0.104002006
v -0.008808166 -0.002445054 0.104232371
v -0.008808166 -0.002237699 0.104427926
v -0.008808166 -0.002037298 0.104595996
v -0.008808166 -0.001845157 0.104738928
v -0.008808166 -0.001655759 0.104863264
v -0.008808166 -0.001467474 0.104971662
v -0.008808166 -0.001283837 0.105063491
v -0.008808166 -0.001183791 0.105107933
v -0.008808166 -0.001081842 0.105149306
v -0.008808166 -0.000982497 0.105185941
v -0.008808166 -0.000881443 0.105219565
v -0.008808166 -0.000781772 0.105249241
v -0.008808166 -0.000680853 0.105275847
v -0.008808166 -0.000480081 0.10531877
v -0.008808166 -0.000279692 0.105348885
v -0.008808166 -7.5948e-05 0.105367087
v -0.008777855 -0.0 0.105367504
v -0.008777855 7.5754e-05 0.105363831
v -0.008777855 0.000279305 0.105345652
v -0.008777855 0.000379185 0.105332188
v -0.008777855 0.000479498 0.105315559
v -0.008777855 0.000580014 0.105295703
v -0.008777855 0.000680071 0.105272681
v -0.008777855 0.00078089 0.105246097
v -0.008777855 0.000880463 0.105216458
v -0.008777855 0.000981417 0.105182864
v -0.008777855 0.001080665 0.105146267
v -0.008777855 0.001182515 0.105104931
v -0.008777855 0.001282466 0.105060533
v -0.008777855 0.001465931 0.104968786
v -0.008777855 0.001654049 0.104860485
v -0.008777855 0.001843288 0.104736254
v -0.008777855 0.002035277 0.104593433
v -0.008777855 0.002235532 0.10442549
v -0.008777855 0.002442749 0.104230069
v -0.008777855 0.002660127 0.103999838
v -0.008777855 0.002887805 0.103728719
v -0.008777855 0.003041613 0.103527084
v -0.008777855 0.003296663 0.103157416
v -0.008777855 0.003566733 0.102713153
v -0.008777855 0.003860833 0.102161348
v -0.008777855 0.004177462 0.10147728
v -0.008777855 0.004546919 0.100543067
v -0.008777855 0.004952117 0.099317253
v -0.008777855 0.005364128 0.097805813
v -0.008747688 -0.005360071 0.097804807
v -0.008747688 -0.004948115 0.099316046
v -0.008747688 -0.004542991 0.100541636
v -0.008747688 -0.004173623 0.101475626
v -0.008747688 -0.003857092 0.102159485
v -0.008747688 -0.003563103 0.102711082
v -0.008747688 -0.003293156 0.103155144
v -0.008747688 -0.003038244 0.10352461
v -0.008747688 -0.00288453 0.103726126
v -0.008747688 -0.002657007 0.103997052
v -0.008747688 -0.002439796 0.104227111
v -0.008747688 -0.002232755 0.104422361
v -0.008747688 -0.002032688 0.104590155
v -0.008747688 -0.001840892 0.104732834
v -0.008747688 -0.001651858 0.104856931
v -0.008747688 -0.001463955 0.104965106
v -0.008747688 -0.001280708 0.10505674
v -0.008747688 -0.00118088 0.105101086
v -0.008747688 -0.001079157 0.10514237
v -0.008747688 -0.000980034 0.105178915
v -0.008747688 -0.000879207 0.105212472
v -0.008747688 -0.000779761 0.105242074
v -0.008747688 -0.000679071 0.10526862
v -0.008747688 -0.000478752 0.105311446
v -0.008747688 -0.000278809 0.105341502
v -0.008747688 -7.5505e-05 0.105359659
v -0.008747686 -0.005885072 0.095375001
v -0.008730972 0.0 0.105360597
v -0.008729286 -0.005882007 0.095375001
v -0.008729271 0.005882004 0.095375001
v -0.008715068 7.5173e-05 0.105354086
v -0.008715068 0.000278147 0.105335958
v -0.008715068 0.000477755 0.105305955
v -0.008715068 0.000577974 0.105286159
v -0.008715068 0.000677734 0.105263203
v -0.008715068 0.000778253 0.105236702
v -0.008715068 0.000877529 0.105207145
v -0.008715068 0.000978186 0.105173647
v -0.008715068 0.001077143 0.105137162
v -0.008715068 0.001178697 0.105095945
v -0.008715068 0.001278362 0.105051674
v -0.008715068 0.001461317 0.104960188
v -0.008715068 0.001648933 0.104852177
v -0.008715068 0.001837694 0.104728259
v -0.008715068 0.00202923 0.104585774
v -0.008715068 0.002229047 0.104418196
v -0.008715068 0.002435852 0.104223162
v -0.008715068 0.00265284 0.103993341
v -0.008715068 0.002880157 0.103722654
v -0.008715068 0.003033746 0.103521302
v -0.008715068 0.003288474 0.103152104
v -0.008715068 0.003558257 0.102708317
v -0.008715068 0.003852097 0.102156997
v -0.008715068 0.004168497 0.101473421
v -0.008715068 0.004537746 0.100539729
v -0.008715068 0.004942771 0.099314436
v -0.008715068 0.005354653 0.097803473
v -0.008715063 0.005879391 0.095375001
v -0.008687657 -0.005349259 0.09780214
v -0.008687657 -0.004937451 0.099312834
v -0.008687657 -0.004532524 0.100537829
v -0.008687657 -0.004163395 0.101471223
v -0.008687657 -0.003847124 0.102154516
v -0.008687657 -0.003553432 0.102705561
v -0.008687657 -0.003283813 0.103149079
v -0.008687657 -0.003029268 0.103518017
v -0.008687657 -0.002875803 0.103719205
v -0.008687657 -0.002648692 0.103989638
v -0.008687657 -0.002431926 0.104219228
v -0.008687657 -0.002225356 0.104414038
v -0.008687657 -0.002025788 0.104581408
v -0.008687657 -0.00183451 0.104723707
v -0.008687657 -0.00164602 0.104847446
v -0.008687657 -0.00145869 0.104955293
v -0.008687657 -0.001276026 0.105046637
v -0.008687657 -0.001176524 0.105090834
v -0.008687657 -0.001075138 0.105131984
v -0.008687657 -0.000976347 0.10516841
v -0.008687657 -0.00087586 0.105201848
v -0.008687657 -0.000676403 0.105257809
v -0.008687657 -0.000476763 0.105300486
v -0.008687657 -0.000277487 0.105330437
v -0.008687657 -7.4842e-05 0.105348542
v -0.008687656 -0.0 0.105352178
v -0.008653168 7.4358e-05 0.105340414
v -0.008653168 0.000276521 0.105322361
v -0.008653168 0.000475309 0.105292484
v -0.008653168 0.000575111 0.105272762
v -0.008653168 0.000674455 0.105249904
v -0.008653168 0.000774553 0.105223514
v -0.008653168 0.000873415 0.105194084
v -0.008653168 0.000973653 0.105160728
v -0.008653168 0.001072201 0.105124392
v -0.008653168 0.001173341 0.105083346
v -0.008653168 0.001272605 0.105039254
v -0.008653168 0.001454843 0.104948118
v -0.008653168 0.001641755 0.104840517
v -0.008653168 0.001829846 0.104717039
v -0.008653168 0.002020746 0.104575023
v -0.008653168 0.002219951 0.104407959
v -0.008653168 0.002426177 0.104213469
v -0.008653168 0.002642618 0.103984229
v -0.008653168 0.002869427 0.103714146
v -0.008653168 0.00302271 0.103513196
v -0.008653168 0.003276987 0.103144653
v -0.008653168 0.003546366 0.102701522
v -0.008653168 0.003839841 0.102150887
v -0.008653168 0.004155922 0.101468004
v -0.008653168 0.004524877 0.10053505
v -0.008653168 0.00492966 0.099310488
v -0.008653168 0.005341359 0.097800188
v -0.008649969 0.0 0.105343215
v -0.008645399 -0.005863409 0.095375001
v -0.008645385 0.005863405 0.095375001
v -0.0086283 -0.005334878 0.097798586
v -0.0086283 -0.004923267 0.099308565
v -0.0086283 -0.004518603 0.10053277
v -0.0086283 -0.004149791 0.101465359
v -0.0086283 -0.003833865 0.102147914
v -0.0086283 -0.003540569 0.102698214
v -0.0086283 -0.003271386 0.103141017
v -0.0086283 -0.003017329 0.103509247
v -0.0086283 -0.002864196 0.103709996
v -0.0086283 -0.002637634 0.103979781
v -0.0086283 -0.002421459 0.104208745
v -0.0086283 -0.002215515 0.104402967
v -0.0086283 -0.00201661 0.104569785
v -0.0086283 -0.00182602 0.104711562
v -0.0086283 -0.001638256 0.104834832
v -0.0086283 -0.001451687 0.10494224
v -0.0086283 -0.001269798 0.105033197
v -0.0086283 -0.00117073 0.1050772
v -0.0086283 -0.001069792 0.105118163
v -0.0086283 -0.000871409 0.105187722
v -0.0086283 -0.000672856 0.105243422
v -0.0086283 -0.000474117 0.105285913
v -0.0086283 -0.000275729 0.10531573
v -0.0086283 -7.3961e-05 0.105333753
v -0.008628293 -0.00585866 0.095375001
v -0.008592393 0.0 0.105326474
v -0.008592393 7.3314e-05 0.105322905
v -0.008592393 0.000274438 0.105304942
v -0.008592393 0.000472176 0.105275221
v -0.008592393 0.000670253 0.105232872
v -0.008592393 0.000769813 0.105206624
v -0.008592393 0.000868143 0.10517735
v -0.008592393 0.000967845 0.105144173
v -0.008592393 0.00106587 0.10510803
v -0.008592393 0.001166478 0.105067201
v -0.008592393 0.001265229 0.105023332
v -0.008592393 0.001446549 0.104932658
v -0.008592393 0.00163256 0.104825571
v -0.008592393 0.001819792 0.104702659
v -0.008592393 0.002009877 0.104561254
v -0.008592393 0.002208295 0.104394846
v -0.008592393 0.00241378 0.104201056
v -0.008592393 0.00262952 0.103972554
v -0.008592393 0.00285568 0.103703246
v -0.008592393 0.003008569 0.103502817
v -0.008592393 0.003262269 0.103135101
v -0.008592393 0.003531131 0.10269282
v -0.008592393 0.003824137 0.102143064
v -0.008592393 0.004139809 0.10146106
v -0.008592393 0.004508389 0.100529052
v -0.008592393 0.004912861 0.099305429
v -0.008592393 0.005324327 0.097795978
v -0.008592384 0.005847597 0.095375001
v -0.008570775 0.0 0.105319209
v -0.008569847 -0.005316963 0.097794153
v -0.008569847 -0.004905597 0.099303238
v -0.008569847 -0.004501259 0.10052646
v -0.008569847 -0.004132842 0.101458058
v -0.008569847 -0.003817347 0.102139682
v -0.008569847 -0.003524543 0.102689058
v -0.008569847 -0.003255905 0.103130974
v -0.008569847 -0.003002455 0.103498325
v -0.008569847 -0.002849735 0.103698529
v -0.008569847 -0.002623857 0.103967503
v -0.008569847 -0.002408419 0.104195684
v -0.008569847 -0.002203256 0.104389176
v -0.008569847 -0.002005177 0.104555294
v -0.008569847 -0.001815444 0.104696438
v -0.008569847 -0.001628583 0.104819112
v -0.008569847 -0.001442962 0.104925975
v -0.008569847 -0.001262039 0.105016448
v -0.008569847 -0.001063132 0.105100952
v -0.008569847 -0.000865863 0.105170116
v -0.008569847 -0.000668437 0.105225511
v -0.008569847 -0.000470821 0.105267756
v -0.008569847 -0.000273538 0.105297409
v -0.008569847 -7.2862e-05 0.105315328
v -0.008563274 -0.005837514 0.095375001
v -0.00856326 0.005837508 0.095375001
v -0.008532979 7.2046e-05 0.105301641
v -0.008532979 0.00027191 0.105283789
v -0.008532979 0.000468372 0.105254263
v -0.008532979 0.000665152 0.105212189
v -0.008532979 0.000861742 0.105157033
v -0.008532979 0.001058183 0.105088167
v -0.008532979 0.001158146 0.105047591
v -0.008532979 0.001256273 0.105004005
v -0.008532979 0.001436478 0.10491389
v -0.008532979 0.001621395 0.104807436
v -0.008532979 0.001807584 0.104685202
v -0.008532979 0.00199668 0.104544528
v -0.008532979 0.002194145 0.104378924
v -0.008532979 0.002398728 0.104185984
v -0.008532979 0.002613618 0.103958376
v -0.008532979 0.002838989 0.103690006
v -0.008532979 0.0029914 0.103490204
v -0.008532979 0.0032444 0.103123508
v -0.008532979 0.003512633 0.102682263
v -0.008532979 0.003805071 0.102133565
v -0.008532979 0.004120247 0.101452634
v -0.008532979 0.00448837 0.100521773
v -0.008532979 0.004892465 0.099299289
v -0.008532979 0.005303649 0.097790867
v -0.008532978 0.0 0.105305158
v -0.008532966 0.005825916 0.095375001
v -0.008512523 -0.005295559 0.097788863
v -0.008512523 -0.004884486 0.099296883
v -0.008512523 -0.004480539 0.100518927
v -0.008512523 -0.004112594 0.101449333
v -0.008512523 -0.003797613 0.102129847
v -0.008512523 -0.003505397 0.102678128
v -0.008512523 -0.003237409 0.103118971
v -0.008512523 -0.002984684 0.103485271
v -0.008512523 -0.002832459 0.103684828
v -0.008512523 -0.002607398 0.103952833
v -0.008512523 -0.00239284 0.104180083
v -0.008512523 -0.002188609 0.104372695
v -0.008512523 -0.001991517 0.104537994
v -0.008512523 -0.001802808 0.10467837
v -0.008512523 -0.001617027 0.104800336
v -0.008512523 -0.001432539 0.104906552
v -0.008512523 -0.00125277 0.10499645
v -0.008512523 -0.001055176 0.105080396
v -0.008512523 -0.000859238 0.10514909
v -0.008512523 -0.000663157 0.105204098
v -0.008512523 -0.000466883 0.10524606
v -0.008512523 -0.000270921 0.105275519
v -0.008512523 -7.155e-05 0.105293319
v -0.008512511 -0.005817434 0.095375001
v -0.008493727 0.0 0.105288684
v -0.008483491 -0.005804465 0.095375001
v -0.008483477 0.005804458 0.095375001
v -0.008475146 7.0561e-05 0.105276734
v -0.008475146 0.000268948 0.105259016
v -0.008475146 0.000463916 0.105229713
v -0.008475146 0.000659178 0.105187967
v -0.008475146 0.000854245 0.105133235
v -0.008475146 0.001049179 0.105064899
v -0.008475146 0.001245783 0.10498137
v -0.008475146 0.001424683 0.104891904
v -0.008475146 0.001608317 0.104786187
v -0.008475146 0.001793285 0.104664758
v -0.008475146 0.001981222 0.104524948
v -0.008475146 0.002177569 0.104360275
v -0.008475146 0.002381099 0.104168326
v -0.008475146 0.002594992 0.103941776
v -0.008475146 0.002819438 0.103674509
v -0.008475146 0.002971291 0.103475437
v -0.008475146 0.003223469 0.103109926
v -0.008475146 0.003490967 0.102669887
v -0.008475146 0.00378274 0.102122441
v -0.008475146 0.004097333 0.101442762
v -0.008475146 0.004464922 0.10051325
v -0.008475146 0.004868574 0.099292092
v -0.008475146 0.005279427 0.097784877
v -0.008456554 -0.005270728 0.097782724
v -0.008456554 -0.004859995 0.099289507
v -0.008456554 -0.004456501 0.100510187
v -0.008456554 -0.004089104 0.101439215
v -0.008456554 -0.003774719 0.10211844
v -0.008456554 -0.003483186 0.102665439
v -0.008456554 -0.003215952 0.103105046
v -0.008456554 -0.002964069 0.103470132
v -0.008456554 -0.002812417 0.103668936
v -0.008456554 -0.002588303 0.103935808
v -0.008456554 -0.002374767 0.104161985
v -0.008456554 -0.002171617 0.104353577
v -0.008456554 -0.00197567 0.104517914
v -0.008456554 -0.001788149 0.104657412
v -0.008456554 -0.00160362 0.104778551
v -0.008456554 -0.001420447 0.104884014
v -0.008456554 -0.001242016 0.104973242
v -0.008456554 -0.001045945 0.105056539
v -0.008456554 -0.000851552 0.10512469
v -0.008456554 -0.000657032 0.105179265
v -0.008456554 -0.000462315 0.105220892
v -0.008456554 -0.000267885 0.10525012
v -0.008456554 -7.0027e-05 0.105267785
v -0.008456554 0.0 0.10527122
v -0.008456541 -0.005791399 0.095375001
v -0.008419637 0.0 0.105251975
v -0.008419115 6.8866e-05 0.105248302
v -0.008419115 0.000265568 0.105230741
v -0.008419115 0.000458829 0.105201691
v -0.008419115 0.000652358 0.105160318
v -0.008419115 0.000845687 0.105106078
v -0.008419115 0.001038902 0.105038337
v -0.008419115 0.00123381 0.104955532
v -0.008419115 0.001411219 0.10486681
v -0.008419115 0.00159339 0.104761936
v -0.008419115 0.001776964 0.104641415
v -0.008419115 0.001963578 0.104502589
v -0.008419115 0.002158651 0.104338989
v -0.008419115 0.002360976 0.104148172
v -0.008419115 0.002573733 0.103922822
v -0.008419115 0.002797124 0.103656814
v -0.008419115 0.002948338 0.103458576
v -0.008419115 0.003199578 0.103094421
v -0.008419115 0.003466238 0.102655761
v -0.008419115 0.00375725 0.102109738
v -0.008419115 0.004071179 0.101431489
v -0.008419115 0.004438158 0.100503512
v -0.008419115 0.004841307 0.099283874
v -0.008419115 0.005251781 0.097778045
v -0.008419107 0.005771535 0.095375001
v -0.008406628 -0.005764449 0.095375001
v -0.008406614 0.005764442 0.095375001
v -0.008402162 -0.005242545 0.097775757
v -0.008402162 -0.004832197 0.099281132
v -0.008402162 -0.004429217 0.100500263
v -0.008402162 -0.004062442 0.101427726
v -0.008402162 -0.003748735 0.102105498
v -0.008402162 -0.003457976 0.102651045
v -0.008402162 -0.003191598 0.103089243
v -0.008402162 -0.00294067 0.103452951
v -0.008402162 -0.002789669 0.103650898
v -0.008402162 -0.00256663 0.103916496
v -0.008402162 -0.002354254 0.104141444
v -0.008402162 -0.002152331 0.104331873
v -0.008402162 -0.001957684 0.104495123
v -0.008402162 -0.001771512 0.104633622
v -0.008402162 -0.001588404 0.10475383
v -0.008402162 -0.001406722 0.104858428
v -0.008402162 -0.00122981 0.104946896
v -0.008402162 -0.001035468 0.105029464
v -0.008402162 -0.000842828 0.105097003
v -0.008402162 -0.00065008 0.10515108
v -0.008402162 -0.00045713 0.105192326
v -0.008402162 -0.000264439 0.105221294
v -0.008402162 -6.8299e-05 0.10523881
v -0.008365093 6.6969e-05 0.105216488
v -0.008365093 0.000261784 0.105199091
v -0.008365093 0.000453137 0.105170332
v -0.008365093 0.000644725 0.105129369
v -0.008365093 0.000836109 0.10507568
v -0.008365093 0.001027399 0.10500861
v -0.008365093 0.00122041 0.104926609
v -0.008365093 0.001396151 0.104838729
v -0.008365093 0.001576684 0.104734786
v -0.008365093 0.001758697 0.104615293
v -0.008365093 0.001943832 0.104477569
v -0.008365093 0.002137477 0.104315162
v -0.008365093 0.002338455 0.104125619
v -0.008365093 0.002549938 0.10390161
v -0.008365093 0.002772148 0.103637002
v -0.008365093 0.002922649 0.103439711
v -0.008365093 0.00317284 0.103077076
v -0.008365093 0.00343856 0.102639958
v -0.008365093 0.003728722 0.102095522
v -0.008365093 0.004041907 0.101418875
v -0.008365093 0.004408204 0.100492619
v -0.008365093 0.004810788 0.099274687
v -0.008365093 0.005220839 0.097770393
v -0.008349563 -0.005211098 0.097767986
v -0.008349563 -0.00480118 0.099271789
v -0.008349563 -0.004398774 0.100489192
v -0.008349563 -0.004032692 0.101414904
v -0.008349563 -0.003719741 0.102091052
v -0.008349563 -0.003429847 0.102634981
v -0.008349563 -0.003164423 0.103071615
v -0.008349563 -0.002914562 0.103433773
v -0.008349563 -0.002764286 0.103630774
v -0.008349563 -0.002542448 0.103894934
v -0.008349563 -0.002331365 0.104118519
v -0.008349563 -0.002130811 0.104307666
v -0.008349563 -0.001937615 0.104469694
v -0.008349563 -0.001752947 0.104607075
v -0.008349563 -0.001571425 0.104726247
v -0.008349563 -0.001391407 0.104829885
v -0.008349563 -0.001216191 0.104917504
v -0.008349563 -0.001023778 0.104999252
v -0.008349563 -0.000833094 0.105066106
v -0.008349563 -0.000642322 0.105119631
v -0.008349563 -0.000451345 0.10516046
v -0.008349563 -0.000260593 0.10518913
v -0.008349563 -6.6371e-05 0.105206475
v -0.008349553 -0.005728876 0.095375001
v -0.008348838 0.0 0.105209269
v -0.008333256 -0.005717704 0.095375001
v -0.008333243 0.005717695 0.095375001
v -0.008313277 6.4878e-05 0.105181426
v -0.008313277 0.000257615 0.105164215
v -0.008313277 0.000446864 0.105135769
v -0.008313277 0.000636314 0.105095267
v -0.008313277 0.000825555 0.105042174
v -0.008313277 0.001014724 0.104975857
v -0.008313277 0.001205643 0.104894742
v -0.008313277 0.001379546 0.104807779
v -0.008313277 0.001558274 0.104704879
v -0.008313277 0.001738568 0.104586512
v -0.008313277 0.001922071 0.104450002
v -0.008313277 0.002114143 0.104288913
v -0.008313277 0.002313637 0.104100764
v -0.008313277 0.002523718 0.103878237
v -0.008313277 0.002744627 0.10361518
v -0.008313277 0.00289434 0.103418924
v -0.008313277 0.003143376 0.103057958
v -0.008313277 0.00340806 0.102622539
v -0.008313277 0.003697284 0.102079861
v -0.008313277 0.004009651 0.10140498
v -0.008313277 0.004375195 0.100480616
v -0.008313277 0.004777157 0.099264555
v -0.008313277 0.005186742 0.097761966
v -0.008313276 0.0 0.105184637
v -0.008313264 0.005703336 0.095375001
v -0.00829897 -0.005176489 0.097759433
v -0.00829897 -0.004767044 0.099261507
v -0.00829897 -0.00436527 0.10047701
v -0.00829897 -0.003999951 0.1014008
v -0.00829897 -0.003687831 0.102075152
v -0.00829897 -0.003398889 0.102617301
v -0.00829897 -0.003134516 0.103052206
v -0.00829897 -0.002885828 0.103412673
v -0.00829897 -0.002736351 0.103608616
v -0.00829897 -0.002515834 0.103871211
v -0.00829897 -0.002306174 0.104093291
v -0.00829897 -0.002107128 0.104281016
v -0.00829897 -0.001915528 0.10444171
v -0.00829897 -0.001732515 0.104577862
v -0.00829897 -0.001552738 0.104695886
v -0.00829897 -0.001374553 0.104798466
v -0.00829897 -0.001201203 0.104885161
v -0.00829897 -0.001010913 0.104966007
v -0.00829897 -0.000822382 0.105032101
v -0.00829897 -0.000633785 0.105085015
v -0.00829897 -0.000444978 0.105125383
v -0.00829897 -0.000256361 0.105153732
v -0.00829897 -6.4249e-05 0.105170883
v -0.008281687 0.0 0.105160758
v -0.008263938 -0.005664512 0.095375001
v -0.008263927 0.005664502 0.095375001
v -0.008263856 6.2603e-05 0.105143279
v -0.008263856 0.000253079 0.105126269
v -0.008263856 0.000440039 0.105098166
v -0.008263856 0.000627162 0.105058163
v -0.008263856 0.000814071 0.105005726
v -0.008263856 0.001000933 0.104940213
v -0.008263856 0.001189576 0.104860067
v -0.008263856 0.001361479 0.104774103
v -0.008263856 0.001538243 0.104672335
v -0.008263856 0.001716666 0.104555197
v -0.008263856 0.001898394 0.104419999
v -0.008263856 0.002088755 0.104260348
v -0.008263856 0.002286633 0.104073726
v -0.008263856 0.002495188 0.103852808
v -0.008263856 0.002714681 0.103591435
v -0.008263856 0.002863538 0.103396297
v -0.008263856 0.003111315 0.103037156
v -0.008263856 0.003374873 0.102603585
v -0.008263856 0.003663078 0.102062821
v -0.008263856 0.003974553 0.101389855
v -0.008263856 0.004339279 0.100467555
v -0.008263856 0.004740564 0.099253535
v -0.008263856 0.005149641 0.097752795
v -0.008250588 -0.005138832 0.097750127
v -0.008250588 -0.004729903 0.099250324
v -0.008250588 -0.004328815 0.100463748
v -0.008250588 -0.003964327 0.101385452
v -0.008250588 -0.003653112 0.102057852
v -0.008250588 -0.003365205 0.102598064
v -0.008250588 -0.003101975 0.103031091
v -0.008250588 -0.002854564 0.10338971
v -0.008250588 -0.002705957 0.103584513
v -0.008250588 -0.002486876 0.103845403
v -0.008250588 -0.002278766 0.104065843
v -0.008250588 -0.002081359 0.104252025
v -0.008250588 -0.001891496 0.104411259
v -0.008250588 -0.001710285 0.10454607
v -0.008250588 -0.001532407 0.10466285
v -0.008250588 -0.001356215 0.10476429
v -0.008250588 -0.001184894 0.104849964
v -0.008250588 -0.000996915 0.104929827
v -0.008250588 -0.000810725 0.104995109
v -0.008250588 -0.000624496 0.105047353
v -0.008250588 -0.00043805 0.105087213
v -0.008250588 -0.000251757 0.105115213
v -0.008250588 -6.194e-05 0.105132163
v -0.008250587 0.0 0.105135247
v -0.008250578 -0.0056531 0.095375001
v -0.008218667 0.0 0.105106756
v -0.008217009 6.0154e-05 0.105102204
v -0.008217009 0.000248195 0.105085418
v -0.008217009 0.00043269 0.105057687
v -0.008217009 0.000617309 0.105018221
v -0.008217009 0.000801708 0.104966484
v -0.008217009 0.000986085 0.104901843
v -0.008217009 0.001172277 0.10482274
v -0.008217009 0.001342027 0.104737848
v -0.008217009 0.001516677 0.104637295
v -0.008217009 0.001693086 0.104521476
v -0.008217009 0.001872904 0.104387701
v -0.008217009 0.002061422 0.104229592
v -0.008217009 0.002257561 0.104044609
v -0.008217009 0.002464473 0.103825428
v -0.008217009 0.002682442 0.103565872
v -0.008217009 0.002830376 0.103371948
v -0.008217009 0.0030768 0.10301476
v -0.008217009 0.003339145 0.102583185
v -0.008217009 0.003626251 0.102044471
v -0.008217009 0.003936767 0.101373576
v -0.008217009 0.004300612 0.100453496
v -0.008217009 0.004701168 0.099241666
v -0.008217009 0.005109699 0.097742923
v -0.008216999 0.005622549 0.095375001
v -0.008204617 -0.005098256 0.097740099
v -0.008204617 -0.004689882 0.099238269
v -0.008204617 -0.004289534 0.100449465
v -0.008204617 -0.003925941 0.101368912
v -0.008204617 -0.003615701 0.10203921
v -0.008204617 -0.003328909 0.102577336
v -0.008204617 -0.003066911 0.103008337
v -0.008204617 -0.002820876 0.103364967
v -0.008204617 -0.002673205 0.103558548
v -0.008204617 -0.002455673 0.10381759
v -0.008204617 -0.002249232 0.104036272
v -0.008204617 -0.002053592 0.104220785
v -0.008204617 -0.001865601 0.104378447
v -0.008204617 -0.001686331 0.10451182
v -0.008204617 -0.001510499 0.104627252
v -0.008204617 -0.001336455 0.104727454
v -0.008204617 -0.001167322 0.104812041
v -0.008204617 -0.000981831 0.104890853
v -0.008204617 -0.000798166 0.104955241
v -0.008204617 -0.000614487 0.105006777
v -0.008204617 -0.000430585 0.105046086
v -0.008204617 -0.000246796 0.105073713
v -0.008204617 -5.9453e-05 0.105090439
v -0.008199226 -0.00560521 0.095375001
v -0.008199216 0.005605199 0.095375001
v -0.008172959 5.7545e-05 0.105058454
v -0.008172959 0.000242992 0.105041891
v -0.008172959 0.000424862 0.105014563
v -0.008172959 0.000606813 0.104975663
v -0.008172959 0.000788537 0.104924679
v -0.008172959 0.000970267 0.104860969
v -0.008172959 0.001153849 0.104782969
v -0.008172959 0.001321305 0.104699224
v -0.008172959 0.001493703 0.104599968
v -0.008172959 0.001667966 0.104485556
v -0.008172959 0.001845748 0.104353294
v -0.008172959 0.002032304 0.104196832
v -0.008172959 0.00222659 0.104013592
v -0.008172959 0.002431751 0.103796259
v -0.008172959 0.002648096 0.103538632
v -0.008172959 0.002795049 0.103345998
v -0.008172959 0.003040029 0.102990896
v -0.008172959 0.003301083 0.102561444
v -0.008172959 0.00358702 0.10202492
v -0.008172959 0.003896513 0.101356231
v -0.008172959 0.004259419 0.100438513
v -0.008172959 0.004659199 0.099229023
v -0.008172959 0.005067148 0.09773241
v -0.008172949 0.005577927 0.095375001
v -0.008167013 0.0 0.105054982
v -0.008161323 -0.005054979 0.0977294
v -0.008161323 -0.004647197 0.099225409
v -0.008161323 -0.004247638 0.100434229
v -0.008161323 -0.003885 0.101351276
v -0.008161323 -0.0035758 0.102019332
v -0.008161323 -0.003290198 0.10255523
v -0.008161323 -0.003029514 0.102984078
v -0.008161323 -0.002784946 0.103338577
v -0.008161323 -0.002638274 0.103530847
v -0.008161323 -0.002422393 0.103787921
v -0.008161323 -0.002217732 0.104004726
v -0.008161323 -0.002023977 0.104187466
v -0.008161323 -0.001837982 0.104343459
v -0.008161323 -0.001660782 0.104475282
v -0.008161323 -0.001487133 0.104589291
v -0.008161323 -0.001315379 0.104688175
v -0.008161323 -0.001148579 0.104771592
v -0.008161323 -0.000965743 0.104849271
v -0.008161323 -0.00078477 0.104912721
v -0.008161323 -0.000603811 0.104963489
v -0.008161323 -0.000422623 0.105002224
v -0.008161323 -0.000241504 0.105029449
v -0.008161323 -5.6799e-05 0.105045937
v -0.008161313 -0.005565166 0.095375001
v -0.008139651 -0.00554019 0.095375001
v -0.008139641 0.005540179 0.095375001
v -0.008131739 0.0 0.105014846
v -0.008131739 5.478e-05 0.105012074
v -0.008131739 0.000237477 0.104995765
v -0.008131739 0.000416565 0.104968846
v -0.008131739 0.000595688 0.104930557
v -0.008131739 0.000774576 0.104880363
v -0.008131739 0.000953502 0.104817636
v -0.008131739 0.001134317 0.104740813
v -0.008131739 0.001299342 0.104658283
v -0.008131739 0.001469352 0.104560405
v -0.008131739 0.001641341 0.104447484
v -0.008131739 0.001816965 0.104316831
v -0.008131739 0.002001441 0.104162104
v -0.008131739 0.002193763 0.10398072
v -0.008131739 0.002397069 0.103765346
v -0.008131739 0.002611693 0.103509769
v -0.008131739 0.002757605 0.103318498
v -0.008131739 0.003001056 0.102965608
v -0.008131739 0.00326074 0.102538407
v -0.008131739 0.003545437 0.102004208
v -0.008131739 0.003853847 0.10133785
v -0.008131739 0.004215758 0.100422636
v -0.008131739 0.004614716 0.099215627
v -0.008131739 0.005022048 0.097721256
v -0.008120736 -0.005008999 0.097718038
v -0.008120736 -0.004601846 0.099211752
v -0.008120736 -0.004203126 0.100418039
v -0.008120736 -0.003841503 0.10133253
v -0.008120736 -0.003533407 0.10199821
v -0.008120736 -0.003249069 0.102531739
v -0.008120736 -0.002989781 0.102958292
v -0.008120736 -0.002746772 0.10331054
v -0.008120736 -0.002601162 0.103501417
v -0.008120736 -0.002387035 0.103756405
v -0.008120736 -0.002184266 0.103971206
v -0.008120736 -0.001992512 0.104152061
v -0.008120736 -0.001808638 0.104306281
v -0.008120736 -0.001633638 0.104436472
v -0.008120736 -0.001462307 0.104548953
v -0.008120736 -0.001292987 0.104646437
v -0.008120736 -0.001128666 0.104728617
v -0.008120736 -0.000948651 0.104805104
v -0.008120736 -0.000770538 0.104867548
v -0.008120736 -0.000592469 0.104917504
v -0.008120736 -0.000414164 0.104955621
v -0.008120736 -0.000235882 0.104982421
v -0.008120736 -5.398e-05 0.104998663
v -0.008120729 -0.005516951 0.095375001
v -0.008113338 0.0 0.104992069
v -0.008093554 5.1874e-05 0.104963332
v -0.008093554 0.000231681 0.104947284
v -0.008093554 0.000407844 0.104920805
v -0.008093554 0.000583994 0.104883149
v -0.008093554 0.000759903 0.104833789
v -0.008093554 0.00093588 0.104772098
v -0.008093554 0.001113788 0.104696512
v -0.008093554 0.001276257 0.104615256
v -0.008093554 0.001443758 0.104518816
v -0.008093554 0.001613357 0.104407467
v -0.008093554 0.001786713 0.104278497
v -0.008093554 0.001969002 0.104125611
v -0.008093554 0.00215926 0.103946164
v -0.008093554 0.002360616 0.103732854
v -0.008093554 0.002573431 0.103479423
v -0.008093554 0.002718248 0.103289597
v -0.008093554 0.002960093 0.102939032
v -0.008093554 0.003218337 0.102514192
v -0.008093554 0.003501731 0.10198243
v -0.008093554 0.003809002 0.101318531
v -0.008093554 0.004169867 0.100405946
v -0.008093554 0.00456796 0.099201545
v -0.008093554 0.004974644 0.097709544
v -0.008093553 0.0 0.10496597
v -0.008093551 0.005480928 0.095375001
v -0.008085719 -0.0054699 0.095375001
v -0.00808571 0.005469888 0.095375001
v -0.00808311 -0.004960555 0.097706057
v -0.00808311 -0.004554064 0.099197358
v -0.00808311 -0.004156228 0.100400984
v -0.00808311 -0.003795673 0.101312786
v -0.00808311 -0.003488742 0.101975955
v -0.00808311 -0.003205735 0.102506995
v -0.00808311 -0.002947918 0.102931134
v -0.00808311 -0.002706551 0.103281006
v -0.00808311 -0.00256206 0.103470407
v -0.00808311 -0.002349782 0.103723198
v -0.00808311 -0.002149005 0.103935897
v -0.00808311 -0.001959361 0.104114763
v -0.00808311 -0.001777722 0.104267105
v -0.00808311 -0.001605039 0.104395576
v -0.00808311 -0.001436151 0.104506455
v -0.00808311 -0.001269396 0.104602464
v -0.00808311 -0.001107686 0.10468334
v -0.00808311 -0.000930643 0.104758568
v -0.00808311 -0.000755542 0.104819953
v -0.00808311 -0.000580519 0.104869053
v -0.00808311 -0.000405252 0.104906522
v -0.00808311 -0.000229958 0.104932867
v -0.00808311 -5.101e-05 0.104948848
v -0.008064994 0.0 0.104924865
v -0.00805853 4.8838e-05 0.104912423
v -0.00805853 0.000225627 0.104896642
v -0.00805853 0.000398735 0.104870625
v -0.00805853 0.000571781 0.104833625
v -0.00805853 0.000744577 0.104785144
v -0.00805853 0.000917475 0.104724534
v -0.00805853 0.001092345 0.104650237
v -0.00805853 0.001252145 0.104570314
v -0.00805853 0.001417025 0.104475386
v -0.00805853 0.001584127 0.104365669
v -0.00805853 0.001755115 0.104238458
v -0.00805853 0.00193512 0.104087487
v -0.00805853 0.002123222 0.103910074
v -0.00805853 0.002322541 0.103698917
v -0.00805853 0.002533467 0.103447735
v -0.00805853 0.002677141 0.103259407
v -0.00805853 0.002917307 0.102911271
v -0.00805853 0.003174049 0.102488898
v -0.00805853 0.003456081 0.101959683
v -0.00805853 0.003762162 0.101298347
v -0.00805853 0.004121935 0.100388512
v -0.00805853 0.004519125 0.099186838
v -0.00805853 0.004925131 0.097697303
v -0.00804861 -0.00490982 0.097693518
v -0.00804861 -0.004504024 0.099182285
v -0.00804861 -0.004107113 0.100383125
v -0.00804861 -0.003747677 0.101292104
v -0.00804861 -0.003441965 0.10195265
v -0.00804861 -0.003160353 0.102481075
v -0.00804861 -0.002904076 0.102902681
v -0.00804861 -0.002664429 0.103250071
v -0.00804861 -0.002521109 0.10343793
v -0.00804861 -0.002310767 0.103688419
v -0.00804861 -0.002112078 0.103898913
v -0.00804861 -0.001924642 0.1040757
v -0.00804861 -0.001745343 0.104226083
v -0.00804861 -0.001575088 0.104352742
v -0.00804861 -0.001408758 0.104461953
v -0.00804861 -0.001244688 0.104556412
v -0.00804861 -0.001085714 0.104635924
v -0.00804861 -0.000911783 0.104709826
v -0.00804861 -0.000739838 0.104770102
v -0.00804861 -0.000568004 0.104818314
v -0.00804861 -0.000395918 0.104855105
v -0.00804861 -0.000223754 0.104880981
v -0.00804861 -4.7899e-05 0.10489668
v -0.008048609 -0.0 0.104899138
v -0.008048607 -0.005412946 0.095375001
v -0.008037905 -0.005394842 0.095375001
v -0.008037897 0.005394828 0.095375001
v -0.008026786 4.5685e-05 0.104859546
v -0.008026786 0.000219339 0.104844049
v -0.008026786 0.000389275 0.104818508
v -0.008026786 0.000559097 0.104782201
v -0.008026786 0.000728661 0.104734629
v -0.008026786 0.00089836 0.104675137
v -0.008026786 0.001070076 0.10460218
v -0.008026786 0.001227104 0.104523636
v -0.008026786 0.001389263 0.104430281
v -0.008026786 0.001553772 0.104322262
v -0.008026786 0.0017223 0.104196884
v -0.008026786 0.001899933 0.104047902
v -0.008026786 0.002085796 0.103872597
v -0.008026786 0.002283 0.103663668
v -0.008026786 0.002491964 0.103414819
v -0.008026786 0.002634451 0.103228055
v -0.008026786 0.002872874 0.102882437
v -0.008026786 0.003128054 0.102462627
v -0.008026786 0.003408673 0.101936065
v -0.008026786 0.003713519 0.101277389
v -0.008026786 0.004072158 0.100370415
v -0.008026786 0.00446841 0.099171557
v -0.008026786 0.004873712 0.097684592
v -0.008026785 0.005375079 0.095375001
v -0.008022292 0.0 0.104853757
v -0.008017387 -0.004856979 0.097680457
v -0.008017387 -0.004451906 0.099166587
v -0.008017387 -0.004055959 0.100364521
v -0.008017387 -0.003697689 0.101270571
v -0.008017387 -0.003393246 0.101928376
v -0.008017387 -0.003113087 0.102454081
v -0.008017387 -0.002858414 0.102873057
v -0.008017387 -0.002620559 0.103217848
v -0.008017387 -0.002478458 0.103404112
v -0.008017387 -0.002270133 0.103652194
v -0.008017387 -0.002073617 0.103860401
v -0.008017387 -0.001888483 0.10403502
v -0.008017387 -0.001711621 0.104183353
v -0.008017387 -0.001543894 0.104308143
v -0.008017387 -0.001380229 0.104415596
v -0.008017387 -0.001218956 0.104508452
v -0.008017387 -0.00106283 0.104586542
v -0.008017387 -0.00089214 0.104659066
v -0.008017387 -0.000723482 0.104718186
v -0.008017387 -0.000554969 0.104765467
v -0.008017387 -0.000386197 0.104801551
v -0.008017387 -0.000217293 0.104826935
v -0.008017387 -4.4659e-05 0.104842342
v -0.007998424 4.2428e-05 0.104804926
v -0.007998424 0.000212844 0.104789719
v -0.007998424 0.000379503 0.10476467
v -0.007998424 0.000545993 0.104729079
v -0.007998424 0.000712219 0.104682438
v -0.007998424 0.000878614 0.104624107
v -0.007998424 0.001047071 0.10455253
v -0.007998424 0.001201236 0.104475424
v -0.007998424 0.001360583 0.104383677
v -0.007998424 0.001522413 0.104277425
v -0.007998424 0.0016884 0.104153931
v -0.007998424 0.001863583 0.104006998
v -0.007998424 0.002047133 0.103833877
v -0.007998424 0.002242152 0.103627257
v -0.007998424 0.002449089 0.103380822
v -0.007998424 0.00259035 0.103195667
v -0.007998424 0.002826971 0.102852657
v -0.007998424 0.003080539 0.102435492
v -0.007998424 0.003359698 0.101911664
v -0.007998424 0.003663267 0.101255737
v -0.007998424 0.004020734 0.100351714
v -0.007998424 0.004416017 0.099155776
v -0.007998424 0.004820593 0.097671464
v -0.007998423 -0.0 0.104807138
v -0.007996643 -0.005315572 0.095375001
v -0.007996636 0.005315558 0.095375001
v -0.007989589 -0.005300112 0.095375001
v -0.007989588 -0.004802228 0.097666927
v -0.007989588 -0.004397903 0.099150322
v -0.007989588 -0.004002955 0.100345246
v -0.007989588 -0.003645893 0.101248249
v -0.007989588 -0.003342766 0.101903223
v -0.007989588 -0.003064111 0.102426112
v -0.007989588 -0.002811101 0.102842353
v -0.007989588 -0.002575102 0.103184469
v -0.007989588 -0.002434266 0.103369065
v -0.007989588 -0.002228029 0.103614666
v -0.007989588 -0.002033766 0.103820488
v -0.007989588 -0.001851016 0.103992864
v -0.007989588 -0.001676679 0.104139082
v -0.007989588 -0.001511572 0.10426192
v -0.007989588 -0.001350667 0.104367569
v -0.007989588 -0.001192292 0.104458757
v -0.007989588 -0.001039118 0.104535364
v -0.007989588 -0.000871787 0.104606465
v -0.007989588 -0.000706535 0.104664393
v -0.007989588 -0.000541463 0.104710713
v -0.007989588 -0.000376124 0.104746051
v -0.007989588 -0.000210598 0.104770929
v -0.007989588 -4.1302e-05 0.104786046
v -0.007985558 0.0 0.104779206
v -0.00797353 3.908e-05 0.104748778
v -0.00797353 0.000206167 0.104733862
v -0.00797353 0.000369456 0.10470932
v -0.00797353 0.000532523 0.104674466
v -0.00797353 0.000695316 0.104628786
v -0.00797353 0.000858315 0.104571648
v -0.00797353 0.001023422 0.104501493
v -0.00797353 0.001174643 0.104425855
v -0.00797353 0.001331099 0.104335777
v -0.00797353 0.001490176 0.104231328
v -0.00797353 0.00165355 0.104109779
v -0.00797353 0.001826214 0.103964955
v -0.00797353 0.002007387 0.103794076
v -0.00797353 0.002200159 0.103589825
v -0.00797353 0.002405012 0.103345871
v -0.00797353 0.002545012 0.103162371
v -0.00797353 0.002779783 0.102822036
v -0.00797353 0.003031692 0.102407597
v -0.00797353 0.00330935 0.101886578
v -0.00797353 0.003611607 0.101233482
v -0.00797353 0.00396787 0.100332484
v -0.00797353 0.004362157 0.099139556
v -0.00797353 0.004765985 0.097657971
v -0.00797353 0.005262099 0.095375001
v -0.007973529 -0.0 0.104750827
v -0.00796534 -0.004745769 0.097652972
v -0.00796534 -0.004342217 0.099133551
v -0.00796534 -0.003948298 0.100325368
v -0.00796534 -0.003592482 0.101225242
v -0.00796534 -0.003290711 0.101877287
v -0.00796534 -0.003013608 0.102397271
v -0.00796534 -0.002762313 0.102810703
v -0.00796534 -0.002528228 0.10315004
v -0.00796534 -0.002388694 0.103332929
v -0.00796534 -0.002184613 0.103575967
v -0.00796534 -0.001992672 0.103779338
v -0.00796534 -0.00181238 0.10394939
v -0.00796534 -0.001640648 0.104093425
v -0.00796534 -0.001478241 0.104214258
v -0.00796534 -0.001320184 0.104318038
v -0.00796534 -0.001164797 0.104407504
v -0.00796534 -0.001014666 0.104482599
v -0.00796534 -0.000850799 0.104552224
v -0.00796534 -0.000689059 0.104608923
v -0.00796534 -0.000527536 0.104654245
v -0.00796534 -0.000365737 0.104688831
v -0.00796534 -0.000203695 0.104713187
v -0.00796534 -3.7841e-05 0.104727991
v -0.007962319 -0.005232701 0.095375001
v -0.007962313 0.005232686 0.095375001
v -0.007955154 0.0 0.104701929
v -0.007952182 0.005203492 0.095375001
v -0.007952181 3.5654e-05 0.104691319
v -0.007952181 0.000199334 0.104676709
v -0.007952181 0.000359176 0.104652688
v -0.007952181 0.000518739 0.104618579
v -0.007952181 0.000678019 0.104573883
v -0.007952181 0.000837542 0.104517967
v -0.007952181 0.000999221 0.104449265
v -0.007952181 0.001147429 0.104375131
v -0.007952181 0.001300928 0.104286753
v -0.007952181 0.001457187 0.104184151
v -0.007952181 0.001617888 0.104064591
v -0.007952181 0.001787975 0.103921935
v -0.007952181 0.001966714 0.103753343
v -0.007952181 0.002157187 0.103551522
v -0.007952181 0.002359908 0.103310101
v -0.007952181 0.002498618 0.103128292
v -0.007952181 0.002731494 0.102790706
v -0.007952181 0.002981707 0.102379054
v -0.007952181 0.003257829 0.101860903
v -0.007952181 0.003558743 0.101210706
v -0.007952181 0.003913773 0.100312814
v -0.007952181 0.00430704 0.099122956
v -0.007952181 0.004710105 0.097644158
v -0.007944766 -0.005180113 0.095375001
v -0.007944765 -0.004687814 0.097638644
v -0.007944765 -0.004285055 0.099116333
v -0.007944765 -0.003892194 0.100304969
v -0.007944765 -0.003537656 0.101201616
v -0.007944765 -0.003237277 0.101850666
v -0.007944765 -0.002961768 0.102367662
v -0.007944765 -0.002712232 0.102778204
v -0.007944765 -0.002480112 0.103114702
v -0.007944765 -0.002341916 0.103295833
v -0.007944765 -0.002140046 0.103536241
v -0.007944765 -0.001950489 0.103737094
v -0.007944765 -0.001772721 0.103904769
v -0.007944765 -0.001603662 0.104046568
v -0.007944765 -0.001444028 0.104165338
v -0.007944765 -0.001288893 0.104267202
v -0.007944765 -0.001136574 0.104354903
v -0.007944765 -0.000989567 0.104428433
v -0.007944765 -0.000829256 0.104496554
v -0.007944765 -0.00067112 0.104551986
v -0.007944765 -0.00051324 0.10459628
v -0.007944765 -0.000355075 0.10463009
v -0.007944765 -0.000196608 0.10465391
v -0.007944765 -3.4287e-05 0.104668394
v -0.007944764 -0.0 0.104670219
v -0.007935262 -0.005146882 0.095375001
v -0.007935259 0.005146867 0.095375001
v -0.007934434 3.2163e-05 0.104632773
v -0.007934434 0.000192372 0.104618475
v -0.007934434 0.000348701 0.104594983
v -0.007934434 0.000504694 0.104561634
v -0.007934434 0.000660396 0.104517952
v -0.007934434 0.000816377 0.104463272
v -0.007934434 0.000974564 0.104396053
v -0.007934434 0.001119703 0.104323454
v -0.007934434 0.001270188 0.104236811
v -0.007934434 0.001423576 0.104136094
v -0.007934434 0.001581552 0.104018554
v -0.007934434 0.001749014 0.103878096
v -0.007934434 0.001925273 0.103711843
v -0.007934434 0.002113405 0.103512488
v -0.007934434 0.002313953 0.10327366
v -0.007934434 0.002451349 0.103093579
v -0.007934434 0.002682294 0.10275878
v -0.007934434 0.002930779 0.102349967
v -0.007934434 0.003205335 0.101834752
v -0.007934434 0.003504882 0.101187497
v -0.007934434 0.003858655 0.100292772
v -0.007934434 0.004250885 0.099106044
v -0.007934434 0.00465317 0.097630084
v -0.007931326 0.0 0.104622655
v -0.007927964 -0.004628584 0.097624004
v -0.007927964 -0.004226635 0.099098735
v -0.007927964 -0.003834855 0.100284114
v -0.007927964 -0.003481623 0.101177476
v -0.007927964 -0.003182668 0.101823457
v -0.007927964 -0.002908787 0.102337405
v -0.007927964 -0.002661049 0.102744997
v -0.007927964 -0.002430937 0.103078589
v -0.007927964 -0.002294109 0.103257924
v -0.007927964 -0.002094499 0.103495635
v -0.007927964 -0.001907378 0.103693917
v -0.007927964 -0.001732189 0.103859164
v -0.007927964 -0.001565862 0.103998676
v -0.007927964 -0.001409062 0.104115337
v -0.007927964 -0.001256913 0.104215242
v -0.007927964 -0.00110773 0.10430114
v -0.007927964 -0.000963916 0.104373075
v -0.007927964 -0.000807238 0.104439653
v -0.007927964 -0.000652786 0.104493797
v -0.007927964 -0.000498629 0.104537047
v -0.007927964 -0.000344178 0.104570061
v -0.007927964 -0.000189366 0.104593329
v -0.007927964 -3.0656e-05 0.104607493
v -0.007920339 0.005083184 0.095375001
v -0.007920338 0.0 0.104574919
v -0.007920338 2.8621e-05 0.104573369
v -0.007920338 0.000185309 0.104559392
v -0.007920338 0.000338074 0.104536429
v -0.007920338 0.000490444 0.104503863
v -0.007920338 0.000642515 0.104461193
v -0.007920338 0.000794903 0.104407772
v -0.007920338 0.000949545 0.104342058
v -0.007920338 0.00109157 0.104271017
v -0.007920338 0.001238997 0.104186133
v -0.007920338 0.001389473 0.104087323
v -0.007920338 0.001544685 0.103971839
v -0.007920338 0.001709482 0.103833616
v -0.007920338 0.001883226 0.103669733
v -0.007920338 0.002068981 0.103472896
v -0.007920338 0.002267325 0.103236683
v -0.007920338 0.002403388 0.103058353
v -0.007920338 0.002632374 0.102726385
v -0.007920338 0.002879105 0.102320455
v -0.007920338 0.003152074 0.101808213
v -0.007920338 0.003450232 0.101163946
v -0.007920338 0.003802731 0.100272432
v -0.007920338 0.004193907 0.099088877
v -0.007920338 0.004595402 0.097615801
v -0.007915739 -0.005058811 0.095375001
v -0.007915736 0.005058795 0.095375001
v -0.007915034 -0.005054763 0.095375001
v -0.007915033 -0.004568307 0.09760911
v -0.007915033 -0.004167182 0.099080831
v -0.007915033 -0.003776501 0.100262895
v -0.007915033 -0.003424599 0.101152904
v -0.007915033 -0.003127092 0.10179577
v -0.007915033 -0.002854868 0.102306619
v -0.007915033 -0.00260896 0.102711193
v -0.007915033 -0.002380892 0.103041835
v -0.007915033 -0.002245456 0.103219345
v -0.007915033 -0.002048146 0.103454322
v -0.007915033 -0.001863505 0.103649981
v -0.007915033 -0.00169094 0.103812754
v -0.007915033 -0.001527394 0.103949934
v -0.007915033 -0.001373477 0.10406445
v -0.007915033 -0.001224368 0.104162365
v -0.007915033 -0.001078375 0.104246423
v -0.007915033 -0.000937811 0.104316734
v -0.007915033 -0.00078483 0.104381748
v -0.007915033 -0.000634128 0.104434572
v -0.007915033 -0.00048376 0.104476757
v -0.007915033 -0.000333089 0.104508966
v -0.007915033 -0.000181996 0.104531676
v -0.007915033 -2.696e-05 0.104545511
v -0.007914096 0.0 0.10454154
v -0.007909923 0.00502195 0.095375001
v -0.007909922 0.0 0.104514711
v -0.007909922 2.5042e-05 0.10451334
v -0.007909922 0.00017817 0.104499675
v -0.007909922 0.000327333 0.104477264
v -0.007909922 0.000476043 0.104445472
v -0.007909922 0.000624444 0.104403839
v -0.007909922 0.000773201 0.104351692
v -0.007909922 0.000924262 0.104287498
v -0.007909922 0.00106314 0.104218028
v -0.007909922 0.001207477 0.104134917
v -0.007909922 0.001355008 0.104038045
v -0.007909922 0.001507428 0.103924632
v -0.007909922 0.001669532 0.103788666
v -0.007909922 0.001840734 0.103627175
v -0.007909922 0.002024088 0.103432871
v -0.007909922 0.002220204 0.103199318
v -0.007909922 0.002354919 0.103022754
v -0.007909922 0.002581926 0.102693655
v -0.007909922 0.002826884 0.102290638
v -0.007909922 0.003098248 0.101781398
v -0.007909922 0.003395003 0.101140156
v -0.007909922 0.003746215 0.100251876
v -0.007909922 0.004136325 0.099071532
v -0.007909922 0.004537022 0.097601376
v -0.007906055 -0.004507277 0.097594023
v -0.007906055 -0.004106987 0.099062696
v -0.007906055 -0.003717419 0.100241408
v -0.007906055 -0.003366864 0.101128027
v -0.007906055 -0.003070823 0.101767734
v -0.007906055 -0.002800277 0.102275439
v -0.007906055 -0.002556222 0.10267698
v -0.007906055 -0.002330223 0.103004619
v -0.007906055 -0.002196195 0.103180282
v -0.007906055 -0.002001214 0.103412487
v -0.007906055 -0.001819084 0.103605494
v -0.007906055 -0.001649177 0.103765771
v -0.007906055 -0.001488445 0.103900582
v -0.007906055 -0.001337448 0.104012936
v -0.007906055 -0.001191417 0.104108825
v -0.007906055 -0.001048655 0.104191028
v -0.007906055 -0.00091138 0.1042597
v -0.007906055 -0.000762144 0.104323119
v -0.007906055 -0.000615237 0.10437461
v -0.007906055 -0.000468706 0.104415722
v -0.007906055 -0.000321861 0.104447111
v -0.007906055 -0.000174533 0.104469255
v -0.007906055 -2.3218e-05 0.104482755
v -0.007906055 0.0 0.104484029
v -0.007903945 -0.004969215 0.095375001
v -0.007903944 0.004969199 0.095375001
v -0.007903617 0.0 0.104459099
v -0.007903203 2.1438e-05 0.104452908
v -0.007903203 0.000170984 0.104439564
v -0.007903203 0.000316521 0.104417697
v -0.007903203 0.000461546 0.104386695
v -0.007903203 0.000606253 0.104346097
v -0.007903203 0.000751354 0.104295231
v -0.007903203 0.000898811 0.104232572
v -0.007903203 0.00103452 0.104164682
v -0.007903203 0.001175746 0.104083367
v -0.007903203 0.001320314 0.103988431
v -0.007903203 0.001469922 0.103877112
v -0.007903203 0.001629315 0.103743419
v -0.007903203 0.001797959 0.103584342
v -0.007903203 0.001978894 0.103392586
v -0.007903203 0.002172768 0.1031617
v -0.007903203 0.002306126 0.102986924
v -0.007903203 0.002531141 0.102660701
v -0.007903203 0.002774314 0.102260612
v -0.007903203 0.003044063 0.101754397
v -0.007903203 0.003339406 0.101116203
v -0.007903203 0.003689322 0.100231186
v -0.007903203 0.00407836 0.099054076
v -0.007903203 0.004478252 0.097586848
v -0.007901318 -0.004931124 0.095375001
v -0.007901318 -0.004450436 0.097579971
v -0.007901318 -0.004050924 0.099045813
v -0.007901318 -0.003662392 0.100221395
v -0.007901318 -0.003313091 0.101104863
v -0.007901318 -0.003018416 0.101741619
v -0.007901318 -0.002749432 0.102246404
v -0.007901318 -0.002507103 0.102645107
v -0.007901318 -0.002283031 0.102969959
v -0.007901318 -0.002150316 0.103143901
v -0.007901318 -0.001957503 0.10337352
v -0.007901318 -0.001777712 0.103564061
v -0.007901318 -0.00161028 0.103722006
v -0.007901318 -0.00145217 0.103854619
v -0.007901318 -0.001303892 0.103964955
v -0.007901318 -0.001160727 0.104058966
v -0.007901318 -0.001020974 0.104139432
v -0.007901318 -0.000886764 0.104206569
v -0.007901318 -0.000741014 0.104268514
v -0.007901318 -0.000597643 0.104318768
v -0.007901318 -0.000454684 0.104358874
v -0.007901318 -0.000311404 0.104389504
v -0.007901318 -0.000167583 0.104411118
v -0.007901318 -1.9733e-05 0.104424305
v -0.007900186 1.7825e-05 0.104392305
v -0.007900186 0.000163778 0.104379289
v -0.007900186 0.000305679 0.104357965
v -0.007900186 0.000447008 0.104327753
v -0.007900186 0.00058801 0.104288191
v -0.007900186 0.000729446 0.104238614
v -0.007900186 0.000873286 0.104177482
v -0.007900186 0.001005819 0.104111187
v -0.007900186 0.001143925 0.104031667
v -0.007900186 0.001285521 0.103938684
v -0.007900186 0.00143231 0.103829458
v -0.007900186 0.001588984 0.103698045
v -0.007900186 0.001755061 0.103541382
v -0.007900186 0.001933573 0.103352189
v -0.007900186 0.002125197 0.103123978
v -0.007900186 0.002257195 0.10295099
v -0.007900186 0.002480211 0.102627657
v -0.007900186 0.002721596 0.102230504
v -0.007900186 0.002989724 0.101727329
v -0.007900186 0.003283651 0.101092175
v -0.007900186 0.003632267 0.100210443
v -0.007900186 0.00402023 0.099036567
v -0.007900186 0.004419316 0.097572282
v -0.007900186 0.004898475 0.095375001
v -0.0079 -0.004878844 0.095375001
v -0.0079 -0.004865227 0.095445313
v -0.0079 -0.004191416 0.098371327
v -0.0079 -0.003627295 0.100167699
v -0.0079 -0.00341505 0.100725852
v -0.0079 -0.002982605 0.101698525
v -0.0079 -0.002607426 0.102387354
v -0.0079 -0.002326803 0.10282094
v -0.0079 -0.002177783 0.103024967
v -0.0079 -0.001903319 0.103357136
v -0.0079 -0.00168966 0.103578739
v -0.0079 -0.001491624 0.103756674
v -0.0079 -0.001303138 0.103902712
v -0.0079 -0.001118762 0.10402447
v -0.0079 -0.000942655 0.104122482
v -0.0079 -0.000767744 0.104202703
v -0.0079 -0.000589478 0.104267545
v -0.0079 -0.000404606 0.10431803
v -0.0079 -0.00020691 0.104354285
v -0.0079 0.0 0.104374006
v -0.0079 1.6678e-05 0.104373075
v -0.0079 0.000205335 0.104354501
v -0.0079 0.000393873 0.104320452
v -0.0079 0.000581037 0.104270212
v -0.0079 0.000769328 0.104202047
v -0.0079 0.000940956 0.104123339
v -0.0079 0.001122215 0.104022376
v -0.0079 0.001310691 0.103897281
v -0.0079 0.001508349 0.103742637
v -0.0079 0.001721979 0.103547223
v -0.0079 0.001956085 0.103297517
v -0.0079 0.002215858 0.102974474
v -0.0079 0.002525016 0.102521628
v -0.0079 0.002849705 0.101957671
v -0.0079 0.003209877 0.101213269
v -0.0079 0.003704455 0.099950165
v -0.0079 0.004227074 0.098240212
v -0.0079 0.004878844 0.095375001
f 3530 3458 2105
f 1740 425 524
f 498 153 1
f 245 498 1
f 2119 3568 2185
f 2119 3530 3568
f 3529 3530 3568
f 1061 2188 1146
f 761 2186 2249
f 761 1738 2186
f 761 716 525
f 761 1738 525
f 515 1738 525
f 515 2186 1737
f 515 1738 2186
f 3383 2100 2088
f 2248 1740 524
f 2248 1740 2305
f 1821 276 425
f 1821 1740 425
f 1821 1740 2305
f 393 251 240
f 643 812 688
f 399 407 238
f 300 295 182
f 300 429 295
f 476 643 688
f 616 618 637
f 584 616 618
f 291 164 9
f 502 498 467
f 430 502 467
f 246 411 249
f 246 97 249
f 2118 2119 3530
f 2118 3530 2105
f 3432 3380 3431
f 3567 3529 3568
f 3534 3533 3485
f 3434 3433 3485
f 3484 3533 3485
f 3484 3433 3485
f 3484 3532 3533
f 3188 3238 3237
f 3491 3441 3440
f 3491 3538 3490
f 2193 1547 2253
f 2478 2479 2533
f 2187 1061 2188
f 951 761 2249
f 951 2187 2249
f 951 2187 1061
f 951 761 716
f 281 1420 1736
f 405 515 525
f 405 281 1736
f 405 1736 1737
f 405 515 1737
f 1754 1736 1751
f 1754 1787 1751
f 1754 1736 1737
f 1785 1787 1751
f 2275 2186 2249
f 2275 2186 1737
f 2275 1754 1737
f 3255 2056 2064
f 3255 3182 2056
f 3255 3182 3232
f 3005 3032 2012
f 2019 3032 2012
f 2019 3032 3105
f 2019 2023 3105
f 2067 2075 3307
f 3381 3383 2088
f 3457 3383 2100
f 3457 2108 2100
f 3457 3383 3433
f 3457 3484 3433
f 3333 3381 3307
f 872 1821 1791
f 1824 1821 1791
f 891 600 863
f 94 106 243
f 401 393 251
f 227 199 303
f 299 199 303
f 178 155 294
f 178 299 294
f 178 299 199
f 258 106 243
f 258 419 243
f 277 124 267
f 56 62 127
f 292 412 297
f 135 66 70
f 135 292 297
f 301 173 305
f 301 305 431
f 32 36 104
f 44 114 48
f 279 282 391
f 279 387 391
f 263 387 269
f 465 387 391
f 521 623 538
f 60 164 9
f 60 98 164
f 503 584 509
f 128 122 283
f 290 128 130
f 290 128 283
f 68 67 130
f 537 599 626
f 179 295 182
f 420 259 434
f 420 545 407
f 420 573 545
f 420 573 434
f 448 471 310
f 448 471 635
f 492 716 525
f 492 405 525
f 501 476 429
f 501 476 688
f 636 618 637
f 636 655 637
f 636 655 638
f 636 619 638
f 675 674 655
f 675 674 695
f 668 675 695
f 569 436 578
f 589 436 578
f 596 584 509
f 596 584 616
f 559 465 538
f 445 305 431
f 632 746 763
f 474 466 392
f 154 291 9
f 154 498 153
f 154 291 498
f 409 503 438
f 409 509 410
f 409 503 509
f 570 291 498
f 508 411 517
f 187 245 1
f 187 246 245
f 187 246 97
f 42 45 112
f 42 41 112
f 424 541 554
f 850 890 826
f 520 404 497
f 567 537 599
f 567 432 537
f 567 547 422
f 567 432 422
f 1973 1980 2906
f 2307 2393 1791
f 2307 1824 1791
f 2307 1821 2305
f 2307 1824 1821
f 1841 2393 1791
f 2096 3458 2105
f 3328 3327 3278
f 3281 3256 3229
f 3379 3380 3431
f 3379 3330 3378
f 3329 3330 3378
f 3481 3432 3431
f 3481 3480 3431
f 3430 3480 3431
f 3430 3379 3431
f 3430 3379 3378
f 3479 3480 3526
f 3479 3430 3480
f 3527 3480 3526
f 3527 3481 3480
f 3137 3084 3085
f 3137 3138 3085
f 3137 3188 3138
f 3036 3084 3083
f 3135 3083 3082
f 2557 2611 2558
f 2553 2501 2500
f 3537 3538 3490
f 3388 3437 3387
f 3539 3491 3538
f 2902 2901 2952
f 2949 2899 2950
f 2948 2949 2899
f 744 794 940
f 744 700 602
f 661 537 626
f 830 661 700
f 648 567 547
f 2191 2190 2252
f 1257 2188 2189
f 1257 2188 1146
f 1513 1476 1426
f 1513 1547 2253
f 2254 2255 1610
f 2254 2193 2253
f 1597 2193 1547
f 1597 2254 1610
f 1597 2254 2193
f 1696 1689 2257
f 1635 1696 1643
f 1635 1696 1689
f 1635 1689 1649
f 2196 1689 1649
f 2196 2195 1649
f 2196 1689 2257
f 2196 2256 2257
f 2196 2256 2195
f 1631 2255 1610
f 1631 1636 2255
f 1605 1636 1649
f 1605 1635 1649
f 2194 2195 1649
f 2194 1636 1649
f 2194 1636 2255
f 2194 2256 2195
f 1042 987 832
f 869 812 688
f 3086 3139 3138
f 3086 3138 3085
f 2988 2987 3040
f 2988 2937 2987
f 2688 2734 2687
f 2688 2636 2689
f 2366 2365 2189
f 1945 2754 2683
f 1852 2392 1846
f 1989 1997 2956
f 2657 2683 1936
f 2657 2683 2633
f 1835 2392 1846
f 1835 1832 2390
f 1835 2392 2390
f 2583 2634 2633
f 2476 2478 2502
f 2476 1852 2392
f 2476 2502 1865
f 673 951 716
f 673 492 716
f 673 471 635
f 673 492 471
f 950 673 635
f 950 673 951
f 1735 1736 1751
f 1735 1555 1736
f 1437 1555 1736
f 275 405 273
f 275 405 281
f 1800 1832 2390
f 2306 1785 1787
f 2306 1800 1785
f 2306 1800 2390
f 2306 2275 2249
f 2306 1754 1787
f 2306 2275 1754
f 2044 3182 2056
f 2044 2043 3180
f 2044 3182 3180
f 3282 3255 2064
f 3282 2067 2064
f 3282 2067 3307
f 1998 3005 2012
f 1998 1997 2956
f 1998 3005 2956
f 2035 2043 3180
f 2035 2031 3180
f 3106 2031 3180
f 3106 3081 3105
f 3106 2031 2023
f 3106 2023 3105
f 2079 2075 3307
f 2079 3381 3307
f 3483 3457 2108
f 3483 2111 2108
f 3483 3532 3531
f 3483 2120 3531
f 3483 2111 2120
f 3483 3484 3532
f 3483 3457 3484
f 3384 3333 3385
f 3384 3434 3385
f 3384 3434 3433
f 3384 3383 3433
f 3384 3381 3383
f 3384 3333 3381
f 3034 3032 3105
f 3034 3081 3105
f 3034 3081 3082
f 3183 3182 3180
f 3183 3182 3232
f 3183 3233 3232
f 1739 2248 524
f 1739 677 524
f 1739 677 2248
f 499 1821 276
f 499 872 1821
f 309 447 303
f 309 393 240
f 309 227 240
f 309 227 303
f 1005 1120 1038
f 1005 672 1038
f 237 94 90
f 237 94 243
f 414 276 425
f 414 425 524
f 414 401 524
f 265 401 251
f 265 414 276
f 265 414 401
f 428 447 303
f 428 299 303
f 428 299 294
f 428 447 600
f 116 258 106
f 116 124 267
f 116 258 267
f 287 155 294
f 287 428 294
f 287 475 277
f 287 428 475
f 132 277 124
f 132 287 155
f 132 287 277
f 119 114 48
f 289 282 127
f 74 78 173
f 129 135 66
f 129 66 62
f 129 62 127
f 129 289 127
f 129 135 292
f 129 289 292
f 421 301 431
f 421 546 412
f 421 412 297
f 421 301 297
f 421 566 431
f 421 546 566
f 86 204 82
f 188 204 82
f 188 78 82
f 188 78 173
f 188 173 305
f 307 204 389
f 307 445 305
f 307 188 305
f 307 188 204
f 307 463 389
f 307 445 463
f 100 98 25
f 109 36 104
f 109 260 104
f 109 263 260
f 406 419 526
f 406 419 243
f 406 237 243
f 406 237 398
f 495 406 398
f 477 463 389
f 477 398 389
f 426 263 260
f 606 521 623
f 606 678 623
f 704 678 623
f 23 60 9
f 23 98 25
f 23 60 98
f 415 253 417
f 256 253 417
f 256 260 104
f 63 128 130
f 54 122 57
f 280 122 283
f 280 283 392
f 280 272 392
f 136 160 71
f 136 68 71
f 136 68 130
f 298 136 160
f 396 290 404
f 396 283 392
f 396 290 283
f 396 474 392
f 396 474 484
f 396 404 497
f 396 484 497
f 174 75 76
f 174 75 160
f 205 83 189
f 605 573 434
f 667 573 545
f 512 545 407
f 512 399 407
f 512 487 399
f 512 487 602
f 446 537 464
f 446 432 537
f 200 300 182
f 236 241 310
f 236 228 310
f 304 228 310
f 304 300 429
f 304 200 300
f 304 448 310
f 304 448 429
f 161 179 295
f 288 161 156
f 288 161 295
f 288 429 295
f 288 476 429
f 288 278 476
f 268 259 434
f 452 278 476
f 452 605 434
f 452 268 434
f 452 268 278
f 452 476 643
f 452 605 643
f 117 108 259
f 244 95 238
f 244 407 238
f 244 420 407
f 244 420 259
f 978 932 976
f 1306 1308 1354
f 1353 1307 1305
f 2294 2233 2295
f 2288 2287 2346
f 2222 2288 2223
f 2222 2288 2287
f 1347 1396 1394
f 1449 1396 1394
f 651 675 655
f 651 668 675
f 651 655 637
f 651 668 656
f 651 616 637
f 529 415 417
f 627 596 616
f 627 651 656
f 627 651 616
f 1022 1067 1071
f 1022 1029 1071
f 1113 1067 1071
f 1113 1067 1111
f 1254 1207 1205
f 1222 1220 1248
f 776 741 771
f 776 741 748
f 799 732 767
f 725 701 691
f 1074 917 891
f 1321 1195 1255
f 483 559 465
f 483 465 391
f 649 682 559
f 649 623 538
f 649 559 538
f 649 704 623
f 649 682 721
f 649 704 721
f 519 546 412
f 519 632 546
f 608 746 708
f 608 632 746
f 608 519 496
f 608 519 632
f 598 566 431
f 598 445 431
f 685 598 566
f 1515 1559 1506
f 1230 1163 1134
f 1230 1209 1134
f 1419 1470 1506
f 1419 1380 1328
f 1419 1380 1470
f 1360 1293 1343
f 1554 1544 1599
f 1554 1544 1503
f 1760 2200 2199
f 397 409 438
f 397 409 291
f 397 570 291
f 247 409 291
f 247 409 410
f 247 98 164
f 247 291 164
f 587 603 583
f 575 503 584
f 575 513 503
f 575 584 618
f 22 24 97
f 59 187 1
f 59 187 97
f 59 22 1
f 59 22 97
f 110 41 112
f 110 264 112
f 296 246 245
f 296 245 498
f 400 430 467
f 400 498 467
f 400 296 498
f 400 296 388
f 418 530 541
f 418 424 541
f 418 424 257
f 418 254 257
f 427 424 554
f 427 569 554
f 427 569 436
f 427 436 264
f 459 466 392
f 442 589 436
f 442 436 392
f 442 449 392
f 1232 1226 1283
f 1232 1236 1182
f 1084 1093 1065
f 819 850 899
f 936 962 899
f 994 1080 1035
f 1095 1080 1035
f 413 547 422
f 413 520 547
f 413 520 404
f 413 298 422
f 1970 2808 1963
f 2881 1973 2906
f 2881 1970 1973
f 2881 1970 2808
f 2609 2582 1918
f 2609 1930 1918
f 2421 1841 2393
f 2052 2060 3256
f 2063 2060 3256
f 2083 3356 2084
f 3308 2083 2073
f 3308 2083 3356
f 3382 3356 2084
f 3382 3432 3380
f 3382 3356 3380
f 2039 2027 3131
f 2039 3181 2040
f 2039 3181 3131
f 2930 1993 2957
f 3331 3281 3330
f 3331 3379 3380
f 3331 3379 3330
f 3331 3308 3281
f 3331 3356 3380
f 3331 3308 3356
f 3482 3481 3432
f 3482 3432 3458
f 3482 3530 3458
f 3482 3529 3530
f 3377 3329 3378
f 3377 3329 3328
f 3565 3527 3526
f 3528 3527 3481
f 3528 3567 3529
f 3528 3482 3529
f 3528 3482 3481
f 3178 3181 3229
f 3178 3181 3131
f 3178 3130 3131
f 2628 2676 2627
f 1727 1809 1729
f 1669 1731 1729
f 2811 2860 2861
f 3392 3441 3440
f 3239 3290 3238
f 3289 3238 3237
f 3289 3290 3238
f 3235 3286 3287
f 3235 3286 3234
f 3335 3386 3387
f 3184 3233 3234
f 3184 3183 3233
f 3284 3233 3232
f 2559 2611 2558
f 2443 2442 2385
f 2443 2444 2387
f 2446 2501 2500
f 2804 2805 2753
f 2707 2706 2753
f 2707 2755 2753
f 2654 2706 2653
f 2654 2707 2706
f 2702 2749 2748
f 2702 2747 2748
f 2599 2649 2600
f 3489 3488 3437
f 3489 3537 3490
f 3489 3537 3536
f 3489 3488 3536
f 3487 3488 3536
f 3337 3286 3287
f 3492 3491 3441
f 3492 3539 3491
f 3492 3539 3540
f 3492 3493 3540
f 3442 3392 3441
f 3442 3492 3441
f 3442 3492 3493
f 2900 2901 2950
f 2900 2899 2950
f 2954 3004 2958
f 2848 2849 2899
f 564 700 602
f 564 661 700
f 564 661 537
f 564 487 602
f 564 487 464
f 564 537 464
f 885 1020 940
f 885 744 940
f 885 744 700
f 783 858 757
f 783 757 626
f 783 661 626
f 686 567 599
f 633 520 547
f 633 648 547
f 2534 2479 2533
f 2192 2191 1476
f 2192 1513 1476
f 2192 1513 2253
f 2192 2191 2252
f 1501 1597 1547
f 1501 1513 1547
f 1501 1513 1426
f 1699 1709 1643
f 1699 1696 1643
f 1699 1709 2197
f 1549 1559 1506
f 1549 1470 1506
f 1591 1631 1636
f 1591 1605 1636
f 1591 1631 1610
f 1519 1549 1470
f 1076 1020 940
f 1076 1020 1134
f 1076 1163 1134
f 1000 794 940
f 1000 1076 940
f 1000 1076 1122
f 1190 1122 1218
f 1190 1076 1163
f 1190 1076 1122
f 1246 1122 1218
f 1246 1272 1328
f 1246 1218 1328
f 1097 1257 1146
f 1097 950 1146
f 3039 2987 3040
f 3087 3086 3139
f 3087 3088 3040
f 3087 3088 3139
f 3087 3039 3040
f 3087 3039 3086
f 3037 3036 3084
f 3037 3084 3085
f 2884 2935 2934
f 2835 2785 2834
f 2936 2937 2987
f 2637 2636 2689
f 2637 2587 2636
f 2637 2587 2588
f 2586 2587 2636
f 2536 2481 2482
f 2536 2588 2537
f 2536 2587 2588
f 2686 2634 2633
f 2686 2634 2687
f 2833 2785 2834
f 2833 2884 2834
f 2984 2933 2934
f 2984 3037 3036
f 2309 2187 2249
f 2309 2306 2390
f 2309 2306 2249
f 2422 2478 2479
f 2422 2476 2392
f 2422 2476 2478
f 2250 2188 2189
f 2250 2187 2188
f 2311 2251 2190
f 2311 2251 2189
f 2311 2366 2189
f 1966 2856 1976
f 2756 2731 2754
f 2756 2731 2783
f 2905 2856 1976
f 2905 1985 1976
f 1937 2683 1936
f 1937 1945 2683
f 1884 2502 1865
f 2532 2478 2502
f 2532 2478 2533
f 1864 2476 1865
f 1864 2476 1852
f 892 950 635
f 892 1042 832
f 892 1097 1042
f 892 1097 950
f 1008 951 1061
f 1008 950 951
f 1008 1061 1146
f 1008 950 1146
f 1421 1420 1736
f 1421 1437 1736
f 394 241 310
f 394 471 310
f 394 492 471
f 394 492 405
f 3283 3255 3232
f 3283 3282 3255
f 3283 3284 3232
f 3283 3333 3307
f 3283 3282 3307
f 3133 3106 3180
f 3133 3106 3081
f 3133 3183 3180
f 3133 3184 3183
f 2087 3381 2088
f 2087 2079 3381
f 2982 2932 2956
f 2982 3005 2956
f 2982 3005 3032
f 2982 3034 3032
f 715 677 762
f 715 672 677
f 715 1038 762
f 715 672 1038
f 634 891 600
f 634 917 891
f 634 447 600
f 470 634 447
f 470 634 672
f 470 309 393
f 470 309 447
f 433 258 267
f 433 258 419
f 221 237 90
f 221 86 90
f 221 86 204
f 221 204 389
f 221 398 389
f 221 237 398
f 52 119 48
f 121 56 127
f 121 119 279
f 121 52 56
f 121 52 119
f 121 282 127
f 121 279 282
f 271 114 269
f 271 119 114
f 271 119 279
f 271 387 269
f 271 279 387
f 395 282 391
f 395 289 282
f 395 483 496
f 395 483 391
f 159 74 70
f 159 135 70
f 159 74 173
f 159 135 297
f 159 301 297
f 159 301 173
f 29 100 25
f 101 32 104
f 101 100 253
f 101 29 32
f 101 29 100
f 101 256 104
f 101 256 253
f 40 109 36
f 111 44 114
f 111 109 263
f 111 40 44
f 111 40 109
f 111 114 269
f 111 263 269
f 544 419 526
f 544 556 419
f 486 495 398
f 486 477 398
f 486 477 660
f 435 263 387
f 435 426 263
f 423 426 260
f 423 256 260
f 423 256 417
f 423 426 553
f 505 553 568
f 505 426 553
f 505 435 426
f 505 606 521
f 630 553 568
f 630 640 553
f 58 63 128
f 58 122 57
f 58 128 122
f 64 67 130
f 64 63 130
f 120 54 53
f 120 54 122
f 120 115 272
f 120 49 115
f 120 280 122
f 120 280 272
f 270 264 112
f 270 115 112
f 270 115 272
f 270 436 264
f 270 436 392
f 270 272 392
f 293 290 404
f 293 413 404
f 293 413 298
f 293 298 136
f 293 290 130
f 293 136 130
f 72 160 71
f 72 75 160
f 306 174 189
f 306 446 432
f 302 298 160
f 302 174 160
f 302 306 174
f 302 298 422
f 302 432 422
f 302 306 432
f 79 174 76
f 79 174 189
f 92 95 238
f 92 91 238
f 222 91 88
f 222 91 238
f 222 399 238
f 87 222 88
f 87 222 205
f 629 744 794
f 629 667 794
f 629 744 602
f 629 667 545
f 629 512 545
f 629 512 602
f 710 605 573
f 710 667 573
f 203 304 228
f 203 304 200
f 126 133 278
f 126 268 125
f 126 268 278
f 134 288 156
f 134 133 278
f 134 288 278
f 118 268 125
f 118 268 259
f 118 117 259
f 107 108 259
f 107 244 259
f 601 563 832
f 601 892 832
f 601 892 635
f 601 448 635
f 601 448 429
f 601 563 429
f 779 563 832
f 779 987 832
f 1453 1400 1398
f 1453 1396 1398
f 1453 1449 1396
f 1495 1450 1497
f 1495 1450 1447
f 2386 2443 2387
f 2386 2443 2385
f 2330 2386 2385
f 1251 1307 1305
f 1152 1112 1110
f 1152 1199 1172
f 1250 1222 1248
f 1351 1396 1398
f 1351 1353 1398
f 1351 1353 1305
f 1351 1347 1396
f 1351 1301 1305
f 1351 1347 1301
f 2712 2713 2664
f 2712 2663 2664
f 2662 2712 2663
f 2221 2222 2287
f 1446 1449 1394
f 759 797 751
f 759 725 751
f 759 804 771
f 759 804 797
f 788 797 833
f 788 797 751
f 788 738 751
f 788 738 767
f 614 636 618
f 614 636 619
f 527 502 498
f 527 550 498
f 527 574 502
f 527 574 550
f 516 529 415
f 516 509 410
f 516 415 410
f 516 596 509
f 658 640 691
f 658 630 640
f 540 640 553
f 540 423 553
f 540 529 417
f 540 423 417
f 621 540 529
f 621 540 640
f 927 932 976
f 1060 1067 1111
f 1153 1113 1111
f 1073 1029 1071
f 1252 1306 1308
f 1252 1254 1308
f 1252 1254 1205
f 1252 1250 1306
f 1277 1254 1308
f 1277 1174 1206
f 1277 1254 1207
f 1277 1174 1207
f 1194 1222 1220
f 1194 1144 1169
f 880 926 920
f 841 797 833
f 841 804 797
f 841 880 833
f 841 804 847
f 944 926 920
f 813 804 771
f 813 776 771
f 813 804 847
f 780 776 748
f 711 738 689
f 711 725 691
f 711 738 751
f 711 725 751
f 769 799 732
f 769 704 678
f 769 732 678
f 873 880 920
f 873 880 833
f 753 682 708
f 665 640 691
f 665 701 691
f 665 680 701
f 665 621 640
f 693 668 656
f 693 680 656
f 693 668 695
f 693 723 695
f 831 600 863
f 831 801 986
f 1041 891 863
f 1041 1074 891
f 1145 1005 1120
f 778 922 750
f 778 532 750
f 954 801 986
f 954 1125 986
f 954 778 801
f 954 778 922
f 1047 1195 1077
f 1047 1195 1023
f 1047 868 1023
f 1269 1321 1195
f 684 486 660
f 684 699 495
f 684 486 495
f 511 699 495
f 511 406 526
f 511 495 406
f 897 922 750
f 897 922 1077
f 897 1047 1077
f 897 1047 868
f 2239 2240 1545
f 1477 2242 2241
f 1477 2240 1545
f 1477 2240 2241
f 2301 2242 2241
f 580 682 708
f 580 608 708
f 580 682 559
f 580 608 496
f 580 483 496
f 580 483 559
f 625 598 736
f 625 445 463
f 625 598 445
f 806 782 660
f 806 684 660
f 647 546 566
f 647 632 546
f 647 632 763
f 647 786 763
f 697 685 598
f 2329 2330 2269
f 1660 1662 1722
f 1660 1662 1618
f 1717 1660 1722
f 1789 1717 1715
f 2593 2543 2594
f 2593 2543 2542
f 1479 1544 1526
f 1479 1544 1503
f 1458 1515 1506
f 1458 1419 1506
f 1435 1380 1470
f 1435 1519 1487
f 1435 1519 1470
f 1268 1230 1209
f 1393 1327 1343
f 1593 1544 1599
f 1593 1544 1526
f 2319 2318 2259
f 2319 2198 2259
f 2319 2198 2320
f 2321 2320 2376
f 2321 2261 2262
f 2321 2200 2261
f 2321 2320 2200
f 2375 2320 2376
f 2260 2200 2199
f 2260 2320 2200
f 2260 2198 2199
f 2260 2198 2320
f 2258 2259 2197
f 2258 2318 2259
f 2258 1696 2257
f 2258 2317 2257
f 2258 2318 2317
f 2258 1699 2197
f 2258 1699 1696
f 1603 1616 1559
f 1603 1549 1559
f 1658 1709 1643
f 1658 1603 1643
f 1658 1603 1616
f 1658 1616 1681
f 1755 1760 2199
f 1755 2198 2199
f 1762 2200 2261
f 1762 1760 2200
f 250 247 410
f 250 415 410
f 250 415 253
f 250 100 253
f 250 100 98
f 250 247 98
f 579 587 583
f 579 587 570
f 579 603 583
f 579 575 570
f 579 575 603
f 576 570 498
f 576 587 570
f 576 603 582
f 576 574 603
f 480 397 438
f 480 503 438
f 480 513 503
f 558 575 570
f 585 574 619
f 585 508 502
f 585 574 502
f 99 97 249
f 99 254 249
f 34 37 105
f 38 110 41
f 38 37 105
f 38 110 105
f 261 110 264
f 261 424 257
f 261 105 257
f 261 110 105
f 261 427 264
f 261 427 424
f 408 400 388
f 408 246 411
f 408 400 430
f 408 296 246
f 408 296 388
f 408 430 502
f 408 508 411
f 408 508 502
f 416 411 517
f 416 530 517
f 416 418 530
f 416 418 254
f 416 411 249
f 416 254 249
f 455 449 392
f 455 459 392
f 1287 1232 1283
f 1287 1232 1236
f 1287 1266 1236
f 1259 1264 1211
f 1259 1264 1318
f 1150 1171 1182
f 1202 1232 1182
f 1202 1171 1182
f 1202 1232 1226
f 1132 1150 1171
f 1109 1088 1128
f 1109 1084 1093
f 862 819 899
f 913 850 899
f 913 936 899
f 913 850 890
f 1026 1040 996
f 1026 1040 1065
f 871 890 826
f 803 735 826
f 803 824 826
f 641 541 554
f 1244 1236 1220
f 1244 1266 1236
f 1244 1220 1248
f 1296 1244 1248
f 1296 1244 1266
f 1389 1384 1441
f 1389 1340 1338
f 1389 1384 1338
f 1007 877 956
f 1090 1007 1058
f 1140 1132 1095
f 1140 1095 1080
f 1962 2782 1950
f 1962 2808 1963
f 1962 2782 2808
f 2929 2930 2906
f 2929 2957 2981
f 2929 2930 2957
f 2929 2980 2981
f 1938 1931 2684
f 1938 1941 2684
f 2757 1941 1950
f 2757 2782 1950
f 2757 1941 2684
f 2682 2609 1930
f 2682 1930 1931
f 2682 1931 2684
f 1895 2582 1918
f 2247 2307 2393
f 2247 2421 2393
f 2247 2307 2305
f 2247 2248 2305
f 2247 677 762
f 2247 677 2248
f 2632 2682 2609
f 1858 2421 1841
f 1858 1859 2477
f 1858 2421 2477
f 2630 2578 2629
f 2630 2678 2679
f 2630 2629 2678
f 2577 2578 2527
f 2577 2578 2629
f 2577 2525 2576
f 2577 2628 2576
f 2577 2628 2629
f 2048 3181 2040
f 3258 2063 2073
f 3258 3308 2073
f 3258 2063 3256
f 3258 3281 3256
f 3258 3308 3281
f 2092 3382 2084
f 2092 3382 2096
f 3408 2096 3458
f 3408 3382 2096
f 3408 3432 3458
f 3408 3382 3432
f 2006 1993 2957
f 1983 2930 1993
f 1983 1980 2906
f 1983 2930 2906
f 2014 3033 2007
f 2014 3033 2017
f 3107 3033 2017
f 3107 2017 2027
f 3107 2027 3131
f 3107 3130 3131
f 3376 3427 3428
f 3376 3377 3428
f 3376 3328 3327
f 3376 3377 3328
f 3373 3424 3372
f 3373 3424 3425
f 3475 3425 3426
f 3475 3424 3474
f 3475 3424 3425
f 2727 2726 2678
f 2727 2678 2679
f 2406 2348 2405
f 2826 2825 2775
f 2826 2827 2775
f 2874 2873 2825
f 2353 2294 2295
f 2234 2233 2295
f 2774 2825 2775
f 2468 2414 2415
f 2468 2522 2523
f 2413 2468 2414
f 2575 2525 2576
f 2575 2524 2525
f 2575 2628 2576
f 2575 2628 2627
f 2575 2524 2523
f 3429 3377 3428
f 3429 3479 3430
f 3429 3430 3378
f 3429 3377 3378
f 3566 3565 3527
f 3566 3528 3567
f 3566 3528 3527
f 3478 3429 3428
f 3478 3429 3479
f 2778 2729 2779
f 2828 2827 2777
f 2828 2778 2777
f 3028 3079 3029
f 3028 3029 2981
f 3028 2980 2981
f 3177 3178 3130
f 2725 2726 2775
f 2725 2676 2724
f 2725 2774 2775
f 2725 2774 2724
f 2677 2629 2678
f 2677 2628 2629
f 2677 2726 2678
f 2677 2628 2676
f 2677 2725 2726
f 2677 2725 2676
f 1811 1731 1729
f 1811 1809 1729
f 2505 2557 2558
f 2505 2559 2558
f 2505 2559 2506
f 1627 1669 1625
f 1627 1582 1625
f 1671 1669 1731
f 1671 1627 1629
f 1671 1627 1669
f 1667 1727 1729
f 1667 1669 1729
f 1667 1669 1625
f 1494 1446 1449
f 2340 2341 2397
f 1807 2215 1806
f 1807 2215 1809
f 1807 1727 1806
f 1807 1727 1809
f 1799 1803 2217
f 1725 1727 1806
f 2216 1803 2217
f 2216 2215 1806
f 2960 3009 3008
f 2960 2961 3009
f 2909 2860 2861
f 2909 2960 2908
f 2909 2960 2961
f 2907 2960 2908
f 2710 2660 2709
f 2710 2660 2661
f 2710 2662 2661
f 2859 2907 2908
f 2859 2907 2858
f 2859 2909 2860
f 2859 2909 2908
f 2452 2451 2397
f 2450 2396 2397
f 2450 2451 2397
f 2450 2451 2506
f 2450 2505 2506
f 2507 2451 2506
f 2507 2559 2560
f 2507 2559 2506
f 2507 2452 2451
f 3341 3292 3291
f 3190 3239 3238
f 3190 3239 3191
f 3240 3239 3191
f 3240 3292 3291
f 3240 3290 3291
f 3240 3239 3290
f 3236 3235 3287
f 3186 3236 3235
f 3285 3286 3234
f 3285 3284 3335
f 3285 3233 3234
f 3285 3284 3233
f 3334 3386 3385
f 3334 3335 3386
f 3334 3284 3335
f 3334 3333 3385
f 3334 3283 3333
f 3334 3283 3284
f 3134 3135 3082
f 3134 3133 3184
f 3134 3081 3082
f 3134 3133 3081
f 2781 2758 2755
f 2781 2805 2753
f 2781 2755 2753
f 2708 2758 2755
f 2708 2660 2709
f 2708 2659 2660
f 2809 2858 2855
f 2809 2859 2858
f 2445 2446 2500
f 2581 2531 2557
f 2554 2553 2501
f 2554 2581 2605
f 2554 2581 2531
f 2503 2554 2501
f 2503 2554 2531
f 2852 2902 2901
f 2752 2751 2706
f 2752 2706 2753
f 2752 2804 2753
f 2752 2751 2803
f 2752 2804 2803
f 2603 2552 2551
f 2603 2652 2653
f 2499 2552 2551
f 2499 2443 2444
f 2499 2445 2500
f 2499 2445 2444
f 2499 2553 2500
f 2499 2552 2553
f 2701 2702 2649
f 2701 2702 2747
f 2701 2649 2700
f 3535 3487 3536
f 3436 3488 3437
f 3436 3487 3488
f 3436 3437 3387
f 3436 3386 3387
f 3336 3388 3387
f 3336 3337 3388
f 3336 3337 3286
f 3336 3335 3387
f 3336 3285 3286
f 3336 3285 3335
f 3288 3289 3237
f 3288 3236 3287
f 3288 3236 3237
f 3344 3345 3396
f 3296 3345 3295
f 3346 3345 3396
f 3346 3296 3345
f 3394 3443 3444
f 2851 2852 2901
f 2851 2802 2803
f 2851 2852 2803
f 3006 3004 2958
f 3006 3004 3030
f 2854 2804 2805
f 2903 2902 2952
f 2903 2852 2902
f 2999 2948 2949
f 2999 2949 2950
f 3150 3099 3151
f 2704 2652 2653
f 2799 2848 2847
f 2799 2747 2748
f 3002 3003 2952
f 3002 3001 2952
f 2951 2901 2950
f 2951 2901 2952
f 2951 3001 2952
f 3052 3001 3053
f 3152 3099 3151
f 3241 3242 3192
f 3241 3240 3292
f 3241 3192 3191
f 3241 3240 3191
f 3089 3088 3042
f 2794 2793 2741
f 2794 2742 2741
f 1119 1209 1134
f 1119 1020 1134
f 1119 1086 1020
f 1119 1176 1209
f 1119 1086 1176
f 1082 1058 985
f 1082 1090 1058
f 1130 1037 1063
f 929 1007 1058
f 934 911 830
f 879 783 858
f 879 911 985
f 856 877 858
f 856 877 956
f 664 648 567
f 664 686 567
f 664 648 787
f 609 520 497
f 609 633 520
f 1312 1362 1426
f 1436 1476 1426
f 1436 1362 1426
f 1436 2191 1476
f 1436 2191 2190
f 1436 1362 2190
f 2425 2481 2482
f 2425 2367 2366
f 2480 2425 2481
f 2480 2534 2479
f 2635 2634 2687
f 2635 2688 2687
f 2635 2688 2636
f 2312 2192 2252
f 2312 2190 2252
f 2312 2311 2190
f 2312 2367 2366
f 2312 2311 2366
f 2314 2254 2255
f 2314 2370 2369
f 2483 2536 2537
f 2483 2536 2482
f 2368 2312 2367
f 2368 2425 2367
f 1386 1510 1445
f 1386 1334 1270
f 1552 1501 1597
f 1552 1597 1610
f 1552 1501 1445
f 1552 1510 1445
f 1552 1591 1610
f 1552 1591 1510
f 2429 2370 2428
f 2429 2370 2371
f 2316 2256 2257
f 2316 2317 2257
f 2316 2194 2256
f 2316 2370 2371
f 1536 1591 1510
f 1536 1591 1605
f 1054 1000 1122
f 1344 1362 2190
f 1344 2251 2190
f 1344 2251 2189
f 1344 1257 2189
f 1234 1097 1042
f 1234 1312 1362
f 2538 2483 2537
f 2538 2588 2537
f 2538 2589 2588
f 2733 2734 2687
f 2733 2785 2732
f 2733 2686 2687
f 2733 2686 2732
f 2786 2835 2785
f 2786 2733 2734
f 2786 2733 2785
f 2885 2884 2834
f 2885 2835 2834
f 2885 2884 2935
f 2885 2936 2935
f 2986 2936 2935
f 2986 3039 2987
f 2986 2936 2987
f 2886 2937 2887
f 2886 2936 2937
f 2886 2885 2835
f 2886 2885 2936
f 2535 2536 2481
f 2535 2586 2534
f 2535 2586 2587
f 2535 2536 2587
f 2535 2480 2481
f 2535 2480 2534
f 2685 2683 2633
f 2685 2686 2633
f 2685 2754 2683
f 2685 2731 2754
f 2685 2686 2732
f 2685 2731 2732
f 2784 2833 2783
f 2784 2731 2732
f 2784 2731 2783
f 2784 2785 2732
f 2784 2833 2785
f 2882 2933 2932
f 2882 2905 2932
f 2882 2905 2856
f 2423 2422 2479
f 2423 2422 2365
f 2423 2480 2479
f 2364 2309 2365
f 2364 2422 2365
f 2364 2309 2390
f 2364 2392 2390
f 2364 2422 2392
f 2310 2309 2365
f 2310 2365 2189
f 2310 2250 2189
f 2310 2309 2187
f 2310 2250 2187
f 1946 2756 1953
f 1946 1945 2754
f 1946 2756 2754
f 2955 2905 1985
f 2955 1989 1985
f 2955 1989 2956
f 2955 2932 2956
f 2955 2905 2932
f 1926 2657 1936
f 1926 1922 2657
f 2608 1922 2657
f 2608 2583 2606
f 2608 2657 2633
f 2608 2583 2633
f 2555 1884 2502
f 2555 2532 2502
f 2555 1884 1903
f 2555 1903 2606
f 2555 2583 2606
f 2555 2532 2583
f 402 266 273
f 402 405 273
f 402 394 405
f 402 266 255
f 402 394 255
f 252 394 255
f 2983 2933 2932
f 2983 2982 2932
f 2983 2984 3036
f 2983 2984 2933
f 491 470 672
f 491 677 524
f 491 672 677
f 491 401 524
f 491 401 393
f 491 470 393
f 687 475 662
f 642 475 662
f 604 433 592
f 451 642 475
f 451 642 620
f 451 475 277
f 451 604 620
f 451 604 433
f 451 277 267
f 451 433 267
f 2243 2301 2242
f 2243 2301 2302
f 500 428 475
f 500 532 428
f 500 687 475
f 500 687 703
f 562 831 600
f 562 831 801
f 562 428 600
f 562 532 428
f 562 778 801
f 562 778 532
f 727 532 750
f 727 703 868
f 727 500 703
f 727 500 532
f 727 897 750
f 727 897 868
f 403 395 496
f 403 519 496
f 403 519 412
f 403 292 412
f 403 289 292
f 403 395 289
f 454 465 387
f 454 465 538
f 454 521 538
f 588 505 606
f 653 606 678
f 653 732 678
f 653 588 606
f 653 588 630
f 46 49 115
f 46 45 112
f 46 115 112
f 50 120 53
f 50 120 49
f 308 205 189
f 308 306 189
f 308 446 464
f 308 306 446
f 80 83 189
f 80 79 189
f 84 205 83
f 84 87 205
f 755 964 812
f 755 643 812
f 755 605 643
f 755 710 605
f 844 667 794
f 844 710 667
f 844 1000 794
f 844 1054 1000
f 96 244 95
f 96 107 244
f 533 779 563
f 533 501 429
f 533 563 429
f 1369 1353 1398
f 1369 1400 1398
f 1369 1353 1307
f 1369 1277 1307
f 1369 1308 1354
f 1369 1277 1308
f 1454 1450 1497
f 1496 1498 1541
f 1496 1494 1541
f 1496 1453 1449
f 1496 1494 1449
f 1471 1453 1400
f 1471 1454 1400
f 1471 1496 1498
f 1471 1496 1453
f 1471 1498 1497
f 1471 1454 1497
f 1586 1588 1629
f 1560 1586 1541
f 1560 1586 1588
f 1439 1384 1441
f 1579 1581 1534
f 1579 1577 1622
f 1626 1581 1583
f 1443 1491 1441
f 1443 1389 1441
f 1493 1495 1447
f 1493 1443 1447
f 1493 1443 1491
f 1493 1540 1495
f 1489 1491 1534
f 1489 1491 1441
f 1489 1439 1485
f 1489 1439 1441
f 1620 1662 1618
f 1620 1577 1622
f 1530 1483 1485
f 1810 1812 2211
f 2274 1812 2211
f 2274 2212 1815
f 2274 1812 1815
f 2270 2330 2269
f 2331 2330 2386
f 2331 2270 2330
f 2210 2272 1808
f 2210 1810 1808
f 2210 1810 2211
f 2209 2272 1808
f 2332 2386 2387
f 2332 2331 2386
f 2332 2209 2272
f 2332 2209 2331
f 1724 1801 1726
f 1724 1662 1722
f 1203 1199 1172
f 1203 1251 1199
f 1203 1172 1206
f 1249 1251 1199
f 1249 1301 1305
f 1249 1251 1305
f 1352 1306 1354
f 2293 2230 2229
f 2293 2353 2294
f 2293 2353 2352
f 2612 2662 2661
f 2612 2559 2611
f 2612 2660 2611
f 2612 2660 2661
f 2615 2663 2664
f 2286 2221 2287
f 2286 2285 2220
f 2286 2221 2220
f 2286 2287 2346
f 2286 2345 2346
f 2286 2344 2345
f 2286 2344 2285
f 2289 2224 2223
f 2289 2288 2223
f 2347 2288 2346
f 2347 2348 2405
f 2347 2289 2288
f 2347 2289 2348
f 2457 2458 2512
f 2513 2458 2514
f 2513 2564 2512
f 2513 2458 2512
f 729 759 725
f 729 725 701
f 729 741 771
f 729 759 771
f 611 575 603
f 611 614 603
f 611 575 618
f 611 614 618
f 610 574 603
f 610 614 603
f 610 574 619
f 610 614 619
f 670 630 689
f 670 658 630
f 670 711 689
f 670 658 691
f 670 711 691
f 612 621 529
f 612 516 596
f 612 516 529
f 612 627 596
f 974 927 976
f 974 1029 976
f 974 1022 1029
f 1103 1144 1099
f 1103 1056 1099
f 1103 1060 1056
f 1103 1060 1111
f 1173 1207 1205
f 1148 1153 1111
f 1148 1144 1169
f 1148 1103 1111
f 1148 1103 1144
f 1156 1174 1206
f 1156 1172 1206
f 1156 1152 1172
f 1156 1152 1112
f 1157 1174 1207
f 1157 1173 1207
f 1157 1173 1153
f 1157 1153 1113
f 1011 1073 1091
f 1011 1072 1030
f 1011 1072 1091
f 1253 1277 1206
f 1253 1277 1307
f 1253 1251 1307
f 1253 1203 1206
f 1253 1203 1251
f 1198 1194 1169
f 1198 1194 1222
f 1188 1236 1182
f 1188 1236 1220
f 1188 1194 1220
f 886 880 926
f 886 894 847
f 886 841 847
f 886 841 880
f 931 886 926
f 931 886 894
f 851 854 838
f 851 894 854
f 851 894 847
f 851 813 847
f 1066 1112 1110
f 973 944 967
f 973 944 926
f 975 931 926
f 975 973 926
f 790 769 704
f 790 802 721
f 790 704 721
f 821 788 833
f 821 873 833
f 821 799 767
f 821 788 767
f 823 825 802
f 823 845 825
f 734 753 825
f 734 802 721
f 734 825 802
f 734 682 721
f 734 753 682
f 795 825 849
f 795 746 708
f 1147 1152 1110
f 1147 1152 1199
f 1017 1066 1021
f 1783 2224 2223
f 2228 2227 2291
f 2231 2293 2230
f 2231 2293 2294
f 645 680 656
f 645 665 680
f 645 627 656
f 645 665 621
f 645 612 627
f 645 612 621
f 713 693 723
f 713 741 748
f 713 723 748
f 713 729 741
f 713 729 701
f 713 680 701
f 713 693 680
f 1151 1125 986
f 1151 1177 1255
f 1151 1195 1255
f 1151 1125 1195
f 1100 922 1077
f 1100 1195 1077
f 1100 1125 1195
f 1100 954 922
f 1100 954 1125
f 1212 1177 1255
f 1212 1041 1177
f 1212 1233 1074
f 1212 1041 1074
f 1016 831 863
f 1016 1041 863
f 1016 831 986
f 1016 1041 1177
f 1016 1151 986
f 1016 1151 1177
f 1096 1074 917
f 1096 1233 1288
f 1096 1233 1074
f 784 642 620
f 784 604 620
f 784 642 662
f 784 604 592
f 766 544 556
f 1372 1321 1255
f 1431 1477 2242
f 1431 2243 2242
f 644 625 463
f 644 477 660
f 644 477 463
f 644 782 660
f 756 625 736
f 756 857 736
f 756 782 857
f 756 644 782
f 756 644 625
f 829 806 684
f 829 699 859
f 829 684 699
f 663 685 566
f 663 647 566
f 663 647 786
f 717 857 736
f 717 697 857
f 717 598 736
f 717 697 598
f 2495 2548 2494
f 1656 1717 1715
f 1656 1717 1660
f 1656 1660 1618
f 1790 1789 1717
f 1601 1641 1599
f 1601 1554 1557
f 1601 1554 1599
f 1601 1607 1557
f 1601 1607 1645
f 1601 1641 1645
f 2202 1774 2203
f 2201 2263 2262
f 2201 2261 2262
f 2201 1762 2261
f 1779 1774 2203
f 1779 1781 2203
f 1786 1789 1715
f 1786 2266 1789
f 1786 2265 2266
f 1703 1705 1645
f 1703 1641 1645
f 1703 1698 1641
f 1772 1705 1774
f 1772 2202 1774
f 1772 2202 2263
f 1648 1607 1645
f 1648 1705 1645
f 2488 2543 2542
f 2488 2487 2432
f 2695 2742 2741
f 2431 2487 2432
f 1409 1435 1487
f 1242 1176 1209
f 1242 1268 1209
f 1262 1230 1163
f 1262 1190 1163
f 1364 1458 1419
f 1364 1419 1328
f 1465 1468 1517
f 1688 1755 1681
f 1688 1755 1760
f 1633 1616 1681
f 1633 1688 1681
f 1570 1593 1526
f 1570 1616 1559
f 1570 1633 1616
f 1570 1633 1593
f 1570 1515 1526
f 1570 1515 1559
f 2433 2376 2434
f 2433 2375 2376
f 2374 2319 2320
f 2374 2375 2320
f 2374 2319 2318
f 2374 2433 2432
f 2374 2433 2375
f 1595 1635 1643
f 1595 1603 1643
f 1595 1603 1549
f 1595 1519 1549
f 1734 1658 1709
f 1734 1709 2197
f 1734 2259 2197
f 1734 1658 1681
f 1747 1755 1681
f 1747 1755 2198
f 1747 1734 1681
f 1747 2198 2259
f 1747 1734 2259
f 591 587 603
f 591 594 603
f 591 576 587
f 561 550 498
f 561 576 498
f 561 574 550
f 542 480 513
f 542 575 513
f 542 558 575
f 542 558 570
f 542 397 570
f 542 480 397
f 26 99 28
f 26 24 97
f 26 99 97
f 102 34 33
f 102 34 105
f 102 99 254
f 102 105 257
f 102 254 257
f 1276 1226 1283
f 1276 1330 1283
f 1314 1259 1318
f 1314 1360 1293
f 1117 1095 1088
f 1117 1132 1095
f 1117 1132 1150
f 1117 1088 1128
f 1117 1150 1128
f 1216 1202 1171
f 1216 1132 1171
f 1216 1202 1226
f 1216 1264 1211
f 1216 1276 1226
f 1216 1276 1264
f 909 994 956
f 909 862 787
f 747 862 819
f 747 609 633
f 747 609 709
f 722 803 735
f 846 824 826
f 846 871 826
f 791 705 770
f 791 722 705
f 791 722 803
f 631 569 554
f 631 641 554
f 631 569 578
f 631 589 578
f 631 589 595
f 622 530 541
f 622 641 541
f 1302 1250 1306
f 1302 1352 1306
f 1302 1352 1348
f 1300 1302 1348
f 1291 1340 1338
f 1291 1296 1340
f 1291 1296 1266
f 1291 1287 1338
f 1291 1287 1266
f 1391 1389 1340
f 1391 1443 1389
f 1391 1443 1447
f 1528 1524 1572
f 1528 1530 1483
f 1382 1378 1330
f 1382 1439 1384
f 1382 1378 1411
f 1456 1468 1473
f 1417 1424 1405
f 1417 1456 1468
f 1417 1456 1424
f 1044 994 1080
f 1044 1090 1007
f 1044 994 956
f 1044 1007 956
f 1124 1090 1165
f 1124 1140 1080
f 1124 1044 1080
f 1124 1044 1090
f 1161 1140 1132
f 1161 1216 1132
f 1192 1259 1211
f 1192 1140 1211
f 1192 1124 1165
f 1192 1124 1140
f 1873 1859 2477
f 2530 1873 1877
f 2530 1873 2477
f 2304 2247 2363
f 2303 2302 2361
f 2579 2630 2578
f 2474 2421 2477
f 2681 2682 2684
f 2681 2632 2682
f 3230 2048 3181
f 3230 3256 3229
f 3230 3181 3229
f 3230 2048 2052
f 3230 2052 3256
f 3031 2006 2007
f 3031 3033 2007
f 3031 2006 2957
f 3031 2957 2981
f 3031 3029 2981
f 3031 3033 3029
f 3080 3107 3130
f 3080 3079 3029
f 3080 3033 3029
f 3080 3107 3033
f 3375 3427 3426
f 3375 3376 3427
f 3375 3376 3327
f 3375 3326 3327
f 3224 3275 3223
f 3323 3373 3372
f 3273 3323 3272
f 3120 3121 3168
f 3219 3168 3167
f 3126 3076 3077
f 2776 2827 2777
f 2776 2727 2726
f 2776 2727 2777
f 2776 2726 2775
f 2776 2827 2775
f 2876 2828 2827
f 2719 2768 2718
f 2765 2766 2715
f 2817 2866 2818
f 2817 2766 2818
f 2817 2765 2816
f 2817 2765 2766
f 2669 2718 2668
f 2669 2620 2668
f 2717 2718 2668
f 2717 2667 2668
f 2459 2458 2514
f 2459 2458 2405
f 2349 2406 2348
f 2773 2774 2825
f 2773 2724 2723
f 2773 2774 2724
f 2923 2924 2975
f 2875 2826 2825
f 2875 2874 2825
f 2875 2876 2924
f 2875 2923 2924
f 2875 2923 2874
f 2875 2826 2827
f 2875 2876 2827
f 2354 2353 2295
f 2354 2355 2295
f 2409 2353 2352
f 2519 2465 2520
f 2464 2519 2465
f 2464 2519 2463
f 2626 2575 2627
f 2626 2676 2627
f 2296 2355 2295
f 2296 2234 2295
f 2296 2235 2234
f 2469 2468 2415
f 2469 2524 2523
f 2469 2468 2523
f 2356 2296 2355
f 2356 2413 2414
f 3522 3475 3474
f 3522 3523 3562
f 3525 3478 3524
f 3525 3564 3524
f 3525 3479 3526
f 3525 3478 3479
f 3525 3564 3565
f 3525 3565 3526
f 3477 3427 3428
f 3477 3478 3428
f 3477 3478 3524
f 3477 3523 3524
f 2830 2879 2878
f 2728 2778 2729
f 2728 2727 2679
f 2728 2727 2777
f 2728 2778 2777
f 2978 2926 2977
f 2978 3025 2977
f 2927 2878 2926
f 2927 2978 2926
f 2927 2978 2979
f 2927 2879 2878
f 2877 2878 2926
f 2877 2876 2828
f 3078 3028 3079
f 3078 3128 3079
f 3228 3178 3229
f 3228 3177 3178
f 3129 3177 3130
f 3129 3080 3130
f 3129 3080 3079
f 3129 3128 3079
f 1813 1811 1731
f 2504 2505 2557
f 2504 2531 2557
f 2504 2503 2531
f 2395 2396 2338
f 2395 2450 2396
f 2213 1813 2212
f 2213 1813 1811
f 2394 2448 2447
f 1652 1588 1629
f 1652 1671 1629
f 1539 1494 1541
f 1539 1582 1537
f 2284 2344 2343
f 2284 2344 2285
f 2342 2283 2341
f 2342 2399 2343
f 2342 2399 2341
f 2342 2284 2343
f 2342 2284 2283
f 2282 2283 2341
f 2400 2399 2343
f 2400 2344 2343
f 2280 2216 2215
f 2218 1799 2217
f 2218 2282 2217
f 2218 2282 2283
f 2218 1799 1797
f 1804 1725 1806
f 1804 1725 1803
f 1804 2216 1806
f 1804 2216 1803
f 1665 1667 1727
f 1665 1725 1727
f 2819 2768 2820
f 2819 2868 2820
f 2819 2768 2818
f 2819 2868 2818
f 2764 2765 2715
f 2763 2712 2713
f 2962 2961 3009
f 2962 2909 2961
f 2911 2962 2963
f 2959 2907 2960
f 2959 3006 2958
f 2959 2960 3008
f 2931 2954 2958
f 2931 2959 2958
f 2931 2959 2907
f 2759 2710 2709
f 2759 2809 2758
f 2759 2708 2709
f 2759 2708 2758
f 2711 2710 2761
f 2711 2710 2662
f 2711 2712 2761
f 2711 2662 2712
f 2398 2399 2453
f 2398 2452 2453
f 2398 2452 2397
f 2398 2341 2397
f 2398 2399 2341
f 2508 2452 2453
f 2508 2507 2452
f 2508 2507 2560
f 2508 2561 2560
f 2614 2615 2663
f 2614 2615 2561
f 2562 2615 2561
f 3189 3190 3238
f 3189 3190 3139
f 3189 3188 3238
f 3189 3188 3138
f 3189 3139 3138
f 3140 3088 3139
f 3140 3190 3139
f 3391 3392 3440
f 3391 3341 3392
f 3338 3337 3287
f 3338 3288 3287
f 3439 3491 3440
f 3439 3491 3490
f 3439 3391 3440
f 3439 3391 3390
f 3136 3137 3084
f 3136 3186 3135
f 3136 3084 3083
f 3136 3135 3083
f 3187 3186 3236
f 3187 3137 3188
f 3187 3136 3137
f 3187 3136 3186
f 3187 3188 3237
f 3187 3236 3237
f 3185 3186 3135
f 3185 3184 3234
f 3185 3235 3234
f 3185 3186 3235
f 3185 3134 3135
f 3185 3134 3184
f 2658 2707 2755
f 2658 2708 2755
f 2658 2708 2659
f 2610 2557 2611
f 2610 2660 2611
f 2610 2659 2660
f 2806 2781 2805
f 2806 2854 2855
f 2806 2854 2805
f 2806 2809 2855
f 2806 2781 2758
f 2806 2809 2758
f 2475 2503 2501
f 2475 2446 2447
f 2475 2446 2501
f 2475 2448 2447
f 2475 2504 2448
f 2475 2504 2503
f 2602 2603 2551
f 2602 2603 2652
f 2602 2601 2551
f 2602 2601 2652
f 2604 2552 2553
f 2604 2603 2552
f 2604 2654 2653
f 2604 2603 2653
f 2604 2554 2605
f 2604 2554 2553
f 2498 2499 2551
f 2498 2499 2443
f 2798 2799 2847
f 2898 2848 2847
f 2898 2897 2847
f 2898 2948 2899
f 2898 2848 2899
f 2898 2948 2947
f 2898 2897 2947
f 2547 2599 2548
f 2547 2548 2494
f 3435 3436 3487
f 3435 3436 3386
f 3435 3434 3385
f 3435 3386 3385
f 3293 3344 3343
f 3293 3343 3292
f 3293 3241 3292
f 3293 3241 3242
f 3397 3346 3396
f 3448 3449 3399
f 3448 3449 3499
f 3445 3496 3444
f 3445 3444 3396
f 3445 3497 3496
f 3198 3248 3199
f 3198 3246 3197
f 3347 3346 3296
f 3494 3442 3493
f 3494 3443 3442
f 3494 3493 3540
f 3342 3394 3343
f 3342 3343 3292
f 3342 3341 3292
f 3395 3344 3343
f 3395 3394 3343
f 3395 3344 3396
f 3395 3444 3396
f 3395 3394 3444
f 2850 2900 2901
f 2850 2851 2901
f 2850 2802 2801
f 2850 2851 2802
f 2850 2849 2899
f 2850 2900 2899
f 2953 3003 2952
f 2953 2903 2952
f 2953 3004 3003
f 2953 2954 3004
f 2904 2903 2854
f 2904 2931 2954
f 2904 2953 2954
f 2904 2953 2903
f 2853 2854 2804
f 2853 2903 2854
f 2853 2903 2852
f 2853 2804 2803
f 2853 2852 2803
f 3047 3048 3095
f 3200 3248 3199
f 3098 3150 3099
f 3098 3052 3051
f 3098 3052 3099
f 2998 2999 3051
f 2998 2999 2948
f 2998 2948 2947
f 2998 2997 2947
f 2550 2601 2600
f 2550 2601 2551
f 2650 2601 2600
f 2650 2649 2600
f 2650 2702 2649
f 2705 2704 2653
f 2705 2704 2751
f 2705 2706 2653
f 2705 2751 2706
f 2750 2749 2801
f 2750 2802 2801
f 2750 2704 2751
f 2750 2751 2803
f 2750 2802 2803
f 2800 2799 2748
f 2800 2848 2849
f 2800 2799 2848
f 2800 2749 2748
f 2800 2749 2801
f 2800 2850 2801
f 2800 2850 2849
f 3054 3003 3055
f 3054 3002 3003
f 3054 3001 3053
f 3054 3002 3001
f 3000 2999 3051
f 3000 3052 3051
f 3000 2999 2950
f 3000 3052 3001
f 3000 2951 2950
f 3000 2951 3001
f 3251 3301 3302
f 3251 3301 3250
f 3100 3152 3099
f 3100 3052 3053
f 3100 3052 3099
f 3100 3152 3153
f 3300 3301 3351
f 3300 3301 3250
f 3243 3194 3242
f 3041 3088 3042
f 3041 3088 3040
f 3041 2988 3040
f 3041 2989 2988
f 3090 3089 3042
f 3090 3143 3142
f 2795 2743 2742
f 2795 2794 2742
f 2795 2743 2796
f 1015 1082 985
f 1015 911 985
f 1015 934 1037
f 1015 934 911
f 1138 1082 1090
f 1138 1090 1165
f 1138 1224 1186
f 1138 1224 1165
f 1155 1130 1186
f 1155 1242 1186
f 1155 1242 1176
f 1155 1130 1063
f 1155 1086 1063
f 1155 1086 1176
f 905 877 858
f 905 929 858
f 905 1007 877
f 905 929 1007
f 958 1058 985
f 958 929 1058
f 958 879 985
f 958 929 858
f 958 879 858
f 860 934 830
f 860 830 700
f 860 885 700
f 966 885 1020
f 966 860 885
f 966 860 934
f 966 1086 1020
f 966 1086 1063
f 966 1037 1063
f 966 934 1037
f 807 879 783
f 807 830 661
f 807 783 661
f 807 911 830
f 807 879 911
f 737 599 626
f 737 718 599
f 737 757 626
f 737 858 757
f 737 718 858
f 698 856 858
f 698 718 858
f 698 686 599
f 698 718 599
f 828 698 686
f 828 698 856
f 828 856 956
f 828 909 956
f 581 484 497
f 581 609 497
f 581 609 709
f 1196 1101 1126
f 1196 1101 1078
f 1322 1196 1270
f 1322 1386 1445
f 1322 1386 1270
f 2424 2425 2366
f 2424 2480 2425
f 2424 2423 2480
f 2424 2366 2365
f 2424 2423 2365
f 2584 2635 2634
f 2584 2583 2634
f 2584 2532 2533
f 2584 2532 2583
f 2585 2586 2534
f 2585 2584 2635
f 2585 2586 2636
f 2585 2635 2636
f 2585 2534 2533
f 2585 2584 2533
f 1167 1228 1107
f 1167 1054 1107
f 1167 1054 1122
f 1167 1246 1272
f 1167 1246 1122
f 2427 2370 2428
f 2427 2370 2369
f 2427 2368 2369
f 2427 2483 2482
f 2313 2314 2369
f 2313 2368 2369
f 2313 2254 2253
f 2313 2314 2254
f 2313 2192 2253
f 2313 2312 2192
f 2313 2368 2312
f 2315 2194 2255
f 2315 2316 2194
f 2315 2316 2370
f 2315 2314 2255
f 2315 2314 2370
f 1562 1536 1605
f 1562 1595 1519
f 1562 1519 1487
f 1562 1536 1487
f 1562 1605 1635
f 1562 1595 1635
f 923 1078 869
f 923 1101 1078
f 923 779 987
f 923 987 1126
f 923 1101 1126
f 1159 1228 1107
f 1159 964 1107
f 1178 1234 1312
f 1178 1234 1042
f 1178 987 1126
f 1178 1042 987
f 1289 1097 1257
f 1289 1234 1097
f 1289 1344 1257
f 1289 1344 1362
f 1289 1234 1362
f 2484 2538 2483
f 2484 2427 2428
f 2484 2427 2483
f 2484 2429 2485
f 2484 2429 2428
f 2690 2736 2689
f 2690 2637 2689
f 2639 2589 2588
f 2639 2690 2691
f 2888 2837 2887
f 2888 2838 2837
f 2888 2838 2889
f 2788 2838 2837
f 2890 2939 2889
f 2985 2986 2935
f 2985 2984 3037
f 2985 2935 2934
f 2985 2984 2934
f 3038 2986 3039
f 3038 3086 3085
f 3038 3039 3086
f 3038 3037 3085
f 3038 2985 3037
f 3038 2985 2986
f 2836 2837 2887
f 2836 2886 2887
f 2836 2786 2835
f 2836 2886 2835
f 2832 2833 2783
f 2832 2882 2856
f 2883 2882 2933
f 2883 2833 2884
f 2883 2832 2833
f 2883 2832 2882
f 2883 2933 2934
f 2883 2884 2934
f 2807 1966 2856
f 2807 2756 2783
f 2807 1957 1953
f 2807 2756 1953
f 2807 2832 2783
f 2807 2832 2856
f 1907 1903 2606
f 1907 2608 2606
f 242 394 241
f 242 252 394
f 3035 2982 3034
f 3035 2983 2982
f 3035 3034 3082
f 3035 2983 3036
f 3035 3083 3082
f 3035 3036 3083
f 441 435 387
f 441 454 387
f 441 505 435
f 441 505 521
f 441 454 521
f 577 505 568
f 577 588 505
f 577 630 568
f 577 588 630
f 706 653 732
f 706 738 689
f 706 630 689
f 706 653 630
f 706 732 767
f 706 738 767
f 390 222 399
f 390 308 464
f 390 222 205
f 390 308 205
f 390 487 464
f 390 487 399
f 901 755 710
f 901 844 710
f 901 755 964
f 901 844 1054
f 901 964 1107
f 901 1054 1107
f 728 501 688
f 728 533 501
f 728 533 779
f 728 869 688
f 728 923 869
f 728 923 779
f 1399 1454 1400
f 1399 1369 1354
f 1399 1369 1400
f 1399 1352 1354
f 1584 1627 1629
f 1584 1586 1629
f 1584 1627 1582
f 1584 1539 1582
f 1584 1586 1541
f 1584 1539 1541
f 1499 1498 1541
f 1499 1560 1541
f 1542 1499 1560
f 1542 1495 1497
f 1542 1540 1495
f 1542 1498 1497
f 1542 1499 1498
f 1538 1493 1540
f 1538 1581 1583
f 1538 1540 1583
f 1538 1581 1534
f 1538 1491 1534
f 1538 1493 1491
f 1574 1530 1577
f 1574 1620 1618
f 1574 1620 1577
f 1574 1572 1618
f 1574 1528 1572
f 1574 1528 1530
f 1532 1530 1577
f 1532 1489 1534
f 1532 1489 1485
f 1532 1530 1485
f 1532 1579 1534
f 1532 1579 1577
f 1728 1666 1668
f 1728 1666 1726
f 1670 1626 1668
f 1624 1626 1581
f 1624 1666 1622
f 1624 1626 1668
f 1624 1666 1668
f 1624 1579 1622
f 1624 1579 1581
f 2273 2210 2272
f 2273 2332 2333
f 2273 2332 2272
f 2273 2210 2211
f 2273 2274 2211
f 2273 2334 2333
f 2273 2274 2334
f 1805 2209 1808
f 1805 1728 1808
f 1805 1728 1726
f 2271 2209 2208
f 2271 2209 2331
f 2271 2270 2208
f 2271 2331 2270
f 1664 1724 1662
f 1664 1620 1622
f 1664 1620 1662
f 1664 1666 1622
f 1664 1666 1726
f 1664 1724 1726
f 1796 1724 1722
f 2292 2293 2352
f 2292 2351 2352
f 2292 2293 2229
f 2292 2228 2229
f 2292 2351 2291
f 2292 2228 2291
f 2350 2351 2291
f 2350 2349 2406
f 2619 2667 2668
f 2619 2667 2618
f 2619 2620 2668
f 2619 2567 2620
f 2566 2515 2514
f 2566 2619 2618
f 2566 2619 2567
f 2613 2559 2560
f 2613 2612 2559
f 2613 2612 2662
f 2613 2561 2560
f 2613 2614 2561
f 2613 2662 2663
f 2613 2614 2663
f 2617 2667 2618
f 2617 2566 2618
f 2665 2713 2664
f 2665 2615 2664
f 2665 2615 2616
f 2665 2617 2616
f 2225 2289 2224
f 2403 2347 2346
f 2403 2457 2458
f 1200 1173 1153
f 1200 1148 1153
f 1200 1148 1169
f 1200 1173 1205
f 1200 1198 1169
f 1200 1252 1205
f 1200 1252 1250
f 1200 1250 1222
f 1200 1198 1222
f 1114 1174 1091
f 1114 1156 1174
f 1114 1072 1091
f 1114 1156 1112
f 1115 1174 1091
f 1115 1157 1174
f 1115 1073 1091
f 1115 1157 1113
f 1115 1113 1071
f 1115 1073 1071
f 1031 1011 978
f 1031 978 976
f 1031 1029 976
f 1031 1073 1029
f 1031 1011 1073
f 1142 1093 1099
f 1142 1144 1099
f 1142 1194 1144
f 1142 1188 1194
f 919 894 854
f 919 931 894
f 919 895 854
f 919 978 932
f 919 895 932
f 816 851 813
f 816 813 776
f 816 780 776
f 816 851 838
f 1070 1066 1112
f 1070 1066 1021
f 1070 1114 1112
f 1070 1114 1072
f 1028 973 1021
f 1028 975 973
f 1028 1070 1021
f 1028 975 1030
f 1028 1072 1030
f 1028 1070 1072
f 870 845 825
f 773 753 825
f 773 795 825
f 773 753 708
f 773 795 708
f 818 795 746
f 818 795 849
f 1168 1147 1143
f 1168 1199 1197
f 1168 1147 1199
f 937 944 967
f 864 821 799
f 864 821 873
f 882 823 802
f 882 823 845
f 1345 1347 1394
f 1193 1168 1197
f 1193 1168 1143
f 1193 1143 1141
f 1135 1092 1141
f 1784 2222 2223
f 1784 1783 2223
f 1529 1576 1573
f 1778 1783 2224
f 1778 2225 2224
f 2232 2294 2233
f 2232 2231 2294
f 949 1096 917
f 949 1096 1145
f 949 1145 1005
f 949 1005 672
f 949 634 917
f 949 634 672
f 1294 1096 1288
f 1294 1096 1145
f 1294 1341 1288
f 1294 2243 1341
f 1294 2243 2302
f 1183 1213 1195
f 1183 1023 1158
f 1183 1195 1023
f 811 687 662
f 811 784 662
f 820 784 843
f 719 511 526
f 719 511 699
f 719 699 859
f 2358 2359 2415
f 2300 2239 2240
f 2300 2240 2241
f 2300 2359 2241
f 2417 2418 2361
f 1425 1477 1545
f 1425 1431 1477
f 1311 1212 1255
f 1311 1212 1233
f 1311 1372 1255
f 1311 1425 1372
f 2549 2495 2548
f 2549 2599 2600
f 2549 2599 2548
f 2549 2495 2496
f 2549 2550 2600
f 2384 2441 2442
f 2384 2442 2385
f 2384 2330 2385
f 2384 2329 2330
f 2439 2495 2494
f 1654 1656 1715
f 1794 1796 1722
f 1794 1717 1722
f 1794 1790 1717
f 2205 2266 1789
f 2205 1790 1789
f 2205 1794 1790
f 1766 1698 1762
f 1766 2201 1768
f 1766 2201 1762
f 1766 1703 1768
f 1766 1703 1698
f 1693 1762 1760
f 1693 1698 1762
f 1693 1688 1760
f 2264 2202 2203
f 2264 2202 2324
f 1711 1705 1774
f 1711 1779 1774
f 1711 1648 1705
f 1771 1772 2263
f 1771 2201 1768
f 1771 2201 2263
f 1771 1703 1768
f 1771 1703 1705
f 1771 1772 1705
f 2490 2544 2543
f 2490 2433 2434
f 2545 2490 2491
f 2545 2490 2544
f 2595 2543 2594
f 2595 2544 2543
f 2595 2545 2596
f 2595 2545 2544
f 2643 2593 2594
f 2696 2695 2742
f 2592 2643 2642
f 2592 2643 2593
f 2373 2374 2318
f 2373 2431 2432
f 2373 2374 2432
f 1466 1415 1479
f 1466 1515 1526
f 1466 1479 1526
f 1466 1458 1515
f 1461 1386 1334
f 1461 1409 1334
f 1461 1386 1510
f 1461 1409 1487
f 1461 1536 1487
f 1461 1536 1510
f 1356 1435 1380
f 1356 1409 1435
f 1279 1224 1293
f 1279 1224 1186
f 1279 1242 1186
f 1452 1465 1393
f 1358 1393 1327
f 1428 1415 1479
f 1428 1408 1415
f 1428 1479 1503
f 1428 1452 1503
f 1428 1452 1408
f 1285 1262 1190
f 1285 1190 1218
f 1285 1218 1328
f 1285 1316 1328
f 1403 1364 1458
f 1403 1415 1368
f 1403 1466 1458
f 1403 1466 1415
f 1512 1554 1503
f 1512 1452 1503
f 1512 1452 1465
f 1512 1465 1517
f 1512 1517 1557
f 1512 1554 1557
f 2489 2488 2543
f 2489 2490 2543
f 2489 2490 2433
f 2489 2488 2432
f 2489 2433 2432
f 593 594 603
f 593 590 603
f 586 576 582
f 586 603 582
f 586 590 603
f 586 591 594
f 586 591 576
f 586 593 594
f 586 593 590
f 571 576 574
f 571 561 574
f 571 561 576
f 30 102 33
f 30 99 28
f 30 102 99
f 1325 1264 1318
f 1325 1276 1264
f 1325 1378 1330
f 1325 1276 1330
f 942 909 994
f 942 862 899
f 942 909 862
f 942 962 899
f 942 983 962
f 942 994 1035
f 796 774 709
f 796 747 819
f 796 747 709
f 796 774 826
f 796 850 826
f 796 819 850
f 754 735 826
f 754 774 826
f 754 774 709
f 764 862 787
f 764 747 862
f 764 747 633
f 764 648 787
f 764 633 648
f 1010 1033 983
f 1010 942 1035
f 1010 942 983
f 1052 1095 1035
f 1052 1010 1035
f 1052 1010 1033
f 1052 1095 1088
f 1002 983 962
f 1002 1033 983
f 1002 936 962
f 1002 913 936
f 1002 1026 996
f 1046 1002 1026
f 1046 1002 1033
f 1046 1084 1065
f 1046 1026 1065
f 696 724 694
f 775 780 748
f 775 816 838
f 775 816 780
f 679 705 770
f 613 530 517
f 613 622 530
f 666 641 692
f 666 622 641
f 1274 1296 1248
f 1274 1300 1296
f 1274 1300 1302
f 1274 1250 1248
f 1274 1302 1250
f 1346 1391 1340
f 1346 1296 1340
f 1346 1300 1296
f 1346 1300 1348
f 1395 1391 1447
f 1395 1450 1447
f 1395 1346 1348
f 1395 1346 1391
f 1430 1411 1405
f 1430 1424 1405
f 1481 1463 1483
f 1481 1528 1483
f 1481 1528 1524
f 1568 1566 1612
f 1568 1524 1572
f 1568 1522 1524
f 1568 1522 1566
f 1609 1566 1612
f 1609 1648 1607
f 1332 1384 1338
f 1332 1382 1384
f 1332 1287 1338
f 1332 1382 1330
f 1332 1330 1283
f 1332 1287 1283
f 1433 1382 1439
f 1433 1483 1485
f 1433 1439 1485
f 1433 1463 1483
f 1433 1430 1463
f 1433 1382 1411
f 1433 1430 1411
f 1413 1465 1468
f 1413 1417 1468
f 1413 1417 1360
f 1413 1465 1393
f 1413 1360 1343
f 1413 1393 1343
f 1366 1417 1405
f 1366 1417 1360
f 1366 1314 1360
f 1366 1314 1318
f 1180 1216 1211
f 1180 1161 1216
f 1180 1140 1211
f 1180 1161 1140
f 1240 1192 1259
f 1240 1314 1293
f 1240 1314 1259
f 1240 1224 1293
f 1240 1224 1165
f 1240 1192 1165
f 2246 2247 762
f 2246 2304 2247
f 2246 1038 762
f 2472 2418 2419
f 2362 2303 2361
f 2362 2418 2361
f 2362 2418 2419
f 2245 2304 2363
f 2245 2362 2363
f 2245 2362 2303
f 2245 2246 2304
f 2245 2246 1038
f 2245 1120 1038
f 2631 2579 2630
f 2631 2630 2679
f 2420 2362 2363
f 2420 2362 2419
f 2420 2247 2363
f 2420 2247 2421
f 2420 2474 2421
f 2473 2472 2419
f 2473 2420 2419
f 2473 2420 2474
f 2473 2472 2527
f 2529 2530 2477
f 2529 2474 2477
f 2730 2757 2684
f 2730 2681 2684
f 2730 2729 2779
f 2730 2681 2729
f 3374 3375 3426
f 3374 3425 3426
f 3374 3373 3425
f 3374 3375 3326
f 3325 3374 3373
f 3325 3374 3326
f 3124 3074 3123
f 3124 3171 3123
f 3276 3224 3275
f 3276 3325 3326
f 3276 3325 3275
f 3369 3320 3321
f 3369 3370 3321
f 3473 3520 3474
f 3473 3424 3474
f 3322 3272 3321
f 3322 3323 3272
f 3322 3370 3321
f 3563 3523 3562
f 3563 3564 3524
f 3563 3523 3524
f 3217 3216 3165
f 2976 2924 2975
f 2976 3023 2975
f 2925 2926 2977
f 2925 2876 2924
f 2925 2877 2926
f 2925 2877 2876
f 2925 2976 2977
f 2925 2976 2924
f 2920 2919 2871
f 2971 2918 2919
f 2971 2920 2919
f 2971 2920 2972
f 2769 2821 2820
f 2769 2821 2770
f 2769 2768 2820
f 2769 2719 2768
f 2865 2817 2816
f 2865 2817 2866
f 2716 2766 2715
f 2716 2667 2715
f 2716 2717 2766
f 2716 2717 2667
f 2670 2719 2718
f 2670 2669 2718
f 2670 2620 2621
f 2670 2669 2620
f 2670 2622 2621
f 2670 2671 2622
f 2518 2517 2463
f 2518 2519 2463
f 2462 2517 2461
f 2462 2517 2463
f 2516 2517 2461
f 2516 2517 2567
f 2516 2566 2515
f 2516 2566 2567
f 2568 2567 2620
f 2568 2517 2567
f 2767 2768 2718
f 2767 2717 2718
f 2767 2768 2818
f 2767 2766 2818
f 2767 2717 2766
f 2460 2406 2461
f 2460 2406 2405
f 2460 2459 2405
f 2460 2515 2514
f 2460 2459 2514
f 2460 2516 2461
f 2460 2516 2515
f 2290 2289 2348
f 2290 2349 2348
f 2290 2225 2289
f 2290 2225 2226
f 2290 2227 2226
f 2290 2227 2291
f 2290 2350 2291
f 2290 2350 2349
f 2824 2873 2825
f 2824 2773 2825
f 2922 2874 2873
f 2922 2923 2874
f 3169 3170 3220
f 3169 3170 3121
f 3169 3121 3168
f 3169 3219 3220
f 3169 3219 3168
f 3221 3273 3274
f 3221 3170 3220
f 3221 3272 3220
f 3221 3273 3272
f 2521 2465 2520
f 2521 2466 2465
f 2521 2573 2522
f 2521 2466 2522
f 2467 2466 2522
f 2467 2468 2522
f 2467 2413 2468
f 2412 2356 2355
f 2412 2356 2413
f 2412 2467 2413
f 2412 2467 2466
f 2412 2354 2355
f 2412 2354 2411
f 2412 2465 2411
f 2412 2466 2465
f 2570 2622 2621
f 2570 2519 2520
f 2410 2409 2353
f 2410 2409 2463
f 2410 2464 2463
f 2410 2354 2411
f 2410 2354 2353
f 2410 2465 2411
f 2410 2464 2465
f 2574 2522 2523
f 2574 2573 2522
f 2574 2575 2523
f 2574 2626 2575
f 2675 2724 2723
f 2675 2676 2724
f 2675 2626 2676
f 2297 2356 2296
f 2297 2235 2236
f 2297 2296 2235
f 2297 2236 2237
f 2357 2356 2414
f 2357 2414 2415
f 2357 2358 2415
f 3521 3520 3474
f 3521 3522 3474
f 3521 3561 3520
f 3521 3561 3562
f 3521 3522 3562
f 3476 3477 3523
f 3476 3522 3475
f 3476 3522 3523
f 3476 3475 3426
f 3476 3427 3426
f 3476 3477 3427
f 2829 2830 2878
f 2829 2828 2778
f 2829 2778 2779
f 2829 2830 2779
f 2829 2877 2878
f 2829 2877 2828
f 3026 2978 3025
f 3026 3076 3077
f 3026 3025 3076
f 3026 2978 2979
f 2928 2927 2879
f 2928 2929 2980
f 2928 2979 2980
f 2928 2927 2979
f 3127 3128 3175
f 3127 3126 3077
f 3127 3078 3077
f 3127 3078 3128
f 3127 3174 3175
f 3127 3126 3174
f 3027 3078 3028
f 3027 2979 2980
f 3027 3028 2980
f 3027 3026 2979
f 3027 3078 3077
f 3027 3026 3077
f 3280 3281 3229
f 3280 3228 3229
f 3280 3281 3330
f 3280 3329 3330
f 3227 3228 3177
f 3227 3226 3278
f 1814 1813 1731
f 1814 2212 1815
f 1814 1813 2212
f 2449 2504 2448
f 2449 2504 2505
f 2449 2394 2448
f 2449 2394 2395
f 2449 2450 2505
f 2449 2395 2450
f 2337 2395 2338
f 2337 2394 2336
f 2337 2394 2395
f 2391 2394 2447
f 2391 2394 2336
f 2391 2446 2447
f 2391 2389 2446
f 1733 1652 1672
f 1733 1814 1815
f 1733 1814 1731
f 1733 1671 1731
f 1733 1652 1671
f 2401 2400 2455
f 2401 2400 2344
f 2454 2399 2453
f 2454 2400 2399
f 2454 2400 2455
f 2454 2508 2453
f 2339 2396 2338
f 2339 2396 2397
f 2339 2340 2397
f 2279 2337 2338
f 2279 2339 2338
f 2279 2339 2280
f 2279 2280 2215
f 2281 2340 2341
f 2281 2282 2341
f 2281 2339 2340
f 2281 2339 2280
f 2281 2280 2216
f 2281 2216 2217
f 2281 2282 2217
f 2219 2218 1797
f 2219 2284 2283
f 2219 2218 2283
f 2219 2285 2220
f 2219 2284 2285
f 1623 1667 1625
f 1623 1665 1667
f 3553 3509 3510
f 3553 3554 3510
f 3555 3556 3513
f 2970 3018 2969
f 2970 2918 2969
f 2970 2971 3018
f 2970 2971 2918
f 2869 2868 2820
f 2869 2918 2868
f 2869 2821 2820
f 2867 2868 2818
f 2867 2916 2868
f 2867 2866 2818
f 2917 2916 2969
f 2917 2916 2868
f 2917 2918 2969
f 2917 2918 2868
f 2968 2916 2969
f 2815 2763 2764
f 2815 2765 2816
f 2815 2764 2765
f 3514 3556 3513
f 3514 3466 3513
f 3514 3466 3467
f 3514 3468 3467
f 3514 3468 3515
f 3366 3317 3365
f 3366 3367 3318
f 3366 3317 3318
f 3517 3558 3559
f 3517 3559 3518
f 3417 3468 3467
f 3417 3466 3416
f 3417 3466 3467
f 3417 3365 3416
f 3417 3366 3365
f 2910 2911 2861
f 2910 2911 2962
f 2910 2909 2861
f 2910 2962 2909
f 2760 2759 2710
f 2760 2710 2761
f 2810 2811 2860
f 2810 2859 2860
f 2810 2760 2811
f 2810 2760 2759
f 2810 2809 2859
f 2810 2759 2809
f 2511 2562 2512
f 2563 2564 2512
f 2563 2562 2512
f 2563 2616 2564
f 2563 2615 2616
f 2563 2562 2615
f 3141 3089 3088
f 3141 3140 3088
f 3141 3190 3191
f 3141 3140 3190
f 3141 3192 3191
f 3141 3142 3192
f 3141 3090 3142
f 3141 3090 3089
f 3340 3391 3341
f 3340 3290 3291
f 3340 3341 3291
f 3340 3289 3290
f 3389 3439 3390
f 3389 3337 3388
f 3389 3338 3337
f 3339 3340 3289
f 3339 3288 3289
f 3339 3338 3288
f 3339 3389 3390
f 3339 3389 3338
f 3339 3391 3390
f 3339 3340 3391
f 3438 3489 3490
f 3438 3439 3490
f 3438 3489 3437
f 3438 3389 3439
f 3438 3388 3437
f 3438 3389 3388
f 2655 2658 2707
f 2655 2654 2707
f 2655 2604 2605
f 2655 2604 2654
f 2607 2581 2557
f 2607 2610 2557
f 2607 2581 2605
f 2607 2655 2605
f 2388 2445 2446
f 2388 2389 2446
f 2388 2334 2333
f 2388 2389 2334
f 2388 2332 2387
f 2388 2332 2333
f 2388 2444 2387
f 2388 2445 2444
f 2276 2274 2212
f 2276 2274 2334
f 2276 2308 2334
f 2335 2389 2334
f 2335 2308 2334
f 2335 2391 2389
f 2335 2308 2336
f 2335 2391 2336
f 2746 2701 2700
f 2746 2701 2747
f 2746 2745 2700
f 2746 2799 2747
f 2746 2798 2799
f 2797 2745 2796
f 2797 2846 2796
f 2797 2746 2745
f 2797 2746 2798
f 2797 2798 2847
f 2797 2846 2847
f 2946 2997 2947
f 2946 2997 2996
f 2946 2895 2945
f 2597 2545 2596
f 2597 2545 2546
f 2323 2378 2324
f 2323 2202 2324
f 2323 2202 2263
f 2323 2263 2262
f 2377 2321 2376
f 2377 2323 2378
f 2492 2547 2546
f 2492 2545 2491
f 2492 2545 2546
f 3486 3434 3485
f 3486 3435 3434
f 3486 3534 3485
f 3486 3435 3487
f 3486 3535 3534
f 3486 3535 3487
f 3500 3449 3499
f 3500 3501 3449
f 3500 3545 3499
f 3498 3448 3499
f 3498 3448 3447
f 3543 3542 3496
f 3543 3497 3496
f 3446 3445 3497
f 3446 3498 3447
f 3446 3498 3497
f 3446 3397 3396
f 3446 3445 3396
f 3547 3501 3502
f 3547 3503 3502
f 3547 3503 3548
f 3550 3551 3507
f 3247 3248 3298
f 3247 3246 3298
f 3247 3198 3248
f 3247 3198 3246
f 3147 3198 3197
f 3147 3146 3095
f 3147 3146 3197
f 3348 3349 3298
f 3297 3347 3296
f 3297 3246 3298
f 3297 3348 3298
f 3297 3348 3347
f 3297 3296 3245
f 3297 3246 3245
f 3398 3348 3399
f 3398 3348 3347
f 3398 3397 3346
f 3398 3347 3346
f 3398 3448 3399
f 3398 3448 3447
f 3398 3446 3447
f 3398 3446 3397
f 3495 3542 3496
f 3495 3496 3444
f 3495 3443 3444
f 3495 3494 3443
f 3541 3494 3540
f 3541 3495 3542
f 3541 3495 3494
f 3393 3341 3392
f 3393 3342 3341
f 3393 3342 3394
f 3393 3442 3392
f 3393 3443 3442
f 3393 3394 3443
f 2857 2904 2931
f 2857 2858 2855
f 2857 2854 2855
f 2857 2904 2854
f 2857 2907 2858
f 2857 2931 2907
f 2995 2946 2945
f 2995 2946 2996
f 2995 2996 3048
f 2995 3047 3048
f 3093 3047 3046
f 3201 3200 3250
f 3201 3150 3151
f 3201 3200 3150
f 3097 3098 3051
f 2497 2441 2442
f 2497 2441 2496
f 2497 2443 2442
f 2497 2498 2443
f 2497 2498 2551
f 2497 2550 2551
f 2497 2549 2496
f 2497 2549 2550
f 2651 2650 2601
f 2651 2601 2652
f 3400 3449 3399
f 3400 3401 3449
f 3400 3401 3349
f 3400 3348 3399
f 3400 3348 3349
f 3450 3401 3449
f 3450 3501 3449
f 3450 3501 3502
f 3450 3451 3502
f 3402 3401 3351
f 3402 3450 3451
f 3402 3450 3401
f 3303 3251 3302
f 3303 3251 3252
f 3354 3353 3405
f 3202 3252 3203
f 3202 3251 3252
f 3202 3153 3203
f 3202 3152 3153
f 3202 3152 3151
f 3202 3201 3151
f 3202 3251 3250
f 3202 3201 3250
f 3101 3054 3053
f 3101 3100 3053
f 3101 3100 3153
f 3350 3300 3351
f 3350 3401 3351
f 3350 3401 3349
f 3299 3248 3298
f 3299 3300 3248
f 3299 3349 3298
f 3299 3350 3349
f 3299 3350 3300
f 3249 3200 3248
f 3249 3300 3248
f 3249 3200 3250
f 3249 3300 3250
f 3294 3293 3242
f 3294 3243 3242
f 3294 3293 3344
f 3294 3243 3295
f 3294 3345 3295
f 3294 3344 3345
f 3193 3142 3192
f 3193 3143 3142
f 3193 3242 3192
f 3193 3194 3242
f 3193 3143 3194
f 3091 3090 3143
f 3091 3044 3092
f 2646 2597 2596
f 2646 2597 2647
f 2646 2595 2596
f 2699 2698 2745
f 2699 2745 2700
f 2699 2646 2647
f 2699 2646 2698
f 2744 2745 2796
f 2744 2698 2745
f 2744 2743 2796
f 1105 1015 1082
f 1105 1138 1082
f 1105 1130 1037
f 1105 1015 1037
f 1105 1130 1186
f 1105 1138 1186
f 809 664 686
f 809 828 686
f 809 664 787
f 809 909 787
f 809 828 909
f 560 474 484
f 560 581 484
f 1214 1196 1184
f 1024 1196 1184
f 1024 1159 964
f 1024 1159 1184
f 1024 964 812
f 1024 869 812
f 1373 1312 1426
f 1373 1322 1445
f 1373 1501 1426
f 1373 1501 1445
f 1256 1322 1196
f 1256 1178 1312
f 1256 1373 1312
f 1256 1373 1322
f 1256 1196 1126
f 1256 1178 1126
f 2426 2427 2482
f 2426 2427 2368
f 2426 2425 2482
f 2426 2368 2425
f 2638 2639 2588
f 2638 2639 2690
f 2638 2637 2588
f 2638 2690 2637
f 2938 2939 2889
f 2938 2888 2889
f 2938 2989 2988
f 2938 2939 2989
f 2938 2988 2937
f 2938 2937 2887
f 2938 2888 2887
f 2940 2939 2989
f 2940 2890 2939
f 2940 2890 2891
f 2940 2941 2891
f 2841 2792 2791
f 2841 2890 2891
f 2740 2793 2741
f 2740 2792 2793
f 2789 2788 2838
f 2839 2838 2889
f 2839 2890 2889
f 2839 2789 2838
f 2839 2789 2790
f 2787 2788 2837
f 2787 2836 2837
f 2787 2836 2786
f 1965 2807 1966
f 1965 2807 1957
f 1921 2608 1922
f 1921 1907 2608
f 1397 1454 1450
f 1397 1399 1454
f 1397 1399 1352
f 1397 1395 1450
f 1397 1352 1348
f 1397 1395 1348
f 1587 1560 1588
f 1587 1542 1560
f 1730 1810 1808
f 1730 1728 1808
f 1730 1728 1668
f 1730 1670 1668
f 1802 1801 1726
f 1802 1805 1726
f 1802 1801 2208
f 1802 2209 2208
f 1802 1805 2209
f 2207 2270 2269
f 2407 2350 2351
f 2407 2406 2461
f 2407 2350 2406
f 2565 2566 2514
f 2565 2617 2566
f 2565 2513 2514
f 2565 2513 2564
f 2565 2616 2564
f 2565 2617 2616
f 2714 2665 2713
f 2714 2763 2713
f 2714 2763 2764
f 2714 2764 2715
f 2714 2665 2715
f 2666 2665 2715
f 2666 2665 2617
f 2666 2667 2715
f 2666 2617 2667
f 2404 2403 2458
f 2404 2403 2347
f 2404 2458 2405
f 2404 2347 2405
f 2402 2345 2346
f 2402 2403 2346
f 2402 2344 2345
f 2402 2401 2344
f 2402 2403 2457
f 2402 2401 2455
f 742 730 772
f 945 974 927
f 887 842 848
f 887 895 848
f 887 927 932
f 887 895 932
f 953 913 890
f 883 803 824
f 883 846 824
f 1136 1142 1093
f 1136 1188 1182
f 1136 1142 1188
f 1136 1150 1128
f 1136 1150 1182
f 1136 1109 1128
f 1136 1109 1093
f 977 975 931
f 977 919 931
f 977 1011 1030
f 977 975 1030
f 898 912 849
f 898 818 849
f 935 912 1001
f 935 898 912
f 861 786 763
f 861 746 763
f 861 818 746
f 861 898 818
f 989 1012 967
f 989 1012 1017
f 989 1017 1021
f 989 973 967
f 989 973 1021
f 1055 1012 1003
f 1083 1064 1092
f 980 1012 1003
f 914 944 920
f 914 937 944
f 914 873 920
f 914 937 902
f 914 864 873
f 914 864 902
f 839 864 902
f 839 882 902
f 839 864 799
f 839 769 799
f 839 790 769
f 839 790 802
f 839 882 802
f 906 870 845
f 906 882 845
f 906 882 902
f 1390 1446 1394
f 1390 1345 1394
f 1390 1345 1339
f 1299 1347 1301
f 1299 1345 1347
f 1187 1235 1181
f 1187 1135 1141
f 1187 1135 1181
f 1187 1193 1141
f 1187 1193 1219
f 1187 1235 1219
f 1795 2219 2220
f 1795 2219 1797
f 1723 1799 1797
f 1723 1799 1803
f 1723 1725 1803
f 1712 1778 1783
f 1712 1784 1783
f 1149 1135 1127
f 1149 1135 1181
f 1500 1425 1545
f 1500 1425 1372
f 1204 1294 1145
f 1204 1145 1120
f 875 784 843
f 963 930 784
f 963 811 784
f 836 703 868
f 836 868 1023
f 836 687 703
f 836 811 687
f 572 820 784
f 572 784 592
f 572 433 592
f 572 556 419
f 572 433 419
f 793 766 556
f 793 572 556
f 793 572 820
f 743 719 526
f 743 544 526
f 743 766 544
f 2299 2358 2359
f 2299 2300 2359
f 2299 2300 2239
f 2299 2239 2238
f 2299 2357 2358
f 2360 2301 2241
f 2360 2359 2241
f 2360 2417 2361
f 2360 2302 2361
f 2360 2301 2302
f 2470 2469 2415
f 2470 2524 2525
f 2470 2469 2524
f 1361 1233 1288
f 1361 1311 1233
f 1361 1341 1288
f 1361 1425 1431
f 1361 1311 1425
f 1361 2243 1341
f 1361 1431 2243
f 2383 2384 2441
f 1614 1654 1612
f 1614 1568 1612
f 1614 1568 1572
f 1614 1654 1656
f 1614 1572 1618
f 1614 1656 1618
f 2268 2329 2269
f 2268 2205 1794
f 1639 1698 1641
f 1639 1693 1698
f 1639 1641 1599
f 1639 1693 1688
f 1639 1633 1688
f 1639 1593 1599
f 1639 1633 1593
f 2204 2264 2203
f 2204 2264 2265
f 2204 1781 2203
f 2204 1786 1781
f 2204 1786 2265
f 1651 1711 1648
f 1651 1609 1612
f 1651 1609 1648
f 1651 1654 1612
f 1713 1654 1715
f 1713 1779 1781
f 1713 1711 1779
f 1713 1651 1654
f 1713 1651 1711
f 1713 1786 1715
f 1713 1786 1781
f 2697 2744 2743
f 2697 2744 2698
f 2697 2743 2742
f 2697 2696 2742
f 2644 2643 2695
f 2644 2696 2695
f 2644 2643 2594
f 2644 2697 2696
f 2644 2595 2594
f 2541 2592 2540
f 2541 2486 2487
f 2541 2486 2540
f 2541 2488 2542
f 2541 2488 2487
f 2541 2593 2542
f 2541 2592 2593
f 2430 2429 2485
f 2430 2486 2485
f 2430 2373 2431
f 2430 2431 2487
f 2430 2486 2487
f 1304 1356 1228
f 1304 1167 1272
f 1304 1167 1228
f 1304 1272 1328
f 1304 1380 1328
f 1304 1356 1380
f 1281 1409 1334
f 1281 1356 1409
f 1281 1356 1228
f 1281 1214 1334
f 1281 1214 1184
f 1281 1159 1228
f 1281 1159 1184
f 1310 1279 1242
f 1310 1268 1327
f 1310 1242 1268
f 1310 1327 1343
f 1310 1293 1343
f 1310 1279 1293
f 1376 1358 1393
f 1376 1452 1393
f 1376 1452 1408
f 1376 1408 1415
f 1298 1268 1327
f 1298 1358 1327
f 1298 1268 1230
f 1298 1262 1230
f 1336 1403 1364
f 1336 1316 1328
f 1336 1364 1328
f 1336 1316 1368
f 1336 1403 1368
f 1069 1052 1088
f 1069 1109 1088
f 1069 1052 1033
f 1069 1046 1033
f 1069 1109 1084
f 1069 1046 1084
f 676 696 674
f 676 674 655
f 720 674 695
f 720 696 674
f 720 723 695
f 720 696 724
f 720 723 748
f 720 775 748
f 852 895 848
f 852 854 838
f 852 895 854
f 597 613 517
f 597 508 517
f 597 585 508
f 646 613 622
f 646 666 622
f 1475 1481 1524
f 1475 1522 1524
f 1475 1522 1473
f 1475 1456 1473
f 1475 1481 1463
f 1475 1456 1424
f 1475 1430 1424
f 1475 1430 1463
f 1521 1522 1473
f 1521 1468 1517
f 1521 1468 1473
f 1521 1522 1566
f 1371 1325 1318
f 1371 1366 1318
f 1371 1366 1405
f 1371 1325 1378
f 1371 1411 1405
f 1371 1378 1411
f 2471 2417 2418
f 2471 2472 2418
f 2471 2470 2525
f 2680 2631 2679
f 2680 2728 2679
f 2680 2728 2729
f 2680 2681 2729
f 2680 2681 2632
f 2680 2631 2632
f 2580 2529 2579
f 2580 2631 2632
f 2580 2631 2579
f 2580 2609 2582
f 2580 2632 2609
f 2528 2473 2474
f 2528 2529 2474
f 2528 2529 2579
f 2528 2473 2527
f 2528 2578 2527
f 2528 2579 2578
f 2556 2529 2530
f 2556 2580 2582
f 2556 2580 2529
f 2556 1895 1892
f 2556 1895 2582
f 2556 1877 1892
f 2556 2530 1877
f 2780 2757 2782
f 2780 2730 2757
f 2780 2782 2808
f 2780 2830 2779
f 2780 2730 2779
f 3324 3323 3373
f 3324 3325 3373
f 3324 3273 3274
f 3324 3273 3323
f 3324 3275 3274
f 3324 3325 3275
f 3172 3124 3171
f 3125 3172 3124
f 3225 3224 3174
f 3225 3276 3224
f 3225 3226 3175
f 3225 3174 3175
f 3368 3369 3320
f 3421 3369 3370
f 3423 3473 3424
f 3371 3322 3370
f 3371 3323 3372
f 3371 3322 3323
f 3371 3424 3372
f 3371 3423 3424
f 3218 3219 3167
f 3218 3217 3167
f 3319 3368 3320
f 3319 3367 3318
f 3319 3368 3367
f 3118 3117 3165
f 3118 3117 3067
f 3122 3170 3121
f 3122 3171 3123
f 3122 3170 3171
f 3073 3074 3123
f 3073 3023 3074
f 2872 2922 2873
f 2872 2920 2871
f 3019 3018 3070
f 3019 2971 3018
f 3019 3020 3070
f 3019 2971 2972
f 3019 3020 2972
f 2720 2769 2770
f 2720 2769 2719
f 2720 2670 2719
f 2720 2670 2671
f 2672 2720 2671
f 2912 2965 2964
f 2912 2963 2964
f 2912 2911 2963
f 2966 2965 2914
f 2569 2518 2517
f 2569 2568 2517
f 2569 2570 2621
f 2569 2620 2621
f 2569 2568 2620
f 2569 2518 2519
f 2569 2570 2519
f 2823 2773 2772
f 2823 2824 2773
f 2823 2824 2873
f 2823 2872 2873
f 2974 2923 2975
f 2974 2922 2923
f 3222 3221 3274
f 3222 3170 3171
f 3222 3221 3170
f 3222 3275 3223
f 3222 3275 3274
f 3222 3172 3223
f 3222 3172 3171
f 2674 2675 2723
f 2674 2675 2626
f 2298 2297 2356
f 2298 2357 2356
f 2298 2297 2237
f 2298 2299 2357
f 2298 2237 2238
f 2298 2299 2238
f 3560 3561 3520
f 3560 3559 3518
f 3279 3280 3228
f 3279 3227 3228
f 3279 3280 3329
f 3279 3227 3278
f 3279 3328 3278
f 3279 3329 3328
f 3176 3226 3175
f 3176 3227 3226
f 3176 3128 3175
f 3176 3227 3177
f 3176 3129 3177
f 3176 3129 3128
f 2509 2508 2561
f 2509 2454 2508
f 2278 2279 2337
f 2278 2337 2336
f 2214 2215 1809
f 2214 2279 2215
f 2214 1811 1809
f 2214 2213 1811
f 2214 2278 2213
f 2214 2278 2279
f 1580 1582 1537
f 1580 1582 1625
f 1580 1623 1625
f 3412 3461 3411
f 3552 3553 3509
f 2870 2918 2919
f 2870 2869 2918
f 2870 2869 2821
f 2870 2919 2871
f 3016 3067 3066
f 3016 2968 2969
f 2967 2968 2916
f 2967 2966 2914
f 2967 3016 2968
f 2814 2815 2763
f 2814 2813 2863
f 2814 2813 2763
f 2864 2865 2816
f 2864 2815 2816
f 2864 2912 2863
f 2864 2814 2863
f 2864 2814 2815
f 2762 2763 2712
f 2762 2813 2763
f 2762 2712 2761
f 2762 2813 2761
f 2812 2813 2761
f 2812 2813 2861
f 2812 2811 2861
f 2812 2760 2761
f 2812 2760 2811
f 2862 2813 2863
f 2862 2912 2863
f 2862 2912 2911
f 2862 2911 2861
f 2862 2813 2861
f 3215 3216 3165
f 3215 3164 3165
f 3215 3164 3163
f 3116 3117 3165
f 3116 3164 3165
f 3116 3067 3066
f 3116 3117 3067
f 3116 3164 3163
f 3316 3317 3365
f 3212 3162 3161
f 3557 3514 3556
f 3557 3514 3515
f 3511 3554 3510
f 3512 3466 3513
f 3512 3465 3466
f 3512 3555 3513
f 3512 3555 3554
f 3512 3511 3554
f 3415 3466 3416
f 3415 3465 3466
f 3516 3468 3515
f 3516 3517 3558
f 3516 3557 3558
f 3516 3557 3515
f 3010 2962 2963
f 3010 3011 2963
f 3010 2962 3009
f 3010 3011 3062
f 2656 2607 2610
f 2656 2658 2659
f 2656 2610 2659
f 2656 2655 2658
f 2656 2607 2655
f 2277 2308 2336
f 2277 2276 2308
f 2277 2278 2336
f 2277 2278 2213
f 2277 2213 2212
f 2277 2276 2212
f 2845 2846 2796
f 2845 2895 2846
f 2896 2895 2846
f 2896 2946 2895
f 2896 2897 2847
f 2896 2846 2847
f 2896 2897 2947
f 2896 2946 2947
f 2598 2547 2546
f 2598 2597 2546
f 2598 2547 2599
f 2322 2321 2262
f 2322 2377 2321
f 2322 2323 2262
f 2322 2377 2323
f 2493 2492 2547
f 2493 2547 2494
f 2435 2377 2378
f 2435 2492 2491
f 2435 2490 2434
f 2435 2490 2491
f 2435 2376 2434
f 2435 2377 2376
f 3549 3550 3507
f 3544 3545 3499
f 3544 3498 3499
f 3544 3498 3497
f 3544 3543 3497
f 3546 3547 3501
f 3546 3500 3545
f 3546 3500 3501
f 3196 3195 3245
f 3196 3195 3146
f 3196 3146 3197
f 3196 3246 3245
f 3196 3246 3197
f 3244 3243 3194
f 3244 3195 3194
f 3244 3243 3295
f 3244 3195 3245
f 3244 3296 3295
f 3244 3296 3245
f 3094 3093 3047
f 3094 3093 3146
f 3094 3047 3095
f 3094 3146 3095
f 3144 3093 3092
f 3144 3143 3194
f 3144 3195 3194
f 3144 3091 3092
f 3144 3091 3143
f 3149 3098 3150
f 3149 3097 3098
f 3149 3200 3199
f 3149 3200 3150
f 3149 3198 3199
f 3050 2998 2997
f 3050 2998 3051
f 3050 3097 3051
f 2703 2702 2749
f 2703 2650 2702
f 2703 2651 2650
f 2703 2750 2749
f 2703 2750 2704
f 2703 2704 2652
f 2703 2651 2652
f 3452 3402 3451
f 3452 3451 3502
f 3452 3503 3502
f 3403 3452 3402
f 3357 3354 3405
f 3304 3303 3353
f 3304 3354 3353
f 3304 3303 3252
f 3007 3058 3008
f 3007 2959 3008
f 3007 3006 3030
f 3007 2959 3006
f 3104 3058 3108
f 2892 2841 2891
f 3045 3093 3092
f 3045 3093 3046
f 3045 3044 3092
f 3045 2992 3044
f 2991 2992 3044
f 2991 2941 2992
f 2991 2940 2941
f 552 474 466
f 552 560 474
f 683 581 709
f 683 560 581
f 683 722 735
f 683 754 735
f 683 754 709
f 1238 1334 1270
f 1238 1214 1334
f 1238 1196 1270
f 1238 1214 1196
f 1048 1196 1078
f 1048 1024 1196
f 1048 1078 869
f 1048 1024 869
f 2990 2940 2989
f 2990 3041 3042
f 2990 3041 2989
f 2990 2991 2940
f 2694 2643 2642
f 2694 2643 2695
f 2694 2695 2741
f 2694 2740 2741
f 2739 2790 2791
f 2739 2792 2791
f 2739 2740 2792
f 2739 2694 2693
f 2739 2694 2740
f 2737 2690 2736
f 2737 2690 2691
f 2737 2788 2736
f 2737 2789 2788
f 2737 2789 2790
f 2840 2790 2791
f 2840 2839 2790
f 2840 2839 2890
f 2840 2841 2791
f 2840 2841 2890
f 2735 2736 2689
f 2735 2788 2736
f 2735 2787 2788
f 2735 2688 2689
f 2735 2688 2734
f 2735 2786 2734
f 2735 2787 2786
f 1630 1652 1588
f 1630 1587 1588
f 1630 1652 1672
f 1732 1810 1812
f 1732 1730 1810
f 1732 1733 1672
f 1732 1670 1672
f 1732 1730 1670
f 1732 1812 1815
f 1732 1733 1815
f 1798 2207 1796
f 1798 1724 1801
f 1798 1796 1724
f 1798 2207 2270
f 1798 1801 2208
f 1798 2270 2208
f 2408 2462 2461
f 2408 2407 2461
f 2408 2407 2351
f 2408 2351 2352
f 2408 2409 2352
f 2408 2409 2463
f 2408 2462 2463
f 2456 2402 2455
f 2456 2402 2457
f 2456 2511 2455
f 2456 2457 2512
f 2456 2511 2512
f 702 666 692
f 805 842 848
f 714 724 694
f 714 742 730
f 714 702 730
f 777 742 772
f 1013 1004 1056
f 1013 1060 1056
f 1050 1004 1056
f 1050 1056 1099
f 1050 1093 1099
f 1050 1093 1065
f 1050 1040 1065
f 1050 992 1040
f 1050 992 1004
f 921 945 927
f 1018 1022 1067
f 1018 1060 1067
f 1018 1013 1060
f 707 690 631
f 707 690 739
f 707 768 739
f 659 631 641
f 659 641 692
f 712 690 739
f 915 921 874
f 915 921 945
f 840 791 770
f 840 800 770
f 840 791 803
f 840 883 803
f 907 846 871
f 907 883 846
f 822 768 800
f 979 977 1011
f 979 977 919
f 979 1011 978
f 979 919 978
f 961 982 1001
f 961 935 1001
f 961 935 898
f 1049 1055 1003
f 1049 1064 1092
f 1098 1092 1141
f 1098 1143 1141
f 1098 1049 1092
f 1098 1049 1055
f 1059 1012 1017
f 1059 1055 1012
f 1059 1066 1110
f 1059 1017 1066
f 1139 1079 1123
f 1139 1079 1094
f 1164 1223 1239
f 1108 1135 1127
f 1108 1083 1068
f 1108 1135 1092
f 1108 1083 1092
f 959 980 1012
f 959 1012 967
f 959 937 967
f 1492 1494 1446
f 1492 1539 1537
f 1492 1539 1494
f 1792 2221 2220
f 1792 2221 2222
f 1792 1784 2222
f 1721 1795 1797
f 1721 1723 1797
f 1721 1661 1723
f 1619 1576 1573
f 1617 1619 1661
f 1617 1619 1573
f 1617 1571 1573
f 1606 1563 1608
f 1606 1647 1608
f 1606 1647 1644
f 1507 1523 1504
f 1714 1655 1716
f 1714 1712 1784
f 1714 1655 1653
f 1714 1712 1653
f 1714 1792 1716
f 1714 1792 1784
f 1710 1712 1778
f 1704 1647 1644
f 1704 1710 1647
f 1170 1201 1181
f 1170 1149 1181
f 1286 1282 1331
f 1286 1265 1235
f 1286 1337 1331
f 1329 1381 1331
f 1329 1282 1331
f 1231 1201 1181
f 1231 1235 1181
f 1231 1286 1235
f 1231 1286 1282
f 1053 875 843
f 2244 1204 1294
f 2244 2303 2302
f 2244 1294 2302
f 2244 1204 1120
f 2244 2245 1120
f 2244 2245 2303
f 1280 1183 1213
f 1280 1183 1158
f 900 930 784
f 900 875 784
f 900 1053 875
f 988 963 811
f 988 836 1023
f 988 836 811
f 988 1023 1158
f 988 963 1158
f 2416 2360 2359
f 2416 2360 2417
f 2416 2359 2415
f 2416 2470 2415
f 2416 2471 2417
f 2416 2471 2470
f 2382 2383 2441
f 2328 2268 2329
f 2328 2268 2327
f 2328 2384 2329
f 2328 2383 2384
f 2328 2382 2327
f 2328 2382 2383
f 2325 2380 2324
f 2325 2264 2324
f 2325 2264 2265
f 2267 2268 2327
f 2267 2268 2205
f 2267 2327 2266
f 2267 2205 2266
f 2206 2268 2269
f 2206 2268 1794
f 2206 1794 1796
f 2206 2207 2269
f 2206 2207 1796
f 2645 2644 2595
f 2645 2644 2697
f 2645 2646 2595
f 2645 2646 2698
f 2645 2697 2698
f 2641 2592 2642
f 2641 2694 2642
f 2641 2694 2693
f 2692 2639 2691
f 2692 2641 2693
f 2692 2737 2691
f 2692 2739 2693
f 2539 2486 2485
f 2539 2486 2540
f 2539 2484 2485
f 2539 2484 2538
f 2539 2538 2589
f 2539 2590 2589
f 2372 2316 2317
f 2372 2316 2371
f 2372 2430 2373
f 2372 2429 2371
f 2372 2430 2429
f 2372 2318 2317
f 2372 2373 2318
f 1320 1376 1358
f 1320 1298 1358
f 1320 1376 1415
f 1320 1285 1262
f 1320 1298 1262
f 628 597 613
f 628 646 613
f 628 657 646
f 1564 1521 1566
f 1564 1609 1607
f 1564 1609 1566
f 1564 1607 1557
f 1564 1517 1557
f 1564 1521 1517
f 2526 2472 2527
f 2526 2471 2472
f 2526 2577 2527
f 2526 2577 2525
f 2526 2471 2525
f 2831 2881 2808
f 2831 2780 2808
f 2831 2780 2830
f 2831 2830 2879
f 3173 3224 3174
f 3173 3126 3174
f 3173 3125 3126
f 3173 3125 3172
f 3173 3224 3223
f 3173 3172 3223
f 3075 3126 3076
f 3075 3125 3126
f 3075 3025 3076
f 3075 3124 3074
f 3075 3125 3124
f 3277 3225 3276
f 3277 3326 3327
f 3277 3276 3326
f 3277 3327 3278
f 3277 3226 3278
f 3277 3225 3226
f 3471 3517 3518
f 3419 3368 3367
f 3419 3366 3367
f 3270 3218 3219
f 3270 3218 3217
f 3270 3319 3320
f 3268 3317 3318
f 3166 3217 3167
f 3166 3217 3165
f 3166 3118 3165
f 3119 3168 3167
f 3119 3120 3168
f 3119 3166 3167
f 3119 3166 3118
f 3119 3120 3070
f 3068 3118 3067
f 3072 3122 3121
f 3072 3122 3123
f 3072 3073 3123
f 3071 3020 3070
f 3071 3120 3070
f 3071 3120 3121
f 3071 3072 3121
f 3071 3020 3021
f 3071 3072 3021
f 2921 2872 2920
f 2921 2872 2922
f 2571 2521 2520
f 2571 2570 2520
f 2771 2821 2770
f 3013 2966 2965
f 3013 2965 2964
f 3022 3023 2975
f 3022 2974 2975
f 3022 3073 3023
f 3022 3072 3021
f 3022 3072 3073
f 2673 2674 2723
f 1600 1606 1644
f 1763 1767 2227
f 1763 1697 1767
f 1763 2228 2227
f 1746 2232 2231
f 1708 2234 2233
f 1359 1412 1342
f 1359 1416 1412
f 3519 3560 3518
f 3519 3560 3520
f 3519 3473 3520
f 2510 2454 2455
f 2510 2509 2454
f 2510 2511 2455
f 2510 2511 2562
f 2510 2562 2561
f 2510 2509 2561
f 1533 1580 1537
f 3505 3549 3507
f 3508 3552 3509
f 3508 3552 3551
f 3508 3551 3507
f 3463 3509 3510
f 2915 2967 2916
f 2915 2867 2866
f 2915 2867 2916
f 2915 2967 2914
f 2915 2865 2866
f 2915 2865 2914
f 3014 2967 2966
f 3014 3013 2966
f 3014 3013 3064
f 3015 3016 3066
f 3015 2967 3016
f 3015 3014 3066
f 3015 3014 2967
f 2913 2965 2914
f 2913 2865 2914
f 2913 2864 2865
f 2913 2912 2965
f 2913 2864 2912
f 3115 3116 3163
f 3263 3262 3313
f 3263 3262 3211
f 3210 3262 3211
f 3315 3314 3363
f 3315 3316 3365
f 3315 3314 3265
f 3315 3266 3265
f 3315 3266 3316
f 2648 2597 2647
f 2648 2598 2597
f 2648 2699 2700
f 2648 2699 2647
f 2648 2649 2700
f 2648 2599 2649
f 2648 2598 2599
f 2436 2435 2378
f 2436 2435 2492
f 2437 2493 2494
f 2437 2436 2378
f 2437 2493 2492
f 2437 2436 2492
f 3145 3144 3195
f 3145 3144 3093
f 3145 3195 3146
f 3145 3093 3146
f 3148 3147 3198
f 3148 3149 3198
f 3148 3147 3095
f 3049 3050 2997
f 3049 2996 3048
f 3049 2997 2996
f 3049 3050 3097
f 3049 3048 3095
f 3453 3454 3405
f 3404 3353 3405
f 3404 3453 3405
f 3404 3403 3452
f 3404 3453 3452
f 3352 3402 3351
f 3352 3403 3402
f 3352 3404 3353
f 3352 3404 3403
f 3352 3301 3302
f 3352 3301 3351
f 3352 3303 3302
f 3352 3303 3353
f 3409 3454 3405
f 3332 3304 3354
f 3056 3004 3030
f 3056 3003 3055
f 3056 3004 3003
f 3057 3104 3058
f 3057 3007 3030
f 3057 3007 3058
f 3057 3056 3030
f 3132 3104 3108
f 3253 3252 3203
f 3253 3304 3252
f 2944 2895 2945
f 2944 2894 2895
f 2944 2995 2945
f 2844 2795 2796
f 2844 2845 2796
f 2844 2845 2895
f 2844 2894 2895
f 2843 2794 2793
f 2843 2795 2794
f 2843 2844 2795
f 2842 2892 2841
f 2842 2792 2793
f 2842 2841 2792
f 2842 2843 2793
f 2842 2843 2892
f 2942 2892 2943
f 2942 2941 2992
f 2942 2941 2891
f 2942 2892 2891
f 2993 3045 2992
f 2993 2942 2992
f 2993 2942 2943
f 3043 2991 3044
f 3043 3091 3044
f 3043 3091 3090
f 3043 3090 3042
f 3043 2990 3042
f 3043 2990 2991
f 539 459 466
f 539 552 466
f 539 455 459
f 539 455 449
f 539 442 449
f 539 589 595
f 539 442 589
f 650 552 560
f 650 683 560
f 650 722 705
f 650 683 722
f 1628 1670 1626
f 1628 1626 1583
f 1628 1670 1672
f 1628 1630 1672
f 749 720 724
f 749 720 775
f 749 777 742
f 749 714 724
f 749 714 742
f 817 775 838
f 817 852 838
f 981 992 1004
f 981 1013 960
f 981 1013 1004
f 972 992 953
f 972 1002 996
f 972 1040 996
f 972 992 1040
f 972 1002 913
f 972 953 913
f 881 887 842
f 881 921 874
f 881 887 927
f 881 921 927
f 990 974 1022
f 990 1018 1022
f 990 1018 1013
f 654 707 631
f 654 631 595
f 733 679 770
f 733 707 768
f 733 654 679
f 733 654 707
f 733 800 770
f 733 768 800
f 671 690 631
f 671 659 631
f 671 712 690
f 671 659 692
f 671 712 692
f 726 702 692
f 726 712 692
f 726 702 730
f 938 915 945
f 925 907 871
f 925 871 890
f 925 953 890
f 925 992 953
f 948 925 992
f 948 925 907
f 948 938 960
f 948 981 960
f 948 981 992
f 865 840 800
f 865 822 800
f 865 915 874
f 865 822 874
f 789 768 739
f 789 822 768
f 1034 1079 1094
f 1034 1051 1094
f 855 697 857
f 908 861 786
f 1102 1098 1055
f 1102 1059 1055
f 1102 1098 1143
f 1102 1059 1110
f 1102 1147 1110
f 1102 1147 1143
f 1032 982 1001
f 1032 1051 1068
f 1258 1313 1239
f 1191 1139 1123
f 1191 1164 1123
f 1191 1164 1239
f 1191 1258 1239
f 1292 1313 1239
f 1292 1223 1239
f 1292 1278 1223
f 1292 1359 1313
f 1292 1359 1342
f 1309 1292 1342
f 1309 1292 1278
f 889 952 912
f 889 912 849
f 889 825 849
f 889 870 825
f 924 906 870
f 924 889 870
f 924 889 952
f 971 912 1001
f 971 952 912
f 1221 1247 1249
f 1221 1199 1197
f 1221 1249 1199
f 1221 1247 1219
f 1221 1193 1197
f 1221 1193 1219
f 1290 1337 1339
f 1290 1286 1337
f 1290 1286 1265
f 1295 1290 1265
f 1295 1290 1339
f 1295 1345 1339
f 1295 1299 1345
f 1243 1235 1219
f 1243 1265 1235
f 1243 1295 1265
f 1243 1247 1219
f 1243 1295 1247
f 1793 1795 2220
f 1793 1792 2220
f 1793 1721 1795
f 1793 1792 1716
f 1793 1721 1716
f 1621 1619 1576
f 1621 1623 1665
f 1659 1655 1716
f 1659 1617 1655
f 1659 1617 1661
f 1659 1721 1716
f 1659 1721 1661
f 1388 1390 1339
f 1388 1337 1339
f 1442 1390 1446
f 1442 1492 1446
f 1442 1388 1390
f 1442 1388 1440
f 1565 1611 1608
f 1565 1563 1608
f 1565 1546 1563
f 1565 1546 1520
f 1565 1523 1504
f 1565 1520 1504
f 1567 1565 1611
f 1613 1611 1653
f 1613 1655 1653
f 1613 1567 1571
f 1613 1567 1611
f 1613 1617 1655
f 1613 1617 1571
f 1438 1432 1381
f 1482 1507 1480
f 1650 1710 1647
f 1650 1647 1608
f 1650 1611 1608
f 1650 1611 1653
f 1650 1712 1653
f 1650 1710 1712
f 1702 1704 1644
f 1702 1697 1767
f 1775 1710 1778
f 1775 1704 1710
f 1775 1778 2225
f 1775 2225 2226
f 1410 1432 1381
f 884 965 859
f 884 719 859
f 884 743 719
f 999 793 820
f 999 820 843
f 999 1053 843
f 933 829 859
f 933 965 859
f 933 965 1036
f 928 904 857
f 928 957 857
f 928 1006 904
f 1104 1129 1036
f 1241 1309 1278
f 1133 1118 1208
f 1062 965 1036
f 1062 1129 1036
f 1333 1280 1213
f 1106 963 1158
f 1106 963 930
f 1106 900 930
f 1106 900 1053
f 1575 1500 1545
f 1575 2239 2238
f 1575 2239 1545
f 2440 2382 2441
f 2440 2441 2496
f 2440 2495 2496
f 2440 2439 2495
f 2326 2382 2327
f 2326 2327 2266
f 2326 2265 2266
f 2326 2325 2265
f 2591 2592 2540
f 2591 2641 2592
f 2591 2539 2540
f 2591 2539 2590
f 2640 2692 2641
f 2640 2591 2590
f 2640 2591 2641
f 2640 2692 2639
f 2640 2639 2589
f 2640 2590 2589
f 2738 2737 2790
f 2738 2692 2737
f 2738 2739 2790
f 2738 2692 2739
f 1350 1415 1368
f 1350 1320 1415
f 1350 1320 1285
f 1350 1316 1368
f 1350 1285 1316
f 669 657 694
f 669 696 694
f 669 676 696
f 681 657 694
f 681 714 694
f 681 714 702
f 681 702 666
f 681 646 666
f 681 657 646
f 617 619 638
f 617 585 619
f 617 597 585
f 617 628 597
f 2880 2831 2881
f 2880 2881 2906
f 2880 2929 2906
f 2880 2831 2879
f 2880 2928 2929
f 2880 2928 2879
f 3024 3075 3025
f 3024 3025 2977
f 3024 2976 2977
f 3024 2976 3023
f 3024 3023 3074
f 3024 3075 3074
f 3470 3471 3517
f 3470 3516 3517
f 3470 3471 3421
f 3422 3421 3370
f 3422 3371 3370
f 3422 3371 3423
f 3418 3417 3468
f 3418 3419 3468
f 3418 3417 3366
f 3418 3419 3366
f 3271 3320 3321
f 3271 3270 3320
f 3271 3270 3219
f 3271 3272 3321
f 3271 3272 3220
f 3271 3219 3220
f 3269 3270 3217
f 3269 3270 3319
f 3269 3217 3216
f 3269 3268 3216
f 3269 3319 3318
f 3269 3268 3318
f 3069 3018 3070
f 3069 3119 3070
f 3069 3068 3018
f 3069 3119 3118
f 3069 3068 3118
f 3017 3016 3067
f 3017 3068 3067
f 3017 3016 2969
f 3017 3018 2969
f 3017 3068 3018
f 2973 3020 2972
f 2973 3020 3021
f 2973 2920 2972
f 2973 2921 2920
f 2973 3022 3021
f 2973 3022 2974
f 2973 2974 2922
f 2973 2921 2922
f 2822 2771 2821
f 2822 2870 2871
f 2822 2870 2821
f 2822 2872 2871
f 2822 2823 2872
f 2822 2823 2772
f 2822 2771 2772
f 3012 3013 2964
f 3012 2963 2964
f 3012 3011 2963
f 3112 3113 3161
f 2722 2673 2723
f 2722 2773 2723
f 2722 2773 2772
f 2623 2673 2672
f 2623 2671 2622
f 2623 2672 2671
f 2623 2570 2622
f 2623 2571 2570
f 2572 2521 2573
f 2572 2571 2521
f 2625 2673 2674
f 2625 2674 2626
f 2625 2574 2573
f 2625 2574 2626
f 1640 1697 1638
f 1640 1600 1644
f 1640 1702 1644
f 1640 1702 1697
f 1720 1746 2232
f 1720 1746 1657
f 1720 2232 2233
f 1720 1708 2233
f 1720 1708 1657
f 1748 2231 2230
f 1748 1746 2231
f 1682 2235 2234
f 1682 2235 2236
f 1632 1592 1638
f 1392 1412 1342
f 3472 3519 3473
f 3472 3471 3518
f 3472 3519 3518
f 3472 3423 3473
f 3472 3422 3423
f 3472 3471 3421
f 3472 3422 3421
f 1488 1438 1440
f 3459 3505 3454
f 3506 3508 3507
f 3506 3508 3461
f 3506 3505 3507
f 3506 3459 3505
f 3312 3262 3313
f 3312 3361 3313
f 3362 3415 3363
f 3362 3361 3313
f 3362 3314 3313
f 3362 3314 3363
f 3360 3361 3412
f 3462 3412 3461
f 3462 3463 3412
f 3462 3463 3509
f 3462 3508 3509
f 3462 3508 3461
f 3414 3362 3415
f 3414 3362 3361
f 3214 3266 3265
f 3214 3215 3163
f 3214 3266 3215
f 3267 3266 3215
f 3267 3215 3216
f 3267 3268 3216
f 3267 3268 3317
f 3267 3316 3317
f 3267 3266 3316
f 3065 3116 3066
f 3065 3115 3116
f 3065 3014 3066
f 3065 3014 3064
f 3114 3162 3163
f 3114 3115 3163
f 3114 3113 3064
f 3114 3065 3064
f 3114 3065 3115
f 3114 3162 3161
f 3114 3113 3161
f 3264 3314 3313
f 3264 3263 3313
f 3264 3314 3265
f 3264 3212 3211
f 3264 3263 3211
f 3060 3009 3008
f 3060 3010 3009
f 3364 3315 3365
f 3364 3315 3363
f 3364 3365 3416
f 3364 3415 3416
f 3364 3415 3363
f 2438 2437 2494
f 2438 2439 2494
f 2379 2380 2324
f 2379 2378 2324
f 2379 2437 2378
f 2379 2438 2380
f 2379 2438 2437
f 3096 3149 3097
f 3096 3148 3149
f 3096 3049 3097
f 3096 3148 3095
f 3096 3049 3095
f 3504 3505 3454
f 3504 3453 3454
f 3504 3505 3549
f 3504 3452 3503
f 3504 3453 3452
f 3504 3549 3548
f 3504 3503 3548
f 3406 3357 3405
f 3406 3409 3405
f 3355 3357 3354
f 3355 3332 3354
f 3355 3332 3357
f 3305 3332 3304
f 3206 3205 3179
f 3261 3210 3262
f 2994 2944 2995
f 2994 3047 3046
f 2994 2995 3047
f 2994 3045 3046
f 2994 2993 3045
f 2994 2944 2943
f 2994 2993 2943
f 2893 2844 2894
f 2893 2843 2844
f 2893 2944 2943
f 2893 2944 2894
f 2893 2892 2943
f 2893 2843 2892
f 639 539 552
f 639 650 552
f 639 679 705
f 639 650 705
f 1585 1628 1583
f 1585 1540 1583
f 1585 1630 1587
f 1585 1628 1630
f 1585 1542 1540
f 1585 1587 1542
f 781 749 775
f 781 817 775
f 781 749 777
f 781 817 777
f 814 852 848
f 814 817 852
f 814 817 777
f 814 805 848
f 814 805 772
f 814 777 772
f 968 945 974
f 968 990 974
f 968 938 960
f 968 938 945
f 968 1013 960
f 968 990 1013
f 752 712 739
f 752 726 712
f 752 789 739
f 903 907 883
f 903 948 907
f 903 840 883
f 903 865 840
f 903 865 915
f 903 938 915
f 903 948 938
f 760 805 772
f 760 730 772
f 760 726 730
f 760 752 726
f 834 822 874
f 834 789 822
f 834 881 874
f 834 881 842
f 1009 1032 982
f 1009 1034 1051
f 1009 1032 1051
f 993 1034 1079
f 993 908 955
f 876 855 955
f 876 1006 904
f 876 1006 955
f 876 904 857
f 876 855 857
f 808 908 786
f 808 663 685
f 808 663 786
f 1057 984 1081
f 1057 984 957
f 1057 928 957
f 1057 928 1006
f 1131 1139 1094
f 1131 1160 1139
f 1131 1170 1149
f 1326 1309 1342
f 1326 1392 1357
f 1326 1392 1342
f 991 924 952
f 991 980 1003
f 991 1049 1003
f 991 971 952
f 1273 1295 1299
f 1273 1295 1247
f 1273 1299 1301
f 1273 1249 1301
f 1273 1247 1249
f 1578 1621 1576
f 1578 1533 1580
f 1578 1580 1623
f 1578 1621 1623
f 1663 1621 1665
f 1663 1665 1725
f 1663 1723 1725
f 1663 1661 1723
f 1663 1619 1661
f 1663 1621 1619
f 1550 1565 1523
f 1550 1567 1565
f 1550 1567 1571
f 1383 1438 1381
f 1383 1381 1331
f 1383 1337 1331
f 1383 1388 1337
f 1383 1388 1440
f 1383 1438 1440
f 1527 1550 1523
f 1527 1550 1571
f 1527 1507 1523
f 1527 1482 1507
f 1527 1482 1529
f 1527 1529 1573
f 1527 1571 1573
f 1484 1438 1432
f 1484 1482 1432
f 1484 1482 1529
f 1484 1488 1438
f 1770 2227 2226
f 1770 1702 1704
f 1770 1775 2226
f 1770 1775 1704
f 1377 1329 1381
f 1377 1410 1381
f 1429 1410 1432
f 1225 1231 1201
f 1225 1231 1282
f 1210 1263 1258
f 1210 1191 1258
f 1210 1191 1139
f 1317 1258 1313
f 1317 1263 1258
f 1019 884 965
f 1019 1133 1075
f 1019 1133 1118
f 939 793 766
f 939 999 793
f 939 743 766
f 939 884 743
f 939 1019 884
f 939 999 1075
f 939 1019 1075
f 910 829 806
f 910 933 829
f 1185 1278 1223
f 1185 1241 1278
f 1185 1104 1129
f 1229 1133 1208
f 1162 1261 1189
f 1162 1075 1189
f 1162 1133 1075
f 1162 1229 1261
f 1162 1229 1133
f 1175 1118 1208
f 1175 1241 1208
f 1237 1333 1269
f 1237 1333 1213
f 1237 1269 1195
f 1237 1213 1195
f 1385 1269 1321
f 1385 1333 1269
f 1407 1280 1374
f 1407 1333 1280
f 1166 1106 1053
f 1355 1280 1374
f 1355 1323 1379
f 2381 2325 2380
f 2381 2326 2325
f 2381 2326 2382
f 2381 2438 2439
f 2381 2438 2380
f 2381 2440 2439
f 2381 2440 2382
f 652 655 638
f 652 669 657
f 652 676 655
f 652 669 676
f 652 628 657
f 652 617 638
f 652 617 628
f 3469 3516 3468
f 3469 3470 3516
f 3469 3419 3468
f 3469 3470 3419
f 3420 3470 3421
f 3420 3470 3419
f 3420 3419 3368
f 3420 3368 3369
f 3420 3421 3369
f 3063 3013 3064
f 3063 3012 3013
f 3063 3113 3064
f 3063 3112 3062
f 3063 3112 3113
f 3063 3011 3062
f 3063 3012 3011
f 3160 3112 3161
f 3160 3212 3161
f 3160 3212 3211
f 3160 3112 3159
f 3160 3210 3211
f 3160 3210 3159
f 2721 2673 2672
f 2721 2722 2673
f 2721 2672 2720
f 2721 2771 2772
f 2721 2722 2772
f 2721 2720 2770
f 2721 2771 2770
f 2624 2623 2571
f 2624 2572 2571
f 2624 2623 2673
f 2624 2625 2673
f 2624 2572 2573
f 2624 2625 2573
f 1757 2230 2229
f 1757 1748 2230
f 1646 2236 2237
f 1646 1682 2236
f 1569 1632 1592
f 1642 1708 1657
f 1642 1708 2234
f 1464 1511 1451
f 1464 1392 1412
f 1464 1392 1451
f 1516 1546 1520
f 1516 1464 1511
f 1516 1546 1563
f 1531 1529 1576
f 1531 1488 1533
f 1531 1484 1529
f 1531 1484 1488
f 1531 1578 1576
f 1531 1578 1533
f 1490 1442 1440
f 1490 1488 1440
f 1490 1488 1533
f 1490 1442 1492
f 1490 1492 1537
f 1490 1533 1537
f 3455 3409 3454
f 3455 3459 3454
f 3460 3459 3461
f 3460 3506 3461
f 3460 3506 3459
f 3359 3412 3411
f 3359 3360 3412
f 3311 3312 3361
f 3311 3360 3361
f 3311 3312 3262
f 3311 3261 3262
f 3311 3359 3360
f 3464 3414 3463
f 3464 3415 3465
f 3464 3414 3415
f 3464 3512 3465
f 3464 3512 3511
f 3464 3511 3510
f 3464 3463 3510
f 3413 3463 3412
f 3413 3414 3463
f 3413 3361 3412
f 3413 3414 3361
f 3213 3162 3163
f 3213 3214 3163
f 3213 3214 3265
f 3213 3212 3162
f 3213 3264 3265
f 3213 3264 3212
f 3059 3058 3008
f 3059 3060 3008
f 3061 3010 3062
f 3061 3060 3010
f 3061 3112 3062
f 3209 3261 3210
f 3407 3406 3357
f 3407 3406 3409
f 3407 3410 3409
f 3407 3410 3411
f 3407 3359 3411
f 3257 3253 3304
f 3257 3305 3304
f 3257 3207 3259
f 3204 3153 3203
f 3204 3154 3153
f 3204 3253 3203
f 3204 3253 3205
f 3204 3154 3205
f 3102 3101 3153
f 3102 3154 3153
f 3102 3054 3055
f 3102 3101 3054
f 3102 3056 3055
f 3155 3205 3179
f 3155 3154 3205
f 3155 3132 3179
f 3156 3157 3207
f 3156 3206 3207
f 3156 3206 3179
f 3156 3157 3108
f 3156 3132 3108
f 3156 3132 3179
f 3231 3206 3205
f 3231 3206 3207
f 3231 3257 3207
f 615 654 679
f 798 752 789
f 798 760 752
f 798 834 789
f 798 760 805
f 798 805 842
f 798 834 842
f 1043 1006 955
f 1043 993 955
f 1043 1079 1123
f 1043 993 1079
f 941 993 908
f 941 861 898
f 941 908 861
f 941 961 982
f 941 961 898
f 941 1009 982
f 941 1009 1034
f 941 993 1034
f 827 808 908
f 827 855 955
f 827 908 955
f 827 808 685
f 827 697 685
f 827 855 697
f 1087 1051 1068
f 1087 1051 1094
f 1087 1108 1127
f 1087 1108 1068
f 1297 1326 1357
f 1297 1229 1261
f 1267 1241 1309
f 1267 1326 1309
f 1267 1297 1326
f 1267 1241 1208
f 1267 1229 1208
f 1267 1297 1229
f 947 906 902
f 947 924 906
f 947 991 924
f 947 937 902
f 947 959 937
f 947 959 980
f 947 991 980
f 1039 1049 1064
f 1039 991 1049
f 1039 991 971
f 1039 1025 1064
f 995 971 1001
f 995 1025 1001
f 995 1039 971
f 995 1039 1025
f 1045 1032 1001
f 1045 1025 1001
f 1045 1032 1068
f 1045 1083 1068
f 1045 1083 1064
f 1045 1025 1064
f 1769 1702 1767
f 1769 1770 1702
f 1769 1767 2227
f 1769 1770 2227
f 1462 1482 1480
f 1462 1482 1432
f 1462 1429 1432
f 1472 1507 1504
f 1472 1507 1480
f 1179 1160 1139
f 1179 1210 1139
f 1365 1359 1313
f 1365 1317 1313
f 1365 1359 1416
f 1275 1329 1282
f 1275 1225 1282
f 1085 1019 1118
f 1085 1175 1118
f 1085 1062 965
f 1085 1019 965
f 878 984 957
f 878 910 984
f 878 957 857
f 878 910 806
f 878 782 857
f 878 806 782
f 1014 910 984
f 1014 1104 1036
f 1014 933 1036
f 1014 910 933
f 1014 984 1081
f 1014 1104 1081
f 1137 1104 1081
f 1137 1185 1104
f 1137 1164 1223
f 1137 1185 1223
f 1154 1062 1129
f 1154 1185 1129
f 1154 1085 1062
f 1154 1085 1175
f 1154 1185 1241
f 1154 1175 1241
f 1444 1372 1321
f 1444 1385 1321
f 1444 1500 1372
f 1444 1575 1500
f 1227 1355 1280
f 1227 1355 1323
f 1227 1280 1158
f 1227 1106 1158
f 1227 1166 1106
f 1121 1166 1053
f 1121 999 1075
f 1121 999 1053
f 1121 1075 1189
f 1121 1245 1166
f 1761 2228 2229
f 1761 1757 2229
f 1761 1763 2228
f 1761 1763 1697
f 1687 1632 1638
f 1687 1757 1748
f 1375 1392 1357
f 1375 1349 1406
f 1375 1392 1451
f 1375 1406 1451
f 1615 1569 1632
f 1558 1615 1569
f 1598 1592 1638
f 1598 1553 1600
f 1598 1640 1638
f 1598 1640 1600
f 1467 1520 1504
f 1467 1516 1520
f 1467 1472 1504
f 1467 1516 1464
f 1467 1416 1412
f 1467 1464 1412
f 1556 1516 1563
f 1556 1606 1563
f 1556 1600 1606
f 1556 1553 1600
f 1556 1553 1511
f 1556 1516 1511
f 3456 3410 3409
f 3456 3455 3409
f 3456 3455 3459
f 3456 3410 3411
f 3456 3461 3411
f 3456 3459 3461
f 3310 3359 3332
f 3310 3311 3359
f 3109 3157 3110
f 3109 3060 3110
f 3109 3059 3060
f 3109 3157 3108
f 3109 3058 3108
f 3109 3059 3058
f 3111 3060 3110
f 3111 3061 3060
f 3111 3110 3159
f 3111 3112 3159
f 3111 3061 3112
f 3158 3210 3159
f 3158 3209 3210
f 3158 3110 3159
f 3158 3157 3110
f 3158 3209 3157
f 3208 3209 3261
f 3208 3157 3207
f 3208 3209 3157
f 3358 3407 3357
f 3358 3407 3359
f 3358 3332 3357
f 3358 3359 3332
f 3306 3257 3259
f 3306 3257 3305
f 3306 3305 3332
f 3103 3102 3154
f 3103 3155 3154
f 3103 3057 3104
f 3103 3132 3104
f 3103 3155 3132
f 3103 3057 3056
f 3103 3102 3056
f 3254 3257 3253
f 3254 3231 3257
f 3254 3253 3205
f 3254 3231 3205
f 624 639 539
f 624 615 539
f 624 639 679
f 624 615 679
f 607 654 595
f 607 615 654
f 607 539 595
f 607 615 539
f 1116 1131 1094
f 1116 1087 1094
f 1116 1131 1149
f 1116 1149 1127
f 1116 1087 1127
f 1319 1297 1261
f 1319 1375 1349
f 1319 1297 1357
f 1319 1375 1357
f 1215 1210 1263
f 1215 1179 1210
f 1215 1275 1263
f 1215 1275 1225
f 1215 1225 1201
f 1215 1179 1160
f 1215 1170 1201
f 1215 1131 1170
f 1215 1131 1160
f 1404 1429 1410
f 1404 1365 1416
f 1089 1057 1081
f 1089 1137 1081
f 1089 1057 1006
f 1089 1043 1006
f 1089 1043 1123
f 1089 1164 1123
f 1089 1137 1164
f 1509 1444 1385
f 1271 1245 1166
f 1271 1245 1379
f 1217 1121 1189
f 1217 1121 1245
f 1692 1697 1638
f 1692 1761 1697
f 1692 1687 1638
f 1692 1761 1757
f 1692 1687 1757
f 1680 1687 1748
f 1680 1687 1632
f 1680 1748 1746
f 1680 1746 1657
f 1680 1615 1657
f 1680 1615 1632
f 1637 1646 2237
f 1637 1590 2237
f 1596 2237 2238
f 1596 1590 2237
f 1596 1575 2238
f 1634 1682 2234
f 1634 1642 2234
f 1486 1561 1518
f 1367 1349 1406
f 3260 3207 3259
f 3260 3208 3207
f 3260 3208 3261
f 3260 3306 3259
f 3260 3306 3310
f 3260 3311 3261
f 3260 3310 3311
f 3309 3310 3332
f 3309 3306 3332
f 3309 3306 3310
f 1370 1377 1410
f 1370 1404 1410
f 1370 1365 1317
f 1370 1404 1365
f 1423 1404 1416
f 1423 1462 1429
f 1423 1404 1429
f 1303 1227 1323
f 1303 1323 1379
f 1303 1271 1379
f 1303 1227 1166
f 1303 1271 1166
f 1315 1217 1245
f 1315 1367 1349
f 1551 1596 1575
f 1551 1444 1575
f 1551 1509 1444
f 1551 1509 1590
f 1551 1596 1590
f 1387 1363 1379
f 1604 1637 1646
f 1604 1646 1682
f 1604 1637 1590
f 1604 1634 1682
f 1604 1561 1634
f 1434 1486 1518
f 1434 1486 1407
f 1434 1407 1374
f 1460 1486 1407
f 1460 1509 1385
f 1460 1385 1333
f 1460 1407 1333
f 1535 1509 1590
f 1535 1486 1561
f 1535 1460 1509
f 1535 1460 1486
f 1535 1604 1590
f 1535 1604 1561
f 1525 1569 1592
f 1543 1525 1592
f 1543 1525 1508
f 1543 1598 1592
f 1543 1598 1553
f 1422 1402 1459
f 1422 1402 1363
f 1422 1387 1363
f 1427 1402 1459
f 1427 1367 1402
f 1427 1367 1406
f 1427 1406 1451
f 1505 1548 1558
f 1505 1448 1474
f 1469 1548 1518
f 1469 1434 1518
f 1469 1505 1448
f 1469 1505 1548
f 1602 1548 1558
f 1602 1558 1615
f 1602 1642 1657
f 1602 1615 1657
f 1324 1377 1329
f 1324 1370 1377
f 1324 1275 1329
f 1324 1370 1317
f 1324 1317 1263
f 1324 1275 1263
f 1455 1462 1480
f 1455 1423 1462
f 1455 1472 1480
f 1455 1423 1416
f 1455 1467 1416
f 1455 1467 1472
f 1284 1261 1189
f 1284 1217 1189
f 1284 1315 1217
f 1284 1315 1349
f 1284 1319 1261
f 1284 1319 1349
f 1335 1402 1363
f 1335 1315 1245
f 1335 1367 1402
f 1335 1315 1367
f 1335 1363 1379
f 1335 1245 1379
f 1418 1448 1379
f 1418 1387 1379
f 1418 1448 1474
f 1514 1525 1508
f 1514 1505 1474
f 1514 1505 1558
f 1514 1558 1569
f 1514 1525 1569
f 1502 1427 1451
f 1502 1427 1459
f 1502 1511 1451
f 1502 1553 1511
f 1502 1543 1553
f 1414 1469 1434
f 1414 1434 1374
f 1414 1448 1379
f 1414 1469 1448
f 1414 1355 1374
f 1414 1355 1379
f 1594 1602 1548
f 1594 1561 1634
f 1594 1634 1642
f 1594 1602 1642
f 1594 1561 1518
f 1594 1548 1518
f 1457 1514 1474
f 1457 1514 1422
f 1457 1422 1387
f 1457 1418 1474
f 1457 1418 1387
f 1478 1543 1508
f 1478 1502 1543
f 1478 1502 1459
f 1478 1514 1508
f 1478 1422 1459
f 1478 1514 1422
f 3568 2185 2120
f 3568 2120 3531
f 154 9 1
f 154 153 1
f 1921 94 106
f 1921 2056 2064
f 1921 64 67
f 1921 118 125
f 1921 134 156
f 1921 2067 2064
f 1921 1421 1420
f 1921 1907 1903
f 1921 68 71
f 1921 9 1
f 1921 2185 2120
f 1921 1970 1963
f 1921 86 82
f 1921 1785 1751
f 1921 42 45
f 1921 2118 2119
f 1921 2083 2073
f 1921 2087 2088
f 1921 265 276
f 1921 872 1791
f 1921 132 155
f 1921 2100 2088
f 1921 2119 2185
f 1921 1841 1791
f 1921 1989 1997
f 1921 2044 2043
f 1921 1985 1976
f 1921 1998 2012
f 1921 251 240
f 1921 178 155
f 1921 44 48
f 1921 179 182
f 1921 50 53
f 1921 2108 2100
f 1921 2118 2105
f 1921 2111 2120
f 1921 1973 1980
f 1921 2096 2105
f 1921 1983 1980
f 1921 1966 1976
f 1921 2006 2007
f 1921 1835 1832
f 1921 1800 1832
f 1921 2019 2012
f 1921 2035 2043
f 1921 499 276
f 1921 74 70
f 1921 227 240
f 1921 66 70
f 1921 52 48
f 1921 54 57
f 1921 23 25
f 1921 1864 1865
f 1921 161 156
f 1921 242 241
f 1921 2111 2108
f 1921 38 41
f 1921 1941 1950
f 1921 2063 2073
f 1921 1938 1931
f 1921 1937 1936
f 1921 1884 1865
f 1921 1735 1751
f 1921 281 1420
f 1921 275 273
f 1921 2019 2023
f 1921 2031 2023
f 1921 2067 2075
f 1921 266 273
f 1921 94 90
f 1921 227 199
f 1921 178 199
f 1921 116 106
f 1921 66 62
f 1921 56 62
f 1921 78 82
f 1921 32 36
f 1921 29 25
f 1921 40 36
f 1921 72 71
f 1921 92 95
f 1921 68 67
f 1921 200 182
f 1921 236 241
f 1921 203 228
f 1921 22 1
f 1921 42 41
f 1921 84 83
f 1921 1930 1918
f 1921 26 24
f 1921 2048 2040
f 1921 1858 1859
f 1921 2039 2040
f 1921 1957 1953
f 1921 1852 1846
f 1921 1989 1985
f 1921 1946 1953
f 1921 1835 1846
f 1921 1735 1555
f 1921 1437 1555
f 1921 1926 1936
f 1921 275 281
f 1921 1800 1785
f 1921 2044 2056
f 1921 1998 1997
f 1921 2035 2031
f 1921 2079 2075
f 1921 499 872
f 1921 265 251
f 1921 116 124
f 1921 132 124
f 1921 74 78
f 1921 86 90
f 1921 23 9
f 1921 58 57
f 1921 54 53
f 1921 75 76
f 1921 91 88
f 1921 80 83
f 1921 236 228
f 1921 161 179
f 1921 126 125
f 1921 117 108
f 1921 22 24
f 1921 96 95
f 1921 34 33
f 1921 1970 1973
f 1921 1930 1931
f 1921 1962 1950
f 1921 1895 1918
f 1921 2052 2060
f 1921 2063 2060
f 1921 2083 2084
f 1921 2039 2027
f 1921 2017 2027
f 1921 2092 2084
f 1921 2014 2007
f 1921 1937 1945
f 1921 1873 1859
f 1921 1884 1903
f 1921 1864 1852
f 1921 1421 1437
f 1921 266 255
f 1921 2087 2079
f 1921 52 56
f 1921 29 32
f 1921 40 44
f 1921 58 63
f 1921 64 63
f 1921 46 45
f 1921 72 75
f 1921 79 76
f 1921 92 91
f 1921 87 88
f 1921 203 200
f 1921 126 133
f 1921 134 133
f 1921 118 117
f 1921 107 108
f 1921 34 37
f 1921 38 37
f 1921 1962 1963
f 1921 1938 1941
f 1921 1895 1892
f 1921 1877 1892
f 1921 1858 1841
f 1921 2048 2052
f 1921 2092 2096
f 1921 2006 1993
f 1921 1983 1993
f 1921 2014 2017
f 1921 30 33
f 1921 1946 1945
f 1921 1926 1922
f 1921 252 255
f 1921 46 49
f 1921 50 49
f 1921 80 79
f 1921 84 87
f 1921 96 107
f 1921 26 28
f 1921 1873 1877
f 1921 1965 1966
f 1921 242 252
f 1921 30 28
f 1921 1965 1957
f 3546 3568 3531
f 3546 3532 3531
f 3546 3544 3545
f 3546 3567 3568
f 3546 3535 3536
f 3546 3534 3533
f 3546 3532 3533
f 3546 3537 3536
f 3546 3539 3540
f 3546 3537 3538
f 3546 3539 3538
f 3546 3561 3562
f 3546 3566 3567
f 3546 3566 3565
f 3546 3563 3562
f 3546 3564 3565
f 3546 3535 3534
f 3546 3550 3551
f 3546 3555 3556
f 3546 3560 3559
f 3546 3552 3551
f 3546 3549 3548
f 3546 3563 3564
f 3546 3541 3540
f 3546 3553 3554
f 3546 3555 3554
f 3546 3558 3559
f 3546 3543 3542
f 3546 3547 3548
f 3546 3557 3556
f 3546 3541 3542
f 3546 3560 3561
f 3546 3552 3553
f 3546 3557 3558
f 3546 3549 3550
f 3546 3544 3543
