v -0.0103 -0.07 -0.00516502
v -0.0103 -0.07 -0.002944958
v -0.0103 -0.07 -0.00290486
v -0.0103 -0.07 -0.002863851
v -0.0103 -0.07 -0.002822342
v -0.0103 -0.07 -0.002780766
v -0.0103 -0.07 -0.002739584
v -0.0103 -0.07 -0.002699267
v -0.0103 -0.07 -0.002660281
v -0.0103 -0.07 -0.002623097
v -0.0103 -0.07 -0.002588164
v -0.0103 -0.07 -0.0025559
v -0.0103 -0.07 0.0025559
v -0.0103 -0.07 0.002588164
v -0.0103 -0.07 0.002623097
v -0.0103 -0.07 0.002660281
v -0.0103 -0.07 0.002699267
v -0.0103 -0.07 0.002739584
v -0.0103 -0.07 0.002780766
v -0.0103 -0.07 0.002822342
v -0.0103 -0.07 0.002863851
v -0.0103 -0.07 0.00290486
v -0.0103 -0.07 0.002944958
v -0.0103 -0.07 0.002983777
v -0.0103 -0.07 0.003020982
v -0.0103 -0.07 0.003056275
v -0.0103 -0.07 0.003089407
v -0.0103 -0.07 0.005132944
v -0.0103 -0.069414586 -0.005263724
v -0.0103 -0.067749999 0.0
v -0.0103 -0.067747146 -6.5367e-05
v -0.0103 -0.067747146 6.5367e-05
v -0.0103 -0.067738608 -0.000130236
v -0.0103 -0.067738608 0.000130236
v -0.0103 -0.067724444 -0.000194114
v -0.0103 -0.067724444 0.000194114
v -0.0103 -0.067704767 -0.000256515
v -0.0103 -0.067704767 0.000256515
v -0.0103 -0.067679733 -0.000316964
v -0.0103 -0.067679733 0.000316964
v -0.0103 -0.067649521 -0.000375
v -0.0103 -0.067649521 0.000375
v -0.0103 -0.067614362 -0.000430182
v -0.0103 -0.067614362 0.000430182
v -0.0103 -0.067574531 -0.000482091
v -0.0103 -0.067574531 0.000482091
v -0.0103 -0.067530327 -0.00053033
v -0.0103 -0.067530327 0.00053033
v -0.0103 -0.067482091 -0.000574533
v -0.0103 -0.067482091 0.000574533
v -0.0103 -0.067430183 -0.000614364
v -0.0103 -0.067430183 0.000614364
v -0.0103 -0.067374997 -0.000649519
v -0.0103 -0.067374997 0.000649519
v -0.0103 -0.067316964 -0.000679731
v -0.0103 -0.067316964 0.000679731
v -0.0103 -0.067256518 -0.000704769
v -0.0103 -0.067256518 0.000704769
v -0.0103 -0.067194112 -0.000724444
v -0.0103 -0.067194112 0.000724444
v -0.0103 -0.067130238 -0.000738606
v -0.0103 -0.067130238 0.000738606
v -0.0103 -0.067065366 -0.000747146
v -0.0103 -0.067065366 0.000747146
v -0.0103 -0.067015909 -0.005588224
v -0.0103 -0.067015909 0.005588224
v -0.0103 -0.067000002 -0.00075
v -0.0103 -0.067000002 0.00075
v -0.0103 -0.06693463 -0.000747146
v -0.0103 -0.06693463 0.000747146
v -0.0103 -0.066869766 -0.000738606
v -0.0103 -0.066869766 0.000738606
v -0.0103 -0.066805884 -0.000724444
v -0.0103 -0.066805884 0.000724444
v -0.0103 -0.066743486 -0.000704769
v -0.0103 -0.066743486 0.000704769
v -0.0103 -0.066683039 -0.000679731
v -0.0103 -0.066683039 0.000679731
v -0.0103 -0.066624999 -0.000649519
v -0.0103 -0.066624999 0.000649519
v -0.0103 -0.06656982 -0.000614364
v -0.0103 -0.06656982 0.000614364
v -0.0103 -0.066517912 -0.000574533
v -0.0103 -0.066517912 0.000574533
v -0.0103 -0.066469669 -0.00053033
v -0.0103 -0.066469669 0.00053033
v -0.0103 -0.066425465 -0.000482091
v -0.0103 -0.066425465 0.000482091
v -0.0103 -0.066385634 -0.000430182
v -0.0103 -0.066385634 0.000430182
v -0.0103 -0.066350482 -0.000375
v -0.0103 -0.066350482 0.000375
v -0.0103 -0.06632027 -0.000316964
v -0.0103 -0.06632027 0.000316964
v -0.0103 -0.066295229 -0.000256515
v -0.0103 -0.066295229 0.000256515
v -0.0103 -0.066275552 -0.000194114
v -0.0103 -0.066275552 0.000194114
v -0.0103 -0.066261396 -0.000130236
v -0.0103 -0.066261396 0.000130236
v -0.0103 -0.066252857 -6.5367e-05
v -0.0103 -0.066252857 6.5367e-05
v -0.0103 -0.066249996 0.0
v -0.0103 -0.06461063 0.005859439
v -0.0103 -0.061999999 -0.00610921
v -0.0103 -0.061999999 0.00610921
v -0.010299946 -0.07 -0.005173635
v -0.010299814 -0.07 -0.005185032
v -0.010299814 -0.06919767 -0.005314995
v -0.010299814 -0.066975616 -0.005612297
v -0.010299814 -0.061999999 -0.006128555
v -0.0102991 -0.07 0.005181397
v -0.010298724 -0.07 -0.005207241
v -0.010298673 -0.07 0.005197699
v -0.010298673 -0.066979915 0.005644244
v -0.010298673 -0.061999999 0.006160914
v -0.010297157 -0.07 0.005216602
v -0.010296796 -0.07 -0.005226476
v -0.010296796 -0.066982992 -0.005672557
v -0.010296166 -0.061999999 -0.006197037
v -0.010296165 -0.061999999 0.006197048
v -0.010293926 -0.07 0.005256864
v -0.010293926 -0.06698703 0.005702363
v -0.010292239 -0.07 -0.005267976
v -0.010291035 -0.07 0.005277295
v -0.010290079 -0.07 -0.005287647
v -0.010290079 -0.066990353 -0.005732647
v -0.010290078 -0.061999999 -0.006250278
v -0.010284936 -0.07 0.005320385
v -0.010284936 -0.066994675 0.005764762
v -0.010284936 -0.061999999 0.006282805
v -0.010284693 -0.061999999 -0.006284191
v -0.010284691 -0.061999999 0.006284202
v -0.010283034 -0.07 -0.005328741
v -0.010280745 -0.07 0.005340705
v -0.010279663 -0.07 -0.005348412
v -0.010279663 -0.066997662 -0.005792337
v -0.010279663 -0.061999999 -0.006310649
v -0.010271993 -0.07 0.005383123
v -0.010271993 -0.067002214 0.005826391
v -0.010270159 -0.07 -0.005388947
v -0.010266512 -0.07 0.005403226
v -0.010265674 -0.061999999 -0.006369982
v -0.010265672 -0.061999999 0.006369993
v -0.010265565 -0.07 -0.00540854
v -0.010265565 -0.067004889 -0.005851403
v -0.010255183 -0.07 0.00544477
v -0.010255183 -0.067009628 0.005886947
v -0.010255183 -0.061999999 0.006406385
v -0.010253639 -0.07 -0.005448367
v -0.010248426 -0.07 0.00546457
v -0.01024782 -0.07 -0.005467801
v -0.01024782 -0.067012019 -0.005909617
v -0.01024782 -0.061999999 -0.006429266
v -0.010239266 -0.061999999 -0.006453746
v -0.010239262 -0.061999999 0.006453756
v -0.010234596 -0.07 0.005505088
v -0.010234596 -0.067016885 0.005946199
v -0.010233515 -0.07 -0.005506771
v -0.010226583 -0.07 0.005524501
v -0.010226469 -0.07 -0.005525965
v -0.010226469 -0.067019008 -0.005966752
v -0.010210339 -0.07 0.005563849
v -0.010210339 -0.067023948 0.006003922
v -0.010210339 -0.061999999 0.006524694
v -0.01020984 -0.07 -0.005563932
v -0.010205679 -0.061999999 -0.006534836
v -0.010205674 -0.061999999 0.006534846
v -0.010201577 -0.061999999 -0.006543524
v -0.010201576 -0.07 -0.005582804
v -0.010201576 -0.067025848 -0.006022586
v -0.010201095 -0.07 0.005582792
v -0.010182685 -0.07 -0.005619628
v -0.010182529 -0.07 0.005620832
v -0.010182529 -0.067030802 0.006059898
v -0.010173214 -0.07 -0.005638093
v -0.010173214 -0.067032494 -0.006076899
v -0.010172085 -0.07 0.005639224
v -0.010165184 -0.061999999 -0.006612629
v -0.010165178 -0.061999999 0.006612638
v -0.01015213 -0.07 -0.005673638
v -0.0101513 -0.061999999 0.006635944
v -0.010151298 -0.07 0.005675826
v -0.010151298 -0.067037418 0.006113919
v -0.010141471 -0.061999999 -0.006651627
v -0.01014147 -0.07 -0.005691614
v -0.01014147 -0.067038931 -0.006129473
v -0.010139692 -0.07 0.005693586
v -0.010118272 -0.07 -0.005725746
v -0.010118105 -0.061999999 -0.00668653
v -0.010118098 -0.061999999 0.006686539
v -0.010116789 -0.07 0.005728628
v -0.010116789 -0.067043766 0.006165788
v -0.010106448 -0.061999999 -0.006702829
v -0.010106447 -0.07 -0.005743149
v -0.010106447 -0.06704513 -0.006180097
v -0.010104063 -0.07 0.005745677
v -0.010081221 -0.07 -0.005775742
v -0.010079156 -0.061999999 0.006738493
v -0.010079154 -0.07 0.005779044
v -0.010079154 -0.067049831 0.006215313
v -0.010068261 -0.07 -0.00579249
v -0.010068261 -0.06705106 -0.006228566
v -0.010065357 -0.07 0.00579531
v -0.010064815 -0.061999999 -0.006755981
v -0.010064808 -0.061999999 0.006755989
v -0.010041099 -0.07 -0.005823421
v -0.010038561 -0.061999999 0.006786034
v -0.010038559 -0.07 0.005826895
v -0.010038559 -0.067055583 0.006262318
v -0.010027043 -0.061999999 -0.006798488
v -0.010027041 -0.07 -0.005839433
v -0.010027041 -0.067056708 -0.006274679
v -0.010023771 -0.07 0.005842278
v -0.010005734 -0.061999999 -0.006820458
v -0.010005726 -0.061999999 0.006820465
v -0.009998084 -0.07 -0.005868546
v -0.009995257 -0.07 0.005871933
v -0.009995257 -0.067061 0.00630656
v -0.009982992 -0.07 -0.005883723
v -0.009982992 -0.067062035 -0.006318186
v -0.009979484 -0.07 0.005886422
v -0.009952264 -0.07 -0.00591099
v -0.009949281 -0.061999999 0.006872733
v -0.00994928 -0.07 0.005914159
v -0.00994928 -0.067066081 0.006348039
v -0.009941325 -0.061999999 -0.00687948
v -0.009941316 -0.061999999 0.006879487
v -0.009936145 -0.061999999 -0.006883797
v -0.009936144 -0.07 -0.005925297
v -0.009936144 -0.067067035 -0.006359025
v -0.009932609 -0.07 0.005927661
v -0.009903797 -0.07 -0.005950572
v -0.009900891 -0.07 0.005953346
v -0.009900891 -0.06707079 0.006386533
v -0.009886723 -0.07 -0.005963914
v -0.009886723 -0.067071676 -0.006396959
v -0.009883391 -0.07 0.005965804
v -0.009872084 -0.061999999 -0.006932611
v -0.009872076 -0.061999999 0.006932617
v -0.009852874 -0.07 -0.005987097
v -0.009850294 -0.061999999 0.006947445
v -0.009850292 -0.07 0.00598936
v -0.009850292 -0.067075126 0.006421911
v -0.009834911 -0.061999999 -0.006957422
v -0.009834908 -0.07 -0.005999404
v -0.009834908 -0.067075945 -0.006431822
v -0.009832033 -0.07 0.006000719
v -0.009799679 -0.07 -0.006020405
v -0.009798548 -0.061999999 -0.00697946
v -0.009798539 -0.061999999 0.006979465
v -0.009797687 -0.07 0.006022083
v -0.009797687 -0.06707906 0.006454055
v -0.009780887 -0.061999999 -0.006989419
v -0.009780885 -0.07 -0.006031611
v -0.009780885 -0.06707982 -0.006463459
v -0.009778746 -0.07 0.006032295
v -0.009744404 -0.07 -0.006050345
v -0.009743292 -0.061999999 0.00700909
v -0.00974329 -0.07 0.006051408
v -0.00974329 -0.067082584 0.006482861
v -0.009724854 -0.07 -0.006060387
v -0.009724854 -0.067083277 -0.006491726
v -0.009723745 -0.07 0.00606043
v -0.009721275 -0.061999999 -0.007019687
v -0.009721266 -0.061999999 0.007019692
v -0.009687319 -0.061999999 0.007034758
v -0.009687318 -0.07 0.006077244
v -0.009687318 -0.067085691 0.00650824
v -0.009687253 -0.07 -0.006076777
v -0.00966725 -0.07 0.00608504
v -0.009667024 -0.061999999 -0.007043056
v -0.009667022 -0.07 -0.006085598
v -0.009667022 -0.067086309 -0.006516492
v -0.009640853 -0.061999999 -0.007053
v -0.009640843 -0.061999999 0.007053004
v -0.00962999 -0.07 0.006099512
v -0.00962999 -0.067088373 0.006530114
v -0.009628438 -0.07 -0.006099574
v -0.009609484 -0.07 0.00610605
v -0.009607607 -0.07 -0.006107122
v -0.009607607 -0.067088902 -0.006537635
v -0.009571535 -0.061999999 0.007075399
v -0.009571534 -0.07 0.006118149
v -0.009571534 -0.067090608 0.006548422
v -0.00956818 -0.07 -0.006118622
v -0.009557887 -0.061999999 -0.00707916
v -0.009557877 -0.061999999 0.007079163
v -0.009550675 -0.07 0.006123406
v -0.009546833 -0.061999999 -0.007082054
v -0.009546832 -0.07 -0.00612485
v -0.009546832 -0.067091033 -0.00655505
v -0.009512175 -0.07 0.006133107
v -0.009512175 -0.067092411 0.006563115
v -0.009506707 -0.07 -0.006133819
v -0.00949105 -0.07 0.006137064
v -0.009484932 -0.07 -0.006138686
v -0.009484932 -0.067092694 -0.006568641
v -0.009472999 -0.061999999 -0.00709798
v -0.009472989 -0.061999999 0.007097981
v -0.009452143 -0.061999999 0.00710143
v -0.009452142 -0.07 0.00614435
v -0.009452142 -0.06709376 0.00657416
v -0.009444256 -0.07 -0.006145075
v -0.009430839 -0.07 0.006146996
v -0.009422146 -0.061999999 -0.007105599
v -0.009422145 -0.07 -0.006148549
v -0.009422145 -0.067093879 -0.00657833
v -0.009410379 -0.07 -0.006148927
v -0.009391664 -0.07 0.006151859
v -0.009391664 -0.067094661 0.006581536
v -0.009387628 -0.07 -0.006151017
v -0.009387378 -0.067038223 0.006588824
v -0.009386823 -0.061999999 -0.007109325
v -0.009386812 -0.061999999 0.007109326
v -0.009383897 -0.07 0.006151605
v -0.009382325 -0.07 0.006151228
v -0.009358787 -0.067094579 -0.006584045
v -0.009358787 -0.061999999 -0.00711138
v -0.009334792 -0.07 0.006146012
v -0.009330969 -0.061999999 0.007112635
v -0.009307327 -0.07 -0.006178368
v -0.0093 -0.07 -0.006178586
v -0.0093 -0.07 0.006133291
v -0.0093 -0.067094788 -0.006585762
v -0.0093 -0.065704018 0.006747693
v -0.0093 -0.064363927 -0.006889693
v -0.0093 -0.061999999 -0.007113116
v -0.0093 -0.061999999 0.007113116
v -0.0083 -0.061999999 -0.006109214
v -0.0083 -0.061999999 0.006109214
v -0.0083 -0.061604183 -0.006144001
v -0.0083 -0.059862152 0.0
v -0.0083 -0.059861358 -3.2715e-05
v -0.0083 -0.059861358 3.2715e-05
v -0.0083 -0.059858974 -6.5367e-05
v -0.0083 -0.059858974 6.5367e-05
v -0.0083 -0.05985501 -9.7895e-05
v -0.0083 -0.05985501 9.7895e-05
v -0.0083 -0.059849471 -0.000130236
v -0.0083 -0.059849471 0.000130236
v -0.0083 -0.059842363 -0.00016233
v -0.0083 -0.059842363 0.00016233
v -0.0083 -0.059833709 -0.000194114
v -0.0083 -0.059833709 0.000194114
v -0.0083 -0.059823517 -0.000225529
v -0.0083 -0.059823517 0.000225529
v -0.0083 -0.059811808 -0.000256515
v -0.0083 -0.059811808 0.000256515
v -0.0083 -0.059798606 -0.000287013
v -0.0083 -0.059798606 0.000287013
v -0.0083 -0.059783939 -0.000316964
v -0.0083 -0.059783939 0.000316964
v -0.0083 -0.059767831 -0.000346311
v -0.0083 -0.059767831 0.000346311
v -0.0083 -0.059750311 -0.000375
v -0.0083 -0.059750311 0.000375
v -0.0083 -0.059731416 -0.000402975
v -0.0083 -0.059731416 0.000402975
v -0.0083 -0.059711181 -0.000430182
v -0.0083 -0.059711181 0.000430182
v -0.0083 -0.059689645 -0.000456571
v -0.0083 -0.059689645 0.000456571
v -0.0083 -0.059666846 -0.000482091
v -0.0083 -0.059666846 0.000482091
v -0.0083 -0.059642833 -0.000506693
v -0.0083 -0.059642833 0.000506693
v -0.0083 -0.059617646 -0.00053033
v -0.0083 -0.059617646 0.00053033
v -0.0083 -0.059563953 -0.000574533
v -0.0083 -0.059563953 0.000574533
v -0.0083 -0.059506174 -0.000614364
v -0.0083 -0.059506174 0.000614364
v -0.0083 -0.059444755 -0.000649519
v -0.0083 -0.059444755 0.000649519
v -0.0083 -0.059387825 0.006326886
v -0.0083 -0.059380155 -0.000679731
v -0.0083 -0.059380155 0.000679731
v -0.0083 -0.059312873 -0.000704769
v -0.0083 -0.059312873 0.000704769
v -0.0083 -0.059243418 -0.000724444
v -0.0083 -0.059243418 0.000724444
v -0.0083 -0.059172317 -0.000738606
v -0.0083 -0.059172317 0.000738606
v -0.0083 -0.059100114 -0.000747146
v -0.0083 -0.059100114 0.000747146
v -0.0083 -0.059027355 -0.00075
v -0.0083 -0.059027355 0.00075
v -0.0083 -0.058954597 -0.000747146
v -0.0083 -0.058954597 0.000747146
v -0.0083 -0.058882393 -0.000738606
v -0.0083 -0.058882393 0.000738606
v -0.0083 -0.058811296 -0.000724444
v -0.0083 -0.058811296 0.000724444
v -0.0083 -0.058741838 -0.000704769
v -0.0083 -0.058741838 0.000704769
v -0.0083 -0.058674555 -0.000679731
v -0.0083 -0.058674555 0.000679731
v -0.0083 -0.058609959 -0.000649519
v -0.0083 -0.058609959 0.000649519
v -0.0083 -0.058548536 -0.000614364
v -0.0083 -0.058548536 0.000614364
v -0.0083 -0.058490757 -0.000574533
v -0.0083 -0.058490757 0.000574533
v -0.0083 -0.058437064 -0.00053033
v -0.0083 -0.058437064 0.00053033
v -0.0083 -0.058411878 -0.000506693
v -0.0083 -0.058411878 0.000506693
v -0.0083 -0.058387864 -0.000482091
v -0.0083 -0.058387864 0.000482091
v -0.0083 -0.058365066 -0.000456571
v -0.0083 -0.058365066 0.000456571
v -0.0083 -0.05834353 -0.000430182
v -0.0083 -0.05834353 0.000430182
v -0.0083 -0.058323294 -0.000402975
v -0.0083 -0.058323294 0.000402975
v -0.0083 -0.058304399 -0.000375
v -0.0083 -0.058304399 0.000375
v -0.0083 -0.058286883 -0.000346311
v -0.0083 -0.058286883 0.000346311
v -0.0083 -0.058270771 -0.000316964
v -0.0083 -0.058270771 0.000316964
v -0.0083 -0.058256105 -0.000287013
v -0.0083 -0.058256105 0.000287013
v -0.0083 -0.058242902 -0.000256515
v -0.0083 -0.058242902 0.000256515
v -0.0083 -0.058231197 -0.000225529
v -0.0083 -0.058231197 0.000225529
v -0.0083 -0.058221005 -0.000194114
v -0.0083 -0.058221005 0.000194114
v -0.0083 -0.058212347 -0.00016233
v -0.0083 -0.058212347 0.00016233
v -0.0083 -0.058205239 -0.000130236
v -0.0083 -0.058205239 0.000130236
v -0.0083 -0.0581997 -9.7895e-05
v -0.0083 -0.0581997 9.7895e-05
v -0.0083 -0.058195736 -6.5367e-05
v -0.0083 -0.058195736 6.5367e-05
v -0.0083 -0.058193352 -3.2715e-05
v -0.0083 -0.058193352 3.2715e-05
v -0.0083 -0.058192559 0.0
v -0.0083 -0.055 -0.00662007
v -0.0083 -0.055 -0.001812438
v -0.0083 -0.055 -0.001760365
v -0.0083 -0.055 -0.001704657
v -0.0083 -0.055 -0.001645714
v -0.0083 -0.055 -0.001583993
v -0.0083 -0.055 -0.001519994
v -0.0083 -0.055 -0.001487308
v -0.0083 -0.055 -0.001454259
v -0.0083 -0.055 -0.00142092
v -0.0083 -0.055 -0.001387368
v -0.0083 -0.055 -0.001353678
v -0.0083 -0.055 -0.001319932
v -0.0083 -0.055 -0.001286207
v -0.0083 -0.055 -0.001252587
v -0.0083 -0.055 -0.001219147
v -0.0083 -0.055 -0.001185976
v -0.0083 -0.055 -0.000373078
v -0.0083 -0.055 -0.000348779
v -0.0083 -0.055 -0.000324164
v -0.0083 -0.055 -0.000299297
v -0.0083 -0.055 -0.000274246
v -0.0083 -0.055 -0.000249079
v -0.0083 -0.055 -0.000247835
v -0.0083 -0.055 -0.000222733
v -0.0083 -0.055 -0.00019765
v -0.0083 -0.055 -0.000172657
v -0.0083 -0.055 -0.000147822
v -0.0083 -0.055 -0.000123214
v -0.0083 -0.055 -9.89e-05
v -0.0083 -0.055 -7.4948e-05
v -0.0083 -0.055 -5.142e-05
v -0.0083 -0.055 -2.8381e-05
v -0.0083 -0.055 -5.891e-06
v -0.0083 -0.055 1.5992e-05
v -0.0083 -0.055 3.7213e-05
v -0.0083 -0.055 5.7719e-05
v -0.0083 -0.055 7.7461e-05
v -0.0083 -0.055 9.6394e-05
v -0.0083 -0.055 0.000114474
v -0.0083 -0.055 0.000131664
v -0.0083 -0.055 0.000147928
v -0.0083 -0.055 0.000163234
v -0.0083 -0.055 0.000177557
v -0.0083 -0.055 0.000190871
v -0.0083 -0.055 0.0002144
v -0.0083 -0.055 0.000215121
v -0.0083 -0.055 0.000217539
v -0.0083 -0.055 0.000221701
v -0.0083 -0.055 0.000227634
v -0.0083 -0.055 0.000235344
v -0.0083 -0.055 0.000244818
v -0.0083 -0.055 0.000250204
v -0.0083 -0.055 0.000256015
v -0.0083 -0.055 0.00026224
v -0.0083 -0.055 0.000268868
v -0.0083 -0.055 0.000275888
v -0.0083 -0.055 0.000283285
v -0.0083 -0.055 0.000291043
v -0.0083 -0.055 0.000299143
v -0.0083 -0.055 0.000307568
v -0.0083 -0.055 0.000316296
v -0.0083 -0.055 0.000325304
v -0.0083 -0.055 0.000334569
v -0.0083 -0.055 0.000344066
v -0.0083 -0.055 0.000353768
v -0.0083 -0.055 0.000363648
v -0.0083 -0.055 0.000373679
v -0.0083 -0.055 0.00038383
v -0.0083 -0.055 0.000394073
v -0.0083 -0.055 0.000404378
v -0.0083 -0.055 0.000414714
v -0.0083 -0.055 0.000437868
v -0.0083 -0.055 0.000448465
v -0.0083 -0.055 0.000459036
v -0.0083 -0.055 0.000469551
v -0.0083 -0.055 0.00047998
v -0.0083 -0.055 0.000490293
v -0.0083 -0.055 0.000500461
v -0.0083 -0.055 0.000510456
v -0.0083 -0.055 0.000520253
v -0.0083 -0.055 0.000529824
v -0.0083 -0.055 0.000539147
v -0.0083 -0.055 0.000548197
v -0.0083 -0.055 0.000556953
v -0.0083 -0.055 0.000565396
v -0.0083 -0.055 0.000573506
v -0.0083 -0.055 0.000581268
v -0.0083 -0.055 0.000588665
v -0.0083 -0.055 0.002079933
v -0.0083 -0.055 0.002145384
v -0.0083 -0.055 0.002207985
v -0.0083 -0.055 0.002267269
v -0.0083 -0.055 0.002322823
v -0.0083 -0.055 0.002374299
v -0.0083 -0.055 0.002421407
v -0.0083 -0.055 0.00246391
v -0.0083 -0.055 0.006314301
v -0.0083 -0.055 0.006625472
v -0.008299922 -0.055 -0.006634999
v -0.008299867 -0.055 -0.006639191
v -0.008299815 -0.061999999 -0.00612856
v -0.008299815 -0.060247943 -0.006277488
v -0.008299218 -0.055 0.006649913
v -0.008299046 -0.055 0.006662424
v -0.008298674 -0.060250551 0.006309611
v -0.008297697 -0.055 -0.006682951
v -0.00829734 -0.055 0.006693403
v -0.008296797 -0.060252853 -0.006338
v -0.008296797 -0.055 -0.006705466
v -0.008296616 -0.061999999 0.006191736
v -0.008296165 -0.061999999 -0.006197054
v -0.008293926 -0.061999999 0.006219698
v -0.008293926 -0.060255285 0.006367973
v -0.008293926 -0.055 0.00673561
v -0.008291967 -0.055 -0.006749088
v -0.008291398 -0.055 0.006753327
v -0.008290078 -0.061999999 -0.006250283
v -0.008290078 -0.060257748 -0.00639834
v -0.008290078 -0.055 -0.006766149
v -0.008285603 -0.061999999 0.006278952
v -0.008284937 -0.061999999 0.006282808
v -0.008284937 -0.06026037 0.006430632
v -0.008284937 -0.055 0.006798624
v -0.008284691 -0.061999999 -0.006284209
v -0.008282594 -0.055 -0.006809466
v -0.008281294 -0.055 0.00681614
v -0.008279663 -0.061999999 -0.006310655
v -0.008279663 -0.060262613 -0.00645828
v -0.008279663 -0.055 -0.006826429
v -0.008271995 -0.060265392 0.006492518
v -0.008271995 -0.055 0.006860862
v -0.008269537 -0.055 -0.006869277
v -0.00826726 -0.055 0.006878089
v -0.008267039 -0.061999999 0.006364846
v -0.008265671 -0.061999999 -0.006370001
v -0.008265566 -0.060267426 -0.006517592
v -0.008265566 -0.055 -0.006886078
v -0.008255185 -0.061999999 0.006406388
v -0.008255185 -0.060270324 0.006553328
v -0.008255185 -0.055 0.006922017
v -0.008252823 -0.055 -0.006928294
v -0.00824938 -0.055 0.006938888
v -0.00824782 -0.061999999 -0.006429273
v -0.00824782 -0.060272168 -0.006576049
v -0.00824782 -0.055 -0.006944867
v -0.00824107 -0.061999999 0.006448753
v -0.008239261 -0.061999999 -0.006453766
v -0.008234598 -0.061999999 0.006466317
v -0.008234598 -0.060275152 0.006612828
v -0.008234598 -0.055 0.006981854
v -0.008232494 -0.055 -0.006986286
v -0.008227752 -0.055 0.006998305
v -0.00822647 -0.061999999 -0.00648706
v -0.00822647 -0.060276821 -0.006633423
v -0.00822647 -0.055 -0.007002567
v -0.008210341 -0.060279854 0.006670791
v -0.008210341 -0.055 0.007040147
v -0.008208607 -0.055 -0.007043028
v -0.008207911 -0.061999999 0.006530024
v -0.008205673 -0.061999999 -0.006534857
v -0.008202485 -0.055 0.007056114
v -0.008201577 -0.06028137 -0.00668949
v -0.008201577 -0.055 -0.007058952
v -0.008182532 -0.061999999 0.006581312
v -0.008182531 -0.060284417 0.006727001
v -0.008182531 -0.055 0.007096676
v -0.00818123 -0.055 -0.007098298
v -0.008173702 -0.055 0.007112099
v -0.008173214 -0.061999999 -0.006598463
v -0.008173213 -0.060285795 -0.006744029
v -0.008173213 -0.055 -0.007113801
v -0.008167825 -0.061999999 0.006608034
v -0.008165176 -0.061999999 -0.00661265
v -0.0081513 -0.060288817 0.006781248
v -0.0081513 -0.055 0.007151231
v -0.008150449 -0.055 -0.007151875
v -0.008141536 -0.055 0.007166051
v -0.008141471 -0.061999999 -0.006651636
v -0.008141469 -0.06029008 -0.006796823
v -0.008141469 -0.055 -0.007166894
v -0.008121134 -0.061999999 0.006682189
v -0.008118096 -0.061999999 -0.006686552
v -0.008116791 -0.061999999 0.006688411
v -0.008116791 -0.060293041 0.006833333
v -0.008116791 -0.055 0.007203611
v -0.008116362 -0.055 -0.007203545
v -0.008112989 -0.07 -0.000715004
v -0.008112989 -0.07 0.000715004
v -0.008112988 -0.07 -0.000615592
v -0.008112988 -0.07 -0.000319985
v -0.008112988 -0.07 0.000319985
v -0.008112988 -0.07 0.000615592
v -0.008112987 -0.07 -0.000480495
v -0.008112987 -0.07 -0.000267022
v -0.008112987 -0.07 -0.000224058
v -0.008112987 -0.07 -0.000188007
v -0.008112987 -0.07 -0.000156887
v -0.008112987 -0.07 -6.0036e-05
v -0.008112987 -0.07 -3.9507e-05
v -0.008112987 -0.07 0.0
v -0.008112987 -0.07 3.9507e-05
v -0.008112987 -0.07 6.0036e-05
v -0.008112987 -0.07 0.000156887
v -0.008112987 -0.07 0.000188007
v -0.008112987 -0.07 0.000224058
v -0.008112987 -0.07 0.000267022
v -0.008112987 -0.07 0.000480495
v -0.008112986 -0.07 -0.000388083
v -0.008112986 -0.07 -0.00012936
v -0.008112986 -0.07 -0.00010448
v -0.008112986 -0.07 -8.1551e-05
v -0.008112986 -0.07 -1.9603e-05
v -0.008112986 -0.07 1.9603e-05
v -0.008112986 -0.07 8.1551e-05
v -0.008112986 -0.07 0.00010448
v -0.008112986 -0.07 0.00012936
v -0.008112986 -0.07 0.000388083
v -0.008106447 -0.060294203 -0.006847659
v -0.008106447 -0.055 -0.007218018
v -0.008106135 -0.055 0.007217773
v -0.008098735 -0.069970839 -0.000704769
v -0.008098735 -0.069970839 0.000704769
v -0.008079156 -0.060297079 0.006883066
v -0.008079156 -0.055 0.007253626
v -0.008079079 -0.055 -0.007253098
v -0.008072189 -0.069916531 -0.000679731
v -0.008072189 -0.069916531 0.000679731
v -0.008068262 -0.061999999 -0.006751861
v -0.008068261 -0.060298152 -0.00689633
v -0.008068261 -0.055 -0.007266965
v -0.008068209 -0.061999999 0.006751925
v -0.008067653 -0.055 0.007267078
v -0.008064805 -0.061999999 -0.006756003
v -0.008046703 -0.069864392 -0.000649519
v -0.008046703 -0.069864392 0.000649519
v -0.008040613 -0.07 -0.000704983
v -0.008039073 -0.07 -0.000704769
v -0.008039073 -0.07 0.000704769
v -0.008038727 -0.055 -0.007300331
v -0.008038565 -0.061999999 0.006786041
v -0.008038562 -0.060300909 0.006930267
v -0.008038562 -0.055 0.007301096
v -0.008037518 -0.07 0.000704486
v -0.00802704 -0.060301911 -0.006942635
v -0.00802704 -0.055 -0.007313534
v -0.008026283 -0.055 0.007313765
v -0.008022471 -0.069814809 -0.000614364
v -0.008022471 -0.069814809 0.000614364
v -0.008009465 -0.061999999 0.006816717
v -0.008005723 -0.061999999 -0.006820479
v -0.007999676 -0.069768175 -0.000574533
v -0.007999676 -0.069768175 0.000574533
v -0.007995488 -0.055 -0.007345006
v -0.007995263 -0.061999999 0.006830788
v -0.00799526 -0.060304511 0.006974694
v -0.00799526 -0.055 0.007345774
v -0.007982994 -0.061999999 -0.006842501
v -0.007982992 -0.060305454 -0.006986324
v -0.007982992 -0.055 -0.007357471
v -0.007982213 -0.055 0.007357661
v -0.007978493 -0.069724835 -0.00053033
v -0.007978493 -0.069724835 0.00053033
v -0.007959082 -0.069685124 -0.000482091
v -0.007959082 -0.069685124 0.000482091
v -0.007949443 -0.055 -0.007387005
v -0.007949282 -0.06030789 0.007016347
v -0.007949282 -0.055 0.007387664
v -0.007945364 -0.061999999 0.006876083
v -0.007941591 -0.069649339 -0.000430182
v -0.007941591 -0.069649339 0.000430182
v -0.007941313 -0.061999999 -0.006879501
v -0.007936144 -0.060308784 -0.007027334
v -0.007936144 -0.055 -0.007398714
v -0.007935543 -0.055 0.007398701
v -0.007926153 -0.069617756 -0.000375
v -0.007926153 -0.069617756 0.000375
v -0.007912886 -0.069590613 -0.000316964
v -0.007912886 -0.069590613 0.000316964
v -0.007905693 -0.07 -0.000680508
v -0.007901891 -0.06956812 -0.000256515
v -0.007901891 -0.06956812 0.000256515
v -0.00790142 -0.07 -0.000679731
v -0.00790142 -0.07 0.000679731
v -0.007900897 -0.061999999 0.006911673
v -0.007900895 -0.060311027 0.007055001
v -0.007900895 -0.055 0.007426538
v -0.007900762 -0.055 -0.00742614
v -0.007897149 -0.07 0.000678754
v -0.007893251 -0.06955044 -0.000194114
v -0.007893251 -0.06955044 0.000194114
v -0.007887033 -0.069537714 -0.000130236
v -0.007887033 -0.069537714 0.000130236
v -0.007886724 -0.060311873 -0.007065426
v -0.007886724 -0.055 -0.007437022
v -0.007886519 -0.055 0.007436688
v -0.007883282 -0.069530047 -6.5367e-05
v -0.007883282 -0.069530047 6.5367e-05
v -0.007882029 -0.069527477 0.0
v -0.007876403 -0.061999999 0.006929582
v -0.007872073 -0.061999999 -0.006932632
v -0.007850298 -0.061999999 0.006947455
v -0.007850295 -0.06031391 0.007090527
v -0.007850295 -0.055 0.007462265
v -0.007849634 -0.055 -0.007462223
v -0.007835342 -0.055 0.007471492
v -0.00783491 -0.061999999 -0.006957434
v -0.007834908 -0.060314715 -0.007100435
v -0.007834908 -0.055 -0.007472229
v -0.00780311 -0.061999999 0.006976822
v -0.007798535 -0.061999999 -0.00697948
v -0.007797691 -0.060316529 0.007122805
v -0.007797691 -0.055 0.007494727
v -0.007796246 -0.055 -0.007495094
v -0.007782221 -0.055 0.007503
v -0.007780885 -0.060317293 -0.007132204
v -0.007780885 -0.055 -0.007504179
v -0.007775933 -0.07 -0.000651044
v -0.007769263 -0.07 -0.000649519
v -0.007769263 -0.07 0.000649519
v -0.007762672 -0.07 0.000647675
v -0.007743293 -0.060318876 0.007151732
v -0.007743293 -0.055 0.007523818
v -0.007740793 -0.055 -0.007524604
v -0.007727369 -0.055 0.00753111
v -0.007726048 -0.061999999 0.007017459
v -0.007724854 -0.060319595 -0.007160589
v -0.007724854 -0.055 -0.007532725
v -0.007721263 -0.061999999 -0.007019706
v -0.007687323 -0.061999999 0.007034769
v -0.007687321 -0.060320944 0.007177217
v -0.007687321 -0.055 0.007549448
v -0.00768348 -0.055 -0.007550617
v -0.007671005 -0.055 0.007555735
v -0.007667024 -0.061999999 -0.007043069
v -0.007667022 -0.060321614 -0.007185458
v -0.007667022 -0.055 -0.007557735
v -0.007652258 -0.07 -0.000616789
v -0.0076458 -0.061999999 0.007051197
v -0.007643589 -0.07 -0.000614364
v -0.007643589 -0.07 0.000614364
v -0.00764084 -0.061999999 -0.007053018
v -0.007635131 -0.07 0.000611514
v -0.007629994 -0.060322728 0.007199184
v -0.007629994 -0.055 0.007571539
v -0.007624521 -0.055 -0.007573009
v -0.007613351 -0.055 0.007576802
v -0.007607609 -0.062000003 -0.007064454
v -0.007607606 -0.060323335 -0.00720669
v -0.007607606 -0.055 -0.007579087
v -0.007571538 -0.060324218 0.007217568
v -0.007571538 -0.055 0.007590027
v -0.007564139 -0.055 -0.007591665
v -0.007562971 -0.061999999 0.007077796
v -0.007557875 -0.061999999 -0.007079176
v -0.007554634 -0.055 0.007594253
v -0.007546832 -0.060324755 -0.007224177
v -0.007546832 -0.055 -0.007596674
v -0.007535606 -0.07 -0.000577977
v -0.007525387 -0.07 -0.000574533
v -0.007525387 -0.07 0.000574533
v -0.00751556 -0.07 0.000570579
v -0.00751218 -0.062000003 0.007090271
v -0.007512179 -0.060325414 0.007232323
v -0.007512179 -0.055 0.007604866
v -0.007502563 -0.055 -0.00760649
v -0.007495079 -0.055 0.007608043
v -0.007484932 -0.060325861 -0.007237825
v -0.007484932 -0.055 -0.007610399
v -0.007478182 -0.061999999 0.007097065
v -0.007472987 -0.061999999 -0.007097995
v -0.007452146 -0.062000003 0.007101442
v -0.007452146 -0.060326315 0.007243413
v -0.007452146 -0.055 0.00761602
v -0.007440031 -0.055 -0.007617396
v -0.007434917 -0.055 0.007618142
v -0.007426822 -0.07 -0.000534872
v -0.007422146 -0.062000003 -0.007105613
v -0.007422145 -0.060326651 -0.007247554
v -0.007422145 -0.055 -0.007620184
v -0.007415535 -0.07 -0.00053033
v -0.007415535 -0.07 0.00053033
v -0.00740486 -0.07 0.000525215
v -0.007392066 -0.061999999 0.007108866
v -0.007391667 -0.060326915 0.007250821
v -0.007391667 -0.055 0.007623469
v -0.007388914 -0.055 0.007624191
v -0.007387829 -0.060269147 0.007255868
v -0.007386811 -0.061999999 -0.00710934
v -0.007376838 -0.055 -0.007624311
v -0.007371767 -0.055 0.007625247
v -0.007358787 -0.060327116 -0.007253294
v -0.007358771 -0.055 -0.007625957
v -0.007326728 -0.07 -0.00048777
v -0.007317169 -0.055 0.00763847
v -0.007314876 -0.07 -0.000482091
v -0.007314876 -0.07 0.000482091
v -0.007314413 -0.055 -0.007636622
v -0.007305265 -0.062000003 -0.007113116
v -0.007305265 -0.061999999 0.007113116
v -0.007303887 -0.07 0.000475802
v -0.0073 -0.061999999 -0.007113116
v -0.0073 -0.061999999 0.007113116
v -0.0073 -0.060327228 -0.007254649
v -0.0073 -0.055 -0.007636956
v -0.0073 -0.055 0.00763583
v -0.007236081 -0.07 -0.000436998
v -0.007224172 -0.07 -0.000430182
v -0.007224172 -0.07 0.000430182
v -0.007213388 -0.07 0.000422749
v -0.007155594 -0.07 -0.000382911
v -0.007144118 -0.07 -0.000375
v -0.007144118 -0.07 0.000375
v -0.007134033 -0.07 0.000366493
v -0.007085901 -0.07 -0.000325889
v -0.007075321 -0.07 -0.000316964
v -0.007075321 -0.07 0.000316964
v -0.007066386 -0.07 0.000307491
v -0.007027573 -0.07 -0.00026634
v -0.007018306 -0.07 -0.000256515
v -0.007018306 -0.07 0.000256515
v -0.007010914 -0.07 0.000246218
v -0.006981089 -0.07 -0.00020469
v -0.006973497 -0.07 -0.000194114
v -0.006973497 -0.07 0.000194114
v -0.006967967 -0.07 0.000183162
v -0.006946875 -0.07 -0.00014139
v -0.006941243 -0.07 -0.000130236
v -0.006941243 -0.07 0.000130236
v -0.006937821 -0.07 0.000118821
v -0.006925264 -0.07 -7.6904e-05
v -0.006921805 -0.07 -6.5367e-05
v -0.006921805 -0.07 6.5367e-05
v -0.006920645 -0.07 5.3696e-05
v -0.006916459 -0.07 -1.1711e-05
v -0.006915295 -0.07 0.0
v -0.006651996 -0.07 0.006133815
v -0.005995037 -0.055 0.007641694
v -0.005677525 -0.055 0.007642435
v -0.005647091 -0.055 0.007642493
v -0.005618176 -0.055 0.007642542
v -0.005616773 -0.055 0.007642545
v -0.005589534 -0.055 0.007642586
v -0.005586763 -0.055 0.00764259
v -0.005561457 -0.055 0.007642624
v -0.005557448 -0.055 0.007642629
v -0.005534278 -0.055 0.007642655
v -0.005529168 -0.055 0.007642661
v -0.005508395 -0.055 0.007642681
v -0.005305613 -0.055 -0.007641425
v -0.0053 -0.067749999 0.0
v -0.0053 -0.067747146 -6.5367e-05
v -0.0053 -0.067747146 6.5367e-05
v -0.0053 -0.067738608 -0.000130236
v -0.0053 -0.067738608 0.000130236
v -0.0053 -0.067724444 -0.000194114
v -0.0053 -0.067724444 0.000194114
v -0.0053 -0.067704767 -0.000256515
v -0.0053 -0.067704767 0.000256515
v -0.0053 -0.067679733 -0.000316964
v -0.0053 -0.067679733 0.000316964
v -0.0053 -0.067649521 -0.000375
v -0.0053 -0.067649521 0.000375
v -0.0053 -0.067614362 -0.000430182
v -0.0053 -0.067614362 0.000430182
v -0.0053 -0.067574531 -0.000482091
v -0.0053 -0.067574531 0.000482091
v -0.0053 -0.067530327 -0.00053033
v -0.0053 -0.067530327 0.00053033
v -0.0053 -0.067482091 -0.000574533
v -0.0053 -0.067482091 0.000574533
v -0.0053 -0.067430183 -0.000614364
v -0.0053 -0.067430183 0.000614364
v -0.0053 -0.067374997 -0.000649519
v -0.0053 -0.067374997 0.000649519
v -0.0053 -0.067316964 -0.000679731
v -0.0053 -0.067316964 0.000679731
v -0.0053 -0.067256518 -0.000704769
v -0.0053 -0.067256518 0.000704769
v -0.0053 -0.067194112 -0.000724444
v -0.0053 -0.067194112 0.000724444
v -0.0053 -0.067130238 -0.000738606
v -0.0053 -0.067130238 0.000738606
v -0.0053 -0.067065366 -0.000747146
v -0.0053 -0.067065366 0.000747146
v -0.0053 -0.067000002 -0.00075
v -0.0053 -0.067000002 0.0
v -0.0053 -0.067000002 0.00075
v -0.0053 -0.06693463 -0.000747146
v -0.0053 -0.06693463 0.000747146
v -0.0053 -0.066869766 -0.000738606
v -0.0053 -0.066869766 0.000738606
v -0.0053 -0.066805884 -0.000724444
v -0.0053 -0.066805884 0.000724444
v -0.0053 -0.066743486 -0.000704769
v -0.0053 -0.066743486 0.000704769
v -0.0053 -0.066683039 -0.000679731
v -0.0053 -0.066683039 0.000679731
v -0.0053 -0.066624999 -0.000649519
v -0.0053 -0.066624999 0.000649519
v -0.0053 -0.06656982 -0.000614364
v -0.0053 -0.06656982 0.000614364
v -0.0053 -0.066517912 -0.000574533
v -0.0053 -0.066517912 0.000574533
v -0.0053 -0.066469669 -0.00053033
v -0.0053 -0.066469669 0.00053033
v -0.0053 -0.066425465 -0.000482091
v -0.0053 -0.066425465 0.000482091
v -0.0053 -0.066385634 -0.000430182
v -0.0053 -0.066385634 0.000430182
v -0.0053 -0.066350482 -0.000375
v -0.0053 -0.066350482 0.000375
v -0.0053 -0.06632027 -0.000316964
v -0.0053 -0.06632027 0.000316964
v -0.0053 -0.066295229 -0.000256515
v -0.0053 -0.066295229 0.000256515
v -0.0053 -0.066275552 -0.000194114
v -0.0053 -0.066275552 0.000194114
v -0.0053 -0.066261396 -0.000130236
v -0.0053 -0.066261396 0.000130236
v -0.0053 -0.066252857 -6.5367e-05
v -0.0053 -0.066252857 6.5367e-05
v -0.0053 -0.066249996 0.0
v -0.005284185 -0.07 -0.006178888
v -0.005275015 -0.055 -0.00764149
v -0.005273609 -0.055 -0.007641493
v -0.005239817 -0.055 -0.007641558
v -0.005239559 -0.055 -0.007641558
v -0.005206372 -0.055 -0.007641615
v -0.00520441 -0.055 -0.007641618
v -0.00517356 -0.055 -0.007641664
v -0.005169953 -0.055 -0.007641669
v -0.005141576 -0.055 -0.007641705
v -0.005136574 -0.055 -0.007641711
v -0.005110906 -0.055 -0.007641738
v -0.005104653 -0.055 -0.007641743
v -0.005081886 -0.055 -0.007641762
v -0.005074564 -0.055 -0.007641766
v -0.005058122 -0.055 -0.007641776
v -0.005046658 -0.055 -0.00764178
v -0.005032799 -0.055 -0.007641784
v -0.005021257 -0.055 -0.007641784
v -0.004548263 -0.07 -0.006181353
v -0.004545002 -0.07 0.006165445
v -0.004476279 -0.07 -0.006183447
v -0.004404822 -0.07 -0.00617614
v -0.004385262 -0.07 -0.006174792
v -0.0043387 -0.07 0.006172083
v -0.004308765 -0.07 0.006169776
v -0.004277894 -0.07 0.006169464
v -0.004260373 -0.07 -0.006168317
v -0.004260285 -0.07 0.006168256
v -0.004243486 -0.07 -0.006166459
v -0.004224898 -0.069614694 -0.006241833
v -0.004129299 -0.07 0.006156005
v -0.004114615 -0.07 -0.006154452
v -0.004114487 -0.07 0.00615438
v -0.004106146 -0.0696702 -0.006224821
v -0.004104441 -0.069666751 0.006225334
v -0.004100477 -0.07 -0.006152297
v -0.004082912 -0.06955494 0.006244449
v -0.003986028 -0.069725461 -0.006201706
v -0.003984289 -0.069722027 0.006202211
v -0.003979757 -0.07 0.006136041
v -0.003967975 -0.07 -0.006134307
v -0.003967805 -0.07 0.006134222
v -0.003956629 -0.07 -0.006132079
v -0.003864889 -0.069780283 -0.00617229
v -0.003863116 -0.06977687 0.006172783
v -0.003844292 -0.068504363 0.006403524
v -0.003829777 -0.07 0.006109345
v -0.003820916 -0.07 -0.00610767
v -0.003820707 -0.07 0.006107566
v -0.003812372 -0.07 -0.006105602
v -0.003743106 -0.069834456 -0.006136404
v -0.003741298 -0.069831058 0.006136881
v -0.003701106 -0.068201855 -0.006444347
v -0.003679885 -0.07 0.006075736
v -0.003673933 -0.07 -0.006074363
v -0.003673685 -0.07 0.006074236
v -0.003668162 -0.07 -0.00607269
v -0.003621079 -0.069887765 -0.006093916
v -0.003619236 -0.069884382 0.006094372
v -0.003530645 -0.07 0.006035069
v -0.003527547 -0.07 -0.006034242
v -0.003527261 -0.07 0.006034089
v -0.003524484 -0.07 -0.006033201
v -0.003499228 -0.069939986 -0.006044732
v -0.003497353 -0.069936618 0.006045165
v -0.003382638 -0.07 0.00598725
v -0.003382301 -0.07 -0.005987208
v -0.003381979 -0.07 0.005987026
v -0.003381841 -0.07 -0.005987027
v -0.003377996 -0.069990896 -0.005988804
v -0.003376088 -0.069987543 0.005989209
v -0.003355843 -0.07 -0.005977249
v -0.003345779 -0.07 0.005973395
v -0.003239583 -0.07 -0.005931575
v -0.003238499 -0.07 -0.005931169
v -0.003238164 -0.07 0.005931124
v -0.003237166 -0.07 0.005930694
v -0.003099288 -0.07 -0.005868773
v -0.003096958 -0.07 -0.005867771
v -0.003096592 -0.07 0.00586769
v -0.003094352 -0.07 0.005866594
v -0.002961787 -0.07 -0.005799234
v -0.002958313 -0.07 -0.005797536
v -0.002957919 -0.07 0.005797416
v -0.002954553 -0.07 0.005795558
v -0.002827633 -0.07 -0.005723059
v -0.002823136 -0.07 -0.005720579
v -0.002822713 -0.07 0.005720417
v -0.002818353 -0.07 0.005717717
v -0.002697372 -0.07 -0.0056404
v -0.002691986 -0.07 -0.005637067
v -0.002691542 -0.07 0.00563686
v -0.002686333 -0.07 0.005633255
v -0.002571533 -0.07 -0.005551459
v -0.002565405 -0.07 -0.00554722
v -0.002564947 -0.07 0.005546965
v -0.002559046 -0.07 0.005542413
v -0.002497551 -0.065672681 0.006751162
v -0.002450626 -0.07 -0.005456487
v -0.002443912 -0.07 -0.00545131
v -0.002443439 -0.07 0.005451006
v -0.002437008 -0.07 0.005445484
v -0.00233513 -0.07 -0.005355784
v -0.002327989 -0.07 -0.005349657
v -0.002327509 -0.07 0.005349301
v -0.002320713 -0.07 0.005342809
v -0.002260103 -0.058664359 -0.007384845
v -0.002260103 -0.058664359 0.007384845
v -0.002225488 -0.07 -0.005249695
v -0.002218082 -0.07 -0.005242625
v -0.002217602 -0.07 0.005242216
v -0.002210604 -0.07 0.005234776
v -0.002122109 -0.07 -0.005138603
v -0.002114595 -0.07 -0.00513062
v -0.002114117 -0.07 0.005130158
v -0.002107074 -0.07 0.005121813
v -0.002025347 -0.07 -0.00502293
v -0.002017877 -0.07 -0.005014084
v -0.002017408 -0.07 0.005013568
v -0.002010468 -0.07 0.005004378
v -0.001935512 -0.07 -0.004903128
v -0.001928227 -0.07 -0.004893487
v -0.001927768 -0.07 0.004892918
v -0.001921068 -0.07 0.004882963
v -0.001853761 -0.064327858 -0.006893345
v -0.001852857 -0.07 -0.004779677
v -0.001845885 -0.07 -0.004769324
v -0.001845447 -0.07 0.004768702
v -0.001839108 -0.07 0.004758075
v -0.001777584 -0.07 -0.004653073
v -0.001771037 -0.07 -0.004642106
v -0.001770618 -0.07 0.004641435
v -0.001764742 -0.07 0.004630242
v -0.001712906 -0.059200212 -0.007343886
v -0.001712906 -0.059200212 0.007343886
v -0.001712906 -0.058128502 -0.007424958
v -0.001712906 -0.058128502 0.007424958
v -0.001709828 -0.07 -0.004523828
v -0.001706536 -0.058122337 -0.007425415
v -0.00170649 -0.059206422 0.007343406
v -0.001703801 -0.07 -0.004512357
v -0.001703411 -0.07 0.004511635
v -0.001698084 -0.07 0.004499993
v -0.001664431 -0.059243724 0.007340521
v -0.001664431 -0.058084991 -0.00742818
v -0.001664356 -0.058084931 0.007428185
v -0.001664349 -0.059243791 -0.007340515
v -0.001662434 -0.058083355 -0.007428301
v -0.001662381 -0.059245404 0.007340391
v -0.00164968 -0.07 -0.004392457
v -0.001644249 -0.07 -0.004380598
v -0.001643892 -0.07 0.00437983
v -0.001639179 -0.07 0.004367859
v -0.001636535 -0.064178512 -0.006905496
v -0.001614855 -0.058047567 0.007430947
v -0.001614841 -0.059281159 -0.00733762
v -0.001612756 -0.058046121 -0.007431054
v -0.001612704 -0.059282631 0.007337506
v -0.001612364 -0.059282865 -0.007337488
v -0.001612364 -0.059282865 0.007337488
v -0.001612364 -0.058045853 -0.007431075
v -0.001612364 -0.058045853 0.007431075
v -0.001597162 -0.07 -0.00425948
v -0.001592383 -0.07 -0.004247355
v -0.001592063 -0.07 0.004246542
v -0.001588007 -0.07 0.004234367
v -0.001586893 -0.064331576 0.006883104
v -0.001562369 -0.058014382 0.007433398
v -0.00156235 -0.059314344 -0.007335046
v -0.001560283 -0.058013186 -0.007433487
v -0.001560237 -0.059315555 0.007334952
v -0.001557097 -0.059317339 -0.007334813
v -0.001557097 -0.059317339 0.007334813
v -0.001557097 -0.058011375 -0.00743362
v -0.001557097 -0.058011375 0.00743362
v -0.001552252 -0.07 -0.004125406
v -0.001548161 -0.07 -0.00411314
v -0.00154788 -0.07 0.004112285
v -0.001544508 -0.07 0.004100029
v -0.001516511 -0.064235717 -0.006890897
v -0.001515699 -0.06423419 0.006891044
v -0.001514867 -0.07 -0.003990737
v -0.001511482 -0.07 -0.003978451
v -0.001511243 -0.07 0.003977558
v -0.001508562 -0.07 0.003965342
v -0.001507244 -0.057985619 0.00743552
v -0.001507225 -0.059343103 -0.007332812
v -0.001505316 -0.057984717 -0.007435587
v -0.001505272 -0.05934402 0.00733274
v -0.001499047 -0.059346888 -0.007332517
v -0.001499047 -0.059346888 0.007332517
v -0.001499047 -0.057981826 -0.0074358
v -0.001499047 -0.057981826 0.0074358
v -0.00148488 -0.07 -0.003855953
v -0.0014822 -0.07 -0.003843767
v -0.00148201 -0.07 0.003842839
v -0.001480009 -0.07 0.003830779
v -0.001462118 -0.07 -0.003721518
v -0.001460127 -0.07 -0.003709544
v -0.001459984 -0.07 0.003708585
v -0.001458639 -0.07 0.003696789
v -0.00144992 -0.05796152 0.007437296
v -0.001449911 -0.059367198 -0.007330938
v -0.00144799 -0.057960805 -0.007437349
v -0.001447956 -0.059367925 0.007330881
v -0.00144637 -0.07 -0.003587866
v -0.001445037 -0.07 -0.003576209
v -0.001444942 -0.07 0.003575223
v -0.001442764 -0.07 -0.003531414
v -0.001440912 -0.07 0.003492138
v -0.001438652 -0.059371289 -0.007330619
v -0.001438651 -0.059371289 0.007330619
v -0.001438651 -0.057957426 -0.007437598
v -0.001438651 -0.057957426 0.007437598
v -0.001434615 -0.07 0.000293982
v -0.001434614 -0.07 -0.000244177
v -0.001434614 -0.07 7.2181e-05
v -0.001434614 -0.07 0.000109126
v -0.001434614 -0.07 0.000142981
v -0.001434614 -0.07 0.000269316
v -0.001434614 -0.07 0.000270704
v -0.001434614 -0.07 0.000273864
v -0.001434614 -0.07 0.000278804
v -0.001434614 -0.07 0.000285518
v -0.001434614 -0.07 0.000304152
v -0.001434614 -0.07 0.000504405
v -0.001434614 -0.07 0.00072341
v -0.001434614 -0.07 0.001043644
v -0.001434614 -0.07 0.001078514
v -0.001434614 -0.07 0.003331496
v -0.001434613 -0.07 -0.003306874
v -0.001434613 -0.07 -0.002456688
v -0.001434613 -0.07 -0.002432442
v -0.001434613 -0.07 -0.002283795
v -0.001434613 -0.07 -0.002250272
v -0.001434613 -0.07 -0.002216203
v -0.001434613 -0.07 -0.00218195
v -0.001434613 -0.07 -0.000992283
v -0.001434613 -0.07 -0.000292456
v -0.001434613 -0.07 -0.000195783
v -0.001434613 -0.07 -0.000146991
v -0.001434613 -0.07 -9.717e-06
v -0.001434613 -0.07 3.2453e-05
v -0.001434613 -0.07 0.00024283
v -0.001434613 -0.07 0.000258098
v -0.001434613 -0.07 0.000311694
v -0.001434613 -0.07 0.000373539
v -0.001434613 -0.07 0.000391705
v -0.001434613 -0.07 0.000410987
v -0.001434613 -0.07 0.000452201
v -0.001434613 -0.07 0.000473754
v -0.001434613 -0.07 0.00049567
v -0.001434613 -0.07 0.000544271
v -0.001434613 -0.07 0.001755445
v -0.001434612 -0.07 -0.002406105
v -0.001434612 -0.07 -0.002377848
v -0.001434612 -0.07 -0.002347878
v -0.001434612 -0.07 -0.002316434
v -0.001434612 -0.07 -0.002147894
v -0.001434612 -0.07 -0.000936065
v -0.001434612 -0.07 -0.000340164
v -0.001434612 -0.07 -0.000194922
v -0.001434612 -0.07 -9.9854e-05
v -0.001434612 -0.07 -5.3954e-05
v -0.001434612 -0.07 0.000173482
v -0.001434612 -0.07 0.000223566
v -0.001434612 -0.07 0.000315259
v -0.001434612 -0.07 0.000327397
v -0.001434612 -0.07 0.000341148
v -0.001434612 -0.07 0.000356412
v -0.001434612 -0.07 0.000356645
v -0.001434612 -0.07 0.000431214
v -0.001434612 -0.07 0.001781398
v -0.001434612 -0.07 0.001807246
v -0.001434611 -0.07 0.000200404
v -0.001395066 -0.064292997 -0.006870037
v -0.00139422 -0.064291485 0.006870174
v -0.001391037 -0.059386395 -0.007329443
v -0.001391035 -0.05794232 0.00743871
v -0.001388957 -0.057941739 -0.007438753
v -0.001388945 -0.05938698 0.007329398
v -0.001376367 -0.059390359 -0.007329135
v -0.001376367 -0.059390359 0.007329135
v -0.001376367 -0.057938356 0.007439002
v -0.001376366 -0.057938356 -0.007439002
v -0.001330729 -0.059400681 -0.007328331
v -0.00133072 -0.057928033 0.007439762
v -0.001328685 -0.059401076 0.0073283
v -0.001328673 -0.057927638 -0.007439791
v -0.001322493 -0.059402227 -0.00732821
v -0.001322477 -0.057926483 0.007439876
v -0.001312662 -0.059403952 -0.007328076
v -0.001312662 -0.059403952 0.007328076
v -0.001312662 -0.057924762 -0.007440002
v -0.001312662 -0.057924762 0.007440002
v -0.001275324 -0.057919439 -0.007440394
v -0.001274999 -0.059409313 0.007327658
v -0.001272558 -0.064350143 -0.006842695
v -0.001271678 -0.064348646 0.006842819
v -0.00126111 -0.059410803 -0.007327542
v -0.001261079 -0.057917912 0.007440506
v -0.001248018 -0.059411965 -0.007327451
v -0.001248018 -0.059411965 0.007327451
v -0.001248018 -0.057916749 -0.007440592
v -0.001248018 -0.057916749 0.007440592
v -0.001213375 -0.057914782 -0.007440737
v -0.001213062 -0.059413943 0.007327297
v -0.001199221 -0.059414275 -0.007327271
v -0.001199151 -0.05791444 0.007440762
v -0.001182923 -0.059414338 -0.007327266
v -0.001182923 -0.059414338 0.007327266
v -0.001182923 -0.057914376 -0.007440766
v -0.001182923 -0.057914376 0.007440766
v -0.001151308 -0.057915263 -0.007440701
v -0.001151022 -0.059413437 0.007327336
v -0.001149375 -0.064406954 -0.006808681
v -0.001148462 -0.064405479 0.006808789
v -0.001137424 -0.05941264 -0.007327398
v -0.001137336 -0.057916082 0.007440641
v -0.001117867 -0.059411056 -0.007327522
v -0.001117867 -0.059411056 0.007327522
v -0.001117867 -0.057917658 -0.007440525
v -0.001117867 -0.057917658 0.007440525
v -0.001089592 -0.057920862 -0.007440289
v -0.001089334 -0.059407819 0.007327774
v -0.00108568 -0.069286115 0.003448757
v -0.00107587 -0.059405904 -0.007327924
v -0.001075769 -0.057922825 0.007440145
v -0.001053341 -0.059402142 -0.007328217
v -0.001053341 -0.059402142 0.007328217
v -0.001053341 -0.057926573 -0.007439869
v -0.001053341 -0.057926573 0.007439869
v -0.001028644 -0.057931516 -0.007439505
v -0.001028411 -0.059397146 0.007328606
v -0.001025935 -0.064463213 -0.006767845
v -0.001024988 -0.064461745 0.006767932
v -0.001014972 -0.059394088 -0.007328844
v -0.00101486 -0.057934653 0.007439274
v -0.000989832 -0.059387662 -0.007329345
v -0.000989832 -0.059387662 0.007329345
v -0.000989832 -0.057941057 -0.007438803
v -0.000989832 -0.057941057 0.007438803
v -0.000968642 -0.057947204 -0.007438351
v -0.000968403 -0.05938144 0.007329829
v -0.000955177 -0.059377253 -0.007330155
v -0.000955048 -0.057951506 0.007438034
v -0.00092782 -0.059367724 0.007330897
v -0.00092782 -0.057960991 -0.007437335
v -0.000927819 -0.059367724 -0.007330897
v -0.000927819 -0.057960991 0.007437335
v -0.000910094 -0.057967808 -0.007436833
v -0.000909876 -0.059360821 0.007331434
v -0.000902675 -0.06451869 -0.006720077
v -0.000901695 -0.064517237 0.006720139
v -0.000897217 -0.059355628 -0.007331838
v -0.000897196 -0.057973098 0.007436443
v -0.000893034 -0.059353851 0.007331976
v -0.000892934 -0.057974909 -0.00743631
v -0.000867771 -0.057986233 -0.007435475
v -0.000867771 -0.057986233 0.007435475
v -0.00086777 -0.059342481 -0.00733286
v -0.00086777 -0.059342481 0.00733286
v -0.000841192 -0.059329275 -0.007333886
v -0.000841165 -0.057999454 0.0074345
v -0.000837046 -0.059327096 0.007334056
v -0.000836941 -0.058001678 -0.007434336
v -0.000810138 -0.059312124 -0.007335218
v -0.000810138 -0.059312124 0.007335218
v -0.000810138 -0.058016591 -0.007433235
v -0.000810138 -0.058016591 0.007433235
v -0.00078742 -0.059298322 -0.00733629
v -0.000787392 -0.058030412 0.007432215
v -0.000783527 -0.059295841 0.007336482
v -0.000783423 -0.058032937 -0.007432028
v -0.000780056 -0.064573154 -0.006665313
v -0.000779045 -0.064571716 0.006665347
v -0.000755358 -0.059276879 -0.007337952
v -0.000755358 -0.059276879 0.007337952
v -0.000755358 -0.058051836 -0.007430632
v -0.000755358 -0.058051836 0.007430632
v -0.000736286 -0.05926295 -0.007339032
v -0.00073626 -0.058065787 0.007429601
v -0.00073263 -0.059260171 0.007339247
v -0.000732549 -0.058068607 -0.007429392
v -0.000703842 -0.059237015 -0.00734104
v -0.000703842 -0.059237015 0.00734104
v -0.000703842 -0.0580917 -0.007427684
v -0.000703842 -0.0580917 0.007427684
v -0.000688338 -0.059223536 -0.007342083
v -0.000688299 -0.058105215 0.007426683
v -0.000684778 -0.059220333 0.007342331
v -0.000684704 -0.058108449 -0.007426444
v -0.000658553 -0.064626373 -0.006603538
v -0.000657512 -0.06462495 0.006603539
v -0.00065598 -0.059192833 -0.007344456
v -0.00065598 -0.058135882 -0.007424411
v -0.00065598 -0.058135882 0.007424411
v -0.000655979 -0.059192833 0.007344456
v -0.000643857 -0.059180338 -0.007345421
v -0.000643826 -0.05814841 0.007423482
v -0.000640447 -0.059176717 0.007345701
v -0.000640382 -0.058152068 -0.007423211
v -0.000624113 -0.068341799 -0.003571594
v -0.000612131 -0.059144661 -0.007348173
v -0.000612131 -0.059144661 0.007348173
v -0.000612131 -0.058184054 -0.007420837
v -0.000612131 -0.058184054 0.007420837
v -0.000603009 -0.059133507 -0.007349033
v -0.000602989 -0.058195233 0.007420006
v -0.000599929 -0.059129637 0.007349331
v -0.000599876 -0.058199145 -0.007419716
v -0.000572628 -0.059092868 -0.007352162
v -0.000572628 -0.059092868 0.007352162
v -0.000572628 -0.058235846 -0.007416987
v -0.000572628 -0.058235846 0.007416987
v -0.000566103 -0.059083339 -0.007352895
v -0.000566092 -0.058245391 0.007416277
v -0.000563368 -0.059079252 0.007353209
v -0.000563335 -0.058249515 -0.00741597
v -0.000555293 -0.059066828 -0.007354164
v -0.000555195 -0.058262043 0.007415037
v -0.00053865 -0.064678118 -0.006534788
v -0.000537768 -0.059037846 -0.00735639
v -0.000537768 -0.059037846 0.00735639
v -0.000537768 -0.058290873 0.007412889
v -0.000537768 -0.058290869 -0.007412889
v -0.000537581 -0.064676702 0.006534753
v -0.000534894 -0.059032794 0.007356778
v -0.000534833 -0.058296029 -0.007412504
v -0.000524185 -0.059013125 -0.007358287
v -0.000524107 -0.058315739 0.007411034
v -0.000507814 -0.058980003 -0.007360825
v -0.000507814 -0.058980003 0.007360825
v -0.000507814 -0.058348715 0.007408571
v -0.000507814 -0.058348712 -0.007408571
v -0.000506571 -0.05897731 0.007361032
v -0.000506523 -0.058351513 -0.007408362
v -0.000497581 -0.058956936 -0.007362591
v -0.000497522 -0.058371916 0.007406837
v -0.000482992 -0.058919776 -0.007365431
v -0.000482992 -0.058408938 0.007404066
v -0.000482981 -0.058919746 0.007365433
v -0.000482944 -0.058409069 -0.007404056
v -0.00047568 -0.058898609 -0.007367048
v -0.000475638 -0.058430232 0.007402471
v -0.000464227 -0.058860373 0.007369964
v -0.0004642 -0.058468439 -0.007399606
v -0.000463489 -0.058857627 -0.007370173
v -0.000463489 -0.058857627 0.007370173
v -0.000463489 -0.058471087 -0.007399407
v -0.000463489 -0.058471087 0.007399407
v -0.000458672 -0.058838565 -0.007371625
v -0.000458644 -0.058490265 0.007397966
v -0.000450451 -0.058799591 0.007374591
v -0.000450434 -0.058529221 -0.007395038
v -0.000449452 -0.058794022 -0.007375014
v -0.000449452 -0.058794022 0.007375014
v -0.000449452 -0.058534697 0.007394626
v -0.000449452 -0.058534693 -0.007394626
v -0.000446729 -0.058777418 -0.007376276
v -0.000446713 -0.058551408 0.007393368
v -0.00044177 -0.058737874 0.007379277
v -0.000441761 -0.058590937 -0.00739039
v -0.000440987 -0.058729436 -0.007379917
v -0.000440987 -0.058729436 0.007379917
v -0.000440987 -0.058599282 -0.00738976
v -0.000440987 -0.058599282 0.00738976
v -0.000439901 -0.058715452 -0.007380977
v -0.000439894 -0.058613364 0.007388697
v -0.000438244 -0.058675651 0.007383991
v -0.000438242 -0.058653165 -0.007385691
v -0.000438159 -0.058664359 -0.007384845
v -0.000438159 -0.058664359 0.007384845
v -0.000420838 -0.064728148 -0.006459155
v -0.000419744 -0.06472674 0.006459081
v -0.000305606 -0.064776242 -0.006376783
v -0.00030449 -0.064774849 0.006376666
v -0.000193436 -0.06482219 -0.006287874
v -0.0001923 -0.064820796 0.006287712
v -8.4794e-05 -0.06486579 -0.006192682
v -8.3643e-05 -0.064864397 0.006192472
v 1.9871e-05 -0.064906843 -0.006091512
v 2.1034e-05 -0.064905457 0.006091252
v 0.000120138 -0.064945184 -0.005984719
v 0.000121309 -0.064943798 0.005984408
v 0.000215617 -0.064980671 -0.005872703
v 0.000216792 -0.064979278 0.005872339
v 0.000305955 -0.065013155 -0.005755903
v 0.000307129 -0.065011762 0.005755486
v 0.00039084 -0.065042555 -0.005634791
v 0.000392009 -0.065041155 0.005634321
v 0.000439128 -0.059569605 0.007315123
v 0.000447474 -0.055 -0.007642015
v 0.000459434 -0.055 -0.007642014
v 0.000470004 -0.065068774 -0.005509868
v 0.000471163 -0.065067366 0.005509345
v 0.000472377 -0.055 -0.00764201
v 0.000483546 -0.055 -0.007642004
v 0.000498159 -0.055 -0.007641995
v 0.000508298 -0.055 -0.007641987
v 0.000524528 -0.055 -0.007641971
v 0.00053103 -0.055 0.007642948
v 0.000533538 -0.055 -0.00764196
v 0.000534698 -0.055 0.007642953
v 0.000543226 -0.065091759 -0.005381655
v 0.000544373 -0.065090336 0.005381081
v 0.00054655 -0.055 0.007642966
v 0.000548757 -0.055 0.007642968
v 0.000551187 -0.055 -0.007641937
v 0.000551412 -0.055 0.00764297
v 0.00055897 -0.055 -0.007641925
v 0.00056582 -0.055 0.007642979
v 0.000566574 -0.055 -0.007641914
v 0.000569584 -0.055 0.00764298
v 0.000577844 -0.055 -0.007641894
v 0.000584068 -0.055 0.007642983
v 0.000589012 -0.055 0.007642983
v 0.000591852 -0.055 -0.007641868
v 0.000603245 -0.055 0.007642981
v 0.000604209 -0.055 -0.007641843
v 0.000609473 -0.055 0.007642979
v 0.000610337 -0.065111481 -0.005250688
v 0.000611465 -0.06511005 0.005250064
v 0.000616699 -0.055 -0.007641815
v 0.000623236 -0.055 0.007642973
v 0.000630011 -0.055 -0.007641783
v 0.000630729 -0.055 0.007642968
v 0.00064098 -0.055 -0.007641754
v 0.000643837 -0.055 0.007642958
v 0.000652531 -0.055 0.007642949
v 0.000654991 -0.055 -0.007641715
v 0.000664468 -0.055 -0.007641686
v 0.000664827 -0.055 0.007642936
v 0.000671212 -0.065127939 -0.005117509
v 0.000672318 -0.065126494 0.005116837
v 0.000674623 -0.055 0.007642924
v 0.000678916 -0.055 -0.007641638
v 0.00068582 -0.055 0.007642908
v 0.000686886 -0.055 -0.007641611
v 0.000696755 -0.055 0.007642892
v 0.000701576 -0.055 -0.007641555
v 0.000706792 -0.055 0.007642875
v 0.000708063 -0.055 -0.007641529
v 0.000718678 -0.055 0.007642853
v 0.000722786 -0.055 -0.007641464
v 0.00072578 -0.065141141 -0.00498266
v 0.000726861 -0.065139681 0.004981942
v 0.00072752 -0.055 0.007642835
v 0.000727916 -0.055 -0.007641441
v 0.000740159 -0.055 0.007642807
v 0.00074239 -0.055 -0.007641368
v 0.000744091 -0.055 -0.007641358
v 0.000747804 -0.055 0.007642789
v 0.000760261 -0.055 -0.007641265
v 0.000760978 -0.055 0.007642755
v 0.000761062 -0.055 -0.00764126
v 0.000767389 -0.055 0.007642738
v 0.000774017 -0.06515114 -0.004846677
v 0.000775069 -0.065149657 0.004845917
v 0.000780934 -0.055 0.007642697
v 0.00078611 -0.055 0.007642681
v 0.00079985 -0.055 0.007642634
v 0.000803886 -0.055 0.007642619
v 0.000815945 -0.065157995 -0.004710083
v 0.000816965 -0.065156497 0.004709284
v 0.000817571 -0.055 0.007642565
v 0.000820582 -0.055 0.007642553
v 0.000825662 -0.055 0.00764253
v 0.000833966 -0.055 0.007642492
v 0.000838587 -0.05874455 -0.007378771
v 0.000838587 -0.05874455 0.007378771
v 0.000840662 -0.055 0.007642458
v 0.00085163 -0.06516178 -0.004573384
v 0.000852615 -0.065160267 0.004572549
v 0.000858528 -0.058746643 -0.007378545
v 0.000858528 -0.058746643 0.007378545
v 0.000863621 -0.058756705 -0.007377719
v 0.000863621 -0.058756705 0.007377719
v 0.000881179 -0.065162614 -0.004437061
v 0.000882126 -0.065161072 0.004436193
v 0.000882784 -0.05874918 -0.00737809
v 0.000882784 -0.05874918 0.00737809
v 0.000894034 -0.058771446 -0.007376094
v 0.000894034 -0.058771446 0.007376094
v 0.000904734 -0.065160595 -0.004301569
v 0.000905642 -0.065159038 0.004300673
v 0.000909 -0.058751903 -0.007377375
v 0.000909 -0.058751903 0.007377375
v 0.000922472 -0.065155856 -0.004167333
v 0.000923339 -0.065154277 0.004166412
v 0.000926734 -0.058787264 -0.007373923
v 0.000926734 -0.058787264 0.007373923
v 0.000936904 -0.058754783 -0.007376361
v 0.000936904 -0.058754783 0.007376361
v 0.000941204 -0.065139316 0.003929088
v 0.000961246 -0.058803923 -0.007371153
v 0.000961246 -0.058803923 0.007371153
v 0.000966195 -0.058757786 -0.007375014
v 0.000966195 -0.058757786 0.007375014
v 0.000996542 -0.05876087 -0.007373313
v 0.000996542 -0.05876087 0.007373313
v 0.000997053 -0.058821168 -0.00736776
v 0.000997053 -0.058821168 0.00736776
v 0.001027592 -0.058764003 -0.007371251
v 0.001027592 -0.058764003 0.007371251
v 0.001033612 -0.058838733 -0.007363748
v 0.001033612 -0.058838733 0.007363748
v 0.001058971 -0.058767147 -0.007368837
v 0.001058971 -0.058767147 0.007368837
v 0.001068666 -0.058855534 -0.007359381
v 0.001068666 -0.058855534 0.007359381
v 0.001073046 -0.058857631 -0.0073588
v 0.001073046 -0.058857631 0.0073588
v 0.001097291 -0.058770947 -0.007365435
v 0.001097291 -0.058770947 0.007365435
v 0.001107132 -0.058873929 -0.007354002
v 0.001107132 -0.058873929 0.007354002
v 0.001124187 -0.058864355 -0.007353543
v 0.001124187 -0.058864355 0.007353543
v 0.001153308 -0.058838159 -0.007353543
v 0.001153308 -0.058838159 0.007353543
v 0.0011561 -0.05877671 -0.007359244
v 0.0011561 -0.05877671 0.007359244
v 0.001170529 -0.058904141 -0.007343785
v 0.001170529 -0.058904141 0.007343785
v 0.001180035 -0.058809523 -0.007353543
v 0.001180035 -0.058809523 0.007353543
v 0.001193406 -0.05878032 -0.007354704
v 0.001193406 -0.05878032 0.007354704
v 0.001233079 -0.055 0.007641863
v 0.001233183 -0.055 -0.00764054
v 0.001235526 -0.058784351 -0.007349003
v 0.001235526 -0.058784351 0.007349003
v 0.001238217 -0.055 0.007641843
v 0.001239553 -0.055 -0.007640514
v 0.001241133 -0.064525686 0.0
v 0.001242386 -0.064523123 -6.5367e-05
v 0.001242386 -0.064523123 6.5367e-05
v 0.001242666 -0.055 -0.007636972
v 0.001244461 -0.055 0.007641773
v 0.001246136 -0.064515449 -0.000130236
v 0.001246136 -0.064515449 0.000130236
v 0.001251373 -0.055 -0.007637706
v 0.001252355 -0.064502731 -0.000194114
v 0.001252355 -0.064502731 0.000194114
v 0.001260995 -0.064485051 -0.000256515
v 0.001260995 -0.064485051 0.000256515
v 0.001270512 -0.055 -0.007637488
v 0.001270512 -0.055 0.007637488
v 0.001270977 -0.058951747 -0.007324128
v 0.001270977 -0.058951747 0.007324128
v 0.00127199 -0.064462557 -0.000316964
v 0.00127199 -0.064462557 0.000316964
v 0.001285258 -0.064435415 -0.000375
v 0.001285258 -0.064435415 0.000375
v 0.001291188 -0.055 -0.007637077
v 0.001291188 -0.055 0.007637077
v 0.001297066 -0.058964059 -0.007318319
v 0.001297066 -0.058964059 0.007318319
v 0.001300695 -0.064403832 -0.000430182
v 0.001300695 -0.064403832 0.000430182
v 0.001313188 -0.055 -0.007636442
v 0.001317459 -0.058792058 -0.007336156
v 0.001317459 -0.058792058 0.007336156
v 0.001318186 -0.064368047 -0.000482091
v 0.001318186 -0.064368047 0.000482091
v 0.001321075 -0.055 0.007636372
v 0.001323446 -0.058976483 -0.007312148
v 0.001337597 -0.064328335 -0.00053033
v 0.001337597 -0.064328335 0.00053033
v 0.00134273 -0.055 -0.007635752
v 0.001343087 -0.055 0.007635736
v 0.001354046 -0.058795441 -0.007329664
v 0.001354046 -0.058795441 0.007329664
v 0.001358781 -0.064284995 -0.000574533
v 0.001358781 -0.064284995 0.000574533
v 0.001365827 -0.055 -0.007634863
v 0.001366184 -0.055 0.007634847
v 0.001367012 -0.058969375 -0.007305701
v 0.001367012 -0.058969375 0.007305701
v 0.001381575 -0.064238355 -0.000614364
v 0.001381575 -0.064238355 0.000614364
v 0.001389746 -0.055 -0.007633704
v 0.001390104 -0.055 0.007633687
v 0.001404358 -0.058921624 -0.007305701
v 0.001404358 -0.058921624 0.007305701
v 0.001405808 -0.064188778 -0.000649519
v 0.001405808 -0.064188778 0.000649519
v 0.001414208 -0.055 -0.007632266
v 0.001414566 -0.055 0.007632249
v 0.001431293 -0.064136639 -0.000679731
v 0.001431293 -0.064136639 0.000679731
v 0.001437402 -0.0588708 -0.007305701
v 0.001437402 -0.0588708 0.007305701
v 0.001438918 -0.055 -0.007630553
v 0.001439276 -0.055 0.007630537
v 0.0014475 -0.059034608 0.007279068
v 0.001457838 -0.064082332 -0.000704769
v 0.001457838 -0.064082332 0.000704769
v 0.00146908 -0.055 -0.007628109
v 0.001469438 -0.055 0.007628092
v 0.001477817 -0.058848526 -0.007299733
v 0.001477817 -0.058848526 0.007299733
v 0.001485241 -0.064026266 -0.000724444
v 0.001485241 -0.064026266 0.000724444
v 0.001498965 -0.055 -0.007626073
v 0.001499328 -0.055 0.00762604
v 0.001513292 -0.063968882 -0.000738606
v 0.001513292 -0.063968882 0.000738606
v 0.001522124 -0.059069324 -0.007255883
v 0.001522124 -0.059069324 0.007255883
v 0.001529917 -0.055 0.007622536
v 0.001541778 -0.063910596 -0.000747146
v 0.001541778 -0.063910596 0.000747146
v 0.001545247 -0.055 -0.007621561
v 0.001570483 -0.063851871 -0.00075
v 0.001570483 -0.063851871 0.00075
v 0.001571486 -0.059092186 -0.00723916
v 0.001574586 -0.055 -0.007618221
v 0.001575773 -0.059094165 -0.007237655
v 0.001575773 -0.059094165 0.007237655
v 0.001576226 -0.055 0.007618021
v 0.001599187 -0.063793145 -0.000747146
v 0.001599187 -0.063793145 0.000747146
v 0.001600601 -0.059061758 -0.007237496
v 0.001600601 -0.059061758 0.007237496
v 0.001605581 -0.055 0.007614679
v 0.001606917 -0.058817841 -0.007271727
v 0.001606917 -0.058817841 0.007271727
v 0.001607694 -0.055 -0.007614002
v 0.001627674 -0.063734867 -0.000738606
v 0.001627674 -0.063734867 0.000738606
v 0.001638155 -0.055 -0.007610533
v 0.001638707 -0.055 0.007610457
v 0.001645107 -0.05899331 -0.007237496
v 0.001645107 -0.05899331 0.007237496
v 0.001655725 -0.063677475 -0.000724444
v 0.001655725 -0.063677475 0.000724444
v 0.001683127 -0.063621417 -0.000704769
v 0.001683127 -0.063621417 0.000704769
v 0.001683481 -0.05892124 -0.007237496
v 0.001683481 -0.05892124 0.007237496
v 0.001695689 -0.059149321 0.007192063
v 0.001702536 -0.055 -0.007600953
v 0.001703089 -0.055 0.007600877
v 0.001709672 -0.063567102 -0.000679731
v 0.001709672 -0.063567102 0.000679731
v 0.001731262 -0.055 -0.007596087
v 0.001731814 -0.055 0.007596011
v 0.001732388 -0.058876567 -0.007228541
v 0.001732388 -0.058876567 0.007228541
v 0.001735157 -0.063514963 -0.000649519
v 0.001735157 -0.063514963 0.000649519
v 0.001742197 -0.05917057 -0.00717253
v 0.001742197 -0.05917057 0.00717253
v 0.00175939 -0.063465387 -0.000614364
v 0.00175939 -0.063465387 0.000614364
v 0.001762088 -0.055 -0.007591124
v 0.001762831 -0.055 0.007590986
v 0.001777054 -0.059186444 -0.007157194
v 0.001777054 -0.059186444 0.007157194
v 0.001782184 -0.063418753 -0.000574533
v 0.001782184 -0.063418753 0.000574533
v 0.001794036 -0.059194162 -0.007149503
v 0.001794036 -0.059194162 0.007149503
v 0.001794061 -0.055 0.0075844
v 0.001803368 -0.063375413 -0.00053033
v 0.001803368 -0.063375413 0.00053033
v 0.001822779 -0.063335702 -0.000482091
v 0.001822779 -0.063335702 0.000482091
v 0.00184027 -0.063299917 -0.000430182
v 0.00184027 -0.063299917 0.000430182
v 0.001847184 -0.059112497 -0.007149403
v 0.001847184 -0.059112497 0.007149403
v 0.001854 -0.058837976 -0.007192059
v 0.001854 -0.058837976 0.007192059
v 0.001855708 -0.063268334 -0.000375
v 0.001855708 -0.063268334 0.000375
v 0.001868975 -0.063241184 -0.000316964
v 0.001868975 -0.063241184 0.000316964
v 0.00187997 -0.06321869 -0.000256515
v 0.00187997 -0.06321869 0.000256515
v 0.00188861 -0.063201018 -0.000194114
v 0.00188861 -0.063201018 0.000194114
v 0.001894829 -0.063188292 -0.000130236
v 0.001894829 -0.063188292 0.000130236
v 0.001895172 -0.059022374 -0.007149403
v 0.001895172 -0.059022374 0.007149403
v 0.001898579 -0.063180618 -6.5367e-05
v 0.001898579 -0.063180618 6.5367e-05
v 0.001899832 -0.063178055 0.0
v 0.001935127 -0.058928411 -0.007149403
v 0.001935127 -0.058928411 0.007149403
v 0.00195568 -0.059267052 -0.007068866
v 0.00195568 -0.059267052 0.007068866
v 0.001960351 -0.055 -0.007547326
v 0.001962043 -0.058846205 -0.00714959
v 0.001962043 -0.058846205 0.00714959
v 0.001991492 -0.055 -0.0075408
v 0.001992428 -0.055 0.00754058
v 0.002022737 -0.055 -0.00753268
v 0.002023862 -0.055 0.007532358
v 0.002042223 -0.059227534 -0.007042036
v 0.002042223 -0.059227534 0.007042036
v 0.002048588 -0.058852524 -0.007112019
v 0.002048588 -0.058852524 0.007112019
v 0.002055278 -0.055 0.007522487
v 0.002061506 -0.059314191 -0.007008422
v 0.002061826 -0.059314337 0.007008229
v 0.002093434 -0.058855701 -0.007091263
v 0.002093434 -0.058855701 0.007091263
v 0.002099491 -0.059119981 -0.007042036
v 0.002099491 -0.059119981 0.007042036
v 0.002147172 -0.05900785 -0.007042036
v 0.002147172 -0.05900785 0.007042036
v 0.002161018 -0.059358072 -0.006945649
v 0.002161018 -0.059358072 0.006945649
v 0.002179922 -0.059366353 -0.006933041
v 0.002184904 -0.058891989 -0.007042036
v 0.002184904 -0.058891989 0.007042036
v 0.002202806 -0.058863159 -0.007036801
v 0.002204674 -0.059377175 -0.006916192
v 0.002204674 -0.059377175 0.006916192
v 0.002210807 -0.058863688 0.007032597
v 0.002216031 -0.055 -0.007471972
v 0.002228863 -0.059337616 -0.006916146
v 0.002228863 -0.059337616 0.006916146
v 0.002247353 -0.055 -0.007462195
v 0.002248667 -0.055 0.007461749
v 0.002278539 -0.055 -0.007450759
v 0.00228003 -0.055 0.007450168
v 0.002295011 -0.059213389 -0.006916146
v 0.002295011 -0.059213389 0.006916146
v 0.002296074 -0.059416868 0.00685051
v 0.002323414 -0.058870878 -0.006970096
v 0.002323414 -0.058870878 0.006970096
v 0.002350086 -0.059083868 -0.006916146
v 0.002350086 -0.059083868 0.006916146
v 0.002356712 -0.05944296 -0.006803775
v 0.002356712 -0.05944296 0.006803775
v 0.002362951 -0.055 -0.007418285
v 0.002364444 -0.055 0.007417693
v 0.002393669 -0.058950044 -0.006916146
v 0.002393669 -0.058950044 0.006916146
v 0.002405802 -0.05944198 -0.006772609
v 0.002405802 -0.05944198 0.006772609
v 0.002408365 -0.059465028 -0.006761856
v 0.002412199 -0.058876202 -0.006916232
v 0.002412199 -0.058876202 0.006916232
v 0.002430488 -0.055 -0.007389529
v 0.002431982 -0.055 0.007388937
v 0.002463135 -0.055 0.007375636
v 0.002465457 -0.055 -0.007373634
v 0.002480369 -0.059301939 -0.006772609
v 0.002480369 -0.059301939 0.006772609
v 0.002496455 -0.055 -0.007360493
v 0.002498118 -0.055 0.007359735
v 0.002517826 -0.059511267 0.006666139
v 0.002528873 -0.055 0.007344732
v 0.002541335 -0.059521101 -0.006644281
v 0.002541335 -0.059521101 0.006644281
v 0.002542208 -0.058883395 -0.006829472
v 0.002542208 -0.058883395 0.006829472
v 0.002542453 -0.059155934 -0.006772609
v 0.002542453 -0.059155934 0.006772609
v 0.002574663 -0.059534974 -0.006612453
v 0.002574663 -0.059534974 0.006612453
v 0.002581697 -0.055 -0.00731875
v 0.002591582 -0.059005078 -0.006772609
v 0.002591582 -0.059005078 0.006772609
v 0.002612327 -0.055 -0.007303916
v 0.002620054 -0.058887333 -0.006772672
v 0.002620054 -0.058887333 0.006772672
v 0.002620384 -0.055 0.007299748
v 0.002650623 -0.055 0.007283045
v 0.00265427 -0.059385017 -0.006612429
v 0.00265427 -0.059385017 0.006612429
v 0.002706238 -0.055 -0.007252739
v 0.002713541 -0.059591923 -0.006468328
v 0.002713541 -0.059591923 0.006468328
v 0.002722931 -0.059223548 -0.006612429
v 0.002722931 -0.059223548 0.006612429
v 0.002722936 -0.059595719 -0.006457853
v 0.002736366 -0.055 -0.007236223
v 0.002738333 -0.055 0.007235075
v 0.002748167 -0.058893155 -0.006670451
v 0.002748167 -0.058893155 0.006670451
v 0.002777264 -0.05905671 -0.006612429
v 0.002777264 -0.05905671 0.006612429
v 0.00280544 -0.055 -0.007194866
v 0.002807408 -0.055 0.007193717
v 0.002814909 -0.058895826 -0.006612475
v 0.002814909 -0.058895826 0.006612475
v 0.002815502 -0.059462041 -0.006436723
v 0.002815502 -0.059462041 0.006436723
v 0.002818988 -0.059634093 0.006344785
v 0.002837014 -0.055 0.007175326
v 0.00283826 -0.058896702 0.006591363
v 0.002872075 -0.059654914 -0.006277201
v 0.002872075 -0.059654914 0.006277201
v 0.002887798 -0.058898438 -0.006545075
v 0.002887798 -0.058898438 0.006545075
v 0.002890259 -0.059286233 -0.006436723
v 0.002890259 -0.059286233 0.006436723
v 0.002895034 -0.059663821 -0.006246728
v 0.002895034 -0.059663821 0.006246728
v 0.002906465 -0.055 -0.007128225
v 0.002935975 -0.055 -0.007110037
v 0.00293807 -0.055 0.007108666
v 0.002939741 -0.058900084 -0.006494229
v 0.002939741 -0.058900084 0.006494229
v 0.002949417 -0.059104584 -0.006436723
v 0.002949417 -0.059104584 0.006436723
v 0.002954824 -0.055 0.0
v 0.002955507 -0.055 -3.29e-06
v 0.002957546 -0.055 -6.563e-06
v 0.002962939 -0.059532475 -0.006246716
v 0.002962939 -0.059532475 0.006246716
v 0.002964681 -0.055 -0.00709025
v 0.002966882 -0.055 0.007088641
v 0.002979241 -0.055 5.8916e-05
v 0.002979912 -0.055 6.2146e-05
v 0.002981917 -0.055 -6.5367e-05
v 0.002981917 -0.055 6.5367e-05
v 0.002985235 -0.055 -6.8561e-05
v 0.002989845 -0.055 -7.1714e-05
v 0.002992526 -0.058918472 -0.006436723
v 0.002992526 -0.058918472 0.006436723
v 0.002995559 -0.058901638 -0.006436756
v 0.002995559 -0.058901638 0.006436756
v 0.00301578 -0.059709609 -0.006072293
v 0.00301578 -0.059709609 0.006072293
v 0.003025137 -0.055 -0.007046584
v 0.00302734 -0.055 0.007044974
v 0.003043272 -0.059343558 -0.006246716
v 0.003043272 -0.059343558 0.006246716
v 0.003055211 -0.055 0.00702338
v 0.003055432 -0.055 0.000124225
v 0.003058574 -0.055 0.000127247
v 0.003062941 -0.055 -0.000130236
v 0.003062941 -0.055 0.000130236
v 0.003068491 -0.055 -0.000133177
v 0.003072764 -0.059730481 -0.005980289
v 0.003073172 -0.059730627 0.005979605
v 0.003075184 -0.055 -0.000136055
v 0.003095552 -0.059595831 -0.006043734
v 0.003095552 -0.059595831 0.006043734
v 0.003106841 -0.05914836 -0.006246716
v 0.003106841 -0.05914836 0.006246716
v 0.003115485 -0.058904134 -0.006302135
v 0.003115485 -0.058904134 0.006302135
v 0.003124521 -0.055 -0.006967976
v 0.003143609 -0.059755612 -0.005855097
v 0.003143609 -0.059755612 0.005855097
v 0.003145706 -0.059756339 -0.005851183
v 0.003152331 -0.055 -0.006946616
v 0.003153165 -0.058948368 -0.006246716
v 0.003153165 -0.058948368 0.006246716
v 0.00315462 -0.055 0.006944753
v 0.003157353 -0.059760366 -0.005829202
v 0.003157353 -0.059760366 0.005829202
v 0.003160841 -0.058904737 -0.00624674
v 0.003160841 -0.058904737 0.00624674
v 0.00317908 -0.055 -0.00692378
v 0.0031809 -0.05939512 -0.006043734
v 0.0031809 -0.05939512 0.006043734
v 0.003186296 -0.055 0.000188856
v 0.003191313 -0.055 0.000191511
v 0.003197361 -0.055 -0.000194114
v 0.003197361 -0.055 0.000194114
v 0.003204389 -0.055 -0.000196655
v 0.003206353 -0.055 0.006900147
v 0.003212343 -0.055 -0.000199121
v 0.003212417 -0.059651658 -0.005829195
v 0.003212417 -0.059651658 0.005829195
v 0.0032128 -0.059779067 0.005718474
v 0.003230822 -0.055 -0.006879165
v 0.003233175 -0.055 0.00687704
v 0.003248438 -0.059187736 -0.006043734
v 0.003248438 -0.059187736 0.006043734
v 0.00325127 -0.055 0.006860792
v 0.003254629 -0.059792586 -0.005627199
v 0.003254629 -0.059792586 0.005627199
v 0.0032728 -0.059798274 -0.005585077
v 0.003274076 -0.05890527 -0.006095616
v 0.003274076 -0.05890527 0.006095616
v 0.003276892 -0.055 0.006836281
v 0.003287289 -0.055 -0.006827289
v 0.003297654 -0.058975257 -0.006043734
v 0.003297654 -0.058975257 0.006043734
v 0.003302183 -0.059440553 -0.005829195
v 0.003302183 -0.059440553 0.005829195
v 0.003309667 -0.05890511 0.006043752
v 0.003312716 -0.059699576 -0.005604595
v 0.003312716 -0.059699576 0.005604595
v 0.003315271 -0.055 0.006800645
v 0.003327092 -0.059814434 0.005448308
v 0.0033275 -0.055 -0.006788145
v 0.00333726 -0.058904856 0.006001887
v 0.00334803 -0.059820265 -0.005390259
v 0.00334803 -0.059820265 0.005390259
v 0.003353098 -0.055 -0.006763894
v 0.003354534 -0.059822023 -0.005371504
v 0.003354534 -0.059822023 0.005371504
v 0.003355489 -0.055 0.006761496
v 0.003371441 -0.055 0.000252292
v 0.003373219 -0.059222434 -0.005829195
v 0.003373219 -0.059222434 0.005829195
v 0.003377371 -0.055 0.000254433
v 0.003379811 -0.055 0.006735669
v 0.003384079 -0.055 -0.000256515
v 0.003384079 -0.055 0.000256515
v 0.003391515 -0.055 -0.00025853
v 0.003395752 -0.059739243 -0.005371501
v 0.003395752 -0.059739243 0.005371501
v 0.00339629 -0.055 -0.006719634
v 0.003399627 -0.055 -0.00026047
v 0.003406276 -0.059479553 -0.005604595
v 0.003406276 -0.059479553 0.005604595
v 0.003414319 -0.058903489 -0.005876228
v 0.003414319 -0.058903489 0.005876228
v 0.00342301 -0.055 0.006691403
v 0.003423132 -0.059838444 -0.005146006
v 0.003423132 -0.059838444 0.005146006
v 0.003424983 -0.058998954 -0.005829195
v 0.003424983 -0.058998954 0.005829195
v 0.00344104 -0.058902752 -0.005829208
v 0.003460944 -0.059770387 -0.00513154
v 0.003460944 -0.059770387 0.00513154
v 0.003479386 -0.05984699 -0.004896221
v 0.003479386 -0.05984699 0.004896221
v 0.003480313 -0.059252214 -0.005604595
v 0.003480313 -0.059252214 0.005604595
v 0.003480843 -0.058901362 -0.005755292
v 0.003481193 -0.059847128 -0.004886386
v 0.003481193 -0.059847128 0.004886386
v 0.003489002 -0.055 -0.006615923
v 0.003492452 -0.059511837 -0.005371501
v 0.003492452 -0.059511837 0.005371501
v 0.003507838 -0.059792791 -0.004886386
v 0.003507838 -0.059792791 0.004886386
v 0.003513327 -0.055 -0.006590359
v 0.003515731 -0.055 0.006587683
v 0.003516383 -0.059845842 -0.004642725
v 0.003516383 -0.059845842 0.004642725
v 0.003533854 -0.059835009 -0.004387367
v 0.003533854 -0.059835009 0.004387367
v 0.003534264 -0.05901929 -0.005604595
v 0.003534264 -0.05901929 0.005604595
v 0.003535157 -0.058898799 -0.005645623
v 0.003535157 -0.058898799 0.005645623
v 0.003536105 -0.059806295 -0.00463775
v 0.003536105 -0.059806295 0.00463775
v 0.003536266 -0.055 -0.006563602
v 0.003538657 -0.055 0.006560645
v 0.00354555 -0.059810806 -0.004387367
v 0.00354555 -0.059810806 0.004387367
v 0.003554075 -0.058897693 0.005604603
v 0.003560086 -0.055 0.006532532
v 0.003560109 -0.059537183 -0.00513154
v 0.003560109 -0.059537183 0.00513154
v 0.003568973 -0.059276868 -0.005371501
v 0.003568973 -0.059276868 0.005371501
v 0.003571302 -0.055 -0.006520904
v 0.003595124 -0.055 0.006489831
v 0.003608776 -0.059555415 -0.004886386
v 0.003608776 -0.059555415 0.004886386
v 0.003610107 -0.055 0.000314013
v 0.003615656 -0.055 0.000315515
v 0.003621707 -0.055 -0.000316964
v 0.003621707 -0.055 0.000316964
v 0.003624735 -0.059036128 -0.005371501
v 0.003624735 -0.059036128 0.005371501
v 0.003628213 -0.055 -0.000318354
v 0.003635131 -0.055 -0.000319681
v 0.00363568 -0.058891237 -0.005405539
v 0.00363568 -0.058891237 0.005405539
v 0.003638112 -0.059566405 -0.00463775
v 0.003638112 -0.059566405 0.00463775
v 0.003638416 -0.059595089 -0.004387367
v 0.003638416 -0.059595089 0.004387367
v 0.003638581 -0.059296224 -0.00513154
v 0.003638581 -0.059296224 0.00513154
v 0.003647914 -0.059570078 -0.004387367
v 0.003647914 -0.059570078 0.004387367
v 0.003648004 -0.058889959 -0.005371506
v 0.003658687 -0.055 -0.006404367
v 0.00368016 -0.055 -0.006376527
v 0.003682511 -0.055 0.006373291
v 0.003688651 -0.059310149 -0.004886386
v 0.003688651 -0.059310149 0.004886386
v 0.003695765 -0.059049346 -0.00513154
v 0.003695765 -0.059049346 0.00513154
v 0.003700089 -0.055 -0.006347734
v 0.003702374 -0.055 0.006344221
v 0.003715132 -0.058880858 -0.005157784
v 0.003715132 -0.058880858 0.005157784
v 0.003718834 -0.059318542 -0.00463775
v 0.003718834 -0.059318542 0.00463775
v 0.00372167 -0.059346966 -0.004387367
v 0.00372167 -0.059346966 0.004387367
v 0.003722188 -0.058879618 0.005131543
v 0.003728918 -0.059321344 -0.004387367
v 0.003728918 -0.059321344 0.004387367
v 0.003729814 -0.055 0.006304208
v 0.003746857 -0.059058856 -0.004886386
v 0.003746857 -0.059058856 0.004886386
v 0.003751077 -0.055 0.006271902
v 0.003769311 -0.055 0.006242015
v 0.003772912 -0.058867745 -0.004904226
v 0.003772912 -0.058867745 0.004904226
v 0.003776119 -0.058866732 -0.004886387
v 0.003777656 -0.059064586 -0.00463775
v 0.003777656 -0.059064586 0.00463775
v 0.003782982 -0.059092533 -0.004387367
v 0.003782982 -0.059092533 0.004387367
v 0.003787946 -0.059066504 -0.004387367
v 0.003787946 -0.059066504 0.004387367
v 0.00379465 -0.058859695 0.004767725
v 0.003808125 -0.055 -0.006178406
v 0.003808586 -0.058851995 -0.004646773
v 0.003808586 -0.058851995 0.004646773
v 0.003809428 -0.058851399 -0.00463775
v 0.003809428 -0.058851399 0.00463775
v 0.003821886 -0.058833726 -0.004387367
v 0.003821886 -0.058833726 0.004387367
v 0.003826448 -0.055 -0.006148794
v 0.003828641 -0.055 0.006145011
v 0.003845201 -0.055 0.006114447
v 0.003847003 -0.055 -0.00611248
v 0.003877601 -0.055 -0.006055373
v 0.003894273 -0.055 -0.006025079
v 0.003900991 -0.055 0.000373501
v 0.003904581 -0.055 0.000374267
v 0.003908398 -0.055 -0.000375
v 0.003908398 -0.055 0.000375
v 0.003912413 -0.055 -0.000375697
v 0.003916602 -0.055 -0.000376357
v 0.003935977 -0.055 -0.005940311
v 0.003938052 -0.055 0.005936269
v 0.003950967 -0.055 -0.005909472
v 0.003952903 -0.055 0.00590518
v 0.00396604 -0.055 0.005873684
v 0.003980548 -0.055 0.005841973
v 0.004027957 -0.055 -0.005723712
v 0.004041241 -0.055 -0.005692484
v 0.004043015 -0.055 0.005687961
v 0.004052833 -0.055 -0.00566097
v 0.004054427 -0.055 0.005656226
v 0.004062245 -0.055 -0.005634623
v 0.00406414 -0.055 0.005624355
v 0.004113365 -0.055 -0.005469006
v 0.004123262 -0.055 -0.005437382
v 0.004124656 -0.055 0.005432442
v 0.004131504 -0.055 -0.005405727
v 0.004132685 -0.055 0.005400605
v 0.00413908 -0.055 0.005368878
v 0.004144431 -0.055 0.00534854
v 0.004175106 -0.055 -0.005208962
v 0.004181716 -0.055 -0.005177454
v 0.00418267 -0.055 0.005172178
v 0.004186752 -0.055 -0.005146149
v 0.004187472 -0.055 0.005140731
v 0.00418915 -0.055 -0.005132298
v 0.00420363 -0.055 0.005034689
v 0.004206902 -0.055 0.005003605
v 0.004213073 -0.055 -0.004946017
v 0.004213975 -0.055133421 0.0
v 0.004214276 -0.055130582 -6.5367e-05
v 0.004214276 -0.055130582 6.5367e-05
v 0.004215176 -0.055122092 -0.000130236
v 0.004215176 -0.055122092 0.000130236
v 0.004216583 -0.055 -0.004915086
v 0.004216668 -0.055108007 -0.000194114
v 0.004216668 -0.055108007 0.000194114
v 0.004217059 -0.055 0.004909559
v 0.004218639 -0.055 -0.004884557
v 0.004218741 -0.055088442 -0.000256515
v 0.004218741 -0.055088442 0.000256515
v 0.004219242 -0.055 -0.004877539
v 0.004221379 -0.055063542 -0.000316964
v 0.004221379 -0.055063542 0.000316964
v 0.004223501 -0.055 0.004758383
v 0.004223817 -0.055 0.004754714
v 0.004224563 -0.055033501 -0.000375
v 0.004224563 -0.055033501 0.000375
v 0.004227445 -0.055 -0.00468252
v 0.004228112 -0.055 -0.001330232
v 0.004228112 -0.055 -0.001293774
v 0.004228112 -0.055 -0.001251006
v 0.004228112 -0.055 -0.001201975
v 0.004228112 -0.055 -0.001085622
v 0.004228112 -0.055 -0.00094648
v 0.004228112 -0.055 -0.000614017
v 0.004228112 -0.055 -0.000523482
v 0.004228112 -0.055 -0.000431689
v 0.004228112 -0.055 -0.000427877
v 0.004228112 -0.055 0.000427877
v 0.004228112 -0.055 0.000431689
v 0.004228112 -0.055 0.000523482
v 0.004228112 -0.055 0.000614017
v 0.004228112 -0.055 0.00094648
v 0.004228112 -0.055 0.001085622
v 0.004228113 -0.055 -0.004652556
v 0.004228113 -0.055 -0.00136039
v 0.004228113 -0.055 -0.001146785
v 0.004228113 -0.055 -0.001018736
v 0.004228113 -0.055 -0.000869292
v 0.004228113 -0.055 -0.000787707
v 0.004228113 -0.055 -0.000702371
v 0.004228113 -0.055 0.000702371
v 0.004228113 -0.055 0.000787707
v 0.004228113 -0.055 0.000869292
v 0.004228113 -0.055 0.001018736
v 0.004228113 -0.055 0.004652604
f 105 111 110
f 2072 2076 2058
f 2072 2076 2084
f 65 105 110
f 318 308 322
f 318 323 322
f 318 323 325
f 318 308 327
f 318 325 327
f 1090 325 327
f 1090 328 327
f 2090 2136 2169
f 1148 1538 1142
f 2137 2180 2091
f 2067 2076 2058
f 2089 2180 2091
f 2048 2028 2058
f 1723 1709 1628
f 319 328 839
f 319 328 327
f 1018 1090 325
f 1018 323 325
f 1540 1596 1535
f 1449 1069 1065
f 1449 1069 1451
f 1056 1443 1445
f 1174 1196 1368
f 191 617 182
f 829 329 836
f 2062 2067 2058
f 2062 2067 2119
f 2128 2126 2076
f 2128 2076 2084
f 2128 2130 2084
f 2123 2067 2076
f 2123 2126 2076
f 1220 1196 1368
f 1220 1240 1368
f 1512 1969 1524
f 2087 2089 2141
f 2087 2141 2130
f 2087 2130 2084
f 2149 2089 2180
f 2149 2089 2141
f 2056 2072 2058
f 2056 2048 2058
f 2056 2026 2048
f 551 120 111
f 109 29 65
f 109 65 110
f 1667 1723 1764
f 1836 1821 1775
f 1439 1441 1048
f 1766 1715 1793
f 314 327 306
f 314 319 327
f 314 839 306
f 314 319 839
f 846 328 839
f 846 328 845
f 1542 1540 1535
f 1542 1546 1548
f 1542 1540 1546
f 298 308 322
f 298 308 327
f 1075 1069 1451
f 1447 1449 1065
f 1447 1449 1844
f 1116 1523 1511
f 1499 1096 1487
f 1453 1455 1079
f 1453 1075 1079
f 1453 1075 1451
f 1160 1550 1164
f 1554 1172 1164
f 1554 1550 1164
f 1554 2009 1550
f 1554 1174 1172
f 1554 1174 1368
f 1052 1441 1048
f 1052 1443 1441
f 1052 1056 1443
f 1060 1056 1445
f 1060 1447 1445
f 1060 1447 1065
f 1995 1988 1538
f 997 1006 1009
f 1358 1035 1340
f 1358 1759 1340
f 259 754 251
f 627 191 617
f 627 191 199
f 745 754 251
f 1002 1011 310
f 311 1011 310
f 1274 890 1481
f 1794 1767 1716
f 1694 1767 1716
f 1017 1010 1282
f 1030 1319 1024
f 1030 1036 1341
f 1030 1319 1341
f 1916 1914 1923
f 1916 1878 1914
f 148 140 144
f 117 123 122
f 115 121 123
f 115 117 123
f 2121 2067 2119
f 2121 2123 2067
f 1130 1118 1524
f 1117 1118 1524
f 1117 1512 1524
f 2083 2089 2091
f 2064 2056 2072
f 542 551 111
f 561 551 120
f 138 571 132
f 138 143 571
f 138 137 132
f 138 143 146
f 138 137 146
f 190 622 185
f 205 687 211
f 672 205 194
f 299 839 306
f 299 327 306
f 299 298 327
f 215 687 211
f 136 137 146
f 575 582 144
f 575 573 144
f 133 573 565
f 133 573 144
f 133 140 144
f 133 130 140
f 180 617 182
f 156 165 158
f 156 148 158
f 168 608 599
f 168 165 599
f 168 180 608
f 168 180 175
f 164 165 158
f 164 168 175
f 164 168 165
f 1638 1723 1628
f 1638 1667 1723
f 1800 1813 1849
f 1770 1821 1775
f 1855 1813 1849
f 1693 1766 1764
f 1693 1667 1764
f 1693 1766 1715
f 1804 1443 1441
f 1285 843 845
f 840 1090 328
f 840 843 1090
f 840 328 845
f 840 843 845
f 891 846 845
f 1119 1018 1090
f 1119 1145 1018
f 1119 1561 1567
f 1119 1542 1548
f 1119 1542 1090
f 1241 1145 1018
f 1241 1615 1589
f 1241 1145 1589
f 1552 1546 1548
f 1571 1569 1567
f 1571 1119 1567
f 1571 1119 1145
f 1565 1561 1567
f 1565 1569 1567
f 297 298 322
f 167 162 155
f 167 597 155
f 171 169 177
f 171 167 169
f 171 167 162
f 127 137 132
f 2088 2090 2082
f 2138 2088 2086
f 2027 1997 2003
f 1993 1995 1988
f 1529 1988 1538
f 1529 1523 1988
f 1529 1538 1142
f 1129 1116 1523
f 1129 1529 1142
f 1129 1529 1523
f 1106 1499 1096
f 1106 1116 1511
f 1106 1499 1511
f 1083 1455 1079
f 1092 1096 1487
f 1460 1083 1087
f 1460 1083 1455
f 1544 1160 1148
f 1544 1148 1538
f 1544 1160 1550
f 1544 1995 1538
f 2000 2009 1550
f 2000 1544 1550
f 2000 1544 1995
f 1040 1358 1387
f 1040 1358 1035
f 1016 1006 1009
f 1016 1023 1300
f 1318 1023 1300
f 1318 1685 1300
f 1597 1698 1709
f 1597 1709 1628
f 1597 1698 1593
f 1597 1615 1628
f 1597 1615 1589
f 1581 1145 1577
f 1581 1145 1589
f 764 259 754
f 815 300 836
f 815 806 300
f 301 300 836
f 301 315 836
f 786 283 793
f 288 283 793
f 288 806 300
f 662 666 199
f 662 627 199
f 206 666 199
f 206 201 199
f 684 698 216
f 684 208 216
f 684 206 208
f 224 698 216
f 240 745 728
f 240 228 728
f 240 228 235
f 989 1002 310
f 1264 1010 1282
f 1264 1004 1010
f 321 329 836
f 321 315 836
f 244 240 235
f 1457 829 329
f 1687 1588 1672
f 1710 1598 1699
f 1707 1694 1716
f 1765 1694 1767
f 1839 1850 1801
f 1741 1794 1716
f 1359 1036 1341
f 1301 1319 1024
f 1301 1017 1282
f 1301 1017 1024
f 2004 2048 2028
f 2004 2026 2048
f 1960 2004 1984
f 1973 1984 1957
f 1893 1916 1895
f 1893 1916 1878
f 1893 1895 1876
f 1893 1878 1876
f 2008 1916 2020
f 2008 1916 1895
f 2008 1987 1895
f 1970 1895 1876
f 1970 1987 1895
f 210 208 216
f 210 206 208
f 210 206 201
f 116 115 121
f 116 106 540
f 114 115 117
f 2001 1996 2006
f 1989 1530 1539
f 1989 1996 1539
f 1989 1969 1524
f 1989 1530 1524
f 1131 1530 1143
f 1131 1530 1524
f 1131 1130 1524
f 1108 1117 1512
f 1108 1500 1107
f 1108 1500 1512
f 1089 1093 1471
f 1945 1973 1955
f 1945 1914 1923
f 1945 1955 1923
f 1901 1878 1914
f 1901 1869 1878
f 1901 1945 1914
f 1951 1955 1923
f 2069 2064 2066
f 2069 2064 2081
f 2078 2088 2086
f 2078 2080 2082
f 2078 2088 2082
f 2011 1554 1368
f 2011 2021 2017
f 2011 2009 2017
f 2011 1554 2009
f 2079 2083 2081
f 2079 2083 2089
f 2079 2087 2089
f 2079 2064 2081
f 2079 2064 2072
f 2079 2072 2084
f 2079 2087 2084
f 2032 2064 2056
f 2032 2026 2006
f 2032 2056 2026
f 2032 2018 2006
f 541 105 442
f 541 105 111
f 541 542 111
f 128 561 132
f 128 561 120
f 128 127 132
f 128 127 120
f 567 571 132
f 567 561 132
f 153 162 152
f 153 143 146
f 153 154 143
f 153 162 155
f 153 154 155
f 587 597 155
f 587 154 155
f 661 672 194
f 661 190 194
f 681 205 687
f 681 672 205
f 605 613 169
f 605 167 597
f 605 167 169
f 179 613 169
f 179 169 177
f 179 622 185
f 821 299 839
f 821 299 810
f 290 299 810
f 290 299 298
f 778 265 769
f 778 272 265
f 187 190 185
f 187 179 177
f 187 179 185
f 701 215 687
f 701 715 227
f 701 215 227
f 750 239 736
f 750 239 245
f 254 758 769
f 254 265 769
f 126 136 137
f 126 127 137
f 145 153 146
f 145 153 152
f 131 556 565
f 131 133 565
f 131 556 121
f 131 121 123
f 131 130 123
f 131 133 130
f 610 180 617
f 610 180 608
f 149 148 144
f 149 156 148
f 149 582 144
f 149 156 582
f 592 156 582
f 592 165 599
f 592 156 165
f 1719 1318 1685
f 1281 1016 1300
f 1281 1009 1263
f 1281 1016 1009
f 1843 1800 1849
f 1843 1800 1836
f 1786 1836 1775
f 1786 1800 1836
f 1815 1770 1821
f 1815 1770 1806
f 1740 1715 1793
f 1740 1752 1715
f 1873 1855 1813
f 1898 1837 1921
f 1898 1837 1884
f 1700 1693 1667
f 1292 843 1294
f 1292 1285 843
f 1320 1542 1535
f 1334 1596 1535
f 1169 1153 1178
f 1556 1119 1548
f 1556 1119 1561
f 1556 1552 1548
f 1575 1145 1577
f 1575 1571 1145
f 1575 1579 1577
f 1573 1579 1671
f 1573 1571 1569
f 1573 1575 1571
f 1573 1575 1579
f 1587 1579 1585
f 1587 1680 1593
f 1587 1680 1671
f 1587 1579 1671
f 295 298 291
f 295 297 298
f 292 298 291
f 292 281 291
f 292 281 282
f 292 290 298
f 247 239 245
f 170 171 177
f 119 109 110
f 119 127 120
f 119 111 110
f 119 120 111
f 2029 1927 2053
f 2029 1915 2019
f 2029 1927 1915
f 1950 1927 2053
f 1950 2059 2053
f 1950 2059 1954
f 1981 1894 1967
f 1851 1857 1853
f 1851 1837 1921
f 1866 1857 1853
f 1841 1859 1844
f 1947 1499 1487
f 1947 1925 1487
f 2145 2138 2088
f 2111 2041 2113
f 2115 2118 2051
f 2115 2041 2113
f 2115 2041 2051
f 2047 2027 2003
f 2047 2057 2027
f 2037 2027 1997
f 2037 2041 2051
f 2037 2057 2027
f 1979 1993 1988
f 1979 1993 2003
f 1864 1882 1859
f 1864 1453 1451
f 1470 1092 1087
f 1470 1460 1087
f 1470 1092 1487
f 1470 1925 1487
f 2022 2018 2012
f 2022 2046 2018
f 2045 2021 2017
f 2005 2000 1995
f 2005 1993 1995
f 2005 2031 2017
f 2005 2009 2017
f 2005 2000 2009
f 1003 997 1009
f 1003 1009 1263
f 1003 1241 1263
f 1003 1241 1018
f 1003 999 1018
f 992 999 986
f 992 1003 997
f 992 1003 999
f 995 999 1018
f 995 999 986
f 995 986 323
f 995 1018 323
f 1037 1032 1035
f 1037 1040 1035
f 1044 1040 1387
f 1044 1439 1048
f 1044 1439 1387
f 1013 1016 1006
f 1013 1016 1023
f 1013 1020 1023
f 1026 1032 1035
f 1684 1698 1593
f 1684 1680 1593
f 1583 1585 1589
f 1583 1581 1589
f 1583 1581 1577
f 1583 1579 1577
f 1583 1579 1585
f 276 786 773
f 276 773 267
f 276 786 283
f 276 278 283
f 797 288 793
f 797 288 806
f 674 206 666
f 674 684 206
f 709 228 728
f 709 224 228
f 242 745 251
f 242 240 745
f 242 244 240
f 242 253 251
f 242 244 253
f 1000 1004 1002
f 1000 989 991
f 1000 989 1002
f 294 288 300
f 261 259 251
f 261 253 251
f 1252 890 1249
f 1270 1274 890
f 1547 1553 1605
f 1599 1595 1536
f 1509 1595 1536
f 1509 1536 1335
f 1557 1457 1562
f 1557 1564 1562
f 879 829 836
f 879 1073 829
f 1594 1687 1588
f 1661 1574 1672
f 1661 1574 1655
f 1580 1588 1672
f 1580 1574 1672
f 1629 1710 1724
f 1629 1724 1639
f 1629 1710 1598
f 1629 1624 1639
f 1814 1850 1801
f 1796 1741 1794
f 1038 1033 1036
f 1057 1054 1444
f 1442 1799 1440
f 1442 1049 1440
f 1962 1500 1512
f 2093 1986 2073
f 1964 1986 2073
f 1991 1973 1955
f 1991 1964 1955
f 1991 1964 1986
f 1867 1878 1876
f 1867 1854 1878
f 1867 1946 1961
f 1867 1970 1961
f 1867 1970 1876
f 1852 1854 1835
f 1852 1902 1924
f 1852 1943 1924
f 1847 1869 1878
f 1847 1854 1878
f 1847 1854 1835
f 232 235 234
f 226 232 225
f 226 232 235
f 226 228 235
f 226 224 228
f 184 174 175
f 184 191 182
f 184 180 182
f 184 180 175
f 151 148 158
f 151 147 148
f 104 66 115
f 104 116 106
f 104 116 115
f 549 556 121
f 549 116 121
f 112 66 28
f 112 66 115
f 112 114 115
f 2114 2112 2042
f 2114 2062 2119
f 2114 2042 2062
f 1166 1555 1173
f 1166 1165 1551
f 1166 1555 1551
f 2010 1555 1551
f 2010 2001 1551
f 2010 2018 2012
f 2010 1555 2012
f 2010 2018 2006
f 2010 2001 2006
f 1291 1555 1173
f 1144 1149 1539
f 1144 1530 1143
f 1144 1530 1539
f 1162 1165 1551
f 1545 1996 1539
f 1545 1162 1161
f 1545 1162 1551
f 1545 1161 1150
f 1545 2001 1551
f 1545 2001 1996
f 1545 1149 1150
f 1545 1149 1539
f 1994 2004 2026
f 1994 2026 2006
f 1994 1996 2006
f 1994 1989 1996
f 1098 1500 1107
f 1488 1097 1094
f 1488 1093 1094
f 1488 1093 1471
f 1488 1098 1097
f 1488 1098 1500
f 1488 1471 1926
f 1488 1941 1926
f 1919 1471 1926
f 1931 1901 1945
f 1931 1973 1957
f 1931 1945 1973
f 1461 1919 1471
f 1461 1919 1909
f 1461 1456 1897
f 1461 1909 1897
f 1461 1089 1088
f 1461 1089 1471
f 1883 1871 1865
f 1883 1871 1897
f 1084 1081 1456
f 1454 1076 1452
f 1454 1081 1456
f 1454 1452 1865
f 1454 1871 1865
f 1454 1456 1897
f 1454 1871 1897
f 1832 1845 1448
f 1832 1446 1826
f 1832 1446 1448
f 1832 1842 1826
f 1832 1845 1842
f 1861 1452 1865
f 1861 1883 1865
f 1928 2030 2020
f 1928 1916 2020
f 1928 1916 1923
f 1928 1951 1923
f 1928 2030 2054
f 1928 1951 2054
f 2070 1964 2073
f 2063 2065 2068
f 2063 2080 2068
f 2063 2078 2080
f 1742 2011 1368
f 1742 1240 1368
f 1742 1743 1240
f 579 154 143
f 628 190 622
f 628 661 190
f 618 179 622
f 618 179 613
f 807 290 799
f 807 290 810
f 287 791 799
f 287 290 799
f 287 292 282
f 287 292 290
f 113 119 109
f 141 136 146
f 141 145 146
f 1658 1638 1667
f 1658 1650 1667
f 1658 1650 1638
f 1644 1281 1263
f 1784 1786 1775
f 1784 1786 1800
f 1738 1700 1719
f 1738 1700 1752
f 1795 1740 1793
f 1762 1770 1806
f 1762 1795 1806
f 1762 1795 1740
f 1706 1693 1715
f 1706 1700 1693
f 1706 1752 1715
f 1706 1700 1752
f 1690 1719 1685
f 1690 1700 1719
f 1781 1439 1387
f 1364 1369 1535
f 1304 1292 1294
f 1101 1072 845
f 1283 1285 845
f 1168 1247 845
f 1168 1304 1247
f 1371 1376 1535
f 1371 1367 1535
f 1371 1101 1376
f 1371 1101 1367
f 1485 1334 1596
f 1157 1169 1153
f 1458 982 1271
f 1245 976 1178
f 1563 1565 1561
f 1563 1556 1561
f 1563 1648 1565
f 1591 1587 1593
f 1591 1587 1585
f 1591 1597 1593
f 1591 1585 1589
f 1591 1597 1589
f 1654 1565 1569
f 1654 1648 1565
f 1654 1573 1569
f 273 281 282
f 263 254 265
f 231 230 220
f 250 247 245
f 250 750 245
f 250 750 758
f 250 254 758
f 161 171 162
f 161 170 171
f 176 170 177
f 176 187 177
f 176 187 186
f 2085 2059 1954
f 2085 2092 1985
f 2085 1954 1985
f 1956 1972 1930
f 1922 1927 1915
f 1922 1913 1915
f 1922 1950 1954
f 1922 1950 1927
f 1944 1972 1930
f 1944 1972 1954
f 1944 1922 1954
f 1944 1922 1913
f 1900 1882 1859
f 1900 1944 1930
f 1900 1944 1913
f 2095 1992 2097
f 2095 2092 1985
f 2095 1992 1985
f 2015 2111 2106
f 2015 2111 2041
f 2007 1981 1894
f 2007 1915 2019
f 2007 1894 1915
f 1929 1851 1921
f 1929 1942 1857
f 1929 1851 1857
f 1892 1894 1915
f 1875 1894 1967
f 1875 1866 1967
f 1875 1892 1894
f 1953 1866 1967
f 1953 1942 1857
f 1953 1866 1857
f 1825 1443 1445
f 1846 1841 1859
f 1819 1797 1804
f 1819 1825 1841
f 1819 1846 1841
f 1819 1802 1797
f 1949 1499 1511
f 1949 1947 1499
f 1949 1965 1511
f 2152 2090 2169
f 2152 2088 2090
f 2152 2145 2088
f 2077 2129 2125
f 2077 2125 2075
f 2077 2129 2086
f 2077 2078 2086
f 2132 2138 2086
f 2132 2129 2086
f 2124 2125 2075
f 2124 2120 2075
f 2061 2120 2118
f 2061 2118 2051
f 2061 2120 2075
f 2061 2057 2075
f 2061 2037 2051
f 2061 2037 2057
f 2071 2057 2075
f 2071 2077 2075
f 2071 2077 2078
f 2071 2063 2078
f 2025 2047 2003
f 2025 1993 2003
f 2025 2005 2031
f 2025 2005 1993
f 1968 1979 1988
f 1968 1979 1965
f 1968 1523 1988
f 1968 1523 1511
f 1968 1965 1511
f 1848 1864 1451
f 1848 1449 1451
f 1848 1449 1844
f 1848 1859 1844
f 1848 1864 1859
f 1896 1453 1455
f 1896 1460 1455
f 2044 2050 2066
f 2044 2064 2066
f 2044 2032 2064
f 2044 2032 2018
f 2044 2050 2046
f 2044 2046 2018
f 1029 1026 1020
f 1029 1020 1023
f 1029 1318 1023
f 1029 1026 1035
f 1029 1035 1340
f 1029 1318 1340
f 702 224 698
f 702 709 224
f 313 311 1011
f 313 1063 1011
f 313 311 303
f 1242 1002 1011
f 1242 1063 1011
f 1242 1004 1002
f 1242 1264 1004
f 1242 1624 1264
f 1132 1242 1063
f 296 302 303
f 296 294 303
f 296 294 293
f 305 311 310
f 305 311 303
f 305 302 303
f 289 294 293
f 285 277 278
f 285 289 284
f 285 289 294
f 285 278 283
f 285 288 283
f 285 294 288
f 271 277 278
f 269 271 268
f 269 271 278
f 269 276 267
f 269 276 278
f 260 269 261
f 238 243 244
f 238 235 234
f 238 244 235
f 248 252 253
f 248 244 253
f 248 243 244
f 1256 1260 890
f 1256 1252 890
f 1256 1252 1274
f 1256 1270 1274
f 1266 1260 890
f 1266 1270 890
f 1266 1256 1260
f 1266 1256 1270
f 1329 1509 1507
f 1329 1509 1335
f 1311 1252 1249
f 1559 1553 1605
f 1559 1564 1605
f 1559 1557 1553
f 1559 1557 1564
f 1566 1649 1655
f 1566 1649 1605
f 1566 1564 1605
f 1566 1564 1562
f 1549 1557 1553
f 1549 1557 1457
f 1549 1547 1553
f 1549 1543 1457
f 1549 1543 1547
f 1102 879 880
f 1102 879 1073
f 1692 1594 1687
f 1692 1598 1699
f 1692 1594 1598
f 1645 1624 1264
f 1592 1594 1598
f 1592 1594 1588
f 1616 1629 1598
f 1616 1629 1624
f 1616 1242 1624
f 1824 1785 1839
f 1776 1817 1822
f 1776 1817 1771
f 1776 1824 1822
f 1776 1824 1785
f 1789 1839 1801
f 1789 1785 1801
f 1789 1785 1839
f 1856 1814 1850
f 1856 1814 1862
f 1816 1817 1771
f 1753 1707 1716
f 1753 1741 1716
f 1753 1758 1741
f 1763 1758 1741
f 1763 1796 1807
f 1763 1796 1741
f 1763 1758 1771
f 1763 1816 1807
f 1763 1816 1771
f 1045 1392 1042
f 1045 1392 1440
f 1823 1842 1826
f 1823 1811 1444
f 1823 1446 1826
f 1823 1446 1444
f 1041 1359 1036
f 1041 1038 1036
f 1041 1392 1359
f 1041 1392 1042
f 1058 1446 1061
f 1058 1446 1444
f 1058 1057 1444
f 1053 1054 1444
f 1053 1442 1444
f 1805 1811 1444
f 1805 1442 1444
f 1805 1442 1799
f 1027 1025 1030
f 1021 1030 1024
f 1021 1025 1030
f 1007 1017 1010
f 993 1000 991
f 1948 1962 1500
f 1948 1962 1960
f 1948 1960 1941
f 1948 1488 1941
f 1948 1488 1500
f 1966 1512 1969
f 1966 1962 1512
f 2038 2014 2042
f 2038 2028 2058
f 2038 2062 2058
f 2038 2042 2062
f 1998 2004 2028
f 1998 2004 1984
f 1998 2038 2028
f 1998 2038 2014
f 1998 1973 1984
f 1998 1991 1973
f 1998 1991 2014
f 2094 1986 2105
f 2094 2093 1986
f 2016 1991 2014
f 2016 1986 2105
f 2016 1991 1986
f 1858 1852 1854
f 1858 1852 1943
f 1858 1946 1943
f 222 226 225
f 219 222 218
f 219 222 226
f 219 210 216
f 219 224 216
f 219 226 224
f 197 201 200
f 197 192 201
f 178 184 174
f 178 184 183
f 193 184 183
f 193 192 201
f 193 184 191
f 193 191 199
f 193 201 199
f 204 209 210
f 204 201 200
f 204 210 201
f 125 129 130
f 125 123 122
f 125 130 123
f 157 164 158
f 157 151 158
f 546 116 540
f 546 549 116
f 1175 1291 1195
f 1175 1291 1173
f 1560 1291 1195
f 1560 1239 1195
f 1560 1555 2012
f 1560 1291 1555
f 1560 1239 1240
f 1560 1743 2012
f 1560 1743 1240
f 1980 1994 2004
f 1980 1966 1969
f 1980 1989 1969
f 1980 1994 1989
f 1980 1966 1962
f 1980 1960 2004
f 1980 1962 1960
f 1940 1919 1909
f 1940 1931 1957
f 1940 1919 1926
f 1940 1941 1926
f 1940 1960 1941
f 1940 1984 1957
f 1940 1960 1984
f 1912 1909 1897
f 1912 1883 1897
f 1912 1940 1909
f 1912 1940 1931
f 1912 1931 1901
f 1912 1883 1901
f 1085 1461 1088
f 1085 1461 1456
f 1085 1084 1456
f 1080 1454 1081
f 1062 1066 1448
f 1062 1446 1061
f 1062 1446 1448
f 1071 1076 1452
f 1071 1070 1452
f 1450 1070 1452
f 1450 1845 1448
f 1450 1070 1067
f 1450 1861 1452
f 1450 1861 1845
f 1450 1066 1067
f 1450 1066 1448
f 1860 1861 1883
f 1860 1901 1869
f 1860 1883 1901
f 1860 1861 1845
f 1860 1845 1842
f 1860 1847 1869
f 1860 1847 1842
f 1958 2070 2054
f 1958 1951 2054
f 1958 2070 1964
f 1958 1951 1955
f 1958 1964 1955
f 2043 2065 2049
f 2043 2063 2065
f 2043 2063 2031
f 2043 2031 2017
f 2043 2045 2049
f 2043 2045 2017
f 2055 2063 2031
f 2055 2025 2031
f 2055 2025 2047
f 2055 2071 2063
f 2055 2047 2057
f 2055 2071 2057
f 574 143 571
f 574 579 143
f 583 587 154
f 583 579 154
f 275 287 791
f 275 787 791
f 275 287 282
f 275 787 778
f 275 778 272
f 108 113 109
f 118 113 119
f 118 126 127
f 118 119 127
f 1623 1644 1650
f 1623 1650 1638
f 1623 1615 1628
f 1623 1638 1628
f 1623 1241 1263
f 1623 1241 1615
f 1777 1781 1797
f 1729 1738 1759
f 1729 1759 1340
f 1757 1762 1770
f 1757 1740 1752
f 1757 1762 1740
f 1683 1690 1685
f 1683 1685 1300
f 1675 1700 1667
f 1675 1690 1700
f 1675 1650 1667
f 1675 1683 1690
f 1675 1644 1650
f 1675 1644 1281
f 1675 1281 1300
f 1675 1683 1300
f 1808 1800 1813
f 1808 1802 1800
f 1791 1797 1804
f 1791 1781 1797
f 1342 1336 1535
f 1342 1346 1535
f 1342 1346 1336
f 1350 1354 1535
f 1350 1346 1535
f 1360 1354 1535
f 1360 1364 1535
f 1332 1336 1535
f 1332 1328 1535
f 1332 1328 1336
f 1326 1320 1535
f 1326 1328 1535
f 1302 1304 1090
f 1302 1304 1294
f 1302 843 1090
f 1302 843 1294
f 1310 1304 1090
f 1104 891 845
f 1104 1101 845
f 1402 1101 1072
f 1373 1369 1535
f 1251 1265 1292
f 1251 1304 1292
f 1251 1304 1247
f 1251 1247 845
f 1273 1292 1285
f 1273 1265 1292
f 1339 1334 1535
f 1339 1344 1535
f 1331 1324 1483
f 1331 1485 1483
f 1331 1485 1334
f 1331 1334 1135
f 1331 1153 1135
f 1331 1324 1153
f 1323 1324 1153
f 1323 1153 1178
f 1323 1478 1316
f 1323 1478 1324
f 1474 1478 1316
f 1480 1324 1483
f 1480 1478 1324
f 1308 1245 1178
f 1308 1245 1254
f 1308 1323 1316
f 1308 1323 1178
f 1308 1254 1271
f 1308 1296 1271
f 1287 1296 1271
f 973 1157 1169
f 973 972 1153
f 973 1157 1153
f 975 1169 1178
f 975 976 1178
f 1259 1261 980
f 1259 1261 1254
f 1259 978 980
f 1259 978 1254
f 1269 1254 1271
f 1269 1261 1254
f 1269 981 982
f 1269 982 1271
f 1269 981 980
f 1269 1261 980
f 1250 1245 1254
f 1250 1245 976
f 1250 978 976
f 1250 978 1254
f 1558 1556 1552
f 1558 1563 1556
f 1600 1558 1563
f 1600 1558 1552
f 1600 1552 1546
f 1600 1540 1596
f 1600 1540 1546
f 1660 1573 1671
f 1660 1654 1573
f 236 246 247
f 274 273 262
f 274 263 262
f 274 273 282
f 274 275 272
f 274 275 282
f 274 272 265
f 274 263 265
f 255 263 262
f 213 202 212
f 213 205 211
f 213 215 211
f 229 231 227
f 229 239 736
f 229 715 736
f 229 715 227
f 159 162 152
f 159 161 162
f 1939 1947 1925
f 1939 1956 1930
f 1983 1972 1997
f 1983 1956 1972
f 1983 1997 2003
f 1983 1939 1956
f 2104 2015 2106
f 2104 2015 2097
f 1999 1992 2097
f 1999 2015 2097
f 2013 2037 1997
f 2013 1999 2015
f 2013 2037 2041
f 2013 2015 2041
f 1831 1447 1445
f 1831 1825 1445
f 1831 1447 1844
f 1831 1841 1844
f 1831 1825 1841
f 1877 1900 1913
f 1877 1846 1853
f 1877 1875 1892
f 1877 1913 1915
f 1877 1892 1915
f 1877 1866 1853
f 1877 1875 1866
f 1812 1804 1443
f 1812 1825 1443
f 1829 1819 1802
f 1829 1808 1802
f 1829 1819 1846
f 1959 1979 1965
f 1959 1949 1965
f 1959 1979 2003
f 1959 1983 2003
f 1959 1949 1947
f 1959 1939 1947
f 1959 1983 1939
f 1870 1864 1453
f 1870 1896 1453
f 1870 1864 1882
f 1870 1896 1882
f 326 1063 329
f 326 313 1063
f 326 321 329
f 326 321 315
f 326 301 315
f 326 313 303
f 326 301 300
f 326 294 303
f 326 294 300
f 844 1063 329
f 844 1132 1063
f 844 1457 329
f 844 1132 1457
f 1146 1572 1457
f 1146 1132 1457
f 1146 1132 1242
f 280 285 284
f 280 285 277
f 266 269 267
f 266 764 259
f 266 261 259
f 266 269 261
f 266 766 764
f 266 766 773
f 266 773 267
f 257 260 261
f 257 252 253
f 257 261 253
f 264 269 268
f 264 260 269
f 1293 1252 1274
f 1293 1311 1252
f 1325 1158 1321
f 1325 1158 1329
f 1307 1494 1303
f 1307 1293 1311
f 1570 1574 1655
f 1570 1566 1655
f 1570 1572 1574
f 1568 1566 1562
f 1568 1457 1562
f 1568 1572 1457
f 1568 1570 1572
f 1568 1570 1566
f 1541 1599 1536
f 1541 1457 1536
f 1541 1543 1457
f 1541 1543 1547
f 1541 1599 1605
f 1541 1547 1605
f 1100 1073 829
f 1375 1457 1536
f 1179 1311 1249
f 1179 1311 1321
f 1179 1158 1321
f 1404 1102 1073
f 1662 1264 1282
f 1662 1645 1264
f 1590 1592 1598
f 1590 1616 1598
f 1590 1616 1242
f 1590 1146 1242
f 1809 1814 1801
f 1809 1803 1801
f 1809 1828 1814
f 1809 1828 1835
f 1820 1847 1842
f 1820 1805 1799
f 1820 1805 1811
f 1820 1823 1842
f 1820 1823 1811
f 1874 1814 1862
f 1874 1828 1814
f 1838 1828 1899
f 1838 1902 1899
f 1838 1852 1902
f 1838 1852 1835
f 1838 1828 1835
f 1726 1319 1341
f 1798 1820 1799
f 1798 1820 1803
f 1046 1049 1440
f 1046 1045 1440
f 1050 1442 1049
f 1050 1053 1442
f 1031 1033 1036
f 1031 1030 1036
f 1031 1027 1030
f 1019 1021 1024
f 1019 1017 1024
f 1019 1014 1017
f 1005 1007 1010
f 1005 1004 1010
f 1005 998 1004
f 1012 1014 1017
f 1012 1007 1017
f 996 1000 1004
f 996 993 1000
f 996 998 1004
f 2107 2016 2105
f 1863 1867 1946
f 1863 1858 1946
f 1863 1867 1854
f 1863 1858 1854
f 214 219 218
f 214 209 210
f 214 219 210
f 188 193 183
f 188 193 192
f 135 139 140
f 135 130 140
f 135 129 130
f 142 148 140
f 142 139 140
f 142 147 148
f 163 164 175
f 1077 1454 1076
f 1077 1080 1454
f 107 29 1
f 107 109 29
f 107 108 109
f 1633 1644 1263
f 1633 1623 1263
f 1633 1623 1644
f 1768 1777 1781
f 1768 1738 1759
f 1768 1738 1752
f 1768 1777 1752
f 1779 1802 1797
f 1779 1777 1797
f 1779 1784 1800
f 1779 1802 1800
f 1779 1784 1775
f 1779 1770 1775
f 1779 1757 1770
f 1779 1777 1752
f 1779 1757 1752
f 1725 1738 1719
f 1725 1729 1738
f 1725 1719 1318
f 1725 1318 1340
f 1725 1729 1340
f 1787 1804 1441
f 1787 1791 1804
f 1787 1439 1441
f 1112 1350 1346
f 1112 1350 1354
f 1314 1310 1304
f 1314 1168 1320
f 1314 1168 1304
f 1314 1310 1090
f 1314 1542 1090
f 1314 1320 1542
f 1110 1104 891
f 1357 1352 1535
f 1357 1110 1352
f 1357 1110 1104
f 1436 1437 1535
f 1436 1072 1437
f 1408 1412 1535
f 1408 1402 1535
f 1408 1412 1072
f 1408 1402 1072
f 1377 1381 1535
f 1377 1373 1535
f 1257 1265 845
f 1257 1251 845
f 1257 1251 1265
f 1275 1283 1285
f 1275 1273 1285
f 1275 1283 845
f 1275 1273 845
f 1267 1265 845
f 1267 1273 845
f 1267 1273 1265
f 1298 1308 1296
f 1468 1308 1466
f 1468 1308 1474
f 1313 1474 1316
f 1313 1308 1316
f 1313 1308 1474
f 1279 1287 1459
f 1279 1287 1271
f 1462 1287 1459
f 971 1153 1135
f 971 970 1135
f 971 972 1153
f 974 973 1169
f 974 975 1169
f 1642 1563 1648
f 1642 1600 1563
f 237 236 247
f 237 247 239
f 237 236 230
f 237 231 230
f 237 229 239
f 237 229 231
f 256 255 246
f 256 246 247
f 256 255 263
f 256 263 254
f 256 250 254
f 256 250 247
f 221 220 212
f 221 213 212
f 221 231 220
f 221 213 215
f 221 215 227
f 221 231 227
f 203 213 202
f 203 195 202
f 203 205 194
f 203 213 205
f 1908 1896 1460
f 1990 1972 1997
f 1990 2013 1997
f 1990 2013 1999
f 1990 1999 1992
f 1990 1992 1985
f 1990 1954 1985
f 1990 1972 1954
f 1868 1900 1859
f 1868 1877 1900
f 1868 1846 1859
f 1868 1877 1846
f 1810 1819 1825
f 1810 1812 1825
f 1810 1819 1804
f 1810 1812 1804
f 1827 1808 1813
f 1827 1873 1813
f 1827 1873 1884
f 1827 1837 1884
f 1834 1851 1853
f 1834 1851 1837
f 1834 1846 1853
f 1834 1829 1846
f 1834 1827 1837
f 1834 1829 1808
f 1834 1827 1808
f 1284 1486 1288
f 1284 1293 1274
f 1284 1293 1288
f 1297 1494 1303
f 1297 1307 1303
f 1297 1307 1293
f 1490 1297 1293
f 1490 1486 1288
f 1490 1293 1288
f 1498 1501 1311
f 1498 1307 1311
f 1505 1325 1321
f 1505 1329 1507
f 1505 1325 1329
f 1315 1311 1321
f 1315 1501 1321
f 1315 1501 1311
f 1401 1407 1536
f 1401 1407 1073
f 1401 1100 1073
f 1378 1383 1536
f 1378 1375 1536
f 1378 1100 1383
f 1378 1375 1100
f 1111 881 880
f 1111 1102 880
f 1111 1127 1347
f 1244 890 1249
f 1244 1179 1249
f 1244 1179 890
f 889 1179 890
f 1140 1158 1329
f 1140 1127 1133
f 1410 1416 1536
f 1410 1416 1073
f 1365 1102 1362
f 1365 1372 1102
f 1365 1362 1536
f 1365 1372 1536
f 1380 1382 1536
f 1380 1102 1382
f 1380 1372 1102
f 1337 1536 1335
f 1337 1329 1335
f 1337 1140 1329
f 1337 1140 1127
f 1435 1438 1536
f 1435 1438 1073
f 1434 1432 1073
f 1434 1438 1073
f 1434 1432 1536
f 1434 1438 1536
f 1426 1432 1073
f 1426 1423 1073
f 1426 1432 1536
f 1426 1423 1536
f 1418 1416 1536
f 1418 1423 1536
f 1418 1416 1073
f 1418 1423 1073
f 1668 1731 1724
f 1668 1724 1639
f 1668 1731 1765
f 1668 1765 1694
f 1578 1584 1580
f 1586 1580 1588
f 1586 1584 1580
f 1586 1592 1588
f 1586 1590 1592
f 1586 1590 1584
f 1830 1820 1803
f 1830 1809 1835
f 1830 1809 1803
f 1830 1847 1835
f 1830 1820 1847
f 1885 1828 1899
f 1885 1874 1828
f 1760 1359 1341
f 1708 1301 1319
f 2023 2107 2109
f 2023 2107 2016
f 2023 2109 2112
f 2023 2112 2042
f 2023 2014 2042
f 2023 2016 2014
f 160 157 164
f 160 163 164
f 172 174 175
f 172 163 175
f 1773 1768 1759
f 1773 1358 1387
f 1773 1358 1759
f 1773 1781 1387
f 1773 1768 1781
f 1783 1791 1781
f 1783 1787 1791
f 1783 1781 1439
f 1783 1787 1439
f 1134 1328 1336
f 1099 1360 1354
f 1099 1112 1354
f 1099 1360 1364
f 1099 1364 1369
f 1099 1373 1369
f 1099 1377 1373
f 1099 1377 1381
f 1099 1072 845
f 1099 1112 845
f 967 1110 891
f 1126 970 968
f 1126 970 1135
f 1126 967 968
f 1126 1339 1344
f 1126 1110 1352
f 1126 1334 1135
f 1126 1339 1334
f 1361 1357 1104
f 1361 1101 1367
f 1361 1104 1101
f 1361 1367 1535
f 1361 1357 1535
f 1424 1428 1072
f 1424 1420 1072
f 1424 1428 1535
f 1424 1420 1535
f 1415 1412 1535
f 1415 1420 1535
f 1415 1412 1072
f 1415 1420 1072
f 1431 1428 1535
f 1431 1436 1535
f 1431 1428 1072
f 1431 1436 1072
f 1394 1402 1101
f 1394 1391 1101
f 1394 1402 1535
f 1394 1391 1535
f 1384 1391 1535
f 1384 1391 1101
f 1417 1421 1072
f 1417 1421 1535
f 1403 1099 1072
f 1403 1099 1397
f 1403 1397 1535
f 1306 1308 1466
f 1306 1298 1308
f 1465 1306 1466
f 1465 1306 1298
f 1465 1464 1296
f 1465 1298 1296
f 1277 1458 1459
f 1277 1279 1459
f 1277 1458 1271
f 1277 1279 1271
f 1289 1464 1296
f 1289 1287 1296
f 1289 1462 1287
f 196 203 195
f 196 195 186
f 196 187 186
f 196 203 194
f 196 190 194
f 196 187 190
f 1918 1908 1939
f 1918 1470 1460
f 1918 1908 1460
f 1911 1908 1896
f 1911 1896 1882
f 1911 1939 1930
f 1911 1908 1939
f 1911 1900 1930
f 1911 1900 1882
f 1484 1284 1486
f 1492 1297 1494
f 1492 1490 1297
f 1495 1307 1494
f 1495 1498 1307
f 1503 1501 1321
f 1503 1505 1321
f 1295 1305 1457
f 1295 1286 1457
f 1295 1272 1286
f 1248 1295 1305
f 1248 1253 829
f 1154 1136 829
f 1411 1407 1073
f 1411 1419 1073
f 1411 1407 1536
f 1411 1419 1536
f 1393 1401 1100
f 1393 1401 1536
f 1366 1363 1457
f 1366 1363 1100
f 883 884 1133
f 883 1127 1133
f 883 1111 881
f 883 1111 1127
f 1353 1111 1102
f 1353 1111 1347
f 1353 1347 1536
f 1167 1179 1158
f 1167 889 1179
f 1167 889 887
f 1167 887 1158
f 886 887 1158
f 1399 1404 1102
f 1399 1396 1102
f 1399 1404 1536
f 1399 1396 1536
f 1390 1396 1536
f 1390 1396 1102
f 1406 1404 1536
f 1406 1410 1536
f 1406 1404 1073
f 1406 1410 1073
f 1374 1372 1536
f 1374 1380 1536
f 1374 1380 1372
f 1345 1347 1536
f 1345 1337 1536
f 1345 1127 1347
f 1345 1337 1127
f 1651 1662 1645
f 1651 1624 1639
f 1651 1645 1624
f 1576 1580 1574
f 1576 1578 1580
f 1576 1572 1574
f 1576 1146 1572
f 1576 1578 1146
f 1582 1578 1146
f 1582 1578 1584
f 1582 1590 1146
f 1582 1590 1584
f 1730 1726 1341
f 1730 1760 1341
f 1774 1392 1359
f 1774 1760 1359
f 1701 1753 1707
f 1701 1707 1694
f 1701 1668 1694
f 1739 1730 1726
f 1739 1701 1753
f 1739 1701 1708
f 1739 1730 1760
f 1686 1708 1301
f 1124 1134 1336
f 1124 1346 1336
f 1124 1112 1346
f 1124 1112 845
f 1124 1134 845
f 1152 1134 845
f 1152 1168 845
f 1152 1168 1320
f 1152 1326 1320
f 1152 1326 1328
f 1152 1134 1328
f 1113 967 1110
f 1113 1126 1110
f 1113 1126 967
f 1349 1126 1352
f 1349 1126 1344
f 1349 1352 1535
f 1349 1344 1535
f 1379 1101 1376
f 1379 1384 1101
f 1379 1376 1535
f 1379 1384 1535
f 1425 1421 1072
f 1425 1429 1072
f 1425 1421 1535
f 1425 1429 1535
f 1433 1437 1535
f 1433 1429 1535
f 1433 1072 1437
f 1433 1429 1072
f 1413 1409 1535
f 1413 1417 1535
f 1413 1409 1072
f 1413 1417 1072
f 1405 1409 1072
f 1405 1403 1072
f 1405 1409 1535
f 1405 1403 1535
f 1463 1289 1464
f 1463 1289 1462
f 1920 1470 1925
f 1920 1918 1470
f 1920 1939 1925
f 1920 1918 1939
f 1278 1284 1274
f 1278 1484 1284
f 1268 1272 1457
f 1268 1272 1262
f 1268 1457 829
f 1268 1262 829
f 1276 1286 1457
f 1276 1272 1457
f 1276 1272 1286
f 1246 1248 829
f 1258 1248 1253
f 1258 1248 1295
f 1258 1262 829
f 1258 1253 829
f 1258 1272 1262
f 1258 1295 1272
f 1156 1170 829
f 1156 1154 829
f 1422 1419 1073
f 1422 1427 1073
f 1422 1419 1536
f 1422 1427 1536
f 1430 1435 1536
f 1430 1427 1536
f 1430 1435 1073
f 1430 1427 1073
f 1389 1383 1536
f 1389 1393 1536
f 1389 1100 1383
f 1389 1393 1100
f 1370 1375 1100
f 1370 1366 1100
f 1370 1375 1457
f 1370 1366 1457
f 1330 1154 1136
f 1330 1338 1136
f 1330 1338 1457
f 1355 1362 1536
f 1355 1353 1536
f 1355 1102 1362
f 1355 1353 1102
f 885 886 1140
f 885 884 1133
f 885 1140 1133
f 1151 1140 1158
f 1151 886 1158
f 1151 886 1140
f 1386 1102 1382
f 1386 1390 1102
f 1386 1382 1536
f 1386 1390 1536
f 1659 1668 1662
f 1659 1651 1662
f 1659 1668 1639
f 1659 1651 1639
f 1782 1392 1440
f 1782 1774 1392
f 1782 1778 1798
f 1780 1776 1785
f 1780 1776 1771
f 1780 1785 1801
f 1780 1803 1801
f 1780 1798 1803
f 1780 1778 1798
f 1780 1758 1771
f 1780 1753 1758
f 1780 1778 1753
f 1720 1739 1726
f 1720 1739 1708
f 1720 1726 1319
f 1720 1708 1319
f 1676 1301 1282
f 1676 1686 1301
f 1676 1662 1282
f 1676 1668 1662
f 1676 1701 1668
f 1395 1099 1397
f 1395 1388 1099
f 1395 1397 1535
f 1395 1388 1535
f 1385 1381 1535
f 1385 1388 1535
f 1385 1099 1381
f 1385 1388 1099
f 1482 1278 1484
f 1482 1274 1481
f 1482 1278 1274
f 1177 1170 829
f 1177 1246 829
f 1177 1246 1170
f 1322 1156 1154
f 1125 1136 829
f 1125 1338 1136
f 1356 1363 1100
f 1356 1363 1457
f 1788 1799 1440
f 1788 1782 1440
f 1769 1782 1774
f 1769 1782 1778
f 1769 1774 1760
f 1769 1739 1760
f 1769 1778 1753
f 1769 1739 1753
f 1691 1676 1701
f 1691 1676 1686
f 1691 1701 1708
f 1691 1686 1708
f 1327 1330 1154
f 1327 1322 1154
f 1327 1330 1457
f 1327 1322 1457
f 1317 1156 1170
f 1317 1322 1156
f 1317 1322 1457
f 1343 1125 1338
f 1343 1125 1348
f 1343 1338 1457
f 1343 1348 1457
f 1114 1125 1348
f 1114 1125 829
f 1792 1798 1799
f 1792 1788 1799
f 1792 1782 1798
f 1792 1788 1782
f 1312 1248 1305
f 1312 1246 1248
f 1312 1305 1457
f 1312 1317 1457
f 1312 1246 1170
f 1312 1317 1170
f 1351 1114 1348
f 1351 1114 1356
f 1351 1348 1457
f 1351 1356 1457
f 1105 1100 829
f 1105 1356 1100
f 1109 1114 829
f 1109 1105 829
f 1109 1114 1356
f 1109 1105 1356
f 106 540 442
f 106 105 442
f 2137 2090 2136
f 2137 2090 2091
f 2137 2180 2169
f 2137 2136 2169
f 2083 2090 2091
f 2083 2090 2082
f 2080 2083 2082
f 2080 2083 2081
f 2069 2065 2068
f 2069 2065 2066
f 2069 2080 2081
f 2069 2080 2068
f 2022 2011 2021
f 2022 2011 2012
f 2050 2065 2066
f 2050 2065 2049
f 2045 2050 2049
f 2045 2050 2046
f 2045 2022 2021
f 2045 2022 2046
f 104 28 1
f 104 29 1
f 104 65 105
f 104 106 105
f 104 29 65
f 104 66 28
f 1742 2011 2012
f 1742 1743 2012
f 172 142 147
f 172 1044 1048
f 172 236 230
f 172 28 1
f 172 1148 1142
f 172 257 252
f 172 1220 1196
f 172 1239 1195
f 172 1162 1165
f 172 1026 1032
f 172 1174 1196
f 172 1046 1049
f 172 986 323
f 172 1075 1079
f 172 1060 1065
f 172 1108 1107
f 172 1038 1033
f 172 323 322
f 172 1175 1195
f 172 1098 1107
f 172 1172 1164
f 172 1106 1096
f 172 997 1006
f 172 197 200
f 172 1160 1164
f 172 125 122
f 172 295 291
f 172 273 262
f 172 220 212
f 172 1069 1065
f 172 202 212
f 172 1052 1048
f 172 1174 1172
f 172 1092 1096
f 172 989 991
f 172 1005 998
f 172 117 122
f 172 1220 1240
f 172 1144 1143
f 172 1131 1143
f 172 297 322
f 172 141 136
f 172 1075 1069
f 172 1129 1142
f 172 1083 1079
f 172 1160 1148
f 172 1239 1240
f 172 1052 1056
f 172 1060 1056
f 172 236 246
f 172 1037 1032
f 172 296 293
f 172 289 284
f 172 222 218
f 172 178 174
f 172 112 28
f 172 1166 1165
f 172 1130 1118
f 172 1117 1118
f 172 1093 1094
f 172 1089 1088
f 172 195 186
f 172 145 152
f 172 230 220
f 172 1062 1061
f 172 1129 1116
f 172 1106 1116
f 172 1083 1087
f 172 1092 1087
f 172 992 986
f 172 1013 1006
f 172 989 310
f 172 305 310
f 172 271 268
f 172 248 252
f 172 1058 1061
f 172 1041 1042
f 172 993 991
f 172 232 234
f 172 135 129
f 172 114 117
f 172 1149 1150
f 172 1161 1150
f 172 1131 1130
f 172 1097 1094
f 172 1108 1117
f 172 1089 1093
f 172 1085 1088
f 172 160 157
f 172 126 136
f 172 1071 1076
f 172 295 297
f 172 281 291
f 172 255 262
f 172 992 997
f 172 1037 1040
f 172 1044 1040
f 172 1013 1020
f 172 1026 1020
f 172 176 186
f 172 159 152
f 172 238 234
f 172 264 268
f 172 1057 1054
f 172 1050 1049
f 172 1031 1033
f 172 232 225
f 172 214 218
f 172 996 998
f 172 204 200
f 172 151 147
f 172 112 114
f 172 1166 1173
f 172 1144 1149
f 172 1162 1161
f 172 1098 1097
f 172 1084 1081
f 172 1066 1067
f 172 1070 1067
f 172 195 202
f 172 1077 1076
f 172 141 145
f 172 273 281
f 172 118 126
f 172 161 170
f 172 176 170
f 172 296 302
f 172 305 302
f 172 289 293
f 172 271 277
f 172 280 284
f 172 238 243
f 172 248 243
f 172 1045 1042
f 172 1041 1038
f 172 1058 1057
f 172 1053 1054
f 172 1027 1025
f 172 1021 1025
f 172 1019 1014
f 172 1012 1014
f 172 222 225
f 172 197 192
f 172 178 183
f 172 204 209
f 172 188 183
f 172 125 129
f 172 157 151
f 172 1175 1173
f 172 1085 1084
f 172 1080 1081
f 172 1062 1066
f 172 1071 1070
f 172 108 113
f 172 118 113
f 172 255 246
f 172 159 161
f 172 280 277
f 172 257 260
f 172 264 260
f 172 1046 1045
f 172 1050 1053
f 172 1031 1027
f 172 1019 1021
f 172 1005 1007
f 172 1012 1007
f 172 996 993
f 172 214 209
f 172 188 192
f 172 135 139
f 172 142 139
f 172 107 1
f 172 1077 1080
f 172 107 108
f 172 160 163
f 1482 2128 2130
f 1482 2121 2119
f 1482 2129 2125
f 1482 2180 2169
f 1482 1509 1507
f 1482 540 442
f 1482 575 582
f 1482 2029 2019
f 1482 1480 1483
f 1482 2149 2180
f 1482 778 769
f 1482 890 1481
f 1482 1680 1671
f 1482 881 880
f 1482 1902 1899
f 1482 1723 1709
f 1482 750 736
f 1482 1766 1793
f 1482 2085 2092
f 1482 2124 2125
f 1482 684 698
f 1482 2094 2105
f 1482 541 442
f 1482 821 839
f 1482 1946 1961
f 1482 787 791
f 1482 1462 1459
f 1482 1698 1709
f 1482 764 754
f 1482 627 617
f 1482 2141 2130
f 1482 1970 1961
f 1482 889 890
f 1482 567 571
f 1482 681 687
f 1482 605 597
f 1482 758 769
f 1482 610 617
f 1482 1723 1764
f 1482 592 582
f 1482 846 839
f 1482 1600 1596
f 1482 662 666
f 1482 674 666
f 1482 745 754
f 1482 2104 2106
f 1482 1505 1507
f 1482 1765 1767
f 1482 2128 2126
f 1482 2123 2126
f 1482 1796 1794
f 1482 2149 2141
f 1482 2030 2020
f 1482 546 540
f 1482 618 622
f 1482 701 687
f 1482 573 565
f 1482 608 599
f 1482 1836 1821
f 1482 1843 1849
f 1482 1873 1884
f 1482 1766 1764
f 1482 1855 1849
f 1482 1885 1899
f 1482 975 976
f 1482 1795 1793
f 1482 2095 2092
f 1482 2007 2019
f 1482 2111 2113
f 1482 815 836
f 1482 766 773
f 1482 786 793
f 1482 745 728
f 1482 879 836
f 1482 1649 1605
f 1482 1794 1767
f 1482 1710 1699
f 1482 1692 1699
f 1482 1731 1724
f 1482 2008 2020
f 1482 2121 2123
f 1482 2114 2119
f 1482 542 551
f 1482 561 551
f 1482 587 597
f 1482 628 622
f 1482 791 799
f 1482 715 736
f 1482 575 573
f 1482 556 565
f 1482 1815 1821
f 1482 891 846
f 1482 1898 1921
f 1482 1660 1671
f 1482 1953 1967
f 1482 2115 2113
f 1482 2132 2138
f 1482 1684 1698
f 1482 815 806
f 1482 786 773
f 1482 662 627
f 1482 797 793
f 1482 1649 1655
f 1482 1599 1605
f 1482 702 698
f 1482 1687 1672
f 1482 1710 1724
f 1482 1661 1672
f 1482 1839 1850
f 1482 1824 1822
f 1482 1817 1822
f 1482 1943 1924
f 1482 2008 1987
f 1482 1970 1987
f 1482 1902 1924
f 1482 1816 1807
f 1482 2030 2054
f 1482 541 542
f 1482 567 561
f 1482 2070 2073
f 1482 661 672
f 1482 681 672
f 1482 605 613
f 1482 821 810
f 1482 807 799
f 1482 701 715
f 1482 750 758
f 1482 610 608
f 1482 592 599
f 1482 1843 1836
f 1482 1815 1806
f 1482 1873 1855
f 1482 1898 1884
f 1482 1485 1596
f 1482 2107 2105
f 1482 981 980
f 1482 1458 1459
f 1482 2059 2053
f 1482 2029 2053
f 1482 1981 1967
f 1482 1929 1921
f 1482 2145 2138
f 1482 2152 2169
f 1482 2111 2106
f 1482 2115 2118
f 1482 2120 2118
f 1482 1684 1680
f 1482 766 764
f 1482 797 806
f 1482 674 684
f 1482 709 728
f 1482 1465 1466
f 1482 1599 1595
f 1482 1509 1595
f 1482 879 880
f 1482 1661 1655
f 1482 1731 1765
f 1482 1856 1850
f 1482 1796 1807
f 1482 2093 2073
f 1482 1946 1943
f 1482 549 556
f 1482 2114 2112
f 1482 2070 2054
f 1482 574 571
f 1482 628 661
f 1482 618 613
f 1482 807 810
f 1482 787 778
f 1482 1795 1806
f 1482 1485 1483
f 1482 583 587
f 1482 973 972
f 1482 1468 1466
f 1482 981 982
f 1482 1458 982
f 1482 1654 1648
f 1482 2085 2059
f 1482 2095 2097
f 1482 2007 1981
f 1482 1929 1942
f 1482 1953 1942
f 1482 2152 2145
f 1482 2132 2129
f 1482 2124 2120
f 1482 702 709
f 1482 1492 1494
f 1482 1692 1687
f 1482 1824 1839
f 1482 1856 1862
f 1482 1816 1817
f 1482 2109 2112
f 1482 2094 2093
f 1482 546 549
f 1482 574 579
f 1482 583 579
f 1482 1474 1478
f 1482 1480 1478
f 1482 967 891
f 1482 978 980
f 1482 970 968
f 1482 978 976
f 1482 971 972
f 1482 974 973
f 1482 1660 1654
f 1482 2104 2097
f 1482 1642 1648
f 1482 885 884
f 1482 1503 1501
f 1482 883 884
f 1482 1874 1862
f 1482 2107 2109
f 1482 1468 1474
f 1482 1463 1464
f 1482 971 970
f 1482 974 975
f 1482 1642 1600
f 1482 1490 1486
f 1482 1498 1501
f 1482 1495 1494
f 1482 889 887
f 1482 1885 1874
f 1482 967 968
f 1482 1465 1464
f 1482 1484 1486
f 1482 1492 1490
f 1482 1495 1498
f 1482 1503 1505
f 1482 883 881
f 1482 886 887
f 1482 1463 1462
f 1482 885 886
