v -0.0123 -0.080999002 -0.0
v -0.0123 -0.080996968 -3.3868e-05
v -0.0123 -0.080979727 0.000201704
v -0.0123 -0.080977254 -0.000218985
v -0.0123 -0.080944158 0.000395454
v -0.0123 -0.080942415 -0.000403072
v -0.0123 -0.080894746 0.000576192
v -0.0123 -0.080891117 -0.000587445
v -0.0123 -0.080831349 0.000750272
v -0.0123 -0.080821961 -0.000772749
v -0.0123 -0.080752388 0.00092253
v -0.0123 -0.080742247 -0.000942317
v -0.0123 -0.080656104 0.001095438
v -0.0123 -0.080641024 -0.001119986
v -0.0123 -0.08053755 0.001274915
v -0.0123 -0.080514647 -0.001306519
v -0.0123 -0.080393434 0.001460974
v -0.0123 -0.080358423 -0.001502369
v -0.0123 -0.080218181 0.001656014
v -0.0123 -0.080160074 -0.001715195
v -0.0123 -0.079999067 0.00186739
v -0.0123 -0.079907253 -0.001947847
v -0.0123 -0.07967446 0.00213562
v -0.0123 -0.079578228 -0.002207487
v -0.0123 -0.079268716 0.002420498
v -0.0123 -0.079113305 -0.002518598
v -0.0123 -0.078682274 0.0027665
v -0.0123 -0.078536473 -0.002843637
v -0.0123 -0.077858508 0.003167352
v -0.0123 -0.077772401 -0.003204924
v -0.0123 -0.076693058 0.003624951
v -0.0123 -0.076583371 -0.00366317
v -0.0123 -0.074856289 0.004185641
v -0.0123 -0.074853614 -0.004186355
v -0.0123 -0.071999997 -0.004827807
v -0.0123 -0.071999997 0.004827807
v -0.012299814 -0.081018299 -0.0
v -0.012299814 -0.08100979 -0.000112228
v -0.012299814 -0.080991477 -0.000253179
v -0.012299814 -0.080964707 -0.000391976
v -0.012299814 -0.080928981 -0.000530068
v -0.012299814 -0.080883637 -0.000668412
v -0.012299814 -0.080828026 -0.000807386
v -0.012299814 -0.080767184 -0.000935868
v -0.012299814 -0.080694377 -0.001068811
v -0.012299814 -0.080607451 -0.001207621
v -0.012299814 -0.080506608 -0.001349436
v -0.012299814 -0.080386713 -0.001498715
v -0.012299814 -0.080241613 -0.00165933
v -0.012299814 -0.08006794 -0.001830391
v -0.012299814 -0.079858825 -0.002013734
v -0.012299814 -0.079601601 -0.002214208
v -0.012299814 -0.079264477 -0.002446187
v -0.012299814 -0.078869574 -0.002684847
v -0.012299814 -0.0783666 -0.002951307
v -0.012299814 -0.077734753 -0.003241946
v -0.012299814 -0.076855078 -0.003587599
v -0.012299814 -0.075674117 -0.003975005
v -0.012299814 -0.074196994 -0.004373745
v -0.012299814 -0.071999997 -0.00484743
v -0.012298677 -0.08104147 0.000118421
v -0.012298677 -0.081022792 0.000260917
v -0.012298677 -0.080995575 0.000401185
v -0.012298677 -0.080959216 0.000541189
v -0.012298677 -0.080913007 0.000681709
v -0.012298677 -0.080856308 0.000822901
v -0.012298677 -0.080794416 0.00095323
v -0.012298677 -0.080720499 0.001087819
v -0.012298677 -0.080632351 0.00122821
v -0.012298677 -0.080529913 0.001371912
v -0.012298677 -0.080408625 0.001522566
v -0.012298677 -0.080261536 0.001684966
v -0.012298677 -0.08008454 0.001858876
v -0.012298677 -0.079874478 0.002042584
v -0.012298677 -0.079617754 0.002242227
v -0.012298677 -0.079281941 0.002473148
v -0.012298677 -0.078884937 0.002713093
v -0.012298677 -0.078381084 0.002980006
v -0.012298677 -0.077747412 0.003271493
v -0.012298677 -0.076866083 0.003617802
v -0.012298677 -0.075683281 0.004005816
v -0.012298677 -0.074204594 0.004404978
v -0.012298677 -0.071999997 0.004880155
v -0.012296797 -0.0810702 -0.000118232
v -0.012296797 -0.081051417 -0.000262832
v -0.012296797 -0.081023932 -0.000405321
v -0.012296797 -0.080987245 -0.00054712
v -0.012296797 -0.080940701 -0.000689149
v -0.012296797 -0.080883637 -0.00083173
v -0.012296797 -0.080821291 -0.000963412
v -0.012296797 -0.080746762 -0.001099487
v -0.012296797 -0.080657929 -0.001241351
v -0.012296797 -0.080555044 -0.001386033
v -0.012296797 -0.080432959 -0.001538051
v -0.012296797 -0.080285475 -0.001701301
v -0.012296797 -0.080109291 -0.001874838
v -0.012296797 -0.079897545 -0.002060488
v -0.012296797 -0.079637557 -0.002263124
v -0.012296797 -0.079297386 -0.002497203
v -0.012296797 -0.078899555 -0.002737637
v -0.012296797 -0.078393541 -0.003005712
v -0.012296797 -0.077758655 -0.003297753
v -0.012296797 -0.076875716 -0.003644696
v -0.012296797 -0.075691491 -0.004033176
v -0.012296797 -0.074211411 -0.004432718
v -0.012296383 -0.081084095 -0.0
v -0.01229606 -0.071999997 -0.004918087
v -0.012296058 -0.071999997 0.004918103
v -0.012293936 -0.081109114 -0.0
v -0.012293936 -0.081099734 0.000124285
v -0.012293936 -0.081080586 0.000270293
v -0.012293936 -0.081052683 0.00041411
v -0.012293936 -0.081015401 0.000557689
v -0.012293936 -0.080968015 0.000701767
v -0.012293936 -0.080909923 0.000846443
v -0.012293936 -0.080846563 0.00097986
v -0.012293936 -0.080770992 0.001117465
v -0.012293936 -0.080681004 0.001260796
v -0.012293936 -0.080576591 0.001407266
v -0.012293936 -0.08045318 0.001560554
v -0.012293936 -0.080303796 0.001725496
v -0.012293936 -0.080124356 0.00190181
v -0.012293936 -0.079911776 0.002087728
v -0.012293936 -0.079652406 0.002289425
v -0.012293936 -0.079313681 0.002522348
v -0.012293936 -0.078913853 0.00276401
v -0.012293936 -0.078407072 0.003032476
v -0.012293936 -0.077770464 0.003325318
v -0.012293936 -0.076885983 0.003672871
v -0.012293936 -0.075700037 0.00406192
v -0.012293936 -0.074218497 0.004461855
v -0.012290078 -0.081139706 -0.0
v -0.012290078 -0.081130445 -0.00012422
v -0.012290078 -0.081111185 -0.000272457
v -0.012290078 -0.081082985 -0.000418628
v -0.012290078 -0.081045344 -0.000564124
v -0.012290078 -0.080997594 -0.000709828
v -0.012290078 -0.080939092 -0.000856005
v -0.012290078 -0.08087524 -0.000990878
v -0.012290078 -0.080799006 -0.001130076
v -0.012290078 -0.080708265 -0.001274984
v -0.012290078 -0.080603354 -0.001422527
v -0.012290078 -0.080479071 -0.001577274
v -0.012290078 -0.080329217 -0.001743154
v -0.012290078 -0.08015053 -0.00191916
v -0.012290078 -0.079936162 -0.00210711
v -0.012290078 -0.079673417 -0.002311901
v -0.012290078 -0.079330213 -0.002548073
v -0.012290078 -0.078929454 -0.002790277
v -0.012290078 -0.078420408 -0.003059962
v -0.012290078 -0.077782489 -0.003353402
v -0.012290078 -0.076896288 -0.003701632
v -0.012290078 -0.075708821 -0.004091181
v -0.012290078 -0.074225791 -0.004491523
v -0.012290077 -0.071999997 -0.004970853
v -0.012285905 -0.081166528 0.0
v -0.012284951 -0.081162281 0.000130581
v -0.012284951 -0.081142642 0.000280359
v -0.012284951 -0.081114002 0.000427988
v -0.012284951 -0.08107572 0.000575404
v -0.012284951 -0.081027076 0.000723302
v -0.012284951 -0.080967478 0.00087172
v -0.012284951 -0.080902547 0.001008451
v -0.012284951 -0.080825202 0.001149294
v -0.012284951 -0.080733232 0.001295782
v -0.012284951 -0.080626704 0.001445224
v -0.012284951 -0.08050102 0.001601339
v -0.012284951 -0.080349162 0.00176901
v -0.012284951 -0.080167107 0.001947906
v -0.012284951 -0.079951823 0.002136196
v -0.012284951 -0.079689614 0.002340098
v -0.012284951 -0.079347767 0.002575173
v -0.012284951 -0.078944892 0.002818676
v -0.012284951 -0.078434967 0.003088812
v -0.012284951 -0.077795208 0.003383106
v -0.012284951 -0.076907344 0.003731995
v -0.012284951 -0.07571803 0.004122155
v -0.012284951 -0.074233428 0.004522922
v -0.01228495 -0.071999997 0.005003742
v -0.012284276 -0.071999997 -0.00500761
v -0.012284273 -0.071999997 0.005007626
v -0.012279662 -0.081199914 0.0
v -0.012279662 -0.081190281 -0.000130167
v -0.012279662 -0.081170559 -0.000282019
v -0.012279662 -0.081141651 -0.000431848
v -0.012279662 -0.081103064 -0.000581016
v -0.012279662 -0.081054114 -0.000730369
v -0.012279662 -0.080994181 -0.000880119
v -0.012279662 -0.080928825 -0.001018162
v -0.012279662 -0.080850899 -0.001160462
v -0.012279662 -0.080758266 -0.001308395
v -0.012279662 -0.080651335 -0.001458779
v -0.012279662 -0.080524877 -0.001616238
v -0.012279662 -0.080372669 -0.001784729
v -0.012279662 -0.080191493 -0.001963187
v -0.012279662 -0.079974525 -0.002153422
v -0.012279662 -0.079709031 -0.002360355
v -0.012279662 -0.079362817 -0.002598607
v -0.012279662 -0.078959152 -0.002842569
v -0.012279662 -0.078447096 -0.003113853
v -0.012279662 -0.07780616 -0.003408682
v -0.012279662 -0.076916724 -0.00375819
v -0.012279662 -0.075726032 -0.004148802
v -0.012279662 -0.074240074 -0.004549939
v -0.012279661 -0.071999997 -0.005032062
v -0.012272014 -0.081224062 0.000136799
v -0.012272014 -0.08120393 0.000290301
v -0.012272014 -0.08117456 0.000441694
v -0.012272014 -0.081135288 0.000592901
v -0.012272014 -0.081085406 0.000744572
v -0.012272014 -0.081024326 0.000896684
v -0.012272014 -0.080957845 0.00103669
v -0.012272014 -0.080878749 0.001180732
v -0.012272014 -0.08078482 0.001330336
v -0.012272014 -0.080676205 0.001482714
v -0.012272014 -0.080548272 0.001641622
v -0.012272014 -0.080393977 0.001811988
v -0.012272014 -0.08020933 0.001993433
v -0.012272014 -0.07999137 0.002184067
v -0.012272014 -0.079726361 0.002390148
v -0.012272014 -0.079381429 0.002627346
v -0.012272014 -0.078975558 0.002872669
v -0.012272014 -0.078462526 0.003144453
v -0.012272014 -0.077819653 0.003440182
v -0.012272014 -0.076928444 0.003790391
v -0.012272014 -0.0757358 0.004181648
v -0.012272014 -0.07424818 0.004583235
v -0.012268675 -0.08124765 0.0
v -0.012265566 -0.081249498 -0.000136053
v -0.012265566 -0.081229307 -0.000291481
v -0.012265566 -0.081199706 -0.000444928
v -0.012265566 -0.081160173 -0.000597731
v -0.012265566 -0.081110038 -0.000750695
v -0.012265566 -0.081048697 -0.000903981
v -0.012265566 -0.080981858 -0.001045161
v -0.012265566 -0.080902249 -0.001190529
v -0.012265566 -0.080807738 -0.001341456
v -0.012265566 -0.080698818 -0.001494651
v -0.012265566 -0.080570206 -0.001654794
v -0.012265566 -0.080415659 -0.001825868
v -0.012265566 -0.080232024 -0.002006753
v -0.012265566 -0.080012485 -0.00219925
v -0.012265566 -0.079744279 -0.002408301
v -0.012265566 -0.079395078 -0.002648611
v -0.012265566 -0.078988537 -0.002894312
v -0.012265566 -0.078473501 -0.00316718
v -0.012265566 -0.077829592 -0.003463383
v -0.012265566 -0.076936945 -0.003814156
v -0.012265566 -0.075743057 -0.00420582
v -0.012265566 -0.074254207 -0.004607743
v -0.01226477 -0.071999997 -0.005095614
v -0.012264765 -0.071999997 0.005095629
v -0.012255209 -0.081295304 1e-09
v -0.012255209 -0.081284761 0.000142909
v -0.012255209 -0.081264153 0.000300071
v -0.012255209 -0.08123406 0.000455162
v -0.012255209 -0.081193827 0.000610094
v -0.012255209 -0.081142724 0.000765472
v -0.012255209 -0.081080191 0.000921215
v -0.012255209 -0.081012182 0.001064438
v -0.012255209 -0.080931358 0.001211622
v -0.012255209 -0.080835506 0.00136429
v -0.012255209 -0.080724843 0.001519553
v -0.012255209 -0.080594696 0.001681204
v -0.012255209 -0.080438003 0.001854219
v -0.012255209 -0.080250815 0.002038168
v -0.012255209 -0.08003024 0.002231106
v -0.012255209 -0.079762466 0.002439327
v -0.012255209 -0.079414509 0.002678612
v -0.012255209 -0.079005681 0.002925723
v -0.012255209 -0.078489602 0.003199126
v -0.012255209 -0.077843674 0.003496266
v -0.012255209 -0.076949179 0.003847771
v -0.012255209 -0.075753264 0.004240107
v -0.012255209 -0.074262671 0.0046425
v -0.012255208 -0.071999997 0.005129036
v -0.012247819 -0.081307858 -0.000141853
v -0.012247819 -0.081287205 -0.000300806
v -0.012247819 -0.081256919 -0.00045782
v -0.012247819 -0.081216462 -0.000614204
v -0.012247819 -0.081165157 -0.000770728
v -0.012247819 -0.081102423 -0.000927498
v -0.012247819 -0.081034124 -0.00107177
v -0.012247819 -0.08095286 -0.001220163
v -0.012247819 -0.080856502 -0.00137404
v -0.012247819 -0.080745608 -0.001530005
v -0.012247819 -0.08061488 -0.001692793
v -0.012247819 -0.080458038 -0.001866414
v -0.012247819 -0.080271974 -0.002049691
v -0.012247819 -0.080049895 -0.002244416
v -0.012247819 -0.079779014 -0.002455556
v -0.012247819 -0.079426877 -0.002697894
v -0.012247819 -0.079017505 -0.002945309
v -0.012247819 -0.078499533 -0.003219737
v -0.012247819 -0.077852681 -0.003517295
v -0.012247819 -0.076956876 -0.003869315
v -0.012247819 -0.075759843 -0.004262014
v -0.012247819 -0.07426814 -0.004664713
v -0.012247819 -0.071999997 -0.005152319
v -0.012244848 -0.081326917 1e-09
v -0.012237733 -0.071999997 -0.005181372
v -0.012237728 -0.071999997 0.005181387
v -0.012234628 -0.081355065 1e-09
v -0.012234627 -0.081344157 0.000148888
v -0.012234627 -0.08132308 0.00030963
v -0.012234627 -0.081292287 0.00046834
v -0.012234627 -0.081251107 0.000626916
v -0.012234627 -0.081198812 0.000785922
v -0.012234627 -0.081134848 0.000945217
v -0.012234627 -0.081065349 0.001091587
v -0.012234627 -0.080982834 0.001241847
v -0.012234627 -0.080885105 0.001397512
v -0.012234627 -0.08077243 0.001555597
v -0.012234627 -0.08064013 0.001719934
v -0.012234627 -0.08048109 0.00189554
v -0.012234627 -0.080291413 0.002081941
v -0.012234627 -0.08006826 0.002277131
v -0.012234627 -0.079797797 0.002487446
v -0.012234627 -0.079446875 0.002728773
v -0.012234627 -0.079035155 0.002977634
v -0.012234627 -0.078516096 0.003252622
v -0.012234627 -0.077867173 0.003551142
v -0.012234627 -0.076969467 0.003903915
v -0.012234627 -0.075770348 0.004297306
v -0.012234627 -0.07427685 0.004700488
v -0.012226471 -0.081375822 1e-09
v -0.01222647 -0.081365138 -0.000147546
v -0.01222647 -0.081344038 -0.000309958
v -0.01222647 -0.081313066 -0.000470473
v -0.01222647 -0.081271708 -0.000630373
v -0.01222647 -0.081219256 -0.000790389
v -0.01222647 -0.081155151 -0.000950579
v -0.01222647 -0.081085421 -0.001097886
v -0.01222647 -0.081002533 -0.001249249
v -0.01222647 -0.080904365 -0.00140602
v -0.01222647 -0.08079154 -0.001564705
v -0.01222647 -0.080658726 -0.001730088
v -0.01222647 -0.080499627 -0.001906209
v -0.01222647 -0.080311187 -0.002091833
v -0.01222647 -0.080086611 -0.002288746
v -0.01222647 -0.079813108 -0.002501935
v -0.01222647 -0.079458088 -0.002746264
v -0.01222647 -0.079045929 -0.002995362
v -0.01222647 -0.078525074 -0.00327132
v -0.01222647 -0.077875338 -0.003570209
v -0.01222647 -0.076976441 -0.003923452
v -0.01222647 -0.075776316 -0.004317169
v -0.01222647 -0.074281812 -0.004720628
v -0.01222647 -0.071999997 -0.005210902
v -0.012214444 -0.081404202 1e-09
v -0.012210376 -0.081402026 0.000154712
v -0.012210376 -0.081380486 0.000318942
v -0.012210376 -0.081349008 0.000481178
v -0.012210376 -0.081306905 0.000643304
v -0.012210376 -0.081253447 0.000805845
v -0.012210376 -0.081188098 0.0009686
v -0.012210376 -0.081117138 0.001118037
v -0.012210376 -0.081032984 0.001271292
v -0.012210376 -0.080933422 0.001429877
v -0.012210376 -0.080818787 0.001590712
v -0.012210376 -0.080684386 0.001757664
v -0.012210376 -0.080523059 0.001935794
v -0.012210376 -0.08033096 0.002124583
v -0.012210376 -0.080105305 0.002321969
v -0.012210376 -0.079832211 0.002534324
v -0.012210376 -0.079478405 0.00277764
v -0.012210376 -0.079063877 0.003028205
v -0.012210376 -0.078541905 0.003304737
v -0.012210376 -0.077890068 0.003604601
v -0.012210376 -0.076989233 0.003958611
v -0.012210376 -0.075786993 0.004353029
v -0.012210376 -0.074290663 0.00475698
v -0.012210375 -0.071999997 0.005248982
v -0.012203433 -0.071999997 -0.005264191
v -0.012203426 -0.071999997 0.005264205
v -0.012201576 -0.081421115 -0.00015311
v -0.012201576 -0.081399575 -0.000318902
v -0.012201576 -0.081367947 -0.000482838
v -0.012201576 -0.081325695 -0.000646173
v -0.012201576 -0.081272125 -0.000809603
v -0.012201576 -0.081206679 -0.000973135
v -0.012201576 -0.081135549 -0.001123407
v -0.012201576 -0.081051074 -0.001277671
v -0.012201576 -0.080951132 -0.001437272
v -0.012201576 -0.080836423 -0.001598615
v -0.012201576 -0.080701567 -0.001766534
v -0.012201576 -0.08054027 -0.001945097
v -0.012201576 -0.080349505 -0.002133016
v -0.012201576 -0.080122493 -0.002332067
v -0.012201576 -0.079846427 -0.002547258
v -0.012201576 -0.079488583 -0.002793533
v -0.012201576 -0.079073712 -0.003044275
v -0.012201576 -0.078550033 -0.003321729
v -0.012201576 -0.077897482 -0.003621917
v -0.012201576 -0.076995552 -0.003976356
v -0.012201576 -0.075792417 -0.004371066
v -0.012201576 -0.074295171 -0.00477527
v -0.01218257 -0.081458136 0.00016036
v -0.01218257 -0.081436157 0.000327972
v -0.01218257 -0.081404015 0.000493627
v -0.01218257 -0.081361018 0.000659197
v -0.01218257 -0.081306428 0.000825164
v -0.01218257 -0.08123973 0.000991276
v -0.01218257 -0.08116737 0.001143686
v -0.01218257 -0.081081621 0.001299846
v -0.01218257 -0.080980279 0.001461263
v -0.01218257 -0.080863744 0.001624764
v -0.01218257 -0.080727302 0.001794253
v -0.01218257 -0.080563761 0.001974831
v -0.01218257 -0.080369309 0.002165936
v -0.01218257 -0.080141231 0.00236545
v -0.01218257 -0.07986559 0.002579784
v -0.01218257 -0.079508983 0.002825029
v -0.01218257 -0.07909172 0.003077246
v -0.01218257 -0.078566931 0.003355276
v -0.01218257 -0.077912271 0.003656443
v -0.01218257 -0.077008396 0.004011652
v -0.01218257 -0.075803131 0.004407066
v -0.01218257 -0.074304052 0.004811763
v -0.012177711 -0.081478745 1e-09
v -0.012173215 -0.071999997 -0.005323835
v -0.012173214 -0.081486903 1e-09
v -0.012173213 -0.081475563 -0.000158522
v -0.012173213 -0.081453592 -0.000327602
v -0.012173213 -0.081421323 -0.000494866
v -0.012173213 -0.081378207 -0.000661542
v -0.012173213 -0.081323549 -0.000828294
v -0.012173213 -0.081256807 -0.000995076
v -0.012173213 -0.081184305 -0.001148233
v -0.012173213 -0.081098288 -0.001305319
v -0.012173213 -0.080996633 -0.001467672
v -0.012173213 -0.080880083 -0.0016316
v -0.012173213 -0.080743253 -0.001801987
v -0.012173213 -0.080579802 -0.001982926
v -0.012173213 -0.080386773 -0.002173076
v -0.012173213 -0.080157399 -0.002374206
v -0.012173213 -0.079878829 -0.002591345
v -0.012173213 -0.079518251 -0.002839513
v -0.012173213 -0.079100728 -0.003091854
v -0.012173213 -0.078574322 -0.003370764
v -0.012173213 -0.077919029 -0.003672216
v -0.012173213 -0.077014148 -0.004027817
v -0.012173213 -0.075808078 -0.004423495
v -0.012173213 -0.074308164 -0.004828422
v -0.012162195 -0.071999997 -0.005343417
v -0.012162186 -0.071999997 0.005343431
v -0.012151347 -0.071999997 0.005361763
v -0.012151345 -0.081524208 1e-09
v -0.012151344 -0.081512295 0.000165811
v -0.012151344 -0.081489876 0.000336688
v -0.012151344 -0.081457093 0.000505642
v -0.012151344 -0.081413239 0.000674534
v -0.012151344 -0.081357561 0.000843809
v -0.012151344 -0.081289567 0.001013159
v -0.012151344 -0.081215844 0.00116844
v -0.012151344 -0.081128553 0.001327404
v -0.012151344 -0.081025496 0.001491553
v -0.012151344 -0.080907136 0.001657628
v -0.012151344 -0.080768719 0.001829564
v -0.012151344 -0.080603041 0.002012505
v -0.012151344 -0.080406323 0.002205845
v -0.012151344 -0.080175899 0.002407413
v -0.012151344 -0.079897799 0.002623657
v -0.012151344 -0.079538494 0.002870763
v -0.012151344 -0.079118602 0.003124576
v -0.012151344 -0.078591086 0.00340405
v -0.012151344 -0.077933699 0.003706475
v -0.012151344 -0.077026896 0.00406284
v -0.012151344 -0.07581871 0.004459217
v -0.012151344 -0.074316978 0.004864634
v -0.01214147 -0.081528269 -0.00016376
v -0.01214147 -0.081505887 -0.000336024
v -0.01214147 -0.081472993 -0.000506509
v -0.01214147 -0.081429042 -0.00067642
v -0.01214147 -0.081373334 -0.000846386
v -0.01214147 -0.081305325 -0.001016315
v -0.01214147 -0.081231512 -0.001172264
v -0.01214147 -0.081143998 -0.001332082
v -0.01214147 -0.081040673 -0.001497099
v -0.01214147 -0.080922343 -0.001663529
v -0.01214147 -0.080783598 -0.001836305
v -0.01214147 -0.080618076 -0.002019544
v -0.01214147 -0.080422856 -0.002211854
v -0.01214147 -0.080191188 -0.002414997
v -0.01214147 -0.079910204 -0.002634022
v -0.01214147 -0.079546966 -0.002884021
v -0.01214147 -0.079126887 -0.003137911
v -0.01214147 -0.078597821 -0.003418229
v -0.01214147 -0.077939875 -0.003720905
v -0.01214147 -0.077032149 -0.004077632
v -0.01214147 -0.07582324 -0.004474246
v -0.01214147 -0.074320748 -0.004879873
v -0.01213501 -0.081549861 1e-09
v -0.012116839 -0.081564285 0.000171045
v -0.012116839 -0.081541464 0.000345056
v -0.012116839 -0.081508063 0.000517178
v -0.012116839 -0.081463382 0.000689261
v -0.012116839 -0.08140666 0.000861711
v -0.012116839 -0.081337407 0.001034171
v -0.012116839 -0.08126238 0.001192207
v -0.012116839 -0.081173621 0.001353863
v -0.012116839 -0.081068918 0.001520636
v -0.012116839 -0.080948792 0.001689181
v -0.012116839 -0.080808483 0.001863469
v -0.012116839 -0.080640756 0.002048678
v -0.012116839 -0.080441855 0.002244163
v -0.012116839 -0.080209188 0.002447704
v -0.012116839 -0.079928726 0.002665781
v -0.012116839 -0.079566821 0.002914675
v -0.012116839 -0.079144403 0.003170019
v -0.012116839 -0.07861428 0.00345088
v -0.012116839 -0.077954277 0.003754514
v -0.012116839 -0.077044651 0.004111989
v -0.012116839 -0.075833663 0.00450929
v -0.012116839 -0.074329391 0.004915397
v -0.012114403 -0.071999997 -0.005418442
v -0.012114394 -0.071999997 0.005418455
v -0.012106449 -0.071999997 -0.00542964
v -0.012106447 -0.081590965 1e-09
v -0.012106447 -0.081579022 -0.000168805
v -0.012106447 -0.081556238 -0.000344133
v -0.012106447 -0.081522748 -0.00051772
v -0.012106447 -0.081477992 -0.000690746
v -0.012106447 -0.081421264 -0.000863807
v -0.012106447 -0.081352048 -0.001036767
v -0.012106447 -0.081276961 -0.001195404
v -0.012106447 -0.081188008 -0.001357853
v -0.012106447 -0.081083074 -0.001525435
v -0.012106447 -0.080963038 -0.001694275
v -0.012106447 -0.080822445 -0.00186935
v -0.012106447 -0.080654927 -0.002054804
v -0.012106447 -0.080457598 -0.002249194
v -0.012106447 -0.080223717 -0.002454275
v -0.012106447 -0.079940408 -0.002675116
v -0.012106447 -0.079574622 -0.002926879
v -0.012106447 -0.079152077 -0.003182259
v -0.012106447 -0.078620456 -0.003463934
v -0.012106447 -0.077959955 -0.003767789
v -0.012106447 -0.077049479 -0.0041256
v -0.012106447 -0.075837836 -0.004523115
v -0.012106447 -0.074332863 -0.004929415
v -0.012086666 -0.081617065 1e-09
v -0.012079216 -0.071999997 0.005465718
v -0.012079209 -0.08162646 1e-09
v -0.012079208 -0.081613936 0.000176042
v -0.012079208 -0.08159072 0.000353046
v -0.012079208 -0.08155673 0.000528193
v -0.012079208 -0.081511259 0.000703322
v -0.012079208 -0.081453539 0.000878805
v -0.012079208 -0.081383094 0.001054234
v -0.012079208 -0.081306823 0.001214901
v -0.012079208 -0.081216648 0.001379127
v -0.012079208 -0.081110373 0.001548406
v -0.012079208 -0.080988571 0.00171931
v -0.012079208 -0.080846459 0.001895842
v -0.012079208 -0.080676772 0.002083217
v -0.012079208 -0.080475792 0.002280751
v -0.012079208 -0.08024098 0.002486175
v -0.012079208 -0.07995826 0.002706003
v -0.012079208 -0.079593875 0.002956604
v -0.012079208 -0.079169042 0.00321341
v -0.012079208 -0.078636423 0.003495596
v -0.012079208 -0.077973917 0.003800383
v -0.012079208 -0.077061608 0.004158919
v -0.012079208 -0.075847946 0.004557101
v -0.012079208 -0.074341245 0.004963867
v -0.012068261 -0.081639841 1e-09
v -0.01206826 -0.081627615 -0.000173634
v -0.01206826 -0.081604451 -0.000351897
v -0.01206826 -0.081570387 -0.000528453
v -0.01206826 -0.081524856 -0.000704461
v -0.01206826 -0.081467159 -0.000880486
v -0.01206826 -0.081396781 -0.001056347
v -0.01206826 -0.08132048 -0.001217558
v -0.01206826 -0.081230141 -0.001382526
v -0.01206826 -0.08112368 -0.001552564
v -0.01206826 -0.081002004 -0.001723711
v -0.01206826 -0.080859639 -0.001900989
v -0.01206826 -0.080690205 -0.002088562
v -0.01206826 -0.080490857 -0.002284944
v -0.01206826 -0.080254868 -0.002491881
v -0.01206826 -0.079969332 -0.00271446
v -0.01206826 -0.079601094 -0.002967912
v -0.01206826 -0.079176188 -0.003224719
v -0.01206826 -0.07864213 -0.003507693
v -0.01206826 -0.077979185 -0.003812676
v -0.01206826 -0.077066071 -0.004171525
v -0.01206826 -0.075851806 -0.004569902
v -0.01206826 -0.074344456 -0.004976849
v -0.012060491 -0.071999997 -0.005488709
v -0.012060481 -0.071999997 0.005488721
v -0.012038628 -0.071999997 0.00551391
v -0.012038617 -0.08166106 0.000180785
v -0.012038617 -0.081637464 0.000360629
v -0.012038617 -0.081602924 0.000538648
v -0.012038617 -0.0815567 0.000716668
v -0.012038617 -0.081498027 0.000895029
v -0.012038617 -0.081426457 0.001073276
v -0.012038617 -0.081349 0.00123644
v -0.012038617 -0.081257485 0.001403106
v -0.012038617 -0.08114972 0.001574762
v -0.012038617 -0.081026323 0.001747906
v -0.012038617 -0.080882497 0.001926568
v -0.012038617 -0.080710948 0.002115998
v -0.012038617 -0.080507994 0.002315477
v -0.012038617 -0.080271147 0.002522689
v -0.012038617 -0.079986289 0.002744178
v -0.012038617 -0.079619557 0.002996399
v -0.012038617 -0.07919243 0.003254593
v -0.012038617 -0.078657441 0.003538036
v -0.012038617 -0.077992566 0.003843918
v -0.012038617 -0.077077709 0.00420346
v -0.012038617 -0.075861499 0.004602479
v -0.012038617 -0.074352495 0.005009872
v -0.012032992 -0.081679977 1e-09
v -0.012027051 -0.071999997 -0.005526599
v -0.01202704 -0.081673846 -0.000178229
v -0.01202704 -0.081650317 -0.000359284
v -0.01202704 -0.081615709 -0.000538665
v -0.01202704 -0.081569441 -0.000717511
v -0.01202704 -0.081510819 -0.000896355
v -0.01202704 -0.081439339 -0.001074976
v -0.01202704 -0.081361875 -0.001238636
v -0.01202704 -0.081270233 -0.001406
v -0.01202704 -0.081162304 -0.001578375
v -0.01202704 -0.081039071 -0.001751716
v -0.01202704 -0.080895029 -0.001931089
v -0.01202704 -0.080723777 -0.00212068
v -0.01202704 -0.080522507 -0.002318956
v -0.01202704 -0.080284506 -0.002527659
v -0.01202704 -0.079996847 -0.002751892
v -0.01202704 -0.079626285 -0.003006951
v -0.01202704 -0.079199135 -0.003265116
v -0.01202704 -0.078662746 -0.003549326
v -0.01202704 -0.077997468 -0.003855382
v -0.01202704 -0.077081867 -0.004215218
v -0.01202704 -0.075865105 -0.004614417
v -0.01202704 -0.074355491 -0.005021977
v -0.01200093 -0.071999997 -0.005553714
v -0.01200092 -0.071999997 0.005553724
v -0.01199532 -0.081718475 1e-09
v -0.01199532 -0.081705406 0.000185249
v -0.01199532 -0.081681468 0.000367767
v -0.01199532 -0.081646398 0.000548488
v -0.01199532 -0.081599467 0.000729229
v -0.01199532 -0.081539907 0.000910299
v -0.01199532 -0.081467271 0.001091199
v -0.01199532 -0.081388697 0.001256713
v -0.01199532 -0.08129593 0.001425675
v -0.01199532 -0.081186756 0.00159957
v -0.01199532 -0.081061855 0.001774821
v -0.01199532 -0.08091642 0.001955487
v -0.01199532 -0.080743119 0.002146853
v -0.01199532 -0.08053831 0.002348162
v -0.01199532 -0.080299541 0.002557057
v -0.01199532 -0.080012672 0.002780109
v -0.01199532 -0.079643726 0.003033855
v -0.01199532 -0.079214439 0.003293355
v -0.01199532 -0.078677222 0.003577982
v -0.01199532 -0.078010112 0.003884894
v -0.01199532 -0.077092856 0.004245384
v -0.01199532 -0.075874254 0.004645191
v -0.01199532 -0.074363083 0.005053172
v -0.011983002 -0.071999997 -0.005571203
v -0.011982991 -0.081717461 -0.000182564
v -0.011982991 -0.08169359 -0.000366253
v -0.011982991 -0.081658468 -0.0005483
v -0.011982991 -0.081611507 -0.000729822
v -0.011982991 -0.081552014 -0.000911327
v -0.011982991 -0.08147949 -0.001092552
v -0.011982991 -0.081400938 -0.001258523
v -0.011982991 -0.081308059 -0.001428148
v -0.011982991 -0.081198744 -0.001602727
v -0.011982991 -0.081074044 -0.001778139
v -0.011982991 -0.080928415 -0.001959489
v -0.011982991 -0.080755442 -0.002150983
v -0.011982991 -0.080552362 -0.002351047
v -0.011982991 -0.080312461 -0.002561415
v -0.011982991 -0.080022812 -0.002787209
v -0.011982991 -0.079650044 -0.003043783
v -0.011982991 -0.079220779 -0.00330323
v -0.011982991 -0.078682192 -0.003588605
v -0.011982991 -0.078014724 -0.003895674
v -0.011982991 -0.07709676 -0.004256442
v -0.011982991 -0.075877652 -0.004656415
v -0.011982991 -0.074365899 -0.005064555
v -0.011981333 -0.081731759 1e-09
v -0.011949355 -0.071999997 0.0056018
v -0.011949345 -0.081746995 0.000189435
v -0.011949345 -0.081722721 0.000374459
v -0.011949345 -0.08168716 0.000557714
v -0.011949345 -0.081639566 0.000741007
v -0.011949345 -0.081579171 0.000924616
v -0.011949345 -0.081505537 0.001108002
v -0.011949345 -0.08142592 0.001275721
v -0.011949345 -0.081331968 0.001446836
v -0.011949345 -0.081221476 0.001622829
v -0.011949345 -0.081095174 0.001800056
v -0.011949345 -0.080948219 0.001982602
v -0.011949345 -0.080773279 0.002175782
v -0.011949345 -0.080566727 0.002378806
v -0.011949345 -0.080326162 0.002589279
v -0.011949345 -0.0800374 0.002813798
v -0.011949345 -0.079666384 0.003068973
v -0.011949345 -0.079235077 0.003329698
v -0.011949345 -0.078695767 0.003615434
v -0.011949345 -0.078026563 0.003923312
v -0.011949345 -0.077107057 0.00428469
v -0.011949345 -0.07588622 0.004685235
v -0.011949345 -0.074373007 0.00509377
v -0.011942053 -0.081766054 1.0099e-05
v -0.011936229 -0.071999997 -0.005613008
v -0.011936217 -0.071999997 0.005613018
v -0.011936144 -0.081771389 1e-09
v -0.011936144 -0.081758402 -0.000186634
v -0.011936144 -0.08173421 -0.000372795
v -0.011936144 -0.081698604 -0.000557345
v -0.011936144 -0.081650995 -0.000741379
v -0.011936144 -0.08159069 -0.000925381
v -0.011936144 -0.081517182 -0.00110905
v -0.011936144 -0.081437603 -0.00127719
v -0.011936144 -0.081343561 -0.001448937
v -0.011936144 -0.081232958 -0.001625586
v -0.011936144 -0.081106871 -0.001802942
v -0.011936144 -0.080959752 -0.001986147
v -0.011936144 -0.08078517 -0.002179428
v -0.011936144 -0.080580391 -0.002381169
v -0.011936144 -0.080338709 -0.002593101
v -0.011936144 -0.080047183 -0.00282036
v -0.011936144 -0.079672351 -0.003078357
v -0.011936144 -0.079241097 -0.003339006
v -0.011936144 -0.078700453 -0.003625476
v -0.011936144 -0.078030922 -0.003933495
v -0.011936144 -0.077110738 -0.004295138
v -0.011936144 -0.075889423 -0.004695838
v -0.011936144 -0.074375674 -0.005104522
v -0.011918312 -0.081785761 1e-09
v -0.011910243 -0.081791431 1.4678e-05
v -0.01190096 -0.081785582 0.000193319
v -0.01190096 -0.08176101 0.000380669
v -0.01190096 -0.081724994 0.000566275
v -0.01190096 -0.081676781 0.000751936
v -0.01190096 -0.081615612 0.000937902
v -0.01190096 -0.081541047 0.001123597
v -0.01190096 -0.081460461 0.00129336
v -0.01190096 -0.081365414 0.001466473
v -0.01190096 -0.081253707 0.001644413
v -0.01190096 -0.081126094 0.001823475
v -0.01190096 -0.080977738 0.002007765
v -0.01190096 -0.080801271 0.002202628
v -0.01190096 -0.080593102 0.002407246
v -0.01190096 -0.080350868 0.002619182
v -0.01190096 -0.080060355 0.002845062
v -0.01190096 -0.079687409 0.003101564
v -0.01190096 -0.079254232 0.003363425
v -0.01190096 -0.078712985 0.003650191
v -0.01190096 -0.078041837 0.003958965
v -0.01190096 -0.077120237 0.004321168
v -0.01190096 -0.075897314 0.004722398
v -0.01190096 -0.074382216 0.005131445
v -0.011886735 -0.071999997 -0.005651956
v -0.011886723 -0.081796438 -0.000190413
v -0.011886723 -0.08177194 -0.000378871
v -0.011886723 -0.081735887 -0.000565745
v -0.011886723 -0.081687674 -0.000752114
v -0.011886723 -0.081626602 -0.000938435
v -0.011886723 -0.081552193 -0.001124375
v -0.011886723 -0.081471659 -0.001294529
v -0.011886723 -0.081376538 -0.001468248
v -0.011886723 -0.081264734 -0.001646818
v -0.011886723 -0.081137367 -0.00182598
v -0.011886723 -0.080988862 -0.002010908
v -0.011886723 -0.080812782 -0.002205848
v -0.011886723 -0.080606423 -0.002409149
v -0.011886723 -0.080363087 -0.002622533
v -0.011886723 -0.080069818 -0.002851152
v -0.011886723 -0.079693079 -0.003110471
v -0.011886723 -0.079259969 -0.003372237
v -0.011886723 -0.078717411 -0.003659724
v -0.011886723 -0.078045972 -0.003968626
v -0.011886723 -0.077123731 -0.004331081
v -0.011886723 -0.075900361 -0.004732456
v -0.011886723 -0.074384749 -0.005141645
v -0.011866914 -0.071999997 -0.0056662
v -0.011866902 -0.071999997 0.005666208
v -0.01185116 -0.081834272 1e-09
v -0.011851074 -0.081834152 4.182e-06
v -0.011850375 -0.071999997 0.005677536
v -0.011850364 -0.081821054 0.000196889
v -0.011850364 -0.081796192 0.000386377
v -0.011850364 -0.081759758 0.000574144
v -0.011850364 -0.081710979 0.000761981
v -0.011850364 -0.081649102 0.000950113
v -0.011850364 -0.081573687 0.001137929
v -0.011850364 -0.081492208 0.001309572
v -0.011850364 -0.081396148 0.001484521
v -0.011850364 -0.081283323 0.001664251
v -0.011850364 -0.08115451 0.001844998
v -0.011850364 -0.081004865 0.002030891
v -0.011850364 -0.080826998 0.002227302
v -0.011850364 -0.080617338 0.002433383
v -0.011850364 -0.08037357 0.002646665
v -0.011850364 -0.080081455 0.002873795
v -0.011850364 -0.079706736 0.003131516
v -0.011850364 -0.079271831 0.003394422
v -0.011850364 -0.078728803 0.003682135
v -0.011850364 -0.078055866 0.003991733
v -0.011850364 -0.077132352 0.004354693
v -0.011850364 -0.075907521 0.004756554
v -0.011850364 -0.074390687 0.005166071
v -0.011834907 -0.081844784 1e-09
v -0.011834907 -0.081831388 -0.000193887
v -0.011834907 -0.081806622 -0.000384456
v -0.011834907 -0.081770152 -0.000573466
v -0.011834907 -0.081721388 -0.00076198
v -0.011834907 -0.081659615 -0.000950432
v -0.011834907 -0.081584364 -0.001138459
v -0.011834907 -0.081502959 -0.001310465
v -0.011834907 -0.081406847 -0.001485995
v -0.011834907 -0.081293941 -0.001666332
v -0.011834907 -0.081165388 -0.001847153
v -0.011834907 -0.081015617 -0.002033665
v -0.011834907 -0.080838159 -0.00223013
v -0.011834907 -0.080630347 -0.002434863
v -0.011834907 -0.080385491 -0.002649582
v -0.011834907 -0.08009062 -0.002879452
v -0.011834907 -0.079712115 -0.003139986
v -0.011834907 -0.079277314 -0.003402778
v -0.011834907 -0.078732997 -0.003691199
v -0.011834907 -0.0780598 -0.004000913
v -0.011834907 -0.077135667 -0.004364114
v -0.011834907 -0.075910412 -0.00476611
v -0.011834907 -0.074393094 -0.005175763
v -0.011825746 -0.081850521 1e-09
v -0.011797762 -0.081867009 4.836e-06
v -0.011797762 -0.081853278 0.000200133
v -0.011797762 -0.081828162 0.000391564
v -0.011797762 -0.081791349 0.000581294
v -0.011797762 -0.081742056 0.000771108
v -0.011797762 -0.08167953 0.000961209
v -0.011797762 -0.081603341 0.001150952
v -0.011797762 -0.081521049 0.001324302
v -0.011797762 -0.08142408 0.00150092
v -0.011797762 -0.081310228 0.001682276
v -0.011797762 -0.081180327 0.001864554
v -0.011797762 -0.081029512 0.002051904
v -0.011797762 -0.08085037 0.002249721
v -0.011797762 -0.08063937 0.002457132
v -0.011797762 -0.080394208 0.002671636
v -0.011797762 -0.080100618 0.002899903
v -0.011797762 -0.079724297 0.003158732
v -0.011797762 -0.079287827 0.003422587
v -0.011797762 -0.078743175 0.003711159
v -0.011797762 -0.078068621 0.004021506
v -0.011797762 -0.077143356 0.004385154
v -0.011797762 -0.075916789 0.004787587
v -0.011797762 -0.074398376 0.005197533
v -0.011793538 -0.071999997 -0.00571295
v -0.011793525 -0.071999997 0.005712958
v -0.011780893 -0.071999997 -0.005720127
v -0.011780885 -0.081876688 1e-09
v -0.011780885 -0.081876643 -1.051e-06
v -0.011780885 -0.081863105 -0.00019704
v -0.011780885 -0.081838086 -0.000389524
v -0.011780885 -0.081801243 -0.000580472
v -0.011780885 -0.081751972 -0.000770932
v -0.011780885 -0.081689574 -0.000961319
v -0.011780885 -0.081613563 -0.001151239
v -0.011780885 -0.081531361 -0.001324926
v -0.011780885 -0.081434354 -0.0015021
v -0.011780885 -0.081320435 -0.00168404
v -0.011780885 -0.081190825 -0.001866367
v -0.011780885 -0.081039898 -0.002054317
v -0.011780885 -0.080861188 -0.002252166
v -0.011780885 -0.080652058 -0.002458198
v -0.011780885 -0.080405824 -0.002674128
v -0.011780885 -0.080109499 -0.002905133
v -0.011780885 -0.079729401 -0.003166769
v -0.011780885 -0.079293057 -0.003430494
v -0.011780885 -0.078747146 -0.003719762
v -0.011780885 -0.078072347 -0.004030212
v -0.011780885 -0.077146493 -0.004394091
v -0.011780885 -0.075919539 -0.00479665
v -0.011780885 -0.074400663 -0.005206724
v -0.011780363 -0.081876971 1e-09
v -0.011743381 -0.071999997 0.005740023
v -0.011743368 -0.08189626 0.0
v -0.011743367 -0.081896015 6.004e-06
v -0.011743367 -0.081882156 0.00020304
v -0.011743367 -0.081856817 0.000396211
v -0.011743367 -0.081819661 0.000587702
v -0.011743367 -0.081769906 0.000779288
v -0.011743367 -0.0817068 0.000971152
v -0.011743367 -0.081629917 0.001162622
v -0.011743367 -0.081546903 0.001337504
v -0.011743367 -0.081449114 0.001515616
v -0.011743367 -0.081334345 0.00169843
v -0.011743367 -0.081203468 0.00188208
v -0.011743367 -0.081051596 0.002070736
v -0.011743367 -0.080871321 0.002269813
v -0.011743367 -0.080659106 0.002478415
v -0.011743367 -0.080412693 0.002694015
v -0.011743367 -0.080117799 0.0029233
v -0.011743367 -0.079740033 0.003183122
v -0.011743367 -0.079302162 0.003447828
v -0.011743367 -0.078756057 0.00373717
v -0.011743367 -0.078080043 0.004048188
v -0.011743367 -0.077153221 0.004412453
v -0.011743367 -0.075925097 0.0048154
v -0.011743367 -0.074405268 0.00522573
v -0.011724854 -0.081905104 -2.165e-06
v -0.011724854 -0.08189144 -0.000199856
v -0.011724854 -0.081866205 -0.000394052
v -0.011724854 -0.081829026 -0.000586732
v -0.011724854 -0.081779309 -0.000778931
v -0.011724854 -0.081716336 -0.000971046
v -0.011724854 -0.081639655 -0.001162659
v -0.011724854 -0.081556745 -0.001337846
v -0.011724854 -0.081458926 -0.001516489
v -0.011724854 -0.08134412 -0.001699862
v -0.011724854 -0.081213549 -0.001883534
v -0.011724854 -0.081061587 -0.002072768
v -0.011724854 -0.080881767 -0.002271854
v -0.011724854 -0.080671459 -0.002479048
v -0.011724854 -0.080423988 -0.00269606
v -0.011724854 -0.08012636 -0.002928079
v -0.011724854 -0.079744838 -0.0031907
v -0.011724854 -0.079307124 -0.003455257
v -0.011724854 -0.078759782 -0.003745282
v -0.011724854 -0.07808356 -0.00405639
v -0.011724854 -0.077156171 -0.004420874
v -0.011724854 -0.07592769 -0.004823937
v -0.011724854 -0.074407429 -0.005234388
v -0.011716663 -0.071999997 -0.005752972
v -0.011716649 -0.071999997 0.005752978
v -0.011706272 -0.081913687 0.0
v -0.011687408 -0.071999997 0.005766043
v -0.011687396 -0.08192157 7.033e-06
v -0.011687396 -0.0819076 0.000205601
v -0.011687396 -0.08188206 0.000400306
v -0.011687396 -0.081844598 0.000593347
v -0.011687396 -0.081794441 0.000786494
v -0.011687396 -0.08173082 0.000979913
v -0.011687396 -0.081653334 0.001172905
v -0.011687396 -0.081569679 0.001349134
v -0.011687396 -0.08147116 0.001528564
v -0.011687396 -0.081355594 0.001712662
v -0.011687396 -0.081223853 0.001897521
v -0.011687396 -0.081071056 0.002087327
v -0.011687396 -0.080889776 0.002287514
v -0.011687396 -0.080676496 0.002497167
v -0.011687396 -0.080428988 0.002713732
v -0.011687396 -0.080132931 0.002943914
v -0.011687396 -0.079753898 0.00320461
v -0.011687396 -0.079314783 0.003470066
v -0.011687396 -0.078767404 0.003760087
v -0.011687396 -0.078090116 0.004071696
v -0.011687396 -0.077161916 0.004436505
v -0.011687396 -0.075932413 0.004839903
v -0.011687396 -0.074411348 0.005250571
v -0.011667034 -0.071999997 -0.005774486
v -0.011667022 -0.081930161 0.0
v -0.011667022 -0.081930034 -3.14e-06
v -0.011667022 -0.081916273 -0.000202324
v -0.011667022 -0.081890836 -0.000398019
v -0.011667022 -0.081853367 -0.000592217
v -0.011667022 -0.081803255 -0.00078594
v -0.011667022 -0.081739783 -0.000979569
v -0.011667022 -0.081662506 -0.001172664
v -0.011667022 -0.081578977 -0.001349166
v -0.011667022 -0.081480458 -0.001529096
v -0.011667022 -0.081364863 -0.001713724
v -0.011667022 -0.081233457 -0.001898575
v -0.011667022 -0.081080593 -0.002088934
v -0.011667022 -0.080899797 -0.002289103
v -0.011667022 -0.080688454 -0.002497315
v -0.011667022 -0.080439903 -0.002715275
v -0.011667022 -0.080141142 -0.002948182
v -0.011667022 -0.079758368 -0.003211666
v -0.011667022 -0.07931944 -0.003476952
v -0.011667022 -0.078770854 -0.003767641
v -0.011667022 -0.07809338 -0.004079326
v -0.011667022 -0.07716465 -0.00444434
v -0.011667022 -0.075934827 -0.004847843
v -0.011667022 -0.074413352 -0.005258624
v -0.011636862 -0.071999997 -0.00578603
v -0.011636847 -0.071999997 0.005786035
v -0.011630071 -0.081943594 7.92e-06
v -0.011630071 -0.081929535 0.000207808
v -0.011630071 -0.081903815 0.000403836
v -0.011630071 -0.0818661 0.000598213
v -0.011630071 -0.081815593 0.000792706
v -0.011630071 -0.081751533 0.000987464
v -0.011630071 -0.081673518 0.001181767
v -0.011630071 -0.081589311 0.001359159
v -0.011630071 -0.081490174 0.001539725
v -0.011630071 -0.081373908 0.001724929
v -0.011630071 -0.081241421 0.001910831
v -0.011630071 -0.081087835 0.002101628
v -0.011630071 -0.080905683 0.002302772
v -0.011630071 -0.080691487 0.002513329
v -0.011630071 -0.080443025 0.002730727
v -0.011630071 -0.080145977 0.002961682
v -0.011630071 -0.079765849 0.003223132
v -0.011630071 -0.079325669 0.003489234
v -0.011630071 -0.078777187 0.00377984
v -0.011630071 -0.078098796 0.004091959
v -0.011630071 -0.077169403 0.004457236
v -0.011630071 -0.075938724 0.004861023
v -0.011630071 -0.074416578 0.005271983
v -0.011629224 -0.081944205 0.0
v -0.011607616 -0.071999997 -0.005796159
v -0.011607606 -0.08195132 -3.974e-06
v -0.011607606 -0.08193747 -0.000204431
v -0.011607606 -0.081911869 -0.000401406
v -0.011607606 -0.081874147 -0.000596899
v -0.011607606 -0.08185041 -0.000695013
v -0.011607606 -0.081823699 -0.000791923
v -0.011607606 -0.081793241 -0.000890094
v -0.011607606 -0.081759803 -0.000986845
v -0.011607606 -0.081722386 -0.001084838
v -0.011607606 -0.081682019 -0.001181205
v -0.011607606 -0.081597961 -0.001358831
v -0.011607606 -0.081498839 -0.001539859
v -0.011607606 -0.081382573 -0.001725559
v -0.011607606 -0.081250452 -0.001911416
v -0.011607606 -0.081096821 -0.002102735
v -0.011607606 -0.080915183 -0.002303829
v -0.011607606 -0.08070296 -0.00251291
v -0.011607606 -0.080453493 -0.00273168
v -0.011607606 -0.080153756 -0.002965345
v -0.011607606 -0.079769917 -0.003229566
v -0.011607606 -0.07932996 -0.003495474
v -0.011607606 -0.078780308 -0.00378673
v -0.011607606 -0.078101769 -0.004098907
v -0.011607606 -0.077171892 -0.004464374
v -0.011607606 -0.075940922 -0.004868254
v -0.011607606 -0.074418411 -0.005279316
v -0.011571623 -0.071999997 0.005807241
v -0.011571616 -0.081962027 8.662e-06
v -0.011571616 -0.081947893 0.000209656
v -0.011571616 -0.081922032 0.00040679
v -0.011571616 -0.081884094 0.000602285
v -0.011571616 -0.081833296 0.000797905
v -0.011571616 -0.081768863 0.000993784
v -0.011571616 -0.081690408 0.001189186
v -0.011571616 -0.08160574 0.00136755
v -0.011571616 -0.081506081 0.001549066
v -0.011571616 -0.081389233 0.001735197
v -0.011571616 -0.081256129 0.001921971
v -0.011571616 -0.081101872 0.002113598
v -0.011571616 -0.080918998 0.002315542
v -0.011571616 -0.080704033 0.002526858
v -0.011571616 -0.080454774 0.002744951
v -0.011571616 -0.0801569 0.002976554
v -0.011571616 -0.079775855 0.003238635
v -0.011571616 -0.079334781 0.003505277
v -0.011571616 -0.078785375 0.003796374
v -0.011571616 -0.078106053 0.004108919
v -0.011571616 -0.077175677 0.004474588
v -0.011571616 -0.075943999 0.004878701
v -0.011571616 -0.074420959 0.005289905
v -0.011554711 -0.071999997 -0.005811934
v -0.011554698 -0.071999997 0.005811939
v -0.011550031 -0.081968211 0.0
v -0.011546833 -0.081968851 -4.66e-06
v -0.011546833 -0.081954926 -0.000206166
v -0.011546833 -0.081929184 -0.000404195
v -0.011546833 -0.081911743 -0.000502757
v -0.011546833 -0.081891261 -0.000600756
v -0.011546833 -0.081867397 -0.000699408
v -0.011546833 -0.081840537 -0.000796851
v -0.011546833 -0.081809916 -0.00089556
v -0.011546833 -0.081776291 -0.000992838
v -0.011546833 -0.081738681 -0.00109136
v -0.011546833 -0.081698097 -0.00118824
v -0.011546833 -0.081613593 -0.001366791
v -0.011546833 -0.081513979 -0.001548724
v -0.011546833 -0.081397161 -0.001735306
v -0.011546833 -0.081264451 -0.001921992
v -0.011546833 -0.081110179 -0.002114103
v -0.011546833 -0.080927864 -0.002315959
v -0.011546833 -0.080714911 -0.002525755
v -0.011546833 -0.080464683 -0.002745191
v -0.011546833 -0.080164149 -0.002979481
v -0.011546833 -0.079779431 -0.003244309
v -0.011546833 -0.079338625 -0.00351073
v -0.011546833 -0.078788094 -0.003802452
v -0.011546833 -0.078108676 -0.004115035
v -0.011546833 -0.077177852 -0.004480875
v -0.011546833 -0.075945944 -0.004885064
v -0.011546833 -0.074422576 -0.005296358
v -0.011512259 -0.081977196 0.0
v -0.011512258 -0.081976824 9.258e-06
v -0.011512258 -0.081962623 0.000211139
v -0.011512258 -0.081936643 0.000409161
v -0.011512258 -0.081898533 0.000605554
v -0.011512258 -0.081847504 0.000802078
v -0.011512258 -0.081816643 0.000901195
v -0.011512258 -0.081782773 0.000998857
v -0.011512258 -0.081744857 0.001097845
v -0.011512258 -0.081703968 0.001195139
v -0.011512258 -0.081618927 0.001374285
v -0.011512258 -0.081518851 0.001556564
v -0.011512258 -0.081401534 0.001743438
v -0.011512258 -0.081267938 0.001930912
v -0.011512258 -0.081113145 0.002123205
v -0.011512258 -0.080929689 0.002325792
v -0.011512258 -0.080714099 0.002537715
v -0.011512258 -0.080464214 0.002756368
v -0.011512258 -0.080165662 0.00298849
v -0.011512258 -0.079783879 0.003251078
v -0.011512258 -0.07934209 0.003518154
v -0.011512258 -0.078791946 0.003809644
v -0.011512258 -0.078111887 0.004122531
v -0.011512258 -0.077180706 0.004488514
v -0.011512258 -0.075948238 0.00489289
v -0.011512258 -0.074424475 0.005304289
v -0.011484936 -0.071999997 -0.00582794
v -0.011484932 -0.081982531 -5.195e-06
v -0.011484932 -0.081968553 -0.00020752
v -0.011484932 -0.081942707 -0.000406373
v -0.011484932 -0.081925191 -0.000505351
v -0.011484932 -0.08190462 -0.000603765
v -0.011484932 -0.081880651 -0.000702839
v -0.011484932 -0.081853673 -0.000800697
v -0.011484932 -0.081822924 -0.000899826
v -0.011484932 -0.081789166 -0.000997515
v -0.011484932 -0.081751391 -0.00109645
v -0.011484932 -0.081710637 -0.001193731
v -0.011484932 -0.081625797 -0.001373003
v -0.011484932 -0.081525795 -0.001555643
v -0.011484932 -0.081408545 -0.001742914
v -0.011484932 -0.081275374 -0.001930247
v -0.011484932 -0.08112061 -0.002122975
v -0.011484932 -0.080937758 -0.002325425
v -0.011484932 -0.080724239 -0.00253578
v -0.011484932 -0.080473416 -0.002755736
v -0.011484932 -0.080172256 -0.002990514
v -0.011484932 -0.079980262 -0.003127037
v -0.011484932 -0.079786852 -0.003255815
v -0.011484932 -0.07934539 -0.003522637
v -0.011484932 -0.078794174 -0.003814723
v -0.011484932 -0.078114063 -0.004127622
v -0.011484932 -0.077182509 -0.004493753
v -0.011484932 -0.075949863 -0.004898184
v -0.011484932 -0.074425831 -0.00530966
v -0.011470796 -0.071999997 -0.00583054
v -0.011470781 -0.071999997 0.005830543
v -0.011469027 -0.0819856 0.0
v -0.011452229 -0.071999997 0.005833631
v -0.011452226 -0.081987947 9.706e-06
v -0.011452226 -0.081973702 0.000212254
v -0.011452226 -0.081947632 0.000410944
v -0.011452226 -0.081909396 0.000608012
v -0.011452226 -0.081885301 0.000707223
v -0.011452226 -0.081858188 0.000805215
v -0.011452226 -0.081827223 0.000904674
v -0.011452226 -0.081793234 0.00100267
v -0.011452226 -0.081755184 0.001101994
v -0.011452226 -0.081714161 0.001199615
v -0.011452226 -0.081628844 0.001379348
v -0.011452226 -0.081528448 0.0015622
v -0.011452226 -0.081410788 0.001749633
v -0.011452226 -0.081276812 0.001937633
v -0.011452226 -0.081121616 0.002130427
v -0.011452226 -0.080937721 0.002333498
v -0.011452226 -0.080721669 0.002545878
v -0.011452226 -0.0804713 0.002764951
v -0.011452226 -0.080172248 0.002997463
v -0.011452226 -0.079789914 0.003260432
v -0.011452226 -0.079347588 0.003527834
v -0.011452226 -0.078796886 0.00381962
v -0.011452226 -0.078116268 0.004132764
v -0.011452226 -0.077184491 0.004498984
v -0.011452226 -0.075951427 0.004903556
v -0.011452226 -0.07442712 0.005315103
v -0.011422145 -0.081992507 0.0
v -0.011422145 -0.081992283 -5.577e-06
v -0.011422145 -0.081978269 -0.000208486
v -0.011422145 -0.08196687 -0.000307975
v -0.011422145 -0.081952341 -0.000407925
v -0.011422145 -0.081934772 -0.0005072
v -0.011422145 -0.081914142 -0.000605911
v -0.011422145 -0.081890099 -0.000705284
v -0.011422145 -0.081863046 -0.000803439
v -0.011422145 -0.0818322 -0.000902867
v -0.011422145 -0.081798337 -0.001000849
v -0.011422145 -0.081760451 -0.001100078
v -0.011422145 -0.081719577 -0.001197645
v -0.011422145 -0.081634499 -0.001377432
v -0.011422145 -0.081534222 -0.001560575
v -0.011422145 -0.081416659 -0.001748337
v -0.011422145 -0.081283167 -0.001936131
v -0.011422145 -0.081128046 -0.002129299
v -0.011422145 -0.080944806 -0.002332174
v -0.011422145 -0.080730893 -0.002542926
v -0.011422145 -0.080479644 -0.002763254
v -0.011422145 -0.080178037 -0.002998379
v -0.011422145 -0.07998579 -0.003135082
v -0.011422145 -0.079792142 -0.003264018
v -0.011422145 -0.079350211 -0.003531124
v -0.011422145 -0.078798503 -0.003823471
v -0.011422145 -0.078117907 -0.004136594
v -0.011422145 -0.077185825 -0.004502933
v -0.011422145 -0.075952657 -0.004907537
v -0.011422145 -0.074428149 -0.005319141
v -0.011391749 -0.081995375 1.0005e-05
v -0.011391749 -0.0819811 0.000212999
v -0.011391749 -0.081954971 0.000412135
v -0.011391749 -0.081916645 0.000609653
v -0.011391749 -0.081892498 0.000709093
v -0.011391749 -0.081865318 0.000807311
v -0.011391749 -0.081834286 0.000906998
v -0.011391749 -0.081800222 0.001005218
v -0.011391749 -0.081762083 0.001104766
v -0.011391749 -0.081720963 0.001202605
v -0.011391749 -0.081635468 0.00138273
v -0.011391749 -0.081534863 0.001565965
v -0.011391749 -0.081416965 0.001753772
v -0.011391749 -0.081282742 0.001942123
v -0.011391749 -0.081127271 0.002135252
v -0.011391749 -0.080943093 0.002338645
v -0.011391749 -0.080726728 0.002551331
v -0.011391749 -0.080476038 0.002770684
v -0.011391749 -0.080176651 0.003003458
v -0.011391749 -0.079793952 0.003266681
v -0.011391749 -0.079351261 0.003534301
v -0.011391749 -0.078800187 0.003826284
v -0.011391749 -0.078119196 0.0041396
v -0.011391749 -0.077187017 0.004505978
v -0.011391749 -0.075953558 0.004910682
v -0.011391749 -0.074428886 0.005322326
v -0.011386914 -0.08199621 0.0
v -0.011385697 -0.071999997 -0.005841745
v -0.011385682 -0.071999997 0.005841746
v -0.011382369 -0.074480772 0.005310442
v -0.011372421 -0.081996746 -1.5462e-05
v -0.011364107 -0.078156546 0.004125903
v -0.011358788 -0.071999997 -0.005843728
v -0.011358787 -0.081983998 -0.000209055
v -0.011358787 -0.081972577 -0.000308716
v -0.011358787 -0.081958026 -0.00040884
v -0.011358787 -0.081940427 -0.00050829
v -0.011358787 -0.08191976 -0.000607177
v -0.011358787 -0.081895679 -0.000706727
v -0.011358787 -0.081868574 -0.000805056
v -0.011358787 -0.081837669 -0.000904661
v -0.011358787 -0.081803747 -0.001002816
v -0.011358787 -0.081765793 -0.001102218
v -0.011358787 -0.081724852 -0.001199954
v -0.011358787 -0.081639625 -0.001380045
v -0.011358787 -0.081539191 -0.001563485
v -0.011358787 -0.08142145 -0.001751536
v -0.011358787 -0.081287757 -0.001939602
v -0.011358787 -0.081132434 -0.00213303
v -0.011358787 -0.080948971 -0.002336154
v -0.011358787 -0.080734812 -0.002547142
v -0.011358787 -0.080483317 -0.002767688
v -0.011358787 -0.08018145 -0.003003019
v -0.011358787 -0.079989053 -0.003139829
v -0.011358787 -0.079795264 -0.003268856
v -0.011358787 -0.079353049 -0.003536131
v -0.011358787 -0.078801058 -0.003828631
v -0.011358787 -0.078120172 -0.004141888
v -0.011358787 -0.077187784 -0.004508349
v -0.011358787 -0.075954303 -0.004913054
v -0.011358787 -0.074429519 -0.005324735
v -0.011355226 -0.077157296 0.004519559
v -0.011332134 -0.075954624 0.004914226
v -0.011331055 -0.071999997 0.005844997
v -0.011331053 -0.081999108 1.0156e-05
v -0.011331053 -0.081984818 0.000213373
v -0.011331053 -0.081958659 0.000412733
v -0.011331053 -0.081920289 0.000610478
v -0.011331053 -0.081896111 0.000710032
v -0.011331053 -0.081868902 0.000808363
v -0.011331053 -0.081837833 0.000908165
v -0.011331053 -0.081803732 0.001006497
v -0.011331053 -0.081765547 0.001106158
v -0.011331053 -0.081724383 0.001204107
v -0.011331053 -0.081638791 0.001384429
v -0.011331053 -0.081538081 0.001567857
v -0.011331053 -0.081420071 0.00175585
v -0.011331053 -0.081285715 0.001944379
v -0.011331053 -0.081130117 0.002137675
v -0.011331053 -0.080945782 0.002341231
v -0.011331053 -0.080729268 0.00255407
v -0.011331053 -0.080478415 0.002773565
v -0.011331053 -0.080178864 0.003006469
v -0.011331053 -0.079795972 0.00326982
v -0.011331053 -0.079353109 0.003537549
v -0.011331053 -0.078801848 0.003829631
v -0.0113 -0.082000002 0.0
v -0.0113 -0.081991233 -0.000147968
v -0.0113 -0.081985712 -0.000209226
v -0.0113 -0.081979528 0.000266447
v -0.0113 -0.081959136 0.00041281
v -0.0113 -0.08195807 -0.000419353
v -0.0113 -0.081935786 0.000540675
v -0.0113 -0.081921451 -0.000607558
v -0.0113 -0.081920765 0.000610586
v -0.0113 -0.081903115 -0.000684555
v -0.0113 -0.081871025 0.000802805
v -0.0113 -0.081870228 -0.000805542
v -0.0113 -0.081869364 0.000808498
v -0.0113 -0.08182513 -0.000947478
v -0.0113 -0.081805378 -0.001003408
v -0.0113 -0.081785448 0.001056792
v -0.0113 -0.081726432 -0.001200644
v -0.0113 -0.08172483 0.001204301
v -0.0113 -0.081721514 -0.001211814
v -0.0113 -0.081677981 0.001306348
v -0.0113 -0.081645012 0.001373269
v -0.0113 -0.081641175 -0.001380833
v -0.0113 -0.081593834 -0.001470578
v -0.0113 -0.081540756 -0.001564403
v -0.0113 -0.081504561 0.001624871
v -0.0113 -0.081446119 -0.001717348
v -0.0113 -0.081420481 0.001756127
v -0.0113 -0.081336647 0.001876346
v -0.0113 -0.081289083 -0.001940605
v -0.0113 -0.081265785 -0.001971144
v -0.0113 -0.081134044 0.002133804
v -0.0113 -0.081133746 -0.002134148
v -0.0113 -0.081045039 -0.002235356
v -0.0113 -0.080950223 -0.002337353
v -0.0113 -0.08088883 0.002400388
v -0.0113 -0.08077278 -0.002513843
v -0.0113 -0.080729552 0.002554375
v -0.0113 -0.080589958 0.002679568
v -0.0113 -0.080484428 -0.002769023
v -0.0113 -0.080478631 0.002773817
v -0.0113 -0.080433033 -0.002811129
v -0.0113 -0.080221906 0.002975215
v -0.0113 -0.080182478 -0.003004412
v -0.0113 -0.080002367 -0.003132642
v -0.0113 -0.079796143 -0.003270209
v -0.0113 -0.079762578 0.003291754
v -0.0113 -0.079445563 -0.003484969
v -0.0113 -0.079353921 -0.003537664
v -0.0113 -0.079179794 0.003634319
v -0.0113 -0.078802057 0.003830059
v -0.0113 -0.078801826 -0.003830176
v -0.0113 -0.07870809 -0.003876098
v -0.0113 -0.078271836 0.004077834
v -0.0113 -0.078120857 -0.004143481
v -0.0113 -0.077706136 -0.004314173
v -0.0113 -0.07718835 -0.004509919
v -0.0113 -0.077106163 0.004539414
v -0.0113 -0.076144762 -0.004857203
v -0.0113 -0.075954765 0.004914732
v -0.0113 -0.07517609 0.005135225
v -0.0113 -0.074429929 -0.005326407
v -0.0113 -0.074059166 -0.005415071
v -0.0113 -0.071999997 -0.005845488
v -0.0113 -0.071999997 0.005845488
v -0.0103 -0.071999997 -0.004827807
v -0.0103 -0.071999997 0.004827807
v -0.0103 -0.07 -0.00516502
v -0.0103 -0.07 -0.002944958
v -0.0103 -0.07 -0.00290486
v -0.0103 -0.07 -0.002863851
v -0.0103 -0.07 -0.002822342
v -0.0103 -0.07 -0.002780766
v -0.0103 -0.07 -0.002739584
v -0.0103 -0.07 -0.002699267
v -0.0103 -0.07 -0.002660281
v -0.0103 -0.07 -0.002623097
v -0.0103 -0.07 -0.002588164
v -0.0103 -0.07 -0.0025559
v -0.0103 -0.07 0.0025559
v -0.0103 -0.07 0.002588164
v -0.0103 -0.07 0.002623097
v -0.0103 -0.07 0.002660281
v -0.0103 -0.07 0.002699267
v -0.0103 -0.07 0.002739584
v -0.0103 -0.07 0.002780766
v -0.0103 -0.07 0.002822342
v -0.0103 -0.07 0.002863851
v -0.0103 -0.07 0.00290486
v -0.0103 -0.07 0.002944958
v -0.0103 -0.07 0.002983777
v -0.0103 -0.07 0.003020982
v -0.0103 -0.07 0.003056275
v -0.0103 -0.07 0.003089407
v -0.0103 -0.07 0.005132944
v -0.010299946 -0.07 -0.005173635
v -0.010299814 -0.071999997 -0.004847429
v -0.010299814 -0.071408406 -0.004956895
v -0.010299814 -0.07 -0.005185032
v -0.0102991 -0.07 0.005181397
v -0.010298724 -0.07 -0.005207241
v -0.010298673 -0.071414344 0.004988577
v -0.010298673 -0.07 0.005197699
v -0.010298672 -0.071999997 0.004880244
v -0.010297157 -0.07 0.005216602
v -0.010296796 -0.071419127 -0.005016651
v -0.010296796 -0.07 -0.005226476
v -0.01029606 -0.071999997 0.004918088
v -0.010296058 -0.071999997 -0.004918104
v -0.010293926 -0.071424685 0.005046209
v -0.010293926 -0.07 0.005256864
v -0.010293925 -0.071999997 0.004939844
v -0.010292239 -0.07 -0.005267976
v -0.010291035 -0.07 0.005277295
v -0.010290079 -0.071429826 -0.005076236
v -0.010290079 -0.07 -0.005287647
v -0.010290077 -0.071999997 -0.004970853
v -0.010284936 -0.071435794 0.005108085
v -0.010284936 -0.07 0.005320385
v -0.010284276 -0.071999997 0.005007612
v -0.010284273 -0.071999997 -0.005007628
v -0.010283034 -0.07 -0.005328741
v -0.010280745 -0.07 0.005340705
v -0.010279663 -0.071440451 -0.005135427
v -0.010279663 -0.07 -0.005348412
v -0.010271993 -0.071999997 0.00506703
v -0.010271993 -0.071446769 0.005169197
v -0.010271993 -0.07 0.005383123
v -0.010270159 -0.07 -0.005388947
v -0.010266512 -0.07 0.005403226
v -0.010265565 -0.071450964 -0.005193998
v -0.010265565 -0.07 -0.00540854
v -0.010265564 -0.071999997 -0.005092631
v -0.010264769 -0.071999997 0.005095617
v -0.010264765 -0.071999997 -0.005095632
v -0.010255183 -0.07145755 0.005229246
v -0.010255183 -0.07 0.00544477
v -0.010253639 -0.07 -0.005448367
v -0.010248426 -0.07 0.00546457
v -0.01024782 -0.071461327 -0.005251723
v -0.01024782 -0.07 -0.005467801
v -0.010237732 -0.071999997 0.005181377
v -0.010237727 -0.071999997 -0.005181391
v -0.010234596 -0.071468093 0.005288002
v -0.010234596 -0.07 0.005505088
v -0.010234594 -0.071999997 0.005189881
v -0.010233515 -0.07 -0.005506771
v -0.010226583 -0.07 0.005524501
v -0.010226469 -0.071999997 -0.005210903
v -0.010226469 -0.071471497 -0.00530838
v -0.010226469 -0.07 -0.005525965
v -0.010210339 -0.071478367 0.00534524
v -0.010210339 -0.07 0.005563849
v -0.01020984 -0.07 -0.005563932
v -0.01020343 -0.071999997 0.005264197
v -0.010203424 -0.071999997 -0.005264211
v -0.010201576 -0.071481436 -0.005363746
v -0.010201576 -0.07 -0.005582804
v -0.010201095 -0.07 0.005582792
v -0.010182685 -0.07 -0.005619628
v -0.010182532 -0.071999997 0.005306453
v -0.010182529 -0.071488336 0.005400747
v -0.010182529 -0.07 0.005620832
v -0.010173215 -0.071999997 -0.005323838
v -0.010173214 -0.071491107 -0.005417603
v -0.010173214 -0.07 -0.005638093
v -0.010172085 -0.07 0.005639224
v -0.010162192 -0.071999997 0.005343425
v -0.010162184 -0.071999997 -0.005343438
v -0.01015213 -0.07 -0.005673638
v -0.010151301 -0.071999997 0.005361842
v -0.010151298 -0.071497954 0.005454316
v -0.010151298 -0.07 0.005675826
v -0.010141474 -0.071999997 -0.005377737
v -0.01014147 -0.071500465 -0.005469737
v -0.01014147 -0.07 -0.005691614
v -0.010139692 -0.07 0.005693586
v -0.010118272 -0.07 -0.005725746
v -0.010116789 -0.071507186 0.005505749
v -0.010116789 -0.07 0.005728628
v -0.0101144 -0.071999997 0.005418451
v -0.010114391 -0.071999997 -0.005418464
v -0.010106447 -0.07150948 -0.005519936
v -0.010106447 -0.07 -0.005743149
v -0.010104063 -0.07 0.005745677
v -0.010081221 -0.07 -0.005775742
v -0.01007916 -0.071999997 0.005465792
v -0.010079154 -0.071516 0.00555486
v -0.010079154 -0.07 0.005779044
v -0.010068264 -0.071999997 -0.005479336
v -0.010068261 -0.071518108 -0.005567999
v -0.010068261 -0.07 -0.00579249
v -0.010065357 -0.07 0.00579531
v -0.010060487 -0.071999997 0.005488718
v -0.010060477 -0.071999997 -0.00548873
v -0.010041099 -0.07 -0.005823421
v -0.010038569 -0.071999997 0.005513981
v -0.010038559 -0.071524367 0.00560147
v -0.010038559 -0.07 0.005826895
v -0.010027041 -0.071526311 -0.005613726
v -0.010027041 -0.07 -0.005839433
v -0.010023771 -0.07 0.005842278
v -0.010000926 -0.071999997 0.005553723
v -0.010000916 -0.071999997 -0.005553734
v -0.009998084 -0.07 -0.005868546
v -0.009995257 -0.071532242 0.005645342
v -0.009995257 -0.07 0.005871933
v -0.009983001 -0.071999997 -0.005571209
v -0.009982992 -0.07153406 -0.005656868
v -0.009982992 -0.07 -0.005883723
v -0.009979484 -0.07 0.005886422
v -0.009952264 -0.07 -0.00591099
v -0.00994928 -0.071539626 0.005686473
v -0.00994928 -0.07 0.005914159
v -0.009936224 -0.071999997 0.005613018
v -0.009936212 -0.071999997 -0.005613028
v -0.009936144 -0.071541324 -0.005697365
v -0.009936144 -0.07 -0.005925297
v -0.009932609 -0.07 0.005927661
v -0.009903797 -0.07 -0.005950572
v -0.009900905 -0.071999997 0.005641322
v -0.009900891 -0.07154648 0.005724644
v -0.009900891 -0.07 0.005953346
v -0.009886723 -0.071548082 -0.005734981
v -0.009886723 -0.07 -0.005963914
v -0.009883391 -0.07 0.005965804
v -0.009866909 -0.071999997 0.00566621
v -0.009866897 -0.071999997 -0.005666219
v -0.009852874 -0.07 -0.005987097
v -0.009850292 -0.071552776 0.005759725
v -0.009850292 -0.07 0.00598936
v -0.009834922 -0.071999997 -0.005687701
v -0.009834908 -0.071554288 -0.005769552
v -0.009834908 -0.07 -0.005999404
v -0.009832033 -0.07 0.006000719
v -0.009799679 -0.07 -0.006020405
v -0.009797687 -0.071558498 0.0057916
v -0.009797687 -0.07 0.006022083
v -0.009793533 -0.071999997 0.00571296
v -0.00979352 -0.071999997 -0.005712968
v -0.009780885 -0.071559921 -0.005800923
v -0.009780885 -0.07 -0.006031611
v -0.009778746 -0.07 0.006032295
v -0.009744404 -0.07 -0.006050345
v -0.009743303 -0.071999997 0.00574007
v -0.00974329 -0.071563624 0.005820165
v -0.00974329 -0.07 0.006051408
v -0.009724854 -0.07156495 -0.005828954
v -0.009724854 -0.07 -0.006060387
v -0.009723745 -0.07 0.00606043
v -0.009716658 -0.071999997 0.005752983
v -0.009716644 -0.071999997 -0.005752989
v -0.009687329 -0.071999997 0.005766085
v -0.009687318 -0.071568146 0.005845331
v -0.009687318 -0.07 0.006077244
v -0.009687253 -0.07 -0.006076777
v -0.00966725 -0.07 0.00608504
v -0.009667033 -0.071999997 -0.005774495
v -0.009667022 -0.071569361 -0.005853511
v -0.009667022 -0.07 -0.006085598
v -0.009636857 -0.071999997 0.005786041
v -0.009636843 -0.071999997 -0.005786046
v -0.00962999 -0.071572036 0.005867022
v -0.00962999 -0.07 0.006099512
v -0.009628438 -0.07 -0.006099574
v -0.009609484 -0.07 0.00610605
v -0.009607616 -0.071999997 -0.005796168
v -0.009607607 -0.071573123 -0.005874478
v -0.009607607 -0.07 -0.006107122
v -0.009571534 -0.071575299 0.005885177
v -0.009571534 -0.07 0.006118149
v -0.00956818 -0.07 -0.006118622
v -0.009554708 -0.071999997 0.005811945
v -0.009554693 -0.071999997 -0.005811948
v -0.009550675 -0.07 0.006123406
v -0.009546832 -0.071576223 -0.005891746
v -0.009546832 -0.07 -0.00612485
v -0.009512182 -0.071999997 0.005822334
v -0.009512175 -0.071577914 0.005899747
v -0.009512175 -0.07 0.006133107
v -0.009506707 -0.07 -0.006133819
v -0.00949105 -0.07 0.006137064
v -0.009484932 -0.071578644 -0.005905224
v -0.009484932 -0.07 -0.006138686
v -0.009470792 -0.071999997 0.00583055
v -0.009470779 -0.071999997 -0.005830553
v -0.009452142 -0.071579881 0.005910699
v -0.009452142 -0.07 0.00614435
v -0.009444256 -0.07 -0.006145075
v -0.009430839 -0.07 0.006146996
v -0.00942215 -0.071999997 -0.00583788
v -0.009422145 -0.071580365 -0.005914832
v -0.009422145 -0.07 -0.006148549
v -0.009410379 -0.07 -0.006148927
v -0.009403788 -0.07162796 -0.005908383
v -0.009391664 -0.071581192 0.005918013
v -0.009391664 -0.07 0.006151859
v -0.009387628 -0.07 -0.006151017
v -0.009385696 -0.071999997 0.005841755
v -0.009385681 -0.071999997 -0.005841756
v -0.009383897 -0.07 0.006151605
v -0.009382325 -0.07 0.006151228
v -0.00937955 -0.071626462 0.005910922
v -0.009334792 -0.07 0.006146012
v -0.009307327 -0.07 -0.006178368
v -0.0093 -0.071999997 -0.005845488
v -0.0093 -0.071999997 0.005845488
v -0.0093 -0.07195954 0.005853042
v -0.0093 -0.070413694 -0.006120605
v -0.0093 -0.07 -0.006178586
v -0.0093 -0.07 0.006133291
v -0.009173885 -0.082000002 0.0
v -0.009173813 -0.081998989 -2.4502e-05
v -0.009173254 -0.081989743 -0.000165761
v -0.00917323 -0.08198934 0.000170409
v -0.009172677 -0.081978731 0.000273188
v -0.009172552 -0.081976183 -0.000294176
v -0.009171801 -0.081959516 0.000410498
v -0.00917174 -0.081958055 -0.000419351
v -0.009171036 -0.081940517 0.000516438
v -0.009170991 -0.08193934 -0.000522608
v -0.009170985 -0.082000002 -1.7e-08
v -0.009170875 -0.081936307 -0.000537797
v -0.00917085 -0.081935681 0.000540651
v -0.009170746 -0.081932969 0.000553836
v -0.009169636 -0.081903115 -0.000684555
v -0.009169625 -0.081902802 -0.000685795
v -0.009169436 -0.081897579 0.000706256
v -0.009168861 -0.081881739 0.00076525
v -0.009168813 -0.081880502 -0.000769277
v -0.009168469 -0.081871025 0.000802805
v -0.009168118 -0.081861615 -0.000833919
v -0.009167855 -0.081854448 0.000857826
v -0.009166716 -0.081825085 -0.000947464
v -0.009166366 -0.081816427 -0.000972517
v -0.009166015 -0.081807934 0.000996354
v -0.009165794 -0.081802681 0.00101082
v -0.009165757 -0.081801824 -0.001013338
v -0.009165044 -0.08178547 0.001056805
v -0.009161916 -0.081721507 -0.001211811
v -0.009161396 -0.081711978 -0.001233143
v -0.009160842 -0.081702076 0.001254968
v -0.009157407 -0.08164636 -0.001370612
v -0.009156682 -0.081635609 0.001391721
v -0.009154557 -0.08160568 -0.001448972
v -0.009152411 -0.081577584 0.001500292
v -0.009146127 -0.081504554 0.00162491
v -0.009145587 -0.081999876 -1.49e-07
v -0.009145523 -0.081498116 0.001635373
v -0.009144155 -0.081483796 -0.001658348
v -0.009140368 -0.081446074 -0.001717362
v -0.00913887 -0.081431866 0.001738996
v -0.009128203 -0.081339478 -0.001872468
v -0.009127847 -0.081336617 0.001876415
v -0.009120184 -0.081277713 0.001955578
v -0.009118549 -0.081265733 -0.001971208
v -0.009117446 -0.081257768 0.001981521
v -0.009104437 -0.081169218 -0.002091925
v -0.009098877 -0.081133954 0.002133909
v -0.009084598 -0.081048846 0.002231131
v -0.009083916 -0.08104495 -0.002235456
v -0.00907286 -0.081988432 -0.000161413
v -0.009072809 -0.081988037 0.000165991
v -0.009071353 -0.081960909 -0.000390923
v -0.009071236 -0.081959084 0.000402491
v -0.009069764 -0.080966979 -0.002319768
v -0.00906857 -0.081899002 0.00069388
v -0.009066776 -0.081857145 0.000843299
v -0.009065128 -0.081820235 -0.000956431
v -0.009064708 -0.081811979 0.000979946
v -0.009062931 -0.081776209 -0.001076207
v -0.009060545 -0.081733562 -0.001179863
v -0.009059921 -0.081723638 0.001202695
v -0.009055343 -0.081654869 -0.001349717
v -0.009054606 -0.080888674 0.00240055
v -0.009054541 -0.081644401 0.001370598
v -0.009049741 -0.081584573 -0.001484132
v -0.009048787 -0.081574008 0.001503086
v -0.009046858 -0.080850355 0.00243879
v -0.009043825 -0.081520863 -0.001594498
v -0.009042745 -0.081510343 0.00161195
v -0.009036138 -0.080798946 0.002488874
v -0.009031245 -0.081406705 -0.001773329
v -0.009030519 -0.080772683 -0.002513931
v -0.009029964 -0.081396461 0.001788355
v -0.009021361 -0.080730781 -0.002553231
v -0.009017866 -0.081304632 -0.001916815
v -0.009016446 -0.081294812 0.001929944
v -0.009003898 -0.081211068 -0.002037711
v -0.009002332 -0.081201367 0.002049738
v -0.008988858 -0.080589704 0.002679786
v -0.008974648 -0.081041284 -0.002236672
v -0.008972652 -0.081030786 0.002248247
v -0.008972322 -0.08199323 -3.1e-07
v -0.008971664 -0.081983708 -0.000156737
v -0.008971583 -0.08198332 0.000161239
v -0.008970016 -0.081957027 -0.000382496
v -0.008969863 -0.081955262 0.000393872
v -0.008968761 -0.081933454 -0.000517224
v -0.008968545 -0.081930317 0.000532763
v -0.008967175 -0.08190196 -0.000660693
v -0.008966878 -0.081897058 0.000680528
v -0.008966019 -0.080496356 0.002759119
v -0.008965252 -0.081863232 -0.000804406
v -0.008964861 -0.081856497 0.000827603
v -0.008963044 -0.081820719 -0.000939029
v -0.008962551 -0.08181271 0.000962191
v -0.008958002 -0.081736617 -0.001159295
v -0.008957298 -0.081726983 0.001181815
v -0.008952391 -0.081660151 -0.001326975
v -0.008951506 -0.081649974 0.001347597
v -0.008949911 -0.08043284 -0.002811286
v -0.008946431 -0.081591763 -0.001459833
v -0.008945397 -0.081581466 0.001478574
v -0.008943989 -0.080886714 -0.002399764
v -0.008941484 -0.080874972 0.002411563
v -0.008940199 -0.081529692 -0.001569046
v -0.008939039 -0.08151944 0.001586317
v -0.008937147 -0.080383703 -0.002850712
v -0.008927072 -0.081418306 -0.001746241
v -0.008925715 -0.0814083 0.001761135
v -0.008920846 -0.081989311 -2.37e-07
v -0.008913224 -0.08131852 -0.001888634
v -0.008912231 -0.080742374 -0.00253974
v -0.008911732 -0.081308909 0.001901664
v -0.008909433 -0.080730371 0.00255091
v -0.008898844 -0.081226908 -0.00200876
v -0.008897207 -0.081217408 0.002020709
v -0.008893262 -0.080221519 0.0029755
v -0.008885691 -0.080194466 -0.002995579
v -0.008882566 -0.080183372 0.003003755
v -0.008869836 -0.08197549 -0.000151733
v -0.008869725 -0.08197511 0.000156154
v -0.008868885 -0.081060365 -0.002206747
v -0.008868041 -0.081949666 -0.00037347
v -0.008867851 -0.081947953 0.00038464
v -0.008866819 -0.081050053 0.002218266
v -0.008866654 -0.081926867 -0.000505788
v -0.008864921 -0.080121435 0.003048795
v -0.008864888 -0.081896402 -0.000646718
v -0.008864536 -0.081891648 0.000666201
v -0.008862743 -0.081858933 -0.000787944
v -0.008862286 -0.081852406 0.000810738
v -0.008860291 -0.081817776 -0.000920308
v -0.008859725 -0.081810027 0.000943085
v -0.008854771 -0.081736296 -0.001137105
v -0.008853985 -0.081726953 0.001159282
v -0.008848735 -0.081662111 -0.001302377
v -0.008847767 -0.081652224 0.001322711
v -0.008846462 -0.080475308 -0.002773914
v -0.008843338 -0.080463521 0.002783616
v -0.008842404 -0.081595652 -0.001433492
v -0.008841286 -0.081585646 0.001451991
v -0.008837624 -0.080908418 -0.002369299
v -0.008835843 -0.081535265 -0.001541396
v -0.008835047 -0.080896862 0.002381057
v -0.0088346 -0.081525281 0.001558461
v -0.008832671 -0.080011174 -0.003126562
v -0.008822146 -0.081426717 -0.001716706
v -0.00882071 -0.08141695 0.001731445
v -0.00880781 -0.081329286 -0.001857805
v -0.008806243 -0.081319891 0.001870716
v -0.008805339 -0.08076629 -0.002508983
v -0.008802471 -0.080754466 0.002520127
v -0.008793 -0.081239685 -0.001976994
v -0.008791291 -0.081230387 0.001988847
v -0.008778321 -0.080227114 -0.002968716
v -0.008775137 -0.080216132 0.002976903
v -0.008768346 -0.081972443 -1.9e-08
v -0.008768237 -0.081972428 -1.9e-08
v -0.008767551 -0.081963703 -0.000146401
v -0.00876741 -0.081963331 0.000150736
v -0.008765605 -0.081938751 -0.000363848
v -0.008765376 -0.08193709 0.000374797
v -0.008764081 -0.081916727 -0.000493589
v -0.008763772 -0.081913784 0.000508548
v -0.008762306 -0.08107648 -0.002173737
v -0.008762131 -0.081887305 -0.000631796
v -0.008761722 -0.081882708 0.000650901
v -0.008760165 -0.081066363 0.002185184
v -0.008759757 -0.08185111 -0.000770346
v -0.008759231 -0.081844799 0.000792706
v -0.008757054 -0.081811339 -0.00090027
v -0.008756413 -0.081803843 0.00092263
v -0.008756179 -0.079761982 0.003292132
v -0.008751042 -0.081732519 -0.001113295
v -0.008750172 -0.081723467 0.001135096
v -0.008744569 -0.081660636 -0.001275924
v -0.008743514 -0.081651047 0.001295939
v -0.008742556 -0.079719111 0.003319326
v -0.008738674 -0.080502801 -0.002742992
v -0.008737855 -0.081596158 -0.001405106
v -0.008736651 -0.081586435 0.001423336
v -0.008735484 -0.080491163 0.002752685
v -0.008730955 -0.081537485 -0.001511545
v -0.008730418 -0.080927253 -0.002335533
v -0.008729629 -0.08152777 0.001528377
v -0.008727765 -0.080915898 0.002347235
v -0.008718707 -0.079644993 0.00336552
v -0.008716672 -0.081431828 -0.001684715
v -0.008715156 -0.081422314 0.001699278
v -0.008708279 -0.079991236 -0.003137713
v -0.008705257 -0.079981498 0.003144396
v -0.008701833 -0.081336811 -0.001824319
v -0.00870019 -0.08132764 0.001837091
v -0.008697583 -0.08078742 -0.002474747
v -0.008694641 -0.08077579 0.002485848
v -0.008694154 -0.079569831 -0.003411338
v -0.008686582 -0.081249274 -0.0019424
v -0.008684798 -0.081240185 0.001954139
v -0.008669781 -0.080257431 -0.002937922
v -0.008666537 -0.080246575 0.00294611
v -0.00866499 -0.081948295 -0.000140746
v -0.008664819 -0.08194793 0.000144988
v -0.00866289 -0.081924215 -0.000353634
v -0.008662622 -0.081922606 0.000364347
v -0.008661555 -0.081955902 1.5e-08
v -0.008661226 -0.081902973 -0.00048063
v -0.008660872 -0.081900127 0.00049527
v -0.008659088 -0.081874602 -0.000615933
v -0.008658622 -0.081870161 0.000634633
v -0.008656482 -0.081839696 -0.000751618
v -0.008655889 -0.081833608 0.000773513
v -0.008655127 -0.081089504 -0.002137623
v -0.008653524 -0.081801325 -0.000878924
v -0.008652913 -0.081079587 0.002148981
v -0.008652807 -0.081794083 0.000900834
v -0.008652501 -0.079444736 -0.00348545
v -0.008647013 -0.081725195 -0.001087873
v -0.008646057 -0.081716441 0.001109265
v -0.008640093 -0.081655659 -0.001247621
v -0.008638951 -0.081646368 0.001267287
v -0.008636901 -0.079764821 -0.003287731
v -0.008633973 -0.079755872 0.003293439
v -0.00863299 -0.081593178 -0.001374681
v -0.0086317 -0.081583746 0.001392614
v -0.008629985 -0.080527663 -0.002708302
v -0.008626726 -0.080516182 0.002717972
v -0.008625745 -0.081536248 -0.001479498
v -0.008624335 -0.081526816 0.001496072
v -0.008622595 -0.080943078 -0.002298444
v -0.008619865 -0.080931932 0.00231007
v -0.008610864 -0.08143355 -0.001650273
v -0.008609267 -0.081424288 0.001664636
v -0.008607791 -0.07931342 0.003560544
v -0.008599089 -0.080023877 -0.003107199
v -0.008596011 -0.080014236 0.003113885
v -0.008595514 -0.081340991 -0.001788175
v -0.008593794 -0.081332043 0.001800789
v -0.008589195 -0.080805629 -0.002437002
v -0.008586178 -0.080794185 0.002448044
v -0.008579812 -0.08125557 -0.001904978
v -0.008577954 -0.081246689 0.001916583
v -0.008563215 -0.081937149 5.4e-08
v -0.00856305 -0.081937112 5.4e-08
v -0.00856234 -0.081929207 -0.000134769
v -0.00856214 -0.081928842 0.000138915
v -0.008560956 -0.079178713 0.003634913
v -0.00856031 -0.080285251 -0.002903135
v -0.008560087 -0.081906013 -0.000342834
v -0.008559781 -0.081904449 0.000353298
v -0.008558283 -0.081885561 -0.000466921
v -0.008557882 -0.081882805 0.000481221
v -0.008557002 -0.080274522 0.002911311
v -0.008555955 -0.081858248 -0.000599138
v -0.008555432 -0.081853963 0.000617408
v -0.008553116 -0.081824638 -0.000731773
v -0.008552453 -0.081818759 0.000753171
v -0.0085499 -0.081787676 -0.00085628
v -0.008549106 -0.081780687 0.00087771
v -0.008547585 -0.081099316 -0.002098401
v -0.008545295 -0.081089608 0.002109651
v -0.008542884 -0.081714265 -0.001060852
v -0.008541844 -0.081705801 0.001081804
v -0.008540728 -0.070875116 0.0
v -0.008539475 -0.070872553 -6.5367e-05
v -0.008539475 -0.070872553 6.5367e-05
v -0.008535724 -0.070864879 -0.000130236
v -0.008535724 -0.070864879 0.000130236
v -0.008535516 -0.081647098 -0.001217485
v -0.008534287 -0.081638105 0.001236771
v -0.008529506 -0.070852153 -0.000194114
v -0.008529506 -0.070852153 0.000194114
v -0.00852802 -0.081586652 -0.001342232
v -0.008527137 -0.079799414 -0.003257575
v -0.008524158 -0.079790547 0.003263288
v -0.008520866 -0.07083448 -0.000256515
v -0.008520866 -0.07083448 0.000256515
v -0.008520635 -0.080549754 -0.002669804
v -0.008520429 -0.081531487 -0.001445271
v -0.008518933 -0.081522331 0.00146156
v -0.008517305 -0.080538429 0.002679439
v -0.008514395 -0.080955781 -0.00225802
v -0.008511587 -0.080944844 0.002269554
v -0.008509871 -0.070811979 -0.000316964
v -0.008509871 -0.070811979 0.000316964
v -0.008504946 -0.081431784 -0.001613394
v -0.008503268 -0.081422776 0.001627534
v -0.008496604 -0.070784837 -0.000375
v -0.008496604 -0.070784837 0.000375
v -0.008491276 -0.079332575 -0.003547166
v -0.008489081 -0.081341729 -0.001749388
v -0.008488939 -0.080054142 -0.003072504
v -0.00848795 -0.07932315 0.003552478
v -0.008487283 -0.081333011 0.001761823
v -0.008485803 -0.080044605 0.003079185
v -0.008483225 -0.078960665 -0.003750049
v -0.008481165 -0.070753254 -0.000430182
v -0.008481165 -0.070753254 0.000430182
v -0.008480418 -0.080820784 -0.002395734
v -0.008477325 -0.080809534 0.0024067
v -0.008472925 -0.081258468 -0.001864738
v -0.008470992 -0.081249796 0.001876191
v -0.008463675 -0.070717469 -0.000482091
v -0.008463675 -0.070717469 0.000482091
v -0.008459798 -0.081906416 -0.000128477
v -0.008459568 -0.08190605 0.00013252
v -0.00845739 -0.081884094 -0.000331456
v -0.008457047 -0.081882581 0.000341658
v -0.008455446 -0.081864439 -0.000452473
v -0.008455 -0.081861779 0.000466413
v -0.008452931 -0.081838191 -0.000581426
v -0.00845235 -0.081834055 0.00059924
v -0.008450153 -0.080310427 -0.002864305
v -0.008449858 -0.081805885 -0.000710827
v -0.008449128 -0.081800222 0.000731698
v -0.008448512 -0.078865215 0.003798552
v -0.008446781 -0.080299824 0.002872459
v -0.008446386 -0.081770346 -0.000832358
v -0.008445518 -0.081763603 0.000853275
v -0.008444264 -0.070677757 -0.00053033
v -0.008444264 -0.070677757 0.00053033
v -0.008439919 -0.081105813 -0.002056079
v -0.008438869 -0.081699669 -0.001032254
v -0.008437744 -0.081691504 0.001052734
v -0.008437554 -0.081096306 0.002067202
v -0.008431054 -0.081634887 -0.001185537
v -0.008429739 -0.081626199 0.001204414
v -0.008423081 -0.070634417 -0.000574533
v -0.008423081 -0.070634417 0.000574533
v -0.008420598 -0.081903823 3.8e-08
v -0.00841639 -0.079831749 -0.00322308
v -0.008415231 -0.08152312 -0.001408887
v -0.008413651 -0.081514247 0.001424867
v -0.008413357 -0.079822965 0.003228791
v -0.008410878 -0.080568917 -0.002627478
v -0.008407478 -0.080557756 0.002637062
v -0.008406067 -0.080965236 -0.002214268
v -0.008403182 -0.080954507 0.002225691
v -0.008400286 -0.070587784 -0.000614364
v -0.008400286 -0.070587784 0.000614364
v -0.008399149 -0.081426457 -0.001574103
v -0.00839739 -0.081417702 0.001587997
v -0.008389997 -0.078706637 -0.003876804
v -0.00838277 -0.081338942 -0.001707983
v -0.008380897 -0.081330463 0.001720218
v -0.008380535 -0.079370305 -0.003517826
v -0.008378084 -0.08008188 -0.003033572
v -0.008377159 -0.079360954 0.003523146
v -0.008376054 -0.070538208 -0.000649519
v -0.008376054 -0.070538208 0.000649519
v -0.00837489 -0.08007244 0.003040238
v -0.00837151 -0.080832765 -0.002350945
v -0.00836834 -0.080821708 0.002361818
v -0.008366163 -0.08125788 -0.001821706
v -0.008364156 -0.081249423 0.001832989
v -0.0083585 -0.081886992 1.6e-08
v -0.008358281 -0.081886932 1.6e-08
v -0.008357559 -0.081879884 -0.000121875
v -0.008357301 -0.081879519 0.000125811
v -0.008354999 -0.081858449 -0.000319514
v -0.00835462 -0.081856981 0.000329439
v -0.008352428 -0.081837021 0.000450862
v -0.008350568 -0.070486061 -0.000679731
v -0.008350568 -0.070486061 0.000679731
v -0.00835022 -0.081814401 -0.000562815
v -0.008349583 -0.081810422 0.000580147
v -0.008346917 -0.081783406 -0.000688801
v -0.00834612 -0.08177796 0.000709114
v -0.008343194 -0.08174929 -0.000807182
v -0.008342559 -0.078918807 -0.00376885
v -0.008342251 -0.081742808 0.000827555
v -0.008339575 -0.080332801 -0.002821404
v -0.008338228 -0.078907169 0.003774766
v -0.008336138 -0.080322333 0.002829522
v -0.008335183 -0.081681363 -0.001002108
v -0.008334616 -0.078558974 0.003947202
v -0.008333975 -0.081673495 0.001022084
v -0.008332381 -0.08110889 -0.002010679
v -0.008329942 -0.0810996 0.00202166
v -0.008326929 -0.081618994 -0.00115181
v -0.008325528 -0.081610605 0.001170248
v -0.008324022 -0.070431754 -0.000704769
v -0.008324022 -0.070431754 0.000704769
v -0.008310382 -0.081511103 -0.001370383
v -0.00830872 -0.081502505 0.001386026
v -0.008304918 -0.079861656 -0.003184184
v -0.008301832 -0.079852961 0.003189883
v -0.008300981 -0.080585025 -0.00258132
v -0.00829787 -0.080971338 -0.002167209
v -0.00829751 -0.080574036 0.002590837
v -0.00829662 -0.070375696 -0.000724444
v -0.00829662 -0.070375696 0.000724444
v -0.008294908 -0.080960825 0.002178503
v -0.008293712 -0.081417508 -0.001532437
v -0.008291873 -0.081409015 0.001546063
v -0.008268769 -0.079405971 -0.003483893
v -0.00826857 -0.070318304 -0.000738606
v -0.00826857 -0.070318304 0.000738606
v -0.008266793 -0.080106921 -0.002990368
v -0.008265342 -0.079396695 0.003489216
v -0.00826354 -0.080097593 0.002997008
v -0.008262735 -0.080841444 -0.002302655
v -0.008259776 -0.08125373 -0.001775921
v -0.00825949 -0.080830596 0.002313419
v -0.008257696 -0.081245489 0.001787015
v -0.008255826 -0.081849612 -0.000114972
v -0.00825554 -0.08184924 0.000118794
v -0.00825312 -0.081829056 -0.00030702
v -0.008252705 -0.081827626 0.000316655
v -0.008248027 -0.081786871 -0.000543326
v -0.008247337 -0.081783041 0.000560152
v -0.008243641 -0.08175195 0.000685446
v -0.008240535 -0.081724502 -0.000780781
v -0.008240083 -0.070260026 -0.000747146
v -0.008240083 -0.070260026 0.000747146
v -0.008239521 -0.081718266 0.000800579
v -0.008232046 -0.081659332 -0.000970448
v -0.008231003 -0.078958981 -0.00374036
v -0.008230758 -0.081651762 0.00098989
v -0.008228849 -0.080352232 -0.002774422
v -0.00822662 -0.07894741 0.003746291
v -0.008225348 -0.080341905 0.002782492
v -0.008225231 -0.081108473 -0.001962243
v -0.0082238 -0.078269489 0.004078871
v -0.008223365 -0.081599377 -0.001116343
v -0.008222719 -0.081099391 0.001973062
v -0.008221882 -0.081591293 0.001134313
v -0.008211378 -0.0702013 -0.00075
v -0.008211378 -0.0702013 0.0
v -0.008211378 -0.0702013 0.00075
v -0.008208742 -0.078230709 -0.004095916
v -0.008206116 -0.081495382 -0.001329802
v -0.008204374 -0.081487074 0.001345084
v -0.008192999 -0.07988897 -0.003140844
v -0.008191343 -0.078517318 -0.003964037
v -0.008191222 -0.080597959 -0.002531345
v -0.008190072 -0.080973998 -0.002116883
v -0.008189858 -0.079880364 0.003146524
v -0.008188874 -0.081404887 -0.001488444
v -0.008187681 -0.080587141 0.002540782
v -0.008187034 -0.080963701 0.00212803
v -0.008186959 -0.081396647 0.00150178
v -0.008186665 -0.078505225 0.003969647
v -0.008182674 -0.070142567 -0.000747146
v -0.008182674 -0.070142567 0.000747146
v -0.008175804 -0.081828997 3e-09
v -0.008156247 -0.079439402 -0.003445294
v -0.00815535 -0.080129124 -0.002942876
v -0.008154804 -0.081815593 -0.000107776
v -0.008154491 -0.081815213 0.000111481
v -0.008154367 -0.080846742 -0.002250904
v -0.008154187 -0.070084289 -0.000738606
v -0.008154187 -0.070084289 0.000738606
v -0.008154018 -0.081245959 -0.001727435
v -0.008152768 -0.0794302 0.00345061
v -0.00815204 -0.080119908 0.00294948
v -0.008151957 -0.081795923 -0.000293991
v -0.008151867 -0.081237935 0.001738321
v -0.008151507 -0.081794538 0.000303324
v -0.008151049 -0.080836102 0.00226154
v -0.008149677 -0.078079686 -0.004161041
v -0.008146564 -0.081755593 -0.000522985
v -0.008145822 -0.08175192 0.000539281
v -0.008145501 -0.078069076 0.004165545
v -0.008138627 -0.081695959 -0.00075319
v -0.008137543 -0.081689976 0.000772384
v -0.00812968 -0.08163356 -0.000937318
v -0.008128314 -0.081626281 0.000956194
v -0.008126137 -0.070026897 -0.000724444
v -0.008126137 -0.070026897 0.000724444
v -0.008120592 -0.081576027 -0.001079184
v -0.00811903 -0.081568241 0.001096657
v -0.008118733 -0.08110448 -0.001910824
v -0.008118388 -0.078997254 -0.003707081
v -0.008118265 -0.080368586 -0.00272337
v -0.008116149 -0.081095614 0.001921463
v -0.0081147 -0.080358401 0.002731381
v -0.008113952 -0.078985758 0.003713019
v -0.008112989 -0.07 -0.000715004
v -0.008112989 -0.07 0.000715004
v -0.008112988 -0.07 -0.000615592
v -0.008112988 -0.07 -0.000319985
v -0.008112988 -0.07 0.000319985
v -0.008112988 -0.07 0.000615592
v -0.008112987 -0.07 -0.000480495
v -0.008112987 -0.07 -0.000267022
v -0.008112987 -0.07 -0.000224058
v -0.008112987 -0.07 -0.000188007
v -0.008112987 -0.07 -0.000156887
v -0.008112987 -0.07 -6.0036e-05
v -0.008112987 -0.07 -3.9507e-05
v -0.008112987 -0.07 0.0
v -0.008112987 -0.07 3.9507e-05
v -0.008112987 -0.07 6.0036e-05
v -0.008112987 -0.07 0.000156887
v -0.008112987 -0.07 0.000188007
v -0.008112987 -0.07 0.000224058
v -0.008112987 -0.07 0.000267022
v -0.008112987 -0.07 0.000480495
v -0.008112986 -0.07 -0.000388083
v -0.008112986 -0.07 -0.00012936
v -0.008112986 -0.07 -0.00010448
v -0.008112986 -0.07 -8.1551e-05
v -0.008112986 -0.07 -1.9603e-05
v -0.008112986 -0.07 1.9603e-05
v -0.008112986 -0.07 8.1551e-05
v -0.008112986 -0.07 0.00010448
v -0.008112986 -0.07 0.00012936
v -0.008112986 -0.07 0.000388083
v -0.008102671 -0.081475943 -0.001287201
v -0.008100851 -0.081467912 0.001302096
v -0.008084882 -0.08138857 -0.001442185
v -0.008082944 -0.080973141 -0.002063346
v -0.008082894 -0.081380583 0.001455208
v -0.008081887 -0.080607608 -0.002477591
v -0.008080923 -0.079913549 -0.003093041
v -0.008079833 -0.08096306 0.002074327
v -0.00807909 -0.078559451 -0.003936382
v -0.008078278 -0.080596961 0.002486933
v -0.008077728 -0.079905033 0.003098691
v -0.008074362 -0.078547426 0.003942008
v -0.008054696 -0.081777863 -0.000100297
v -0.008054357 -0.081777476 0.00010388
v -0.008051716 -0.081759065 -0.000280446
v -0.008051233 -0.081757717 0.000289464
v -0.008049146 -0.08123453 -0.001676315
v -0.008046929 -0.081226721 0.001686975
v -0.008046688 -0.080848567 -0.002195747
v -0.008046043 -0.081720591 -0.000501821
v -0.008045251 -0.081717059 0.000517565
v -0.00804405 -0.080148354 -0.002891104
v -0.008043298 -0.080838129 0.002206239
v -0.008043258 -0.079470418 -0.003401972
v -0.008040613 -0.07 -0.000704983
v -0.008039726 -0.079461299 0.003407274
v -0.008039073 -0.07 -0.000704769
v -0.008039073 -0.07 0.000704769
v -0.008038202 -0.078124873 -0.004139139
v -0.008037685 -0.081663691 -0.00072445
v -0.008037518 -0.07 0.000704486
v -0.008036536 -0.081657954 0.000743012
v -0.008033981 -0.078114308 0.004143661
v -0.008028308 -0.081604041 -0.000902765
v -0.00802687 -0.08159706 0.000921048
v -0.008018836 -0.081548937 -0.001040388
v -0.008017201 -0.081541449 0.001057337
v -0.008013153 -0.081096865 -0.001856494
v -0.008010503 -0.081088208 0.001866936
v -0.008008118 -0.080381751 -0.002668284
v -0.008004991 -0.079033449 -0.003668925
v -0.008004491 -0.080371715 0.002676222
v -0.008000501 -0.079022035 0.003674861
v -0.008000285 -0.081452772 -0.001242643
v -0.007999492 -0.077702798 -0.004315494
v -0.007998393 -0.081445023 0.001257129
v -0.007981982 -0.081368521 -0.001393731
v -0.007979926 -0.081360795 0.00140642
v -0.007976764 -0.0809687 -0.00200667
v -0.007973583 -0.080958836 0.002017469
v -0.007973269 -0.080613866 -0.002420113
v -0.007969594 -0.080603398 0.002429345
v -0.007968992 -0.07993523 -0.003040777
v -0.007965747 -0.078599833 -0.003903776
v -0.007965744 -0.079926811 0.00304639
v -0.007960967 -0.078587882 0.00390941
v -0.007956387 -0.081741676 1.6e-08
v -0.007955707 -0.081736445 -9.2547e-05
v -0.007955343 -0.081736043 9.6004e-05
v -0.007952604 -0.081718519 -0.000266405
v -0.007952091 -0.081717208 0.000275096
v -0.007946673 -0.081681885 -0.000479868
v -0.007945835 -0.081678502 0.000495038
v -0.00794542 -0.081219405 -0.001622641
v -0.007943139 -0.081211813 0.001633058
v -0.00793998 -0.080846854 -0.00213726
v -0.007937928 -0.081627704 -0.000694607
v -0.007936718 -0.081622213 0.000712508
v -0.007936521 -0.080836624 0.002147591
v -0.00793466 -0.081731915 1.7e-08
v -0.007930103 -0.079498865 -0.0033539
v -0.007928154 -0.081570812 -0.000866848
v -0.007928114 -0.077526741 0.004384023
v -0.007926648 -0.081564113 0.000884508
v -0.007926518 -0.079489827 0.00335918
v -0.007925339 -0.078168623 -0.004112282
v -0.007921072 -0.07815811 0.004116815
v -0.007918329 -0.081518121 -0.00100002
v -0.007916625 -0.081510931 0.001016418
v -0.00791318 -0.079944946 -0.003012981
v -0.007908763 -0.081085593 -0.001799338
v -0.007906049 -0.081077151 0.001809566
v -0.007905693 -0.07 -0.000680508
v -0.00790142 -0.07 -0.000679731
v -0.00790142 -0.07 0.000679731
v -0.007899197 -0.081425883 -0.001196205
v -0.007898713 -0.080391623 -0.002609219
v -0.007897237 -0.08141841 0.001210257
v -0.007897149 -0.07 0.000678754
v -0.007895024 -0.080381721 0.002617072
v -0.007891109 -0.079067394 -0.003625827
v -0.007886565 -0.079056062 0.003631754
v -0.007880421 -0.081344761 -0.001343164
v -0.0078783 -0.081337288 0.001355499
v -0.007865665 -0.080616668 -0.00235899
v -0.007861925 -0.080606379 0.002368097
v -0.007858038 -0.081691384 -8.454e-05
v -0.007857651 -0.081690975 8.7865e-05
v -0.007857521 -0.079953894 -0.002984083
v -0.007854826 -0.08167433 -0.000251893
v -0.007854284 -0.081673056 0.000260246
v -0.007854221 -0.079945564 0.002989649
v -0.007848661 -0.081639528 -0.000457163
v -0.007847781 -0.08163628 0.000471737
v -0.007843098 -0.081200577 -0.001566506
v -0.007840758 -0.081193194 0.001576663
v -0.007839569 -0.081588052 -0.000663712
v -0.007838303 -0.0815828 0.000680926
v -0.00783453 -0.080841541 -0.002075537
v -0.007831007 -0.080831513 0.002085691
v -0.007829438 -0.081533894 -0.000829627
v -0.007827871 -0.081527479 0.000846639
v -0.007819296 -0.081483617 -0.00095815
v -0.007817528 -0.081476718 0.000973973
v -0.007817097 -0.079524584 -0.003301073
v -0.007813461 -0.079515621 0.003306322
v -0.007811361 -0.078210764 -0.004080339
v -0.007807047 -0.07820031 0.004084879
v -0.00780583 -0.081070639 -0.001739457
v -0.007803056 -0.081062406 0.001749455
v -0.007802058 -0.079962045 -0.00295409
v -0.007799641 -0.081395283 -0.00114797
v -0.007797621 -0.081388086 0.001161566
v -0.007790355 -0.08039809 -0.002546255
v -0.00778661 -0.080388345 0.00255401
v -0.007780441 -0.081317291 -0.001290579
v -0.007778262 -0.081310071 0.00130254
v -0.007777054 -0.079098918 -0.00357775
v -0.007775933 -0.07 -0.000651044
v -0.007772455 -0.079087667 0.00358366
v -0.007769263 -0.07 -0.000649519
v -0.007769263 -0.07 0.000649519
v -0.007762672 -0.07 0.000647675
v -0.007762494 -0.081647031 2.3e-08
v -0.00776189 -0.081642754 -7.6288e-05
v -0.007761482 -0.081642337 7.9479e-05
v -0.007760752 -0.079536371 -0.003272882
v -0.007759372 -0.08061593 -0.002294322
v -0.007758583 -0.081626564 -0.000236934
v -0.007758014 -0.081625313 0.000244938
v -0.007755573 -0.08060582 0.00230329
v -0.007753107 -0.077101976 0.004540909
v -0.007752214 -0.081593573 -0.000433745
v -0.007751296 -0.081590466 0.000447704
v -0.007746831 -0.079969406 -0.002923012
v -0.00774348 -0.079961173 0.002928521
v -0.007742819 -0.081544779 -0.00063182
v -0.007742435 -0.081178047 -0.001508018
v -0.007741504 -0.081539765 0.000648324
v -0.007740042 -0.081170887 0.001517899
v -0.007737523 -0.077064566 -0.00455419
v -0.007732378 -0.08149334 -0.000791172
v -0.007730756 -0.081487216 0.00080751
v -0.007730622 -0.080832593 -0.002010691
v -0.007729847 -0.081629351 2.2e-08
v -0.00772922 -0.077363253 -0.004443119
v -0.00772704 -0.080822781 0.002020651
v -0.007725894 -0.07735531 0.004446072
v -0.00772196 -0.081445463 -0.000914859
v -0.007720136 -0.081438854 0.000930081
v -0.007704619 -0.081051998 -0.001676969
v -0.007704568 -0.07954742 -0.003243514
v -0.007701851 -0.081361026 -0.001098032
v -0.007701792 -0.081043981 0.00168672
v -0.007700882 -0.079538547 0.003248724
v -0.007699776 -0.081354104 0.001111151
v -0.00769656 -0.078251109 -0.004043206
v -0.007692197 -0.0782407 0.004047744
v -0.00769188 -0.079975948 -0.002890858
v -0.007683357 -0.0804011 -0.002479494
v -0.007682282 -0.081286155 -0.001236078
v -0.007680051 -0.081279181 0.001247647
v -0.007679557 -0.080391496 0.002487139
v -0.007668379 -0.081594631 1.9e-08
v -0.007668003 -0.081594408 1.9e-08
v -0.00766703 -0.081590198 7.0859e-05
v -0.00766407 -0.081575289 -0.000221556
v -0.007663478 -0.081574075 0.000229202
v -0.007663152 -0.079127848 -0.003524684
v -0.007658499 -0.07911668 0.003530566
v -0.007657533 -0.081544101 -0.000409659
v -0.007656581 -0.081541121 0.000422984
v -0.007654691 -0.080611624 -0.002226227
v -0.007652258 -0.07 -0.000616789
v -0.007650837 -0.080601692 0.002235042
v -0.007648587 -0.079557717 -0.003212975
v -0.007647885 -0.08149796 -0.000598992
v -0.007646527 -0.081493184 0.000614762
v -0.007643683 -0.081151851 -0.001447296
v -0.007643589 -0.07 -0.000614364
v -0.007643589 -0.07 0.000614364
v -0.007641243 -0.081144899 0.001456884
v -0.007637247 -0.079981662 -0.002857643
v -0.007637186 -0.081449226 -0.000751558
v -0.007635516 -0.081443377 0.000767197
v -0.007635131 -0.07 0.000611514
v -0.007633848 -0.079973519 0.002863088
v -0.007628539 -0.080820002 -0.001942851
v -0.007626537 -0.081403725 -0.00087023
v -0.007624903 -0.080810398 0.001952603
v -0.007624666 -0.081397399 0.00088483
v -0.007615341 -0.077409536 -0.004417716
v -0.007611974 -0.077401631 0.004420674
v -0.007606363 -0.079141296 -0.003496283
v -0.007606051 -0.081323162 -0.001046491
v -0.007605392 -0.081029691 -0.001612004
v -0.007603931 -0.081316508 0.001059114
v -0.007602518 -0.081021883 0.001621494
v -0.007592852 -0.079567246 -0.003181275
v -0.007589117 -0.079558454 0.003186438
v -0.007586177 -0.081251398 -0.001179776
v -0.007583902 -0.08124467 0.001190935
v -0.007582972 -0.079986535 -0.00282338
v -0.007581245 -0.078289457 -0.004000801
v -0.007578027 -0.080400579 -0.002409061
v -0.007576833 -0.078279108 0.004005332
v -0.007574177 -0.080391124 0.002416585
v -0.007571481 -0.081520602 -0.000205788
v -0.007570867 -0.081519417 0.000213066
v -0.007564811 -0.081491195 -0.000384951
v -0.007563831 -0.081488349 0.000397624
v -0.007554966 -0.081447683 -0.000565294
v -0.007553573 -0.081443138 0.000580307
v -0.007551915 -0.080603704 -0.002154846
v -0.00754974 -0.079154037 -0.003466645
v -0.007548011 -0.080593951 0.002163494
v -0.007547087 -0.081122018 -0.00138447
v -0.007545036 -0.079142958 0.003472492
v -0.007544606 -0.081115276 0.001393752
v -0.007544066 -0.081401624 -0.000710864
v -0.007542358 -0.081396051 0.000725783
v -0.007537404 -0.079575993 -0.003148424
v -0.007536075 -0.081513166 4e-09
v -0.007535606 -0.07 -0.000577977
v -0.00753324 -0.081358485 -0.000824356
v -0.007531329 -0.081352443 0.000838312
v -0.007529098 -0.079990566 -0.002788085
v -0.007528556 -0.080803759 -0.001872164
v -0.007528171 -0.076567695 0.004723214
v -0.007525654 -0.079982527 0.002793455
v -0.007525387 -0.07 -0.000574533
v -0.007525387 -0.07 0.000574533
v -0.007524873 -0.080794357 0.001881693
v -0.00751556 -0.07 0.000570579
v -0.007512461 -0.081281766 -0.000993458
v -0.007510303 -0.081275374 0.001005566
v -0.007508403 -0.08100374 -0.001544705
v -0.007505488 -0.080996141 0.00155392
v -0.007500303 -0.077454425 -0.004387016
v -0.007496895 -0.077446558 0.004389976
v -0.007493327 -0.079166055 -0.003435775
v -0.00749235 -0.081213094 -0.001121794
v -0.007490039 -0.081206612 0.001132527
v -0.007482287 -0.079583935 -0.003114435
v -0.007480997 -0.081462614 -0.00018966
v -0.007480366 -0.081461452 0.000196562
v -0.007478507 -0.079575233 0.003119542
v -0.007475664 -0.07999374 -0.002751774
v -0.007474671 -0.080396496 -0.002335104
v -0.007474235 -0.081434958 -0.00035967
v -0.007473233 -0.081432238 0.000371675
v -0.007470776 -0.080387183 0.002342494
v -0.007465743 -0.078325637 -0.00395307
v -0.007464255 -0.081394054 -0.000530792
v -0.007462834 -0.081389725 0.000545029
v -0.007461284 -0.078315347 0.003957587
v -0.007453216 -0.081350639 -0.000669174
v -0.007452882 -0.08108861 -0.001319682
v -0.007451479 -0.081345335 0.000683353
v -0.007451333 -0.080592163 -0.002080337
v -0.007450368 -0.081082076 0.001328645
v -0.007447387 -0.080582589 0.002088807
v -0.007442268 -0.081309833 -0.000777334
v -0.007440328 -0.081304073 0.000790627
v -0.007437168 -0.079177327 -0.003403682
v -0.007432413 -0.079166338 0.003409485
v -0.007430942 -0.080783889 -0.001798794
v -0.00742722 -0.080774695 0.001808086
v -0.007426822 -0.07 -0.000534872
v -0.007422711 -0.079996049 -0.002714468
v -0.00742129 -0.081236921 -0.000939047
v -0.007419226 -0.0799881 0.002719756
v -0.007419103 -0.081230797 0.000950624
v -0.007417558 -0.076623 -0.004702374
v -0.007415535 -0.07 -0.00053033
v -0.007415535 -0.07 0.00053033
v -0.007414912 -0.076616898 0.004704386
v -0.007413896 -0.080974214 -0.00147523
v -0.007410948 -0.080966815 0.001484156
v -0.00740486 -0.07 0.000525215
v -0.007401017 -0.081171319 -0.001062263
v -0.007398679 -0.081165075 0.001072554
v -0.007396592 -0.081416495 9e-09
v -0.007392794 -0.08140143 -0.000173205
v -0.00739215 -0.08140029 0.000179723
v -0.007385985 -0.08137551 -0.000333866
v -0.007384966 -0.081372917 0.00034519
v -0.007384409 -0.077497736 -0.0043509
v -0.007381306 -0.079187848 -0.003370378
v -0.007380958 -0.077489905 0.004353855
v -0.007375934 -0.081337169 -0.000495559
v -0.007374495 -0.081333071 0.000509002
v -0.007373589 -0.080388814 -0.00225779
v -0.007370281 -0.079997487 -0.002676187
v -0.007369654 -0.08037965 0.002265038
v -0.007369396 -0.079588763 0.003048147
v -0.007361292 -0.0810517 -0.001253084
v -0.007358754 -0.081045367 0.001261714
v -0.007353814 -0.08125788 -0.000729266
v -0.007353226 -0.080577008 -0.002002878
v -0.007351854 -0.081252389 0.000741878
v -0.007350401 -0.078359462 -0.003899991
v -0.007349243 -0.080567606 0.002011157
v -0.007347898 -0.081379898 2.4e-08
v -0.007345893 -0.07834924 0.003904487
v -0.007344998 -0.076140262 -0.004858592
v -0.007335956 -0.080760419 -0.001722919
v -0.007332735 -0.081188738 -0.000883383
v -0.007332202 -0.080751434 0.001731962
v -0.007330529 -0.081182875 0.000894412
v -0.007326728 -0.07 -0.00048777
v -0.007325787 -0.0791976 -0.003335875
v -0.007322102 -0.080941163 -0.001403744
v -0.007320984 -0.0791867 0.003341625
v -0.007319131 -0.080933973 0.00141237
v -0.007318411 -0.079998046 -0.002636952
v -0.007314889 -0.079990193 0.00264215
v -0.007314876 -0.07 -0.000482091
v -0.007314876 -0.07 0.000482091
v -0.007312382 -0.081126168 -0.00100132
v -0.007310027 -0.081120163 0.001011157
v -0.007307039 -0.081337191 -0.000156457
v -0.007306384 -0.081336074 0.000162583
v -0.007303887 -0.07 0.000475802
v -0.007302855 -0.076671168 -0.004678245
v -0.007300228 -0.081312977 -0.000307594
v -0.007300172 -0.076665089 0.004680259
v -0.007299199 -0.081310503 0.000318222
v -0.007290177 -0.081277177 -0.00045967
v -0.007288727 -0.081273288 0.000472302
v -0.007275069 -0.080377549 -0.002177309
v -0.007272531 -0.081011385 -0.001184835
v -0.007271102 -0.080368526 0.002184403
v -0.007270654 -0.079206564 -0.003300187
v -0.007269978 -0.08100526 0.001193122
v -0.007268058 -0.081202753 -0.000680258
v -0.007267979 -0.077539273 -0.004309272
v -0.007267143 -0.079997726 -0.002596788
v -0.007266089 -0.081197523 0.000692174
v -0.007264486 -0.077531479 0.004312217
v -0.007262127 -0.079598971 0.00297239
v -0.007261122 -0.075946465 0.004917213
v -0.007257862 -0.08055827 -0.001922663
v -0.00725385 -0.080549046 0.001930741
v -0.007243842 -0.080733426 -0.00164473
v -0.007240064 -0.080724634 0.001653512
v -0.007236081 -0.07 -0.000436998
v -0.007235572 -0.07839077 -0.003841573
v -0.007233243 -0.080904678 -0.001330426
v -0.007231019 -0.078380615 0.00384604
v -0.007230256 -0.080897689 0.00133874
v -0.007227379 -0.08128234 7.4e-08
v -0.007226636 -0.081077769 -0.000939108
v -0.007224273 -0.081072003 0.000948478
v -0.007224172 -0.07 -0.000430182
v -0.007224172 -0.07 0.000430182
v -0.007223887 -0.081270032 -0.000139449
v -0.007223226 -0.081268936 0.000145178
v -0.007217124 -0.081247501 -0.000280907
v -0.007216514 -0.079996519 -0.002555719
v -0.007216091 -0.081245147 0.000290829
v -0.007215953 -0.079214729 -0.003263332
v -0.007215542 -0.075841606 0.004948263
v -0.007213388 -0.07 0.000422749
v -0.007212959 -0.079988763 0.002560819
v -0.007211105 -0.079203919 0.00326902
v -0.007207144 -0.081214197 -0.0004232
v -0.007205694 -0.081210524 0.000435007
v -0.007186959 -0.076718137 -0.004648662
v -0.007186798 -0.080967776 -0.001115103
v -0.007185168 -0.081144571 -0.00063042
v -0.007184237 -0.080961846 0.001123037
v -0.007184237 -0.076712079 0.004650672
v -0.007183202 -0.081139609 0.000641626
v -0.007179392 -0.080362707 -0.002093868
v -0.007175398 -0.080353834 0.002100799
v -0.007166562 -0.079994433 -0.002513772
v -0.007165542 -0.0812281 9.6e-08
v -0.007161727 -0.079222083 -0.003225327
v -0.007157038 -0.079605766 0.002892436
v -0.007155594 -0.07 -0.000382911
v -0.007154832 -0.08070296 -0.00156443
v -0.007151353 -0.07757885 -0.004262066
v -0.00715104 -0.080694377 0.00157294
v -0.007147818 -0.077571094 0.004264997
v -0.007147523 -0.080864869 -0.00125546
v -0.00714453 -0.080858074 0.001263453
v -0.007144118 -0.07 -0.000375
v -0.007144118 -0.07 0.000375
v -0.007143955 -0.081026249 -0.000875775
v -0.007143483 -0.081200115 -0.000122216
v -0.007142818 -0.081199035 0.000127542
v -0.007141595 -0.081020705 0.000884667
v -0.007136817 -0.081179231 -0.000253861
v -0.007135787 -0.081176996 0.000263068
v -0.007134033 -0.07 0.000366493
v -0.007126985 -0.081148393 -0.000386228
v -0.007125544 -0.081144929 0.000397198
v -0.007121625 -0.078419402 -0.003777856
v -0.007117325 -0.079991452 -0.002470975
v -0.007117027 -0.078409299 0.003782288
v -0.007113743 -0.079983786 0.002475969
v -0.007108021 -0.07922861 -0.003186194
v -0.007105298 -0.081083499 -0.000579864
v -0.007103345 -0.081078798 0.000590349
v -0.007103132 -0.079217896 0.003191813
v -0.007101632 -0.075892106 0.004930666
v -0.00708682 -0.080344327 -0.00200769
v -0.007085901 -0.07 -0.000325889
v -0.007082806 -0.080335595 0.00201445
v -0.007075321 -0.07 -0.000316964
v -0.007075321 -0.07 0.000316964
v -0.007070179 -0.076763697 -0.004613489
v -0.007069138 -0.080669127 -0.001482231
v -0.007067418 -0.076757669 0.004615492
v -0.007066386 -0.07 0.000307491
v -0.007065956 -0.081127584 -0.000104794
v -0.007065341 -0.080660746 0.00149046
v -0.007065293 -0.081126519 0.000109714
v -0.007065129 -0.080821842 -0.001179038
v -0.007064502 -0.08097174 -0.000811472
v -0.007063877 -0.075494759 -0.005047802
v -0.007062155 -0.08096642 0.000819878
v -0.007062139 -0.080815248 0.001186702
v -0.007054877 -0.079234309 -0.003145955
v -0.007054461 -0.079609111 0.00280848
v -0.007049834 -0.081079915 -0.000348833
v -0.007048413 -0.081076652 0.000358957
v -0.007034889 -0.077616267 -0.004209249
v -0.007031312 -0.077608548 0.004212159
v -0.007028588 -0.081019677 -0.000528704
v -0.007027573 -0.07 -0.00026634
v -0.007026661 -0.081015229 0.000538457
v -0.00702114 -0.07998284 -0.002382947
v -0.007018306 -0.07 -0.000256515
v -0.007018306 -0.07 0.000256515
v -0.007017536 -0.07997527 0.002387829
v -0.007010914 -0.07 0.000246218
v -0.007008931 -0.078445196 -0.003708917
v -0.0070081 -0.081075363 9.9e-08
v -0.007004291 -0.07843516 0.003713307
v -0.007002341 -0.079239167 -0.003104634
v -0.006997599 -0.080322467 -0.001919014
v -0.006997415 -0.079228543 0.003110175
v -0.006993575 -0.080313869 0.001925595
v -0.006991429 -0.081052616 -8.7219e-05
v -0.00699077 -0.081051573 9.1729e-05
v -0.006988419 -0.080914393 -0.000746354
v -0.006986958 -0.080632038 -0.001398355
v -0.006986232 -0.080775738 -0.001101358
v -0.006986206 -0.075941764 0.004907656
v -0.006986097 -0.080909297 0.000754267
v -0.006983256 -0.080769338 0.001108686
v -0.006983166 -0.080623843 0.001406296
v -0.006981089 -0.07 -0.00020469
v -0.006975814 -0.081008941 -0.000311097
v -0.006974422 -0.081005879 0.000320365
v -0.006973497 -0.07 -0.000194114
v -0.006973497 -0.07 0.000194114
v -0.006967967 -0.07 0.000183162
v -0.006955162 -0.080953285 -0.000477055
v -0.006954715 -0.079608954 0.00272074
v -0.006953272 -0.08094909 0.000486069
v -0.006952844 -0.07680767 -0.00457262
v -0.006950452 -0.079243168 -0.003062256
v -0.006950045 -0.076801673 0.004574612
v -0.006946875 -0.07 -0.00014139
v -0.006941243 -0.07 -0.000130236
v -0.006941243 -0.07 0.000130236
v -0.006937821 -0.07 0.000118821
v -0.006928233 -0.07997071 -0.002291881
v -0.006925264 -0.07 -7.6904e-05
v -0.006924614 -0.07996323 0.002296646
v -0.006922206 -0.080981843 5.7e-08
v -0.006921805 -0.07 -6.5367e-05
v -0.006921805 -0.07 6.5367e-05
v -0.006920645 -0.07 5.3696e-05
v -0.006920004 -0.080975391 -6.9527e-05
v -0.006919557 -0.075167418 0.005137553
v -0.006919354 -0.080974363 7.3623e-05
v -0.006918957 -0.077651359 -0.004150821
v -0.006916459 -0.07 -1.1711e-05
v -0.006915836 -0.080854386 -0.000680576
v -0.006915341 -0.077643678 0.004153705
v -0.006915295 -0.07 0.0
v -0.006913549 -0.080849506 0.000687989
v -0.006911958 -0.080297194 -0.001828092
v -0.006910982 -0.080726698 -0.00102262
v -0.006908465 -0.080591805 -0.00131303
v -0.006908029 -0.080720484 0.001029606
v -0.00690793 -0.080288738 0.001834488
v -0.006905031 -0.080935635 -0.000273098
v -0.006904689 -0.080583803 0.001320675
v -0.006903679 -0.080932766 0.000281505
v -0.006900928 -0.075125337 0.005148812
v -0.006899255 -0.07924632 -0.003018851
v -0.006897867 -0.078468025 -0.003634866
v -0.006894297 -0.079235792 0.003024307
v -0.006893188 -0.078458056 0.003639207
v -0.006885128 -0.080884501 -0.000425031
v -0.006883287 -0.080880545 0.0004333
v -0.006866502 -0.080916725 1.9e-08
v -0.006851775 -0.080896087 -5.1753e-05
v -0.006851138 -0.080895066 5.5435e-05
v -0.006848789 -0.079248615 -0.002974447
v -0.006846862 -0.080791883 -0.000614293
v -0.006844622 -0.080787219 0.000621204
v -0.00683951 -0.080674879 -0.000943026
v -0.006838866 -0.079955094 -0.002198041
v -0.006837578 -0.080860183 -0.000234918
v -0.006836592 -0.080668852 0.000949667
v -0.006836276 -0.080857508 0.000242459
v -0.006835307 -0.076849855 -0.00452598
v -0.006835237 -0.079947703 0.002202684
v -0.006833816 -0.080548577 -0.001226486
v -0.006832469 -0.07684388 0.004527955
v -0.006830102 -0.080268607 -0.001735185
v -0.006830065 -0.080540761 0.001233831
v -0.006826079 -0.080260284 0.00174139
v -0.006818578 -0.08081349 -0.000372747
v -0.006816799 -0.080809779 0.000380267
v -0.00680394 -0.077683941 -0.004086818
v -0.006800285 -0.077676304 0.00408967
v -0.006799094 -0.079250038 -0.002929075
v -0.00679411 -0.079239599 0.002934438
v -0.006788807 -0.078487769 -0.003555849
v -0.006788267 -0.080818482 0.0
v -0.006788245 -0.075180806 -0.00513124
v -0.00678782 -0.080817901 0.0
v -0.006786819 -0.080814883 -3.3932e-05
v -0.006786464 -0.07517688 0.005132293
v -0.006786198 -0.080813885 3.7199e-05
v -0.006784092 -0.078477859 0.003560133
v -0.006781589 -0.080727056 -0.000547661
v -0.006779406 -0.0807226 0.000554066
v -0.006773531 -0.080782771 -0.000196633
v -0.006772289 -0.08078029 0.000203307
v -0.006771928 -0.080620445 -0.000862779
v -0.006769054 -0.080614597 0.000869071
v -0.006763144 -0.080502495 -0.001138957
v -0.006759428 -0.080494866 0.001145998
v -0.006755589 -0.080740452 -0.000320316
v -0.006753883 -0.080736972 0.000327086
v -0.006753273 -0.079936057 -0.002101707
v -0.006752216 -0.080236807 -0.001640562
v -0.006749641 -0.079928756 0.002106223
v -0.006748206 -0.080228627 0.001646572
v -0.006725199 -0.080731973 -1.6099e-05
v -0.006724598 -0.08073099 1.895e-05
v -0.00672009 -0.080660105 -0.000480831
v -0.006717975 -0.080655858 0.000486729
v -0.006717933 -0.076890051 -0.004473524
v -0.006715058 -0.076884106 0.004475478
v -0.006709665 -0.080710582 6e-09
v -0.006702173 -0.079250284 -0.002835559
v -0.006697169 -0.079239935 0.002840825
v -0.006696559 -0.080453716 -0.001050677
v -0.006696219 -0.080665566 -0.000267848
v -0.006694598 -0.080662325 0.000273868
v -0.006692889 -0.080446273 0.001057412
v -0.006690225 -0.077713855 -0.004017311
v -0.006686533 -0.077706255 0.004020127
v -0.006682122 -0.078504309 -0.003472044
v -0.006681361 -0.080669142 1e-09
v -0.006678459 -0.080201931 -0.001544498
v -0.006677375 -0.078494467 0.003476267
v -0.006674471 -0.080193885 0.00155031
v -0.006674339 -0.08065863 -1e-09
v -0.006672269 -0.075231612 -0.005109219
v -0.006671669 -0.079913676 -0.002003168
v -0.006670453 -0.075227708 0.005110269
v -0.006668042 -0.079906456 0.002007553
v -0.006666562 -0.080646873 -2e-09
v -0.006666129 -0.080646209 -2e-09
v -0.006662419 -0.080591209 -0.000413953
v -0.006660383 -0.080587164 0.000419345
v -0.006651996 -0.07 0.006133815
v -0.006640512 -0.080589034 -0.000215451
v -0.006638987 -0.080586024 0.000220722
v -0.006634148 -0.080402426 -0.000961879
v -0.006630534 -0.080395162 0.000968305
v -0.006610471 -0.080558367 -6e-09
v -0.006610049 -0.080557674 -6e-09
v -0.006608789 -0.079247057 -0.002738583
v -0.006608614 -0.080520563 -0.000347172
v -0.006606666 -0.080516718 0.00035206
v -0.00660377 -0.079236798 0.002743745
v -0.006601107 -0.076928079 -0.004415247
v -0.006598195 -0.076922163 0.004417175
v -0.006594244 -0.079888046 -0.001902723
v -0.006590628 -0.079880916 0.001906976
v -0.006578204 -0.077740952 -0.003942412
v -0.006578173 -0.078517579 -0.003383664
v -0.006575976 -0.080348797 -0.00087279
v -0.006574479 -0.07773339 0.003945185
v -0.006573891 -0.080496795 1.7e-08
v -0.006573398 -0.078507796 0.003387819
v -0.006572428 -0.080341712 0.000878908
v -0.006558693 -0.080448367 -0.000280627
v -0.006556845 -0.080444716 0.000285015
v -0.006555045 -0.075281516 -0.005081516
v -0.006553194 -0.075277627 0.00508256
v -0.006522087 -0.080293015 -0.000783633
v -0.006521161 -0.079859287 -0.001800679
v -0.006519218 -0.079240374 -0.002638444
v -0.006518614 -0.080286093 0.000789445
v -0.006517562 -0.079852238 0.001804797
v -0.006514191 -0.079230204 0.002643497
v -0.00651266 -0.080374807 -0.000214454
v -0.006510919 -0.08037135 0.000218347
v -0.006485222 -0.076963753 -0.004351178
v -0.006482275 -0.076957859 0.004353076
v -0.006477306 -0.078527495 -0.003290952
v -0.006472509 -0.078517772 0.003295035
v -0.006472501 -0.080235258 -0.000694625
v -0.006469112 -0.080228515 0.000700133
v -0.006468268 -0.077765092 -0.003862267
v -0.006466408 -0.080294549 0.0
v -0.006464512 -0.077757567 0.003864994
v -0.006461999 -0.080285534 1.9117e-05
v -0.006458417 -0.080278203 -3.3284e-05
v -0.00645275 -0.08026661 5.3985e-05
v -0.006452554 -0.079827525 -0.001697343
v -0.00644898 -0.079820558 0.001701325
v -0.006448675 -0.080258273 -6.7576e-05
v -0.006440757 -0.080242075 9.2437e-05
v -0.006436896 -0.07533031 -0.005047977
v -0.006435009 -0.075326443 0.00504901
v -0.006433711 -0.079230279 -0.00253546
v -0.006432294 -0.08022476 -0.000116591
v -0.006428683 -0.079220183 0.0025404
v -0.006422748 -0.080205232 0.000142386
v -0.006419117 -0.074048646 -0.005417532
v -0.006399909 -0.080158502 -0.000199161
v -0.006393441 -0.08014527 0.000214274
v -0.006388533 -0.079792902 -0.001593026
v -0.006386213 -0.080114633 -0.000517879
v -0.006384991 -0.07978601 0.001596871
v -0.006383017 -0.08010821 0.000522789
v -0.006379855 -0.078534015 -0.003194183
v -0.00637504 -0.078524359 0.003198188
v -0.006370679 -0.076996893 -0.004281386
v -0.006367698 -0.076991029 0.00428325
v -0.006360802 -0.077786155 -0.003777061
v -0.006357019 -0.077778667 0.003779736
v -0.006352492 -0.079216808 -0.002429962
v -0.006349962 -0.080056317 -0.00030776
v -0.00634747 -0.079206802 0.002434786
v -0.006346885 -0.080050021 0.000313984
v -0.006329176 -0.079755567 -0.001488032
v -0.006325672 -0.07974875 0.001491741
v -0.006318164 -0.0753778 -0.005008475
v -0.006316241 -0.075373948 0.005009494
v -0.006286131 -0.078537121 -0.003093655
v -0.006282508 -0.07991831 0.000433575
v -0.006281304 -0.078527525 0.003097578
v -0.006275758 -0.079200059 -0.002322291
v -0.00627555 -0.079904079 -0.000445527
v -0.006274537 -0.079715692 -0.001382663
v -0.006271078 -0.079708956 0.001386238
v -0.006270749 -0.079190135 0.002326997
v -0.00626834 -0.073715612 -0.005493845
v -0.006266949 -0.07371255 0.005494534
v -0.006257882 -0.077027336 -0.004205981
v -0.006256182 -0.077804044 -0.003687014
v -0.006254871 -0.077021502 0.004207806
v -0.006252375 -0.077796593 0.003689634
v -0.00622464 -0.079673447 -0.001277211
v -0.006221232 -0.079666778 0.001280654
v -0.006203676 -0.079180114 -0.002212796
v -0.006199216 -0.075423777 -0.004962918
v -0.006198687 -0.079170272 0.002217382
v -0.006197257 -0.07541994 0.004963919
v -0.006196421 -0.078536808 -0.002989692
v -0.006191588 -0.078527272 0.002993529
v -0.006190304 -0.079729669 0.000582357
v -0.006179485 -0.079629011 -0.001171961
v -0.006176132 -0.079622418 0.001175273
v -0.006158093 -0.079663776 -0.000629999
v -0.006153008 -0.073768675 -0.005479127
v -0.006151584 -0.073765628 0.005479814
v -0.006147236 -0.077054948 -0.004125112
v -0.006144197 -0.077049136 0.004126893
v -0.006139045 -0.079582565 -0.001067183
v -0.006135754 -0.079576045 0.001070368
v -0.006110986 -0.078533091 -0.002882636
v -0.006106153 -0.078523606 0.002886386
v -0.006103272 -0.0795343 -0.000963134
v -0.006100047 -0.079527847 0.000966195
v -0.006085505 -0.073313825 0.005582143
v -0.006080436 -0.075468034 -0.00491125
v -0.006078444 -0.075464226 0.004912227
v -0.006054004 -0.079450816 0.000772587
v -0.006039138 -0.077079587 -0.004038965
v -0.006036081 -0.073821254 -0.005458768
v -0.006036075 -0.077073798 0.004040699
v -0.006034623 -0.073818222 0.005459451
v -0.006030059 -0.078526005 -0.002772848
v -0.006025232 -0.07851658 0.002776508
v -0.005976448 -0.079292141 -0.000869705
v -0.005962226 -0.075510383 -0.004853448
v -0.0059602 -0.07550659 0.0048544
v -0.005953842 -0.078515619 -0.002660699
v -0.005949027 -0.078506246 0.002664267
v -0.005933976 -0.077101134 -0.003947769
v -0.005930892 -0.077095367 0.003949453
v -0.005917867 -0.073873147 -0.005432571
v -0.005916375 -0.07387013 0.005433246
v -0.005882502 -0.078502007 -0.00254657
v -0.005877705 -0.078492686 0.002550046
v -0.00585732 -0.079048418 0.001007227
v -0.005844999 -0.075550623 -0.004789536
v -0.005842941 -0.075546838 0.004790457
v -0.005832124 -0.077119499 -0.003851786
v -0.005829022 -0.077113748 0.003853416
v -0.005816175 -0.078485265 -0.002430846
v -0.005811403 -0.078475997 0.002434228
v -0.005798694 -0.073924154 -0.005400368
v -0.005797168 -0.073921159 0.005401031
v -0.005796677 -0.072683111 -0.005713111
v -0.005754963 -0.078465506 -0.00231391
v -0.005750221 -0.07845629 0.0023172
v -0.005733935 -0.077134602 -0.003751313
v -0.00573082 -0.077128872 0.003752887
v -0.005729176 -0.075588554 -0.004719576
v -0.005727088 -0.075584792 0.004720463
v -0.005698932 -0.078442864 -0.002196143
v -0.005694226 -0.0784337 0.002199344
v -0.005693167 -0.078712583 -0.00117867
v -0.005678918 -0.07397408 -0.005362018
v -0.005677357 -0.0739711 0.005362665
v -0.005648118 -0.07841748 -0.002077921
v -0.005643454 -0.07840836 0.002081032
v -0.005639742 -0.077146389 -0.003646678
v -0.005636619 -0.077140674 0.003648194
v -0.005629422 -0.072319843 -0.005784663
v -0.005628002 -0.072316766 0.005785258
v -0.00561518 -0.075624011 -0.004643674
v -0.005613065 -0.075620264 0.004644524
v -0.005602523 -0.078389511 -0.001959604
v -0.005597905 -0.078380428 0.00196263
v -0.00558112 -0.078483343 0.001286064
v -0.005562118 -0.078359105 -0.001841544
v -0.005558916 -0.07402271 -0.005317414
v -0.005557551 -0.078350067 0.001844486
v -0.005557321 -0.074019745 0.005318043
v -0.005549849 -0.07715483 -0.003538237
v -0.005546723 -0.07714913 0.003539693
v -0.005526846 -0.078326441 -0.001724072
v -0.005522334 -0.078317448 0.001726933
v -0.005513385 -0.072373994 -0.005771384
v -0.005511933 -0.072370932 0.005771977
v -0.005503437 -0.075656824 -0.004561981
v -0.005501296 -0.075653084 0.004562789
v -0.005496623 -0.078291692 -0.001607502
v -0.005492169 -0.078282744 0.001610287
v -0.005464532 -0.077159911 -0.003426369
v -0.005461406 -0.077154227 0.003427765
v -0.00545489 -0.071942121 0.005856294
v -0.005439086 -0.074069828 -0.005266489
v -0.005437457 -0.074066885 0.005267094
v -0.005395717 -0.072427832 -0.005752363
v -0.005394362 -0.075686827 -0.004474688
v -0.005394232 -0.072424784 0.005752951
v -0.0053922 -0.075683102 0.004475452
v -0.005384033 -0.077161647 -0.003311473
v -0.005380912 -0.077155977 0.003312808
v -0.005319843 -0.074115239 -0.005209212
v -0.005318182 -0.074112304 0.00520979
v -0.005308558 -0.077160068 -0.003193961
v -0.005305448 -0.077154413 0.003195234
v -0.005288365 -0.075713903 -0.004382032
v -0.005286184 -0.075710185 0.004382749
v -0.005284185 -0.07 -0.006178888
v -0.005276729 -0.072481163 -0.005727392
v -0.005275209 -0.072478138 0.005727972
v -0.005241516 -0.077788547 -0.001575807
v -0.005201613 -0.074158728 -0.005145597
v -0.005199921 -0.074155807 0.005146144
v -0.005185834 -0.075737923 -0.004284286
v -0.005183639 -0.075734213 0.004284954
v -0.00515966 -0.077621073 0.001639078
v -0.005156758 -0.072533786 -0.00569629
v -0.005155204 -0.072530776 0.005696858
v -0.005087141 -0.075758792 -0.004181764
v -0.005084934 -0.07575509 0.004182381
v -0.005084833 -0.074200101 -0.005075702
v -0.005083112 -0.074197188 0.005076215
v -0.005036167 -0.072585508 -0.005658904
v -0.005034578 -0.072582513 0.005659456
v -0.004992631 -0.075776435 -0.004074811
v -0.004990418 -0.075772732 0.004075376
v -0.004915343 -0.072636098 -0.005615119
v -0.00491372 -0.072633117 0.005615652
v -0.004902621 -0.075790793 -0.003963806
v -0.004900405 -0.075787097 0.003964317
v -0.004817395 -0.075801842 -0.003849151
v -0.004815181 -0.075798146 0.003849608
v -0.004794692 -0.072685353 -0.005564855
v -0.004793036 -0.072682396 0.005565364
v -0.004737201 -0.075809568 -0.00373127
v -0.004735332 -0.070397064 -0.006123279
v -0.004734993 -0.075805865 0.003731674
v -0.004674641 -0.07273306 -0.005508075
v -0.004672953 -0.072730109 0.005508557
v -0.004662252 -0.075813986 -0.003610604
v -0.004660054 -0.075810283 0.003610954
v -0.004592718 -0.075815134 -0.003487603
v -0.004590535 -0.075811431 0.0034879
v -0.004555628 -0.072779 -0.005444788
v -0.004553909 -0.072776064 0.005445239
v -0.004548263 -0.07 -0.006181353
v -0.004545002 -0.07 0.006165445
v -0.00452873 -0.075813077 -0.003362722
v -0.004526567 -0.07580936 0.003362969
v -0.004495675 -0.076262631 -0.002084791
v -0.004476279 -0.07 -0.006183447
v -0.004470381 -0.075807877 -0.00323642
v -0.00446824 -0.075804159 0.003236617
v -0.0044381 -0.072822966 -0.005375045
v -0.004436353 -0.072820038 0.005375461
v -0.004417722 -0.075799637 -0.003109146
v -0.004415607 -0.075795911 0.003109297
v -0.004414495 -0.076096542 0.002132606
v -0.004404822 -0.07 -0.00617614
v -0.004385262 -0.07 -0.006174792
v -0.004370763 -0.075788468 -0.002981344
v -0.004368679 -0.075784735 0.002981449
v -0.0043387 -0.07 0.006172083
v -0.004329481 -0.075774498 -0.00285344
v -0.00432743 -0.075770751 0.002853504
v -0.00432251 -0.072864756 -0.005298948
v -0.004320737 -0.072861835 0.005299326
v -0.004308765 -0.07 0.006169776
v -0.004293816 -0.075757869 -0.002725845
v -0.004291801 -0.075754113 0.002725872
v -0.004277894 -0.07 0.006169464
v -0.004263675 -0.075738728 -0.00259895
v -0.004261699 -0.075734958 0.002598941
v -0.004260373 -0.07 -0.006168317
v -0.004260285 -0.07 0.006168256
v -0.004243486 -0.07 -0.006166459
v -0.004238935 -0.075717226 -0.002473118
v -0.004237 -0.075713448 0.002473078
v -0.004209308 -0.072904177 -0.005216646
v -0.004207511 -0.072901271 0.005216983
v -0.004129299 -0.07 0.006156005
v -0.004114615 -0.07 -0.006154452
v -0.004114487 -0.07 0.00615438
v -0.004100477 -0.07 -0.006152297
v -0.004098939 -0.072941057 -0.005128338
v -0.004097121 -0.072938159 0.00512863
v -0.003991833 -0.072975226 -0.005034265
v -0.003989998 -0.072972327 0.005034511
v -0.003979757 -0.07 0.006136041
v -0.003967975 -0.07 -0.006134307
v -0.003967805 -0.07 0.006134222
v -0.003956629 -0.07 -0.006132079
v -0.003888407 -0.073006533 -0.004934718
v -0.003886558 -0.073003642 0.004934916
v -0.003829777 -0.07 0.006109345
v -0.003820916 -0.07 -0.00610767
v -0.003820707 -0.07 0.006107566
v -0.003812372 -0.07 -0.006105602
v -0.00378905 -0.073034868 -0.004830029
v -0.003787192 -0.073031977 0.004830176
v -0.003694128 -0.073060103 -0.004720568
v -0.003692265 -0.073057212 0.004720663
v -0.003679885 -0.07 0.006075736
v -0.003673933 -0.07 -0.006074363
v -0.003673685 -0.07 0.006074236
v -0.003668162 -0.07 -0.00607269
v -0.003603972 -0.073082171 -0.004606737
v -0.003602108 -0.073079273 0.00460678
v -0.003530645 -0.07 0.006035069
v -0.003527547 -0.07 -0.006034242
v -0.003527261 -0.07 0.006034089
v -0.003524484 -0.07 -0.006033201
v -0.00351888 -0.073100999 -0.004488972
v -0.003517018 -0.073098101 0.004488962
v -0.003439106 -0.073116556 -0.004367727
v -0.003437252 -0.07311365 0.004367666
v -0.003382638 -0.07 0.00598725
v -0.003382301 -0.07 -0.005987208
v -0.003381979 -0.07 0.005987026
v -0.003381841 -0.07 -0.005987027
v -0.003364868 -0.073128827 -0.00424348
v -0.003363026 -0.073125914 0.004243367
v -0.003355843 -0.07 -0.005977249
v -0.003345779 -0.07 0.005973395
v -0.003296337 -0.07313782 -0.004116716
v -0.003294511 -0.073134899 0.004116553
v -0.003257837 -0.070040278 -0.005926129
v -0.003255899 -0.07003694 0.005926502
v -0.003239583 -0.07 -0.005931575
v -0.003238499 -0.07 -0.005931169
v -0.003238164 -0.07 0.005931124
v -0.003237166 -0.07 0.005930694
v -0.003233641 -0.073143572 -0.00398793
v -0.003231835 -0.073140644 0.003987719
v -0.003205958 -0.073623993 -0.00272833
v -0.003176865 -0.073146135 -0.003857614
v -0.003175082 -0.073143192 0.003857356
v -0.003150195 -0.073509909 0.0
v -0.003148942 -0.073507346 -6.5367e-05
v -0.003148942 -0.073507346 6.5367e-05
v -0.003145191 -0.073499672 -0.000130236
v -0.003145191 -0.073499672 0.000130236
v -0.003139217 -0.07008791 -0.005856753
v -0.003138973 -0.073486954 -0.000194114
v -0.003138973 -0.073486954 0.000194114
v -0.003137251 -0.070084579 0.005857091
v -0.003130333 -0.073469274 -0.000256515
v -0.003130333 -0.073469274 0.000256515
v -0.003126048 -0.073145583 -0.003726256
v -0.003124293 -0.073142625 0.003725955
v -0.003119338 -0.07344678 -0.000316964
v -0.003119338 -0.07344678 0.000316964
v -0.003107155 -0.073421858 0.002769427
v -0.00310607 -0.073419638 -0.000375
v -0.00310607 -0.073419638 0.000375
v -0.003099288 -0.07 -0.005868773
v -0.003096958 -0.07 -0.005867771
v -0.003096592 -0.07 0.00586769
v -0.003094352 -0.07 0.005866594
v -0.003090633 -0.073388055 -0.000430182
v -0.003090633 -0.073388055 0.000430182
v -0.003081191 -0.073142014 -0.003594333
v -0.003079465 -0.073139042 0.003593991
v -0.003073142 -0.07335227 -0.000482091
v -0.003073142 -0.07335227 0.000482091
v -0.003053731 -0.073312551 -0.00053033
v -0.003053731 -0.073312551 0.00053033
v -0.00304225 -0.073135525 -0.003462307
v -0.003040558 -0.073132537 0.003461926
v -0.003032547 -0.073269218 -0.000574533
v -0.003032547 -0.073269218 0.000574533
v -0.003022605 -0.070133574 -0.005780773
v -0.003020613 -0.070130251 0.005781073
v -0.003009753 -0.073222578 -0.000614364
v -0.003009753 -0.073222578 0.000614364
v -0.003009148 -0.073126256 -0.003330618
v -0.003007492 -0.073123246 0.003330203
v -0.00298552 -0.073173001 -0.000649519
v -0.00298552 -0.073173001 0.000649519
v -0.002981771 -0.073114328 -0.003199685
v -0.002980154 -0.073111303 0.003199239
v -0.002961787 -0.07 -0.005799234
v -0.002960035 -0.073120862 -0.000679731
v -0.002960035 -0.073120862 0.000679731
v -0.002959975 -0.073099896 -0.003069899
v -0.002958398 -0.073096856 0.003069425
v -0.002958313 -0.07 -0.005797536
v -0.002957919 -0.07 0.005797416
v -0.002954553 -0.07 0.005795558
v -0.00293349 -0.073066555 -0.000704769
v -0.00293349 -0.073066555 0.000704769
v -0.002908469 -0.070177063 -0.005698336
v -0.002906454 -0.070173755 0.005698594
v -0.002906087 -0.073010489 -0.000724444
v -0.002906087 -0.073010489 0.000724444
v -0.002878036 -0.072953098 -0.000738606
v -0.002878036 -0.072953098 0.000738606
v -0.00284955 -0.072894819 -0.000747146
v -0.00284955 -0.072894819 0.000747146
v -0.002827633 -0.07 -0.005723059
v -0.002823136 -0.07 -0.005720579
v -0.002822713 -0.07 0.005720417
v -0.002820845 -0.072836094 -0.00075
v -0.002820845 -0.072836094 0.00075
v -0.002818353 -0.07 0.005717717
v -0.00279727 -0.070218183 -0.005609643
v -0.002795235 -0.070214882 0.005609856
v -0.002792141 -0.072777368 -0.000747146
v -0.002792141 -0.072777368 0.000747146
v -0.002763655 -0.07271909 -0.000738606
v -0.002763655 -0.07271909 0.000738606
v -0.002735603 -0.072661698 -0.000724444
v -0.002735603 -0.072661698 0.000724444
v -0.002708201 -0.072605632 -0.000704769
v -0.002708201 -0.072605632 0.000704769
v -0.002697372 -0.07 -0.0056404
v -0.002691986 -0.07 -0.005637067
v -0.002691542 -0.07 0.00563686
v -0.002689457 -0.070256755 -0.005514942
v -0.002687405 -0.070253454 0.005515108
v -0.002686333 -0.07 0.005633255
v -0.002681656 -0.072551325 -0.000679731
v -0.002681656 -0.072551325 0.000679731
v -0.002656171 -0.072499186 -0.000649519
v -0.002656171 -0.072499186 0.000649519
v -0.002631938 -0.07244961 -0.000614364
v -0.002631938 -0.07244961 0.000614364
v -0.002609143 -0.072402976 -0.000574533
v -0.002609143 -0.072402976 0.000574533
v -0.00258796 -0.072359636 -0.00053033
v -0.00258796 -0.072359636 0.00053033
v -0.002585459 -0.070292607 -0.00541453
v -0.002583394 -0.070289314 0.005414647
v -0.002571533 -0.07 -0.005551459
v -0.002568549 -0.072319917 -0.000482091
v -0.002568549 -0.072319917 0.000482091
v -0.002565405 -0.07 -0.00554722
v -0.002564947 -0.07 0.005546965
v -0.002559046 -0.07 0.005542413
v -0.002551058 -0.072284132 -0.000430182
v -0.002551058 -0.072284132 0.000430182
v -0.00253562 -0.072252549 -0.000375
v -0.00253562 -0.072252549 0.000375
v -0.002522353 -0.072225407 -0.000316964
v -0.002522353 -0.072225407 0.000316964
v -0.002511358 -0.072202913 -0.000256515
v -0.002511358 -0.072202913 0.000256515
v -0.002502718 -0.072185241 -0.000194114
v -0.002502718 -0.072185241 0.000194114
v -0.002496499 -0.072172515 -0.000130236
v -0.002496499 -0.072172515 0.000130236
v -0.002492749 -0.072164841 -6.5367e-05
v -0.002492749 -0.072164841 6.5367e-05
v -0.002491496 -0.072162278 0.0
v -0.002485682 -0.070325598 -0.00530875
v -0.002483608 -0.070322305 0.005308816
v -0.002450626 -0.07 -0.005456487
v -0.002443912 -0.07 -0.00545131
v -0.002443439 -0.07 0.005451006
v -0.002437008 -0.07 0.005445484
v -0.002390501 -0.070355602 -0.005197986
v -0.002388422 -0.070352301 0.005198
v -0.00233513 -0.07 -0.005355784
v -0.002327989 -0.07 -0.005349657
v -0.002327509 -0.07 0.005349301
v -0.002320713 -0.07 0.005342809
v -0.002300259 -0.070382506 -0.005082659
v -0.00229818 -0.070379205 0.005082621
v -0.002225488 -0.07 -0.005249695
v -0.002218082 -0.07 -0.005242625
v -0.002217602 -0.07 0.005242216
v -0.002215258 -0.070406236 -0.004963221
v -0.002213183 -0.070402928 0.004963129
v -0.002210604 -0.07 0.005234776
v -0.002135762 -0.070426732 -0.004840148
v -0.002133695 -0.070423424 0.004840003
v -0.002122109 -0.07 -0.005138603
v -0.002114595 -0.07 -0.00513062
v -0.002114117 -0.07 0.005130158
v -0.002107074 -0.07 0.005121813
v -0.002061987 -0.070443965 -0.004713937
v -0.002059933 -0.070440643 0.004713741
v -0.002025347 -0.07 -0.00502293
v -0.002017877 -0.07 -0.005014084
v -0.002017408 -0.07 0.005013568
v -0.002010468 -0.07 0.005004378
v -0.001994107 -0.07045792 -0.004585099
v -0.00199207 -0.070454597 0.004584853
v -0.001935512 -0.07 -0.004903128
v -0.001932245 -0.070468627 -0.004454149
v -0.001930229 -0.070465289 0.004453855
v -0.001928227 -0.07 -0.004893487
v -0.001927768 -0.07 0.004892918
v -0.001921068 -0.07 0.004882963
v -0.001876483 -0.070476107 -0.004321604
v -0.001874491 -0.070472755 0.004321263
v -0.001852857 -0.07 -0.004779677
v -0.001845885 -0.07 -0.004769324
v -0.001845447 -0.07 0.004768702
v -0.001839108 -0.07 0.004758075
v -0.001826851 -0.070480436 -0.004187973
v -0.001824888 -0.070477068 0.004187589
v -0.001783341 -0.07048168 -0.004053756
v -0.001781409 -0.070478298 0.004053331
v -0.001777584 -0.07 -0.004653073
v -0.001771037 -0.07 -0.004642106
v -0.001770618 -0.07 0.004641435
v -0.001764742 -0.07 0.004630242
v -0.001745899 -0.070479944 -0.003919434
v -0.001744002 -0.070476547 0.003918972
v -0.001714434 -0.07047534 -0.003785468
v -0.001712574 -0.07047192 0.003784972
v -0.001709828 -0.07 -0.004523828
v -0.001703801 -0.07 -0.004512357
v -0.001703411 -0.07 0.004511635
v -0.001698084 -0.07 0.004499993
v -0.00168882 -0.070467994 -0.003652293
v -0.001686999 -0.070464559 0.003651766
v -0.001668897 -0.07045804 -0.003520315
v -0.001667117 -0.07045459 0.003519762
v -0.00164968 -0.07 -0.004392457
v -0.001644249 -0.07 -0.004380598
v -0.001643892 -0.07 0.00437983
v -0.001639179 -0.07 0.004367859
v -0.001597162 -0.07 -0.00425948
v -0.001592383 -0.07 -0.004247355
v -0.001592063 -0.07 0.004246542
v -0.001588007 -0.07 0.004234367
v -0.001552252 -0.07 -0.004125406
v -0.001548161 -0.07 -0.00411314
v -0.00154788 -0.07 0.004112285
v -0.001544508 -0.07 0.004100029
v -0.001514867 -0.07 -0.003990737
v -0.001511482 -0.07 -0.003978451
v -0.001511243 -0.07 0.003977558
v -0.001508562 -0.07 0.003965342
v -0.00148488 -0.07 -0.003855953
v -0.0014822 -0.07 -0.003843767
v -0.00148201 -0.07 0.003842839
v -0.001480009 -0.07 0.003830779
v -0.001462118 -0.07 -0.003721518
v -0.001460127 -0.07 -0.003709544
v -0.001459984 -0.07 0.003708585
v -0.001458639 -0.07 0.003696789
v -0.00144637 -0.07 -0.003587866
v -0.001445037 -0.07 -0.003576209
v -0.001444942 -0.07 0.003575223
v -0.001442764 -0.07 -0.003531414
v -0.001440912 -0.07 0.003492138
v -0.001434615 -0.07 0.000293982
v -0.001434614 -0.07 -0.000244177
v -0.001434614 -0.07 7.2181e-05
v -0.001434614 -0.07 0.000109126
v -0.001434614 -0.07 0.000142981
v -0.001434614 -0.07 0.000269316
v -0.001434614 -0.07 0.000270704
v -0.001434614 -0.07 0.000273864
v -0.001434614 -0.07 0.000278804
v -0.001434614 -0.07 0.000285518
v -0.001434614 -0.07 0.000304152
v -0.001434614 -0.07 0.000504405
v -0.001434614 -0.07 0.00072341
v -0.001434614 -0.07 0.001043644
v -0.001434614 -0.07 0.001078514
v -0.001434614 -0.07 0.003331496
v -0.001434613 -0.07 -0.003306874
v -0.001434613 -0.07 -0.002456688
v -0.001434613 -0.07 -0.002432442
v -0.001434613 -0.07 -0.002283795
v -0.001434613 -0.07 -0.002250272
v -0.001434613 -0.07 -0.002216203
v -0.001434613 -0.07 -0.00218195
v -0.001434613 -0.07 -0.000992283
v -0.001434613 -0.07 -0.000292456
v -0.001434613 -0.07 -0.000195783
v -0.001434613 -0.07 -0.000146991
v -0.001434613 -0.07 -9.717e-06
v -0.001434613 -0.07 3.2453e-05
v -0.001434613 -0.07 0.00024283
v -0.001434613 -0.07 0.000258098
v -0.001434613 -0.07 0.000311694
v -0.001434613 -0.07 0.000373539
v -0.001434613 -0.07 0.000391705
v -0.001434613 -0.07 0.000410987
v -0.001434613 -0.07 0.000452201
v -0.001434613 -0.07 0.000473754
v -0.001434613 -0.07 0.00049567
v -0.001434613 -0.07 0.000544271
v -0.001434613 -0.07 0.001755445
v -0.001434612 -0.07 -0.002406105
v -0.001434612 -0.07 -0.002377848
v -0.001434612 -0.07 -0.002347878
v -0.001434612 -0.07 -0.002316434
v -0.001434612 -0.07 -0.002147894
v -0.001434612 -0.07 -0.000936065
v -0.001434612 -0.07 -0.000340164
v -0.001434612 -0.07 -0.000194922
v -0.001434612 -0.07 -9.9854e-05
v -0.001434612 -0.07 -5.3954e-05
v -0.001434612 -0.07 0.000173482
v -0.001434612 -0.07 0.000223566
v -0.001434612 -0.07 0.000315259
v -0.001434612 -0.07 0.000327397
v -0.001434612 -0.07 0.000341148
v -0.001434612 -0.07 0.000356412
v -0.001434612 -0.07 0.000356645
v -0.001434612 -0.07 0.000431214
v -0.001434612 -0.07 0.001781398
v -0.001434612 -0.07 0.001807246
v -0.001434611 -0.07 0.000200404
f 2924 2962 2884
f 178 227 177
f 130 178 177
f 1588 1589 2951
f 1588 1357 1589
f 375 1455 446
f 1408 107 155
f 2939 2924 2962
f 1601 2939 2924
f 2857 2914 2846
f 2910 2861 2876
f 1148 1235 1597
f 3208 3041 3074
f 3208 3041 3253
f 2973 2909 2875
f 81 130 80
f 81 31 80
f 129 130 177
f 129 130 80
f 131 130 178
f 131 179 178
f 131 81 82
f 131 81 130
f 29 31 80
f 33 36 82
f 33 81 82
f 33 81 31
f 1459 1455 446
f 1459 1465 446
f 447 1465 446
f 1039 1556 987
f 1392 36 1387
f 108 179 1403
f 108 131 179
f 108 131 82
f 1422 252 1420
f 1422 1429 252
f 276 1429 252
f 181 252 1420
f 181 1411 179
f 181 252 227
f 181 178 227
f 181 179 178
f 59 60 35
f 88 41 87
f 1451 375 1455
f 1451 375 1445
f 373 375 1445
f 1393 60 107
f 1602 1601 2939
f 1602 1356 1597
f 1602 1356 1601
f 2942 2954 2909
f 2943 3061 3034
f 2929 3010 2925
f 3004 3010 2925
f 3004 3164 3002
f 2920 2880 2925
f 2920 3004 2925
f 2920 3004 3002
f 2996 2914 2990
f 3144 2982 3121
f 2908 2914 2990
f 2908 2914 2846
f 1110 1055 1111
f 1561 1569 1063
f 1119 1148 1597
f 1119 1576 1597
f 1119 1569 1063
f 590 1484 1493
f 590 616 1493
f 301 349 1443
f 180 1408 1417
f 180 205 1417
f 180 1408 155
f 251 205 1417
f 374 349 1443
f 1510 1517 761
f 1510 712 761
f 3234 3230 3205
f 3116 3278 3298
f 3116 2801 3298
f 2810 2759 2801
f 3297 3041 3298
f 3297 3041 3253
f 3117 2801 3298
f 3117 3041 3298
f 3117 3041 2801
f 3237 3208 3235
f 3237 3208 3253
f 2966 2961 3074
f 2966 3041 3074
f 3060 3080 2954
f 3060 2942 2954
f 3060 2942 3031
f 3060 3080 3089
f 2967 2954 2909
f 2967 2973 2909
f 2967 3080 2954
f 2967 3094 3080
f 2967 3094 2973
f 3158 3152 3143
f 2885 2973 2875
f 2885 2973 2975
f 2885 2894 2975
f 2989 2987 2907
f 2981 2987 3143
f 2981 2894 2975
f 2913 2845 2907
f 2913 2989 2907
f 2796 2776 2869
f 2762 2845 2787
f 2836 2845 2907
f 2836 2845 2787
f 2992 2911 2984
f 2802 2817 2884
f 2802 2650 2755
f 2802 2650 2817
f 2840 2829 2723
f 2691 2650 2817
f 2691 2829 2723
f 2691 2817 2829
f 2544 2691 2428
f 2544 2691 2650
f 2860 2909 2875
f 2860 2786 2875
f 2535 2774 2586
f 732 779 780
f 2958 2863 2953
f 2958 3065 2953
f 2872 2966 2878
f 2872 2966 2961
f 2721 2731 2759
f 419 375 446
f 176 129 177
f 414 465 413
f 464 465 413
f 1056 1055 1111
f 517 447 1465
f 517 543 1472
f 1477 543 1472
f 1477 1481 543
f 592 640 1491
f 1499 640 688
f 663 710 688
f 663 640 688
f 713 1506 688
f 713 710 688
f 886 1530 859
f 1064 1563 1039
f 1010 960 987
f 1010 1039 987
f 1397 108 1403
f 1397 108 1395
f 83 108 1395
f 83 1392 1395
f 83 1392 36
f 83 36 82
f 83 108 82
f 1406 179 1403
f 1406 1411 179
f 1415 181 1420
f 1415 181 1411
f 34 59 35
f 34 32 58
f 34 59 58
f 105 60 107
f 105 59 60
f 105 59 58
f 44 90 45
f 89 90 139
f 92 47 93
f 1440 373 1437
f 1440 373 1445
f 302 373 1437
f 302 1431 1437
f 302 1431 1429
f 302 276 1429
f 1399 1408 107
f 1399 1393 107
f 1391 1393 60
f 1598 2858 2924
f 1598 1356 2858
f 1598 1601 2924
f 1598 1356 1601
f 1240 1235 1597
f 1240 1356 1597
f 3075 3060 3089
f 3075 3060 3031
f 2932 2942 3031
f 2970 2962 2884
f 2905 2978 2984
f 2905 2911 2984
f 2905 2840 2829
f 2905 2840 2911
f 2812 1233 1357
f 2933 2943 3034
f 2955 2910 2968
f 2955 2943 2910
f 2955 2943 3061
f 3170 3004 3010
f 3170 3004 3164
f 2889 2880 2925
f 2889 2929 2925
f 2889 2809 2880
f 3014 3022 2931
f 3014 2929 3010
f 3014 2929 2931
f 3014 3022 3179
f 2945 2941 3038
f 2937 3022 2931
f 2821 2770 2753
f 2821 2809 2753
f 2821 2889 2809
f 2794 2832 2783
f 2870 2920 2880
f 2918 2996 2914
f 2918 2870 2920
f 2918 2920 3002
f 2918 2996 3002
f 2918 2857 2914
f 2918 2870 2857
f 3156 2996 2990
f 3057 3198 3200
f 3057 3065 3200
f 3057 3065 2953
f 3081 3095 2968
f 3081 2955 2968
f 3081 2955 3061
f 2976 2982 3121
f 2988 3144 2982
f 2988 2908 2990
f 2988 2982 2903
f 2988 2908 2903
f 3153 3144 3121
f 2763 2857 2846
f 2548 2439 2487
f 1837 1342 1292
f 1837 1342 1850
f 1054 1055 1002
f 1054 1110 1055
f 1170 1110 1111
f 1170 1171 1111
f 1919 1979 1976
f 1919 1979 1343
f 1919 1850 1976
f 1919 1342 1343
f 1919 1342 1850
f 1346 2067 1239
f 1346 1979 1343
f 662 710 709
f 662 663 710
f 1977 2059 2004
f 1977 2059 2025
f 2329 2439 2394
f 1552 934 1541
f 1573 1119 1569
f 1573 1119 1576
f 518 590 1484
f 1439 301 1443
f 1439 301 1433
f 299 301 1433
f 299 1424 1433
f 299 1424 251
f 299 301 298
f 299 251 298
f 1450 374 1443
f 1450 1458 421
f 1450 374 421
f 1502 664 712
f 1502 1510 712
f 348 374 349
f 348 301 349
f 348 301 298
f 736 664 712
f 1092 1119 1063
f 538 489 488
f 3199 3226 3230
f 3199 3230 3205
f 3207 3023 3254
f 3207 3234 3205
f 3207 3068 3205
f 3037 3189 3024
f 3191 3037 3189
f 3160 3155 3172
f 2851 3116 2801
f 2851 3116 3278
f 2851 3278 3254
f 2965 2871 2960
f 2806 2871 2799
f 2806 2810 2759
f 2754 3041 2801
f 2754 2864 3041
f 2807 2761 2811
f 2807 2872 2800
f 2807 2811 2878
f 2807 2872 2878
f 2728 2720 2673
f 2946 2864 3041
f 2946 2966 3041
f 2400 2467 2435
f 3120 2981 2975
f 3120 2981 3143
f 3120 3152 3143
f 3166 3155 3172
f 3149 2987 3143
f 3149 2989 2987
f 3149 2989 3155
f 3149 3158 3143
f 3149 3166 3158
f 3149 3166 3155
f 2902 2987 2907
f 2902 2981 2987
f 2902 2981 2894
f 2902 2836 2907
f 2917 2919 2869
f 2917 2919 3001
f 2856 2913 2845
f 2856 2776 2869
f 2856 2917 2869
f 2856 2917 2913
f 2856 2762 2776
f 2856 2762 2845
f 2677 2522 2646
f 2677 2556 2522
f 2677 2762 2646
f 2677 2762 2776
f 2504 2467 2435
f 2465 2467 2530
f 2465 2497 2530
f 2465 2497 2422
f 1803 1895 1838
f 2484 2648 2501
f 1794 1877 1838
f 1934 1989 2050
f 1934 1895 1989
f 1934 1877 1838
f 1934 1895 1838
f 2157 1348 1349
f 2865 2871 2960
f 2865 2871 2799
f 2949 2944 2849
f 2735 2762 2646
f 2735 2762 2787
f 2816 2885 2894
f 1265 1347 1348
f 1265 1204 1348
f 2873 2802 2884
f 2873 2924 2884
f 2873 2858 2924
f 2842 1356 2858
f 2842 2873 2858
f 2842 2873 2802
f 2921 2882 2926
f 2921 3006 2998
f 2921 3006 2926
f 2749 2840 2723
f 2749 2535 2774
f 2749 2491 2723
f 2749 2535 2491
f 2852 2749 2774
f 2852 2749 2840
f 2852 2840 2911
f 2447 2691 2428
f 2447 2491 2723
f 2447 2691 2723
f 2764 2860 2786
f 1825 1338 1800
f 1825 1338 1750
f 1825 1794 1750
f 1825 1794 1877
f 1337 1338 1261
f 1337 1338 1750
f 2867 2958 2863
f 2867 2872 2800
f 2867 2958 2961
f 2867 2872 2961
f 2791 2782 2863
f 2791 2867 2800
f 2791 2867 2863
f 2791 2728 2800
f 2791 2782 2720
f 2791 2728 2720
f 2663 2682 2760
f 2703 2782 2720
f 2694 2783 2770
f 115 65 114
f 171 172 124
f 75 124 123
f 169 121 168
f 218 169 168
f 318 366 319
f 461 410 462
f 461 410 409
f 461 460 409
f 470 447 446
f 470 419 446
f 325 302 373
f 759 708 709
f 1237 1177 1353
f 1237 1233 1177
f 27 78 29
f 128 176 129
f 367 366 413
f 367 414 413
f 367 366 319
f 321 271 270
f 272 223 271
f 561 509 560
f 753 703 752
f 1112 1171 1111
f 1112 1056 1111
f 1112 1172 1171
f 801 800 751
f 1469 517 1472
f 1469 517 1465
f 591 1485 1491
f 591 592 1491
f 591 1485 1481
f 591 1481 543
f 1494 640 1491
f 1494 1499 640
f 1503 1506 688
f 1503 1499 688
f 1511 713 1506
f 1511 713 1515
f 785 713 1515
f 1527 859 1523
f 1527 1530 859
f 1549 1556 987
f 1549 1547 987
f 935 886 1539
f 1535 886 1539
f 1535 886 1530
f 1558 1039 1556
f 1558 1563 1039
f 1271 1233 1357
f 1271 1357 1589
f 1151 1233 1177
f 1567 1064 1572
f 1567 1064 1563
f 1062 1010 1009
f 1062 1064 1039
f 1062 1010 1039
f 393 441 394
f 154 107 155
f 154 105 107
f 154 180 155
f 6 40 39
f 6 40 41
f 12 14 45
f 12 44 45
f 43 89 88
f 43 44 90
f 43 89 90
f 43 12 10
f 43 12 44
f 16 47 18
f 91 90 45
f 91 92 45
f 46 92 45
f 46 92 47
f 46 14 45
f 46 16 14
f 46 16 47
f 138 89 139
f 138 89 88
f 138 137 88
f 187 138 137
f 136 88 87
f 136 137 88
f 1388 35 1360
f 1388 60 35
f 1388 1391 60
f 3045 3075 3031
f 3015 3006 2926
f 3015 2932 2926
f 3015 2932 3031
f 3015 3045 3018
f 3015 3045 3031
f 2897 2970 2978
f 2897 2905 2978
f 2897 2970 2884
f 2897 2905 2829
f 2897 2817 2884
f 2897 2817 2829
f 2993 2991 2916
f 2912 2991 2916
f 3005 2999 2922
f 3016 2933 3034
f 3016 3046 3020
f 3016 3046 3034
f 3204 3179 3203
f 3204 3211 3179
f 3192 3190 3038
f 3192 3223 3198
f 3025 3190 3038
f 3025 2941 3038
f 3025 2937 3022
f 3025 2937 2941
f 3184 3211 3212
f 3184 3215 3212
f 3184 3215 3190
f 3184 3211 3179
f 3184 3025 3190
f 3184 3022 3179
f 3184 3025 3022
f 3176 3014 3179
f 3176 3170 3010
f 3176 3014 3010
f 2855 2863 2953
f 2855 2782 2863
f 2839 2794 2832
f 2826 2832 2783
f 2826 2783 2770
f 2826 2821 2770
f 3150 3156 2990
f 3150 2988 2990
f 3150 2988 3144
f 3228 3227 3200
f 3206 3208 3235
f 3206 3065 3200
f 3206 3228 3231
f 3206 3228 3200
f 3224 3223 3198
f 3224 3227 3200
f 3224 3198 3200
f 3051 2945 3038
f 3051 3192 3038
f 3051 3057 3198
f 3051 3192 3198
f 3090 3081 3093
f 3090 3081 3061
f 3106 3081 3093
f 3106 3081 3095
f 3108 3147 3121
f 3108 2976 3121
f 2974 3095 2968
f 2974 2976 2887
f 2974 3108 3095
f 2974 3108 2976
f 2974 2887 2876
f 2974 2910 2876
f 2974 2910 2968
f 2895 2982 2903
f 2895 2976 2982
f 2895 2976 2887
f 2895 2828 2903
f 3148 3147 3121
f 3148 3153 3121
f 2046 1979 1976
f 2837 2828 2903
f 2837 2908 2846
f 2837 2908 2903
f 2668 2770 2753
f 2668 2694 2770
f 2668 2613 2567
f 2668 2694 2613
f 2688 2767 2655
f 2797 2809 2880
f 2797 2870 2880
f 2778 2709 2678
f 2778 2763 2678
f 2778 2797 2709
f 2778 2763 2857
f 2778 2870 2857
f 2778 2797 2870
f 1229 1346 1239
f 1791 1837 1292
f 1723 1731 1335
f 1723 1721 1335
f 1228 1342 1292
f 1228 1229 1342
f 1228 1172 1173
f 1228 1229 1173
f 1113 1172 1173
f 1113 1112 1172
f 1113 1056 1057
f 1113 1112 1056
f 1227 1170 1226
f 1227 1170 1171
f 1227 1172 1171
f 1227 1228 1172
f 1227 1291 1292
f 1227 1228 1292
f 1290 1731 1335
f 1290 1291 1731
f 1290 1227 1226
f 1290 1227 1291
f 2901 2891 2933
f 2901 2943 2910
f 2901 2933 2943
f 2901 2835 2910
f 2824 2891 2814
f 2824 2901 2835
f 2824 2901 2891
f 855 909 856
f 418 419 371
f 418 470 419
f 416 468 417
f 1270 1350 1352
f 1270 1353 1352
f 1767 1727 1765
f 2049 2052 2125
f 2049 2052 2009
f 2049 1960 2009
f 2289 2247 2251
f 2123 2041 2004
f 2123 2059 2004
f 2374 2329 2439
f 2374 2487 2417
f 2374 2439 2487
f 986 1552 1561
f 1476 518 1484
f 445 1458 1468
f 445 1458 421
f 1421 251 1417
f 1421 1424 251
f 784 1526 1517
f 784 1517 761
f 396 346 347
f 686 736 664
f 1147 1119 1148
f 1147 1092 1119
f 1145 1089 1144
f 930 880 929
f 490 441 489
f 3064 3068 3205
f 3064 3199 3205
f 3064 3199 3056
f 3197 3226 3222
f 3197 3199 3226
f 3197 3191 3222
f 3197 3199 3056
f 3236 3207 3254
f 3236 3207 3234
f 2843 2944 2849
f 2879 2796 2869
f 2879 2919 2869
f 2879 2923 2919
f 3183 3189 3024
f 3183 3214 3189
f 3218 3191 3222
f 3218 3214 3189
f 3218 3191 3189
f 3194 3186 3169
f 3163 3160 3001
f 3163 3186 3169
f 3175 3009 3169
f 3175 3194 3169
f 3175 3194 3202
f 3175 3178 3202
f 2938 2851 3254
f 2938 2851 2899
f 2938 3023 3254
f 2938 2965 3023
f 2822 2810 2801
f 2822 2851 2801
f 2822 2851 2810
f 2877 2851 2899
f 2877 2965 2871
f 2877 2851 2810
f 2877 2938 2899
f 2877 2938 2965
f 2877 2806 2871
f 2877 2806 2810
f 3073 3207 3068
f 3073 3068 2960
f 3073 2965 2960
f 3073 3207 3023
f 3073 2965 3023
f 2747 2752 2731
f 2742 2752 2801
f 2742 2754 2801
f 2742 2747 2752
f 2798 2761 2811
f 2738 2807 2761
f 2738 2807 2800
f 2738 2728 2800
f 2904 2864 2878
f 2904 2946 2864
f 2904 2966 2878
f 2904 2946 2966
f 2359 2318 2301
f 2260 2318 2301
f 2380 2419 2435
f 2380 2400 2435
f 3105 3125 3094
f 3105 3080 3089
f 3105 3094 3080
f 3146 3120 3152
f 3107 3125 3094
f 3107 3120 2975
f 3107 3146 3125
f 3107 3146 3120
f 3107 2973 2975
f 3107 3094 2973
f 2995 2913 2989
f 2995 2917 2913
f 2995 2917 3001
f 2995 2989 3155
f 2995 3160 3001
f 2995 3160 3155
f 2193 2150 2161
f 2193 2221 2161
f 2076 2150 2161
f 1957 1904 1981
f 1844 1801 1796
f 2706 2796 2776
f 2706 2677 2776
f 2706 2677 2556
f 2639 2712 2667
f 2593 2497 2530
f 2593 2497 2556
f 2593 2706 2556
f 2453 2522 2415
f 2453 2497 2422
f 2453 2556 2522
f 2453 2497 2556
f 2429 2465 2467
f 2429 2400 2467
f 2429 2359 2400
f 2382 2422 2350
f 2382 2310 2350
f 2382 2310 2336
f 2382 2336 2415
f 2382 2453 2415
f 2382 2453 2422
f 1950 1895 1989
f 2136 1989 2050
f 1829 1798 1881
f 1329 1332 1678
f 1992 2054 2005
f 2547 2564 2685
f 2499 2522 2415
f 2499 2522 2646
f 2250 2282 2207
f 2250 2221 2295
f 2392 2282 2370
f 2392 2547 2370
f 2392 2547 2564
f 2371 2336 2415
f 2371 2336 2295
f 2366 2484 2456
f 2366 2484 2501
f 2349 2282 2370
f 2349 2366 2370
f 1722 1794 1750
f 1949 1825 1877
f 1899 1344 1341
f 2268 1349 2263
f 2268 2157 1349
f 2064 1347 1348
f 2064 2157 1348
f 1345 1265 1347
f 1143 1089 1144
f 1143 1204 1144
f 2957 2865 2960
f 2957 2865 2862
f 2957 3068 2960
f 2957 3064 3068
f 2854 2949 2849
f 2854 2781 2862
f 2854 2772 2849
f 2854 2781 2772
f 3050 3037 2944
f 3050 2949 2944
f 3050 2949 3056
f 3050 3191 3037
f 3050 3197 3056
f 3050 3197 3191
f 2737 2721 2759
f 2737 2806 2759
f 2737 2806 2799
f 2737 2725 2799
f 2790 2781 2862
f 2790 2865 2799
f 2790 2865 2862
f 2790 2725 2799
f 2825 2892 2820
f 2825 2831 2892
f 2758 2687 2745
f 2758 2772 2849
f 2758 2843 2849
f 2758 2792 2745
f 2758 2792 2843
f 2726 2687 2745
f 2726 2792 2745
f 2726 2792 2712
f 2726 2712 2667
f 2726 2687 2667
f 2627 2735 2646
f 2627 2499 2646
f 2715 2564 2685
f 2715 2564 2587
f 2715 2685 2787
f 2715 2735 2787
f 2827 2816 2894
f 2827 2902 2894
f 2827 2902 2836
f 2827 2836 2787
f 2804 2786 2875
f 2804 2885 2875
f 2804 2816 2885
f 2804 2786 2714
f 2766 2827 2787
f 2766 2827 2816
f 2766 2685 2787
f 2766 2648 2685
f 2784 2842 2802
f 2784 2802 2755
f 2866 2921 2882
f 2866 2852 2774
f 2396 2447 2428
f 2396 1349 2263
f 2396 2268 2263
f 2396 2268 2447
f 2710 2823 2674
f 2847 2764 2733
f 2847 2764 2860
f 2847 2860 2909
f 2813 2635 2674
f 2813 2823 2674
f 2900 2942 2909
f 2900 2932 2942
f 585 634 586
f 2640 2575 2615
f 2612 2640 2575
f 2612 2640 2663
f 2773 2703 2782
f 2773 2855 2782
f 2773 2682 2760
f 2773 2703 2682
f 2633 2663 2682
f 2633 2612 2663
f 2633 2612 2574
f 2471 2419 2435
f 2471 2504 2435
f 2471 2504 2536
f 2545 2515 2575
f 2545 2612 2574
f 2545 2612 2575
f 2545 2515 2496
f 2713 2794 2783
f 2713 2694 2783
f 2532 2468 2567
f 17 15 70
f 163 115 162
f 212 163 213
f 212 163 162
f 69 15 70
f 66 115 65
f 127 128 78
f 23 75 25
f 77 27 25
f 77 27 78
f 77 127 78
f 73 19 21
f 599 598 551
f 599 598 647
f 597 598 549
f 550 499 551
f 550 598 551
f 550 598 549
f 500 499 551
f 501 500 455
f 501 553 502
f 501 500 551
f 403 402 356
f 355 354 401
f 355 402 401
f 355 402 356
f 453 402 401
f 711 689 687
f 170 171 220
f 170 124 123
f 170 171 124
f 122 169 121
f 122 73 123
f 122 170 123
f 122 170 169
f 268 269 220
f 268 269 319
f 268 318 319
f 506 558 557
f 372 419 371
f 372 325 373
f 372 373 375
f 372 419 375
f 275 252 227
f 275 276 252
f 275 274 325
f 275 302 276
f 275 325 302
f 959 909 960
f 959 1010 960
f 959 1010 1009
f 760 810 759
f 760 710 709
f 760 759 709
f 760 713 710
f 760 785 713
f 760 785 810
f 809 810 759
f 809 857 856
f 809 857 810
f 226 176 177
f 226 227 177
f 226 275 227
f 226 275 274
f 324 274 325
f 324 372 371
f 324 372 325
f 79 129 80
f 79 128 129
f 79 128 78
f 79 29 80
f 79 78 29
f 320 367 319
f 320 269 319
f 320 269 270
f 320 321 270
f 320 367 368
f 320 321 368
f 222 271 270
f 222 223 271
f 175 128 176
f 175 127 174
f 175 127 128
f 412 464 413
f 412 463 464
f 412 463 462
f 508 509 464
f 508 463 464
f 508 509 560
f 609 561 560
f 510 561 509
f 510 464 465
f 510 509 464
f 510 511 465
f 750 800 749
f 750 800 751
f 701 751 752
f 701 654 653
f 605 556 557
f 803 753 752
f 803 849 850
f 657 656 607
f 606 558 557
f 606 605 557
f 1003 1055 1002
f 1003 1056 1055
f 848 801 849
f 848 902 901
f 848 902 849
f 848 801 800
f 952 1003 1002
f 952 1003 953
f 952 902 901
f 1518 785 1523
f 1518 785 1515
f 788 859 1523
f 788 785 1523
f 788 785 810
f 788 857 859
f 788 857 810
f 1542 935 1539
f 1542 935 1547
f 937 1547 987
f 937 935 1547
f 937 960 987
f 937 935 960
f 1149 1064 1572
f 1149 1580 1151
f 1149 1151 1177
f 1236 1271 1589
f 1236 1151 1589
f 1236 1271 1233
f 1236 1151 1233
f 1118 1062 1064
f 1118 1149 1177
f 1118 1149 1064
f 1118 1117 1177
f 1118 1117 1062
f 204 180 205
f 204 154 180
f 152 102 151
f 153 204 154
f 4 6 39
f 8 6 41
f 42 88 41
f 42 43 88
f 42 8 41
f 42 8 10
f 42 43 10
f 140 91 92
f 140 90 139
f 140 91 90
f 240 288 239
f 280 281 330
f 233 187 232
f 233 187 234
f 233 280 232
f 233 280 281
f 186 187 137
f 186 136 137
f 186 187 232
f 820 769 770
f 350 398 351
f 3011 3015 3018
f 3011 3015 3006
f 2997 2993 2916
f 2997 2999 2922
f 2997 2916 2922
f 2985 2912 2991
f 1595 1588 2951
f 1595 2881 2951
f 1595 1588 1357
f 2859 2812 1357
f 2617 1237 1353
f 3047 3046 3034
f 3047 3061 3034
f 3047 3076 3061
f 3012 3016 3007
f 2927 3016 3007
f 2927 3016 2933
f 2927 3005 3007
f 2927 3005 2922
f 2927 2891 2933
f 3216 3215 3190
f 3216 3192 3219
f 3216 3192 3190
f 3220 3192 3219
f 3220 3192 3223
f 3187 3188 3170
f 3195 3176 3170
f 3195 3188 3170
f 2950 2855 2953
f 2950 3051 2945
f 2950 3057 2953
f 2950 3051 3057
f 2893 2839 2832
f 2893 2937 2941
f 2893 2839 2941
f 2893 2826 2832
f 2893 2937 2931
f 2893 2821 2889
f 2893 2826 2821
f 2893 2929 2931
f 2893 2889 2929
f 2844 2945 2941
f 2844 2839 2941
f 2844 2794 2760
f 2844 2839 2794
f 3167 3150 3162
f 3167 3150 3156
f 3161 3164 3002
f 3161 2996 3002
f 3161 3156 2996
f 3159 3150 3162
f 3159 3150 3144
f 3232 3206 3235
f 3232 3206 3231
f 3069 3208 3074
f 3069 3206 3208
f 3069 3206 3065
f 3069 2961 3074
f 3069 2958 2961
f 3069 2958 3065
f 3077 3076 3061
f 3077 3090 3061
f 3109 3106 3095
f 3109 3108 3095
f 3109 3108 3126
f 3127 3108 3147
f 3127 3108 3126
f 2027 2046 1979
f 2027 1346 2067
f 2027 1346 1979
f 2189 2362 2230
f 2315 2189 2362
f 2495 2315 2362
f 2789 2688 2767
f 2789 2828 2767
f 2789 2837 2828
f 2789 2763 2846
f 2789 2837 2846
f 2730 2797 2709
f 2730 2809 2753
f 2730 2797 2809
f 2524 2487 2417
f 2124 2046 1976
f 2124 2189 2230
f 2124 2189 2046
f 2058 2155 2003
f 2058 1937 2003
f 2081 2155 2003
f 2081 1951 2003
f 1896 1837 1850
f 1896 1850 1976
f 1896 1791 1837
f 1293 1342 1343
f 1293 1229 1342
f 1293 1346 1343
f 1293 1229 1346
f 1339 1291 1777
f 1339 1291 1292
f 1339 1791 1292
f 1954 2041 2004
f 1760 1723 1731
f 1760 1723 1721
f 1760 1743 1804
f 1760 1743 1721
f 1878 1937 2003
f 1878 1951 2003
f 1856 1898 1804
f 1856 1954 1898
f 853 906 854
f 853 806 854
f 853 852 906
f 853 852 806
f 1005 1056 1057
f 1115 1174 1173
f 1115 1174 1175
f 1115 1059 1060
f 1230 1229 1239
f 1230 1229 1173
f 1230 1174 1173
f 1007 1059 1060
f 907 906 854
f 907 957 906
f 1058 1115 1059
f 1058 1007 1059
f 1058 1007 1006
f 1058 1005 1057
f 1058 1005 1006
f 808 855 854
f 808 855 856
f 808 809 856
f 513 468 514
f 513 565 564
f 513 565 514
f 613 662 663
f 613 565 564
f 566 565 514
f 566 591 543
f 566 517 543
f 469 468 514
f 469 418 470
f 469 468 417
f 469 418 417
f 415 416 368
f 415 367 368
f 415 367 414
f 415 414 465
f 369 416 417
f 369 321 368
f 369 416 368
f 612 613 564
f 612 613 662
f 659 609 658
f 1269 1270 1350
f 1269 1230 1239
f 1116 1117 1060
f 1116 1115 1060
f 1116 1115 1175
f 1176 1116 1175
f 1176 1116 1117
f 1176 1177 1353
f 1176 1117 1177
f 1061 1062 1009
f 1061 1117 1062
f 1061 1060 1009
f 1061 1117 1060
f 1296 1299 1609
f 1296 1242 1299
f 1308 1307 1249
f 1303 1622 1305
f 1248 1307 1249
f 1248 1307 1305
f 1248 1247 1305
f 2127 2052 2125
f 1611 1299 1609
f 1611 1656 1609
f 1730 1767 1727
f 1770 1730 1767
f 2330 2345 2367
f 2287 2330 2345
f 2287 2330 2289
f 2010 2049 1960
f 2288 2287 2345
f 2187 2138 2041
f 2187 2123 2041
f 2080 2059 2025
f 2043 2080 2154
f 961 1552 934
f 961 986 1552
f 1012 1561 1063
f 1012 986 1561
f 516 445 1468
f 516 1476 1468
f 516 1476 518
f 101 102 151
f 344 393 394
f 858 1526 1534
f 858 784 1526
f 296 346 347
f 296 346 295
f 296 247 248
f 296 247 295
f 639 686 664
f 639 616 1493
f 639 1502 1493
f 639 1502 664
f 638 590 616
f 638 639 616
f 638 639 686
f 638 637 686
f 833 858 784
f 1355 1148 1235
f 1355 1240 1235
f 1355 1240 1356
f 1355 2842 1356
f 1355 2784 2842
f 1355 2784 2755
f 1090 1145 1089
f 1035 1090 1089
f 1035 1090 1036
f 1035 1089 1034
f 1035 981 1034
f 781 831 780
f 881 930 880
f 587 538 586
f 442 441 394
f 442 490 441
f 2940 2843 2944
f 2940 3037 3024
f 2940 3037 2944
f 2928 2930 2892
f 2928 3009 2923
f 3013 2928 3009
f 3013 2928 2930
f 3013 3175 3178
f 3013 3175 3009
f 2888 2892 2820
f 2888 2879 2923
f 2888 2928 2923
f 2888 2928 2892
f 3210 3183 3214
f 3210 3178 3202
f 3210 3183 3178
f 3003 3009 3169
f 3003 3163 3169
f 3003 3163 3001
f 3003 3009 2923
f 3003 2919 3001
f 3003 2923 2919
f 3180 3163 3186
f 3180 3160 3172
f 3180 3163 3160
f 2780 2752 2801
f 2780 2769 2752
f 2780 2759 2801
f 2780 2769 2759
f 2756 2731 2759
f 2756 2769 2759
f 2756 2752 2731
f 2756 2769 2752
f 2743 2742 2740
f 2743 2742 2747
f 2743 2731 2740
f 2743 2747 2731
f 2748 2742 2754
f 2732 2742 2740
f 2732 2748 2754
f 2833 2811 2878
f 2833 2864 2878
f 2698 2728 2673
f 2698 2738 2728
f 2273 2260 2318
f 2273 2310 2231
f 2273 2217 2231
f 2273 2260 2217
f 2273 2318 2350
f 2273 2310 2350
f 2205 2260 2217
f 2339 2283 2301
f 2339 2359 2301
f 2339 2359 2400
f 2339 2380 2400
f 2293 2289 2251
f 2266 2193 2231
f 2266 2193 2221
f 2266 2310 2231
f 2266 2221 2295
f 2266 2336 2295
f 2266 2310 2336
f 2129 2193 2150
f 1863 1844 1801
f 2042 2129 2115
f 1840 1844 1904
f 1840 1844 1796
f 1323 1648 1322
f 2565 2467 2530
f 2565 2504 2467
f 2389 2465 2422
f 2389 2429 2465
f 2389 2422 2350
f 2389 2429 2359
f 2389 2318 2350
f 2389 2359 2318
f 1851 1803 1895
f 1851 1950 1895
f 2240 2136 2183
f 2233 2211 2134
f 2233 2152 2134
f 2233 2152 2257
f 2233 2211 2298
f 2037 1950 1989
f 2037 2136 1989
f 2037 2136 2183
f 2037 2119 2183
f 1716 1742 1678
f 1684 1746 1726
f 1684 1653 1658
f 1816 1863 1885
f 1816 1757 1801
f 1816 1863 1801
f 1833 1816 1885
f 1327 1329 1257
f 1260 1337 1261
f 2178 2131 2207
f 2178 2250 2207
f 2178 2250 2221
f 2178 2221 2161
f 2116 2076 2161
f 2116 2178 2161
f 2116 2178 2131
f 1938 1975 1881
f 2023 1938 1991
f 2023 1938 1975
f 2051 2165 2134
f 2051 2165 2119
f 2051 2023 2134
f 2051 2023 1975
f 2118 2054 2005
f 2236 2349 2282
f 2236 2282 2207
f 2525 2648 2501
f 2525 2547 2370
f 2525 2648 2685
f 2525 2547 2685
f 2525 2366 2501
f 2525 2366 2370
f 2482 2499 2415
f 2482 2371 2415
f 2482 2371 2460
f 2482 2627 2499
f 2327 2371 2295
f 2327 2250 2295
f 2327 2250 2282
f 2327 2392 2282
f 1759 1722 1794
f 1759 1803 1838
f 1759 1794 1838
f 1759 1742 1803
f 1999 1934 2050
f 1999 1934 1877
f 1999 1949 1877
f 1893 1825 1800
f 1893 1949 1825
f 1893 1899 1341
f 1893 1949 2021
f 2314 2447 2491
f 2314 2268 2447
f 2314 2268 2157
f 2034 2064 1347
f 2034 1345 1347
f 2034 1345 2038
f 1946 1899 1344
f 1946 1345 1344
f 1946 1345 2038
f 1264 1345 1265
f 1264 1345 1344
f 1264 1344 1341
f 1142 1143 1087
f 1142 1086 1087
f 1088 1089 1034
f 1088 1143 1089
f 1088 1143 1087
f 2952 2957 2862
f 2952 2854 2862
f 2952 2854 2949
f 2952 2949 3056
f 2952 3064 3056
f 2952 2957 3064
f 2702 2781 2772
f 2618 2627 2735
f 2618 2715 2735
f 2618 2715 2587
f 2618 2460 2587
f 2618 2482 2460
f 2618 2482 2627
f 2739 2804 2816
f 2739 2766 2816
f 2739 2804 2714
f 2739 2766 2648
f 2915 2866 2921
f 2915 2992 2911
f 2915 2852 2911
f 2915 2866 2852
f 2915 2992 2998
f 2915 2921 2998
f 2834 2847 2733
f 2834 2710 2733
f 2834 2710 2823
f 2834 2900 2823
f 2834 2847 2909
f 2834 2900 2909
f 2793 2813 2635
f 2793 2774 2586
f 2793 2635 2586
f 2793 2866 2774
f 2793 2866 2882
f 2793 2813 2882
f 2890 2900 2823
f 2890 2813 2882
f 2890 2813 2823
f 2890 2882 2926
f 2890 2932 2926
f 2890 2900 2932
f 912 964 936
f 1083 1029 1030
f 1197 1138 1137
f 977 978 1030
f 537 538 488
f 537 538 586
f 537 585 586
f 635 634 586
f 733 732 780
f 733 682 732
f 733 781 780
f 829 828 880
f 928 981 929
f 928 880 929
f 731 732 779
f 1262 1338 1261
f 1262 1201 1261
f 2657 2643 2673
f 2657 2720 2673
f 2657 2703 2720
f 2659 2671 2654
f 2661 2703 2682
f 2661 2633 2682
f 2661 2657 2703
f 2661 2657 2629
f 2608 2633 2574
f 2608 2661 2629
f 2608 2661 2633
f 2490 2483 2450
f 2490 2452 2450
f 2490 2452 2496
f 2596 2624 2602
f 2596 2600 2624
f 2454 2471 2419
f 2508 2471 2536
f 2508 2454 2492
f 2508 2454 2471
f 2442 2454 2492
f 2729 2713 2794
f 2297 2374 2329
f 2297 2253 2329
f 2320 2360 2390
f 2320 2262 2276
f 2431 2360 2390
f 2218 2262 2276
f 2304 2262 2239
f 2304 2320 2262
f 2304 2360 2341
f 2304 2320 2360
f 2133 2175 2180
f 2133 2175 2128
f 2133 2062 2128
f 71 17 19
f 71 17 70
f 71 119 70
f 116 163 115
f 161 115 114
f 161 115 162
f 305 351 352
f 305 304 351
f 64 7 65
f 37 3 1
f 37 3 62
f 106 37 84
f 86 41 87
f 86 40 41
f 86 136 87
f 279 280 330
f 379 380 330
f 13 11 68
f 13 69 15
f 13 69 68
f 67 11 68
f 67 66 11
f 67 68 117
f 67 116 117
f 67 66 115
f 67 116 115
f 9 66 11
f 9 7 65
f 9 66 65
f 76 75 25
f 76 77 25
f 76 75 124
f 173 222 172
f 173 223 174
f 173 222 223
f 74 75 123
f 74 73 123
f 74 23 75
f 74 23 21
f 74 73 21
f 310 357 356
f 310 261 311
f 601 650 602
f 601 553 602
f 651 650 602
f 651 698 650
f 651 652 602
f 651 652 698
f 799 800 749
f 648 599 647
f 552 501 551
f 552 501 553
f 552 601 553
f 552 599 551
f 404 357 356
f 404 403 356
f 404 403 455
f 404 455 405
f 404 357 405
f 454 403 455
f 454 500 499
f 454 500 455
f 454 403 402
f 454 453 402
f 308 355 354
f 308 355 356
f 548 547 496
f 452 453 401
f 452 400 401
f 665 641 687
f 665 715 687
f 643 690 689
f 643 594 593
f 714 715 687
f 714 711 687
f 691 741 690
f 691 643 644
f 691 643 690
f 691 645 644
f 603 652 653
f 603 652 602
f 219 170 220
f 219 218 169
f 219 170 169
f 505 459 460
f 505 461 460
f 505 506 461
f 505 556 557
f 505 506 557
f 958 959 909
f 958 959 1009
f 958 1007 957
f 958 907 957
f 910 909 960
f 910 909 856
f 910 857 856
f 910 935 960
f 910 935 886
f 910 886 859
f 910 857 859
f 322 369 321
f 322 321 271
f 322 272 271
f 323 322 272
f 323 324 371
f 221 269 270
f 221 222 270
f 221 222 172
f 221 269 220
f 221 171 220
f 221 171 172
f 224 272 223
f 224 223 174
f 224 175 174
f 559 508 560
f 559 508 558
f 559 606 607
f 559 606 558
f 507 508 558
f 507 506 558
f 507 463 462
f 507 508 463
f 507 461 462
f 507 506 461
f 700 750 749
f 700 652 653
f 700 701 653
f 700 750 751
f 700 701 751
f 702 701 752
f 702 701 654
f 702 703 752
f 702 656 703
f 604 654 653
f 604 605 654
f 604 605 556
f 604 603 653
f 604 603 556
f 802 803 752
f 802 803 849
f 802 801 849
f 802 751 752
f 802 801 751
f 608 609 560
f 608 657 607
f 608 609 658
f 608 657 658
f 608 559 607
f 608 559 560
f 655 656 607
f 655 606 607
f 655 702 656
f 655 702 654
f 655 605 654
f 655 606 605
f 1582 1151 1589
f 1582 1580 1151
f 1574 1149 1572
f 1574 1149 1580
f 440 393 441
f 440 489 488
f 440 441 489
f 392 344 393
f 392 440 393
f 392 440 439
f 250 251 205
f 250 204 205
f 250 251 298
f 202 152 151
f 103 152 102
f 103 56 102
f 103 153 152
f 104 154 105
f 104 153 154
f 104 105 58
f 104 103 153
f 188 187 138
f 188 138 139
f 188 189 139
f 188 187 234
f 146 196 147
f 242 196 243
f 242 196 195
f 287 288 239
f 238 287 239
f 190 140 191
f 190 140 139
f 190 189 139
f 331 281 330
f 331 380 330
f 520 521 472
f 520 521 569
f 424 377 423
f 424 472 423
f 722 769 770
f 870 820 871
f 872 820 871
f 872 821 820
f 771 820 770
f 771 821 820
f 422 398 449
f 2983 2985 2912
f 1600 1595 1357
f 1600 1595 2881
f 2959 2881 2951
f 2959 2963 2881
f 2886 2963 2969
f 2886 2963 2881
f 1599 2859 1357
f 1599 2859 2881
f 1599 1600 1357
f 1599 1600 2881
f 2485 1353 1352
f 2785 2617 1237
f 2785 2812 1233
f 2785 1237 1233
f 2693 2830 2724
f 2868 2916 2922
f 3019 3016 3020
f 3019 3012 3016
f 3182 3181 3164
f 3182 3170 3164
f 3182 3187 3170
f 3196 3195 3176
f 3196 3179 3203
f 3196 3176 3179
f 2850 2844 2945
f 2850 2950 2945
f 2850 2950 2855
f 2850 2773 2855
f 2850 2773 2760
f 2850 2844 2760
f 3168 3167 3156
f 3168 3161 3156
f 3168 3161 3173
f 3174 3161 3173
f 3174 3181 3164
f 3174 3161 3164
f 3154 3153 3144
f 3154 3159 3144
f 2675 2824 2814
f 2741 2767 2655
f 2621 2717 2563
f 2621 2488 2655
f 2621 2741 2655
f 2621 2741 2717
f 2818 2895 2887
f 2818 2895 2828
f 2818 2828 2767
f 2818 2741 2767
f 2185 2254 1350
f 2185 1269 1350
f 2185 2067 1239
f 2185 1269 1239
f 2573 2693 2724
f 2750 2573 2724
f 2736 2789 2763
f 2595 2559 2709
f 2595 2730 2709
f 2595 2559 2498
f 2595 2532 2498
f 2584 2524 2559
f 2584 2709 2678
f 2584 2559 2709
f 2584 2548 2487
f 2584 2524 2487
f 2455 2559 2498
f 2455 2524 2559
f 2455 2524 2417
f 2455 2425 2498
f 2502 2566 2463
f 2502 2548 2439
f 2502 2439 2394
f 2502 2463 2394
f 2647 2584 2678
f 2647 2584 2548
f 2647 2763 2678
f 2647 2736 2763
f 2528 2566 2463
f 2528 2488 2655
f 2528 2688 2655
f 2528 2566 2688
f 2024 2081 1951
f 2024 1896 1976
f 2024 1896 1951
f 2024 2124 1976
f 1782 1339 1777
f 1782 1339 1791
f 1990 1954 2041
f 1990 2058 1937
f 1990 1898 1937
f 1990 1954 1898
f 1990 2138 2041
f 1990 2058 2138
f 1826 1782 1777
f 1826 1782 1791
f 1826 1878 1951
f 1826 1896 1951
f 1826 1896 1791
f 1839 1898 1937
f 1839 1878 1937
f 1839 1898 1804
f 1839 1760 1804
f 1939 1977 2025
f 1939 1884 1977
f 1920 1884 1977
f 1920 1856 1954
f 1920 1977 2004
f 1920 1954 2004
f 1695 1683 1743
f 1695 1743 1721
f 956 957 906
f 956 1007 957
f 956 1007 1006
f 903 849 850
f 903 902 849
f 903 952 953
f 903 952 902
f 851 803 850
f 851 903 850
f 851 903 904
f 954 903 953
f 954 903 904
f 905 852 906
f 905 851 852
f 905 851 904
f 905 954 904
f 905 956 906
f 805 852 806
f 805 755 806
f 705 657 658
f 1114 1115 1173
f 1114 1058 1115
f 1114 1113 1173
f 1114 1113 1057
f 1114 1058 1057
f 758 759 708
f 758 757 808
f 758 809 759
f 758 808 809
f 512 513 564
f 614 613 663
f 614 613 565
f 614 566 565
f 614 592 640
f 614 663 640
f 614 591 592
f 614 566 591
f 515 566 517
f 515 517 447
f 515 470 447
f 515 566 514
f 515 469 514
f 515 469 470
f 661 660 708
f 661 612 662
f 661 611 660
f 661 611 612
f 661 708 709
f 661 662 709
f 707 660 708
f 707 758 708
f 707 758 757
f 707 659 660
f 807 808 854
f 807 757 808
f 807 806 854
f 562 510 511
f 562 510 561
f 1232 1176 1175
f 1232 1269 1270
f 1232 1270 1353
f 1232 1176 1353
f 837 789 790
f 837 836 789
f 1245 1303 1301
f 1243 1242 1299
f 1243 1181 1242
f 1243 1181 1182
f 1241 1296 1242
f 1241 1181 1242
f 1618 1615 1693
f 1618 1301 1615
f 1618 1303 1301
f 1961 1960 1959
f 1961 1960 2009
f 1961 2011 2009
f 1807 1852 1805
f 1848 1852 1805
f 1848 1908 1910
f 1848 1852 1910
f 1724 1727 1765
f 2060 2127 2052
f 2060 2052 2009
f 2060 2011 2009
f 1613 1611 1656
f 1613 1611 1299
f 1613 1301 1615
f 1613 1301 1299
f 1691 1615 1693
f 1691 1613 1615
f 1691 1613 1656
f 1732 1770 1730
f 1732 1691 1693
f 1732 1691 1730
f 2173 2171 2213
f 2173 2175 2128
f 2173 2213 2216
f 2173 2175 2216
f 2126 2173 2128
f 2126 2173 2171
f 2209 2247 2251
f 2169 2049 2125
f 2169 2126 2049
f 2169 2182 2171
f 2169 2126 2171
f 2286 2289 2247
f 2286 2287 2289
f 2286 2288 2287
f 2012 2010 2062
f 2248 2252 2290
f 2248 2288 2290
f 2418 2528 2488
f 2418 2528 2463
f 2388 2277 2322
f 2388 2523 2563
f 2122 2043 2154
f 2122 2202 2164
f 2122 2202 2154
f 2122 2063 2164
f 1993 2080 2025
f 1993 2043 2080
f 1993 1939 2025
f 1993 2043 1956
f 2237 2202 2164
f 2007 2063 1996
f 2007 1941 1956
f 2007 1941 1996
f 2007 2043 1956
f 2007 2122 2043
f 2007 2122 2063
f 1928 1996 1982
f 1928 1941 1996
f 1958 2029 1982
f 1958 2029 2008
f 148 99 149
f 148 198 147
f 98 148 147
f 98 148 99
f 98 99 52
f 150 101 151
f 54 26 28
f 55 56 102
f 55 101 102
f 55 30 28
f 55 30 56
f 55 54 28
f 55 54 101
f 197 198 147
f 197 196 147
f 197 196 243
f 244 197 243
f 244 197 198
f 345 344 394
f 345 346 295
f 294 344 293
f 294 345 295
f 294 345 344
f 860 858 1534
f 860 1534 1541
f 860 934 1541
f 860 933 934
f 589 518 590
f 589 638 590
f 783 712 761
f 783 736 712
f 783 784 761
f 783 833 784
f 783 833 782
f 783 735 782
f 783 735 736
f 931 881 930
f 1038 1012 986
f 1038 1092 1063
f 1038 1012 1063
f 1207 1147 1148
f 1207 1355 1148
f 1207 1206 1147
f 1354 2650 2755
f 1354 1355 2755
f 1354 2544 2650
f 982 1035 1036
f 982 1035 981
f 982 981 929
f 982 930 929
f 685 735 684
f 685 637 686
f 685 686 736
f 685 735 736
f 539 587 538
f 539 538 489
f 539 490 489
f 395 396 443
f 395 442 443
f 395 396 346
f 395 442 394
f 395 345 394
f 395 345 346
f 2838 2940 2892
f 2838 2940 2843
f 2838 2831 2892
f 2838 2792 2831
f 2838 2792 2843
f 2936 2930 2892
f 2936 2940 2892
f 2936 2940 3024
f 2722 2738 2761
f 2722 2732 2761
f 2744 2748 2742
f 2744 2732 2742
f 2744 2732 2748
f 2718 2732 2740
f 2718 2731 2740
f 2718 2722 2732
f 2718 2721 2731
f 2777 2798 2761
f 2777 2771 2761
f 2757 2732 2761
f 2757 2771 2761
f 2757 2732 2754
f 2757 2771 2754
f 2815 2798 2811
f 2815 2833 2811
f 2815 2777 2798
f 2815 2777 2771
f 2815 2771 2754
f 2815 2754 2864
f 2815 2833 2864
f 2686 2671 2701
f 2159 2205 2217
f 2238 2205 2260
f 2238 2260 2301
f 2238 2283 2301
f 2238 2205 2198
f 2323 2339 2380
f 2323 2339 2283
f 2323 2275 2317
f 2323 2275 2283
f 2332 2330 2289
f 2332 2293 2289
f 1925 1992 1981
f 1925 1904 1981
f 1925 1844 1904
f 1925 1863 1844
f 1947 1889 1944
f 1947 1957 2006
f 2057 2042 2129
f 2057 2076 2006
f 2057 2076 2150
f 2057 2129 2150
f 2035 2042 2115
f 1650 1323 1648
f 1650 1684 1653
f 2808 2751 2820
f 2808 2879 2796
f 2808 2888 2820
f 2808 2888 2879
f 2727 2706 2796
f 2727 2808 2796
f 2727 2808 2751
f 2727 2593 2706
f 2768 2825 2820
f 2768 2751 2820
f 2666 2768 2751
f 1916 1975 1881
f 1916 1829 1881
f 1916 1851 1829
f 1916 1851 1950
f 2227 2249 2316
f 2227 2119 2183
f 2227 2165 2119
f 2227 2165 2249
f 2274 2211 2298
f 2619 2739 2714
f 2619 2739 2648
f 2619 2484 2456
f 2619 2484 2648
f 2644 2764 2733
f 2203 2136 2050
f 2203 2240 2136
f 2291 2240 2183
f 2291 2227 2183
f 2291 2227 2316
f 1755 1829 1798
f 1755 1746 1798
f 1783 1716 1742
f 1783 1742 1803
f 1783 1755 1829
f 1783 1755 1716
f 1783 1851 1803
f 1783 1851 1829
f 1676 1716 1678
f 1676 1329 1678
f 1676 1327 1658
f 1676 1327 1329
f 1707 1684 1658
f 1707 1684 1746
f 1707 1676 1658
f 1707 1676 1716
f 1707 1755 1746
f 1707 1755 1716
f 1788 1746 1798
f 1788 1746 1726
f 1842 1788 1798
f 1842 1788 1833
f 1842 1798 1881
f 1842 1938 1881
f 1336 1260 1337
f 1336 1337 1750
f 1336 1722 1750
f 2026 2116 2076
f 2026 2076 2006
f 2026 1957 1981
f 2026 1957 2006
f 2040 1992 2054
f 2040 2131 2054
f 2040 2116 2131
f 2040 2026 2116
f 2040 1992 1981
f 2040 2026 1981
f 2078 2152 2134
f 2078 2023 2134
f 2078 2023 1991
f 2002 2037 2119
f 2002 2051 2119
f 2002 2037 1950
f 2002 2051 1975
f 2002 1916 1950
f 2002 1916 1975
f 2039 2118 2005
f 2039 1955 2005
f 2039 1955 1991
f 2039 2078 1991
f 2039 2118 2152
f 2039 2078 2152
f 2199 2118 2152
f 2199 2152 2257
f 2199 2305 2236
f 2438 2371 2460
f 2438 2327 2371
f 2438 2460 2587
f 2321 2233 2298
f 2321 2387 2298
f 2321 2233 2257
f 2321 2344 2257
f 2325 2349 2366
f 2325 2305 2366
f 2325 2236 2349
f 2325 2305 2236
f 1711 1759 1742
f 1711 1759 1722
f 1711 1336 1722
f 1820 1893 1800
f 1820 1893 1341
f 1973 1893 2021
f 1973 1893 1899
f 1973 1946 1899
f 1973 1946 2038
f 2141 2034 2038
f 2141 2034 2064
f 2141 2064 2157
f 2141 2314 2157
f 1203 1143 1204
f 1203 1265 1204
f 1203 1264 1265
f 1203 1142 1143
f 1263 1264 1341
f 2679 2758 2772
f 2679 2702 2772
f 2679 2702 2660
f 2543 2572 2512
f 2543 2512 2493
f 2716 2672 2725
f 2716 2702 2781
f 2716 2790 2725
f 2716 2790 2781
f 2697 2737 2725
f 2697 2672 2725
f 2664 2697 2680
f 2664 2697 2672
f 963 964 936
f 1127 1072 1126
f 975 974 1027
f 975 923 924
f 1136 1195 1135
f 1136 1197 1137
f 1084 1083 1137
f 1084 1138 1137
f 1084 1083 1030
f 1334 1336 1260
f 1334 1711 1336
f 1199 1260 1261
f 1258 1329 1332
f 1258 1329 1257
f 1258 1197 1257
f 1198 1197 1138
f 1198 1138 1139
f 1198 1199 1139
f 1198 1199 1260
f 874 923 924
f 487 537 488
f 487 440 488
f 487 440 439
f 636 635 684
f 636 587 637
f 636 587 586
f 636 635 586
f 636 685 684
f 636 685 637
f 683 733 682
f 683 682 634
f 683 635 634
f 683 635 684
f 734 733 781
f 734 735 684
f 734 683 684
f 734 683 733
f 734 781 782
f 734 735 782
f 830 831 780
f 830 779 780
f 830 829 779
f 830 881 880
f 830 829 880
f 879 828 880
f 879 928 880
f 1033 1086 1087
f 1033 1088 1034
f 1033 1088 1087
f 778 731 779
f 778 829 779
f 778 829 828
f 1141 1140 1086
f 1141 1142 1086
f 1085 1140 1139
f 1085 1140 1086
f 1085 1084 1030
f 1085 1138 1139
f 1085 1084 1138
f 2626 2659 2654
f 2626 2624 2602
f 2665 2698 2673
f 2665 2643 2673
f 2569 2596 2602
f 2569 2596 2562
f 2569 2616 2602
f 2569 2616 2579
f 2623 2657 2629
f 2623 2657 2643
f 2623 2616 2643
f 2623 2616 2579
f 2520 2517 2483
f 2520 2490 2483
f 2568 2596 2562
f 2568 2596 2600
f 2625 2600 2632
f 2625 2600 2624
f 2649 2626 2654
f 2649 2626 2624
f 2649 2625 2624
f 2649 2625 2652
f 2571 2508 2536
f 2571 2639 2667
f 2571 2639 2536
f 2542 2508 2492
f 2542 2512 2492
f 2542 2572 2512
f 2542 2571 2508
f 2475 2512 2492
f 2475 2442 2492
f 2461 2515 2496
f 2461 2452 2496
f 2284 2304 2341
f 2284 2304 2239
f 2235 2284 2239
f 2220 2175 2216
f 2220 2175 2180
f 2313 2358 2348
f 2313 2358 2319
f 2224 2220 2180
f 2224 2220 2265
f 2414 2373 2377
f 2414 2461 2452
f 2331 2373 2368
f 2331 2288 2290
f 2331 2368 2345
f 2331 2288 2345
f 2689 2663 2760
f 2689 2640 2663
f 2689 2640 2615
f 2120 2181 2162
f 2130 2117 2177
f 2130 2117 2045
f 2194 2130 2177
f 2194 2130 2151
f 2194 2151 2162
f 2036 2030 2114
f 2036 2045 1988
f 2036 2117 2114
f 2036 2117 2045
f 2075 2030 2022
f 2075 2030 2114
f 2075 2158 2149
f 2075 2158 2114
f 2208 2181 2253
f 2208 2237 2164
f 2135 2063 2164
f 2135 2208 2164
f 2135 2208 2181
f 2135 2120 2181
f 2338 2374 2417
f 2338 2297 2374
f 2269 2338 2297
f 2401 2431 2468
f 2401 2431 2360
f 2401 2360 2341
f 2466 2425 2498
f 2466 2532 2498
f 2466 2425 2390
f 2466 2431 2390
f 2466 2532 2468
f 2466 2431 2468
f 2506 2613 2567
f 2506 2468 2567
f 2509 2473 2457
f 2144 2133 2180
f 72 73 19
f 72 71 19
f 72 71 121
f 72 122 121
f 72 122 73
f 120 71 121
f 120 71 119
f 164 165 117
f 164 116 117
f 164 116 163
f 164 163 213
f 164 165 213
f 118 119 166
f 118 165 166
f 118 165 117
f 118 68 117
f 118 69 68
f 118 69 70
f 118 119 70
f 160 210 209
f 160 210 161
f 160 208 209
f 160 208 159
f 160 161 114
f 353 354 401
f 353 400 401
f 254 305 304
f 5 64 7
f 5 3 62
f 38 37 84
f 38 4 39
f 61 62 110
f 61 106 110
f 61 37 62
f 61 106 37
f 85 40 39
f 85 86 40
f 85 38 39
f 85 38 84
f 231 186 232
f 231 186 185
f 231 280 232
f 231 279 280
f 378 379 330
f 125 172 124
f 125 76 124
f 456 501 502
f 456 457 502
f 456 457 405
f 456 455 405
f 456 501 455
f 358 359 405
f 358 359 311
f 358 357 405
f 358 310 311
f 358 310 357
f 406 359 407
f 406 457 405
f 406 359 405
f 312 359 311
f 312 261 311
f 408 460 409
f 408 459 460
f 504 505 459
f 504 505 556
f 646 598 647
f 646 597 598
f 646 694 647
f 646 694 693
f 646 693 645
f 745 694 744
f 649 648 599
f 649 601 650
f 307 308 354
f 307 353 354
f 595 548 547
f 595 643 644
f 595 643 594
f 451 452 400
f 451 450 400
f 497 548 496
f 497 451 496
f 497 451 452
f 617 665 666
f 617 665 641
f 617 615 641
f 618 619 569
f 618 617 569
f 618 617 666
f 667 619 620
f 667 618 666
f 667 618 619
f 474 523 473
f 570 619 569
f 571 570 523
f 571 619 620
f 571 570 619
f 546 547 496
f 546 595 547
f 546 595 594
f 546 594 593
f 642 643 593
f 642 643 689
f 642 615 593
f 642 615 641
f 642 641 687
f 642 689 687
f 787 739 789
f 740 690 689
f 740 739 689
f 740 741 690
f 740 789 790
f 740 739 789
f 941 891 940
f 495 494 449
f 495 450 449
f 495 546 496
f 495 451 496
f 495 451 450
f 399 398 449
f 399 450 449
f 399 351 352
f 399 398 351
f 399 450 400
f 399 353 352
f 399 353 400
f 167 121 168
f 167 120 121
f 167 119 166
f 167 120 119
f 265 216 264
f 215 165 166
f 215 167 166
f 215 167 216
f 362 315 363
f 362 410 409
f 362 363 410
f 1008 1060 1009
f 1008 958 1009
f 1008 1007 1060
f 1008 958 1007
f 908 958 907
f 908 855 854
f 908 907 854
f 908 855 909
f 908 958 909
f 273 324 274
f 273 323 324
f 273 323 272
f 273 224 272
f 370 323 371
f 370 418 417
f 370 418 371
f 370 369 417
f 370 322 369
f 370 323 322
f 365 364 318
f 365 318 366
f 365 366 413
f 365 412 413
f 411 412 462
f 411 410 462
f 411 365 412
f 411 365 364
f 411 363 410
f 411 364 363
f 267 268 220
f 267 219 220
f 267 268 318
f 267 219 218
f 699 700 749
f 699 700 652
f 699 698 749
f 699 652 698
f 53 26 24
f 53 24 52
f 53 54 26
f 53 99 52
f 51 22 24
f 51 24 52
f 51 98 52
f 94 47 93
f 241 242 195
f 241 240 288
f 241 289 288
f 241 289 290
f 241 242 290
f 343 342 293
f 343 392 342
f 343 344 293
f 343 392 344
f 438 392 439
f 438 487 486
f 438 487 439
f 291 341 342
f 291 341 290
f 291 242 290
f 291 242 243
f 297 348 298
f 297 348 347
f 297 296 248
f 297 296 347
f 203 153 152
f 203 202 152
f 203 153 204
f 203 250 204
f 57 32 58
f 57 104 58
f 57 104 103
f 57 103 56
f 57 30 32
f 57 30 56
f 192 238 191
f 192 193 239
f 192 238 239
f 194 143 193
f 194 241 195
f 194 241 240
f 194 193 239
f 194 240 239
f 145 95 96
f 145 146 96
f 145 196 195
f 145 146 196
f 237 238 191
f 237 238 285
f 282 283 234
f 282 233 234
f 282 233 281
f 282 331 281
f 235 283 234
f 235 188 234
f 235 188 189
f 235 190 189
f 303 327 277
f 567 615 593
f 425 472 473
f 425 424 472
f 425 474 473
f 425 424 377
f 425 378 377
f 723 771 770
f 723 722 770
f 723 722 672
f 723 673 672
f 674 723 673
f 822 771 821
f 822 872 821
f 328 327 277
f 328 378 377
f 376 377 423
f 376 327 350
f 376 328 377
f 376 328 327
f 420 350 398
f 420 422 398
f 420 376 350
f 420 422 423
f 420 376 423
f 493 494 449
f 493 494 519
f 493 520 519
f 2898 2977 2971
f 2898 2971 2969
f 2898 2886 2969
f 2874 2859 2881
f 2874 2886 2881
f 2874 2859 2812
f 2874 2886 2812
f 2819 2898 2830
f 2819 2898 2886
f 2819 2693 2830
f 2601 2617 1353
f 2601 2485 1353
f 2351 1350 1352
f 2351 2254 2399
f 2351 2254 1350
f 2883 2868 2922
f 2883 2927 2922
f 2883 2927 2891
f 2883 2891 2814
f 2853 2912 2916
f 2853 2868 2916
f 2242 2187 2292
f 2242 2187 2138
f 2168 2081 2155
f 2168 2328 2155
f 2168 2024 2124
f 2168 2024 2081
f 2168 2124 2230
f 2805 2741 2717
f 2805 2818 2741
f 2805 2887 2876
f 2805 2818 2887
f 2270 2185 2254
f 2270 2254 2399
f 2145 2315 2189
f 2145 2185 2067
f 2145 2270 2315
f 2145 2270 2185
f 2145 2027 2067
f 2145 2027 2046
f 2145 2189 2046
f 2449 2573 2399
f 2449 2573 2495
f 2449 2495 2315
f 2449 2270 2399
f 2449 2270 2315
f 2529 2573 2693
f 2529 2573 2399
f 2795 2883 2814
f 2795 2883 2868
f 2719 2789 2688
f 2719 2736 2789
f 2719 2566 2688
f 2636 2595 2730
f 2636 2668 2753
f 2636 2730 2753
f 2636 2668 2567
f 2636 2532 2567
f 2636 2595 2532
f 2620 2647 2548
f 2620 2502 2548
f 2620 2502 2566
f 2620 2719 2566
f 2620 2647 2736
f 2620 2719 2736
f 1795 1760 1731
f 1795 1839 1760
f 1795 1826 1777
f 1795 1826 1878
f 1795 1839 1878
f 1795 1291 1777
f 1795 1291 1731
f 1830 1920 1856
f 1830 1920 1884
f 1718 1683 1743
f 1718 1674 1683
f 1998 2045 1988
f 1053 1054 1110
f 1053 1109 1110
f 1053 1054 1002
f 1053 1109 1108
f 1331 1695 1683
f 900 848 901
f 1651 1324 1652
f 1651 1685 1652
f 1797 1841 1845
f 1772 1834 1818
f 1754 1797 1752
f 1646 1647 1321
f 1646 1680 1647
f 1646 1680 1677
f 804 851 803
f 804 851 852
f 804 805 852
f 1004 1003 1056
f 1004 1005 1056
f 1004 954 1005
f 1004 1003 953
f 1004 954 953
f 955 905 956
f 955 1005 1006
f 955 956 1006
f 955 954 1005
f 955 905 954
f 756 755 806
f 756 705 755
f 756 807 806
f 756 807 757
f 467 416 468
f 467 513 468
f 467 512 513
f 467 415 416
f 610 659 660
f 610 611 660
f 610 562 611
f 610 659 609
f 610 609 561
f 610 562 561
f 563 562 611
f 563 512 564
f 563 512 511
f 563 562 511
f 563 612 564
f 563 611 612
f 1231 1232 1175
f 1231 1232 1269
f 1231 1269 1230
f 1231 1174 1175
f 1231 1230 1174
f 888 889 936
f 885 836 861
f 885 889 836
f 885 888 889
f 939 889 936
f 939 989 940
f 939 889 940
f 890 891 940
f 890 889 940
f 890 889 836
f 890 837 836
f 1298 1612 1300
f 1725 1766 1764
f 1150 1178 1179
f 1150 1120 1121
f 1741 1739 1781
f 1313 1636 1634
f 1313 1636 1314
f 1665 1631 1634
f 1620 1302 1276
f 1246 1245 1303
f 1246 1247 1305
f 1246 1303 1305
f 1244 1301 1299
f 1244 1245 1301
f 1244 1243 1299
f 1244 1243 1182
f 1273 1208 1272
f 1273 1294 1272
f 1238 1294 1272
f 1180 1150 1121
f 1180 1150 1179
f 1180 1181 1121
f 1180 1241 1181
f 1180 1238 1179
f 1180 1238 1241
f 1882 1944 1935
f 1882 1889 1944
f 1696 1622 1693
f 1619 1303 1622
f 1619 1618 1303
f 1619 1622 1693
f 1619 1618 1693
f 1809 1848 1805
f 1809 1848 1846
f 1963 1908 1910
f 1963 1961 1908
f 1963 1961 2011
f 1810 1767 1765
f 1810 1807 1765
f 1687 1724 1727
f 2255 2293 2251
f 2132 2060 2127
f 1872 1821 1865
f 1861 1814 1859
f 1921 1861 1859
f 2053 2010 2062
f 2053 2062 2128
f 2053 2126 2128
f 2053 2010 2049
f 2053 2126 2049
f 2212 2209 2251
f 2212 2255 2251
f 2212 2255 2215
f 2246 2209 2247
f 2246 2209 2182
f 1965 2012 1964
f 1965 2012 2014
f 2071 2019 2022
f 2071 2075 2022
f 2071 2147 2149
f 2071 2075 2149
f 2210 2182 2171
f 2210 2171 2213
f 2210 2246 2182
f 2210 2246 2248
f 2210 2252 2213
f 2210 2248 2252
f 2369 2418 2488
f 2352 2463 2394
f 2352 2418 2463
f 2214 2277 2322
f 2214 2080 2059
f 2214 2080 2154
f 2228 2187 2292
f 2228 2187 2123
f 2340 2388 2277
f 2340 2228 2292
f 2340 2228 2277
f 2340 2472 2292
f 2340 2523 2472
f 2340 2388 2523
f 2285 2253 2329
f 2285 2352 2237
f 2285 2208 2253
f 2285 2208 2237
f 2285 2329 2394
f 2285 2352 2394
f 1864 1928 1845
f 1864 1928 1941
f 1905 1928 1982
f 1905 1958 1982
f 1905 1928 1845
f 1905 1841 1845
f 1903 1993 1956
f 1903 1993 1939
f 97 146 147
f 97 98 147
f 97 146 96
f 97 51 98
f 201 150 151
f 201 202 151
f 201 247 248
f 201 202 248
f 100 54 101
f 100 99 149
f 100 53 99
f 100 53 54
f 100 150 149
f 100 150 101
f 245 294 293
f 245 244 293
f 245 244 198
f 541 516 518
f 541 589 518
f 588 638 637
f 588 589 638
f 588 587 637
f 588 539 587
f 884 883 933
f 884 860 933
f 884 833 858
f 884 860 858
f 932 883 933
f 832 883 831
f 832 781 782
f 832 781 831
f 832 833 782
f 832 884 833
f 832 884 883
f 983 982 1036
f 983 932 984
f 983 932 931
f 983 931 930
f 983 982 930
f 882 931 881
f 882 830 831
f 882 830 881
f 882 883 831
f 882 932 883
f 882 932 931
f 1037 1038 1092
f 1037 1038 984
f 1037 983 1036
f 1037 983 984
f 985 1038 984
f 985 932 933
f 985 932 984
f 985 933 934
f 985 961 934
f 985 961 986
f 985 1038 986
f 1351 2396 1349
f 1351 2396 2428
f 1268 1207 1355
f 1268 1354 1355
f 1268 1207 1206
f 3021 3013 2930
f 3021 2936 2930
f 3021 2936 3024
f 3021 3013 3178
f 3021 3183 3024
f 3021 3183 3178
f 2708 2698 2738
f 2708 2722 2738
f 2708 2722 2701
f 2704 2696 2701
f 2704 2700 2696
f 2670 2700 2680
f 2670 2686 2700
f 2690 2686 2700
f 2690 2686 2701
f 2176 2129 2115
f 2176 2159 2115
f 2176 2159 2217
f 2176 2129 2193
f 2176 2217 2231
f 2176 2193 2231
f 2234 2238 2198
f 2234 2275 2283
f 2234 2238 2283
f 2364 2323 2317
f 2364 2380 2419
f 2364 2323 2380
f 2372 2330 2367
f 2372 2332 2330
f 1645 1648 1322
f 1645 1319 1322
f 1645 1319 1643
f 1792 1840 1796
f 1792 1840 1835
f 1940 1925 1992
f 1940 1955 1885
f 1940 1863 1885
f 1940 1925 1863
f 1940 1992 2005
f 1940 1955 2005
f 1894 1957 1904
f 1894 1947 1957
f 1894 1840 1904
f 1894 1947 1889
f 1894 1889 1835
f 1894 1840 1835
f 1997 1947 1944
f 1997 1944 1935
f 1997 1947 2006
f 1997 2057 2006
f 1997 2057 2042
f 2156 2205 2198
f 2156 2159 2205
f 2156 2148 2198
f 1255 1323 1322
f 1325 1650 1323
f 1325 1650 1653
f 1681 1650 1648
f 1681 1719 1726
f 1681 1684 1726
f 1681 1650 1684
f 1189 1129 1130
f 1189 1188 1249
f 2779 2768 2825
f 2779 2825 2831
f 2779 2792 2831
f 2779 2792 2712
f 2631 2666 2565
f 2631 2593 2530
f 2631 2565 2530
f 2631 2727 2593
f 2631 2727 2751
f 2631 2666 2751
f 2692 2639 2712
f 2692 2666 2768
f 2692 2779 2712
f 2692 2779 2768
f 2609 2666 2565
f 2609 2639 2536
f 2609 2692 2639
f 2609 2692 2666
f 2609 2504 2536
f 2609 2565 2504
f 2192 2165 2249
f 2192 2274 2249
f 2192 2274 2211
f 2192 2211 2134
f 2192 2165 2134
f 2561 2619 2714
f 2561 2387 2521
f 2363 2387 2521
f 2363 2274 2298
f 2363 2387 2298
f 2603 2710 2733
f 2603 2644 2733
f 2153 1999 2050
f 2153 2203 2050
f 1769 1788 1726
f 1769 1816 1757
f 1769 1833 1816
f 1769 1788 1833
f 1769 1719 1726
f 1769 1719 1757
f 1902 1842 1938
f 1902 1955 1991
f 1902 1938 1991
f 1902 1955 1885
f 1902 1833 1885
f 1902 1842 1833
f 2163 2199 2118
f 2163 2131 2207
f 2163 2236 2207
f 2163 2199 2236
f 2163 2131 2054
f 2163 2118 2054
f 2281 2199 2257
f 2281 2199 2305
f 2281 2305 2366
f 2281 2344 2257
f 2281 2344 2366
f 2416 2327 2392
f 2416 2438 2327
f 2416 2392 2564
f 2416 2564 2587
f 2416 2438 2587
f 1704 1711 1742
f 1704 1332 1678
f 1704 1742 1678
f 1704 1334 1332
f 1704 1334 1711
f 1340 1263 1341
f 1340 1263 1262
f 1340 1262 1338
f 1340 1338 1800
f 1340 1820 1800
f 1340 1820 1341
f 1202 1203 1264
f 1202 1263 1264
f 1202 1203 1142
f 1202 1141 1201
f 1202 1141 1142
f 1202 1262 1201
f 1202 1263 1262
f 2662 2758 2687
f 2662 2679 2758
f 2656 2716 2672
f 2656 2628 2660
f 2656 2702 2660
f 2656 2716 2702
f 2707 2700 2680
f 2707 2697 2680
f 2707 2700 2721
f 2707 2737 2721
f 2707 2697 2737
f 2658 2664 2680
f 2658 2670 2680
f 2658 2670 2652
f 2658 2664 2632
f 2658 2625 2632
f 2658 2625 2652
f 2614 2600 2632
f 2614 2568 2600
f 1015 1067 1068
f 1015 965 964
f 966 1015 1016
f 966 1015 965
f 1011 963 964
f 1128 1189 1188
f 1128 1189 1129
f 1128 1075 1074
f 1128 1075 1129
f 1073 1127 1072
f 1073 1128 1074
f 1073 1128 1127
f 1187 1248 1247
f 1187 1188 1249
f 1187 1248 1249
f 1187 1128 1188
f 1187 1128 1127
f 1071 1070 1016
f 1122 1181 1182
f 1122 1181 1121
f 1122 1067 1121
f 1122 1067 1068
f 1184 1246 1245
f 1184 1244 1245
f 976 975 1029
f 976 975 924
f 976 977 924
f 976 1029 1030
f 976 977 1030
f 1082 1083 1137
f 1082 1136 1137
f 1082 1083 1029
f 1082 1136 1135
f 1196 1195 1257
f 1196 1136 1195
f 1196 1197 1257
f 1196 1136 1197
f 1200 1140 1139
f 1200 1199 1139
f 1200 1199 1261
f 1200 1201 1261
f 1200 1141 1201
f 1200 1141 1140
f 1259 1258 1197
f 1259 1198 1197
f 1259 1258 1332
f 1259 1334 1332
f 1259 1334 1260
f 1259 1198 1260
f 875 874 924
f 875 876 924
f 875 876 824
f 875 824 823
f 875 874 823
f 925 977 924
f 925 876 924
f 925 977 978
f 1032 1033 1086
f 926 925 978
f 777 778 828
f 777 778 731
f 1031 978 1030
f 1031 1085 1030
f 1031 1032 978
f 1031 1085 1086
f 1031 1032 1086
f 2681 2665 2698
f 2681 2708 2701
f 2681 2708 2698
f 2681 2665 2659
f 2681 2671 2701
f 2681 2659 2671
f 2634 2626 2602
f 2634 2616 2602
f 2634 2626 2659
f 2634 2616 2643
f 2634 2665 2643
f 2634 2665 2659
f 2541 2569 2562
f 2541 2500 2562
f 2541 2500 2514
f 2541 2514 2517
f 2541 2569 2579
f 2585 2608 2629
f 2585 2623 2629
f 2585 2623 2579
f 2550 2520 2517
f 2550 2541 2517
f 2550 2541 2579
f 2550 2585 2579
f 2527 2490 2496
f 2527 2520 2490
f 2527 2545 2574
f 2527 2545 2496
f 2651 2671 2654
f 2651 2649 2654
f 2651 2649 2652
f 2651 2670 2652
f 2476 2461 2515
f 2476 2461 2432
f 2476 2443 2432
f 2386 2343 2348
f 2324 2284 2341
f 2395 2443 2432
f 2395 2386 2432
f 2395 2358 2348
f 2395 2386 2348
f 2365 2358 2319
f 2365 2324 2319
f 2200 2158 2149
f 2200 2235 2239
f 2307 2313 2265
f 2307 2343 2348
f 2307 2313 2348
f 2272 2313 2319
f 2272 2313 2265
f 2272 2224 2265
f 2186 2224 2180
f 2186 2144 2180
f 2186 2144 2147
f 2409 2452 2450
f 2409 2414 2452
f 2409 2414 2373
f 2409 2407 2450
f 2409 2407 2368
f 2409 2373 2368
f 2333 2331 2290
f 2333 2331 2373
f 2333 2373 2377
f 2333 2335 2377
f 2300 2335 2343
f 2300 2307 2343
f 2746 2689 2760
f 2746 2689 2729
f 2746 2794 2760
f 2746 2729 2794
f 2669 2729 2713
f 2669 2689 2729
f 2669 2576 2615
f 2669 2689 2615
f 2206 2262 2239
f 2206 2218 2262
f 2206 2200 2239
f 2206 2200 2158
f 2079 2120 2029
f 2079 2029 2008
f 2079 2151 2162
f 2079 2120 2162
f 2044 2120 2029
f 2044 1996 1982
f 2044 2029 1982
f 2044 2063 1996
f 2044 2135 2063
f 2044 2135 2120
f 2384 2338 2417
f 2384 2455 2417
f 2384 2455 2425
f 2222 2181 2162
f 2222 2194 2162
f 2222 2269 2194
f 2222 2181 2253
f 2222 2297 2253
f 2222 2269 2297
f 2232 2269 2194
f 2232 2218 2276
f 2232 2218 2177
f 2232 2194 2177
f 2355 2320 2390
f 2355 2320 2276
f 2355 2425 2390
f 2355 2384 2425
f 2437 2401 2468
f 2437 2506 2468
f 2437 2506 2473
f 2540 2506 2613
f 2540 2509 2576
f 2540 2506 2473
f 2540 2509 2473
f 2494 2476 2515
f 2494 2509 2457
f 2494 2443 2457
f 2494 2476 2443
f 2066 2144 2133
f 2066 2014 2015
f 2066 2133 2062
f 2066 2012 2062
f 2066 2012 2014
f 211 212 162
f 211 161 162
f 211 210 161
f 158 157 110
f 158 157 206
f 158 208 159
f 132 157 110
f 113 65 114
f 113 64 65
f 113 160 114
f 113 160 159
f 113 112 159
f 255 254 206
f 255 254 305
f 63 5 62
f 63 5 64
f 63 112 62
f 63 113 64
f 63 113 112
f 2 38 4
f 2 37 1
f 2 38 37
f 135 86 136
f 135 186 136
f 135 186 185
f 278 328 277
f 278 328 279
f 329 279 330
f 329 378 330
f 329 328 279
f 329 328 378
f 126 173 172
f 126 125 172
f 126 127 174
f 126 173 174
f 126 77 127
f 126 76 77
f 126 125 76
f 360 359 407
f 360 312 359
f 360 408 407
f 554 603 602
f 554 553 602
f 554 553 502
f 458 457 502
f 458 504 459
f 458 406 407
f 458 406 457
f 458 408 407
f 458 408 459
f 555 603 556
f 555 504 556
f 555 554 603
f 692 693 645
f 692 691 645
f 692 691 741
f 692 742 741
f 791 742 741
f 791 740 790
f 791 740 741
f 748 698 749
f 748 799 749
f 748 798 799
f 748 747 698
f 748 747 798
f 697 698 650
f 697 747 698
f 794 745 744
f 695 745 694
f 695 648 647
f 695 694 647
f 695 649 648
f 746 695 745
f 600 552 599
f 600 649 599
f 600 552 601
f 600 649 601
f 306 307 353
f 306 305 352
f 306 353 352
f 306 255 305
f 257 208 209
f 257 210 209
f 257 306 307
f 257 307 308
f 596 645 644
f 596 595 644
f 596 595 548
f 596 646 645
f 596 646 597
f 596 597 549
f 596 548 549
f 498 452 453
f 498 497 452
f 498 548 549
f 498 497 548
f 498 550 549
f 498 550 499
f 498 454 499
f 498 454 453
f 427 379 380
f 522 472 473
f 522 521 472
f 522 523 473
f 522 570 523
f 522 521 569
f 522 570 569
f 572 525 524
f 572 573 525
f 572 622 621
f 572 622 573
f 572 523 524
f 572 571 523
f 572 621 620
f 572 571 620
f 813 762 812
f 813 763 762
f 813 863 812
f 716 667 666
f 716 665 666
f 716 665 715
f 716 762 715
f 716 763 762
f 545 546 593
f 545 567 593
f 545 495 494
f 545 495 546
f 545 494 519
f 834 836 789
f 834 863 812
f 786 762 812
f 738 787 739
f 738 786 787
f 738 711 689
f 738 739 689
f 991 941 940
f 217 265 216
f 217 218 168
f 217 167 168
f 217 167 216
f 263 216 264
f 263 215 216
f 225 226 274
f 225 273 274
f 225 226 176
f 225 273 224
f 225 175 176
f 225 224 175
f 317 364 318
f 317 267 318
f 266 267 218
f 266 217 218
f 266 217 265
f 49 95 96
f 49 94 95
f 339 289 290
f 339 289 288
f 391 392 342
f 391 438 392
f 391 341 342
f 292 291 342
f 292 342 293
f 292 244 293
f 292 244 243
f 292 291 243
f 249 203 250
f 249 250 298
f 249 297 298
f 249 297 248
f 249 202 248
f 249 203 202
f 141 140 191
f 141 192 191
f 141 140 92
f 142 143 193
f 142 192 193
f 142 141 192
f 142 94 93
f 142 94 143
f 142 92 93
f 142 141 92
f 144 194 143
f 144 145 95
f 144 194 195
f 144 145 195
f 144 94 95
f 144 94 143
f 477 476 525
f 477 526 525
f 236 235 190
f 236 190 191
f 236 237 191
f 236 237 285
f 332 282 331
f 332 331 380
f 332 381 380
f 332 381 382
f 326 303 304
f 326 350 351
f 326 304 351
f 326 327 350
f 326 303 327
f 300 303 304
f 300 254 304
f 300 254 253
f 300 253 277
f 300 303 277
f 542 520 519
f 542 545 519
f 568 520 569
f 568 617 569
f 568 542 520
f 568 617 615
f 568 567 615
f 426 425 474
f 426 427 379
f 426 378 379
f 426 425 378
f 624 672 623
f 527 477 526
f 576 624 575
f 576 527 575
f 574 624 623
f 574 624 575
f 574 527 526
f 574 527 575
f 574 622 623
f 574 622 573
f 574 573 525
f 574 526 525
f 920 870 871
f 920 872 871
f 920 921 872
f 1026 1080 1025
f 1026 1080 1027
f 626 577 627
f 626 576 577
f 724 723 771
f 724 674 723
f 773 822 823
f 773 824 823
f 922 921 974
f 922 975 923
f 922 975 974
f 448 422 449
f 448 493 449
f 448 422 423
f 471 493 520
f 471 472 423
f 471 520 472
f 471 448 423
f 471 448 493
f 2906 2977 2979
f 2906 2898 2977
f 2906 2983 2979
f 2906 2983 2912
f 2906 2898 2830
f 2803 2785 2617
f 2803 2785 2812
f 2803 2886 2812
f 2803 2819 2886
f 2204 2328 2155
f 2204 2242 2138
f 2204 2058 2138
f 2204 2058 2155
f 2280 2168 2230
f 2280 2168 2328
f 2537 2495 2362
f 2537 2573 2495
f 2537 2750 2573
f 2462 2280 2328
f 2427 2606 2472
f 2427 2472 2292
f 2427 2242 2292
f 2788 2861 2876
f 2788 2805 2876
f 2788 2805 2717
f 2653 2529 2693
f 2653 2601 2617
f 2653 2601 2485
f 2653 2529 2485
f 2653 2803 2617
f 2653 2819 2693
f 2653 2803 2819
f 2464 2529 2485
f 2464 2485 1352
f 2464 2351 1352
f 2464 2351 2399
f 2464 2529 2399
f 2775 2795 2588
f 2775 2537 2750
f 2775 2537 2588
f 2775 2853 2750
f 2775 2853 2868
f 2775 2795 2868
f 1667 1685 1652
f 1786 1718 1743
f 1786 1743 1804
f 1786 1830 1756
f 1786 1718 1756
f 1786 1856 1804
f 1786 1830 1856
f 1779 1739 1781
f 1779 1824 1781
f 1948 1958 2008
f 1948 1998 2008
f 1969 2014 2015
f 1969 1965 1913
f 1969 1965 2014
f 1971 2019 2015
f 1971 1969 2015
f 1980 2030 2022
f 1001 952 1002
f 1001 1053 1002
f 1333 1331 1695
f 1333 1721 1335
f 1333 1695 1721
f 847 848 800
f 847 900 848
f 1729 1772 1720
f 1828 1824 1781
f 1828 1873 1883
f 1828 1873 1824
f 1793 1797 1752
f 1793 1797 1841
f 1713 1754 1752
f 1713 1710 1752
f 1758 1772 1818
f 1758 1772 1720
f 1682 1680 1720
f 1682 1729 1720
f 1682 1651 1685
f 1682 1729 1685
f 1717 1680 1720
f 1717 1758 1720
f 1717 1758 1754
f 1717 1713 1754
f 1717 1680 1677
f 1717 1713 1677
f 1670 1710 1706
f 1673 1670 1710
f 1673 1713 1677
f 1673 1713 1710
f 1749 1710 1706
f 1749 1710 1752
f 1749 1793 1752
f 1749 1793 1789
f 1644 1646 1677
f 1644 1673 1677
f 704 753 703
f 704 656 703
f 704 657 656
f 704 705 657
f 704 705 755
f 754 805 755
f 754 804 805
f 754 704 755
f 754 704 753
f 754 803 753
f 754 804 803
f 706 707 757
f 706 756 757
f 706 707 659
f 706 756 705
f 706 659 658
f 706 705 658
f 466 467 415
f 466 511 465
f 466 415 465
f 466 512 511
f 466 467 512
f 887 885 888
f 887 863 912
f 962 939 989
f 962 1011 963
f 962 963 936
f 1209 1208 1178
f 1209 1273 1208
f 1095 1150 1094
f 1311 1313 1634
f 1311 1313 1281
f 1311 1631 1634
f 1668 1670 1706
f 1668 1670 1636
f 1668 1636 1634
f 1668 1665 1634
f 1621 1620 1276
f 1617 1620 1302
f 1617 1302 1300
f 1662 1629 1628
f 1662 1628 1625
f 1662 1629 1631
f 1662 1665 1631
f 1275 1302 1300
f 1275 1211 1300
f 1275 1302 1276
f 1044 991 1043
f 1044 991 992
f 1044 993 992
f 942 891 892
f 942 941 891
f 942 892 893
f 942 991 941
f 942 991 992
f 942 993 992
f 1607 1273 1294
f 1607 1273 1297
f 1234 1178 1179
f 1234 1238 1179
f 1234 1208 1178
f 1234 1208 1272
f 1234 1238 1272
f 1295 1238 1294
f 1295 1238 1241
f 1295 1241 1296
f 1295 1605 1294
f 1831 1889 1835
f 1831 1882 1889
f 1831 1882 1827
f 1812 1814 1770
f 1812 1810 1857
f 1812 1857 1859
f 1812 1814 1859
f 1812 1770 1767
f 1812 1810 1767
f 1773 1732 1770
f 1773 1814 1770
f 1624 1307 1305
f 1624 1626 1307
f 1624 1622 1305
f 1624 1696 1622
f 1250 1308 1249
f 1250 1189 1249
f 1250 1189 1251
f 1933 1961 1959
f 1933 1961 1908
f 1962 1909 1964
f 1962 2012 1964
f 1962 2012 2010
f 1962 2010 1960
f 1962 1960 1959
f 1962 1933 1959
f 1962 1933 1909
f 1849 1809 1846
f 1761 1725 1764
f 1970 1914 1968
f 1854 1914 1857
f 1854 1810 1857
f 1854 1807 1852
f 1854 1810 1807
f 1733 1768 1692
f 1808 1766 1764
f 1689 1687 1727
f 1689 1691 1656
f 1689 1730 1727
f 1689 1691 1730
f 1654 1656 1609
f 1654 1687 1686
f 1654 1689 1656
f 1654 1689 1687
f 1657 1612 1692
f 1728 1725 1766
f 1728 1688 1725
f 1728 1768 1692
f 1728 1768 1766
f 2174 2215 2219
f 2174 2132 2127
f 1876 1882 1827
f 1876 1882 1935
f 1823 1821 1778
f 1823 1872 1821
f 1823 1876 1827
f 1823 1876 1872
f 2170 2212 2209
f 2170 2169 2125
f 2170 2209 2182
f 2170 2169 2182
f 2267 2286 2247
f 2267 2246 2247
f 2267 2286 2288
f 2267 2248 2288
f 2267 2246 2248
f 2436 2388 2322
f 2436 2369 2322
f 2436 2369 2488
f 2436 2388 2563
f 2436 2621 2488
f 2436 2621 2563
f 2309 2369 2418
f 2309 2352 2418
f 2309 2237 2202
f 2309 2352 2237
f 2167 2123 2059
f 2167 2214 2059
f 2167 2228 2123
f 2167 2214 2277
f 2167 2228 2277
f 1886 1864 1941
f 1886 1903 1834
f 1886 1834 1818
f 1886 1864 1818
f 1886 1941 1956
f 1886 1903 1956
f 1843 1939 1884
f 1843 1903 1939
f 1843 1903 1834
f 200 201 247
f 200 201 150
f 200 150 149
f 492 516 445
f 492 541 516
f 540 541 589
f 540 588 589
f 540 539 490
f 540 588 539
f 1091 1147 1092
f 1091 1037 1092
f 1091 1090 1145
f 1091 1090 1036
f 1091 1037 1036
f 1205 1206 1145
f 1205 1351 1206
f 1205 1204 1348
f 1205 1204 1144
f 1205 1145 1144
f 1267 2544 2428
f 1267 1351 2428
f 1267 1354 2544
f 1267 1351 1206
f 1267 1268 1206
f 1267 1268 1354
f 2705 2722 2701
f 2705 2704 2701
f 2705 2718 2722
f 2705 2718 2721
f 2705 2700 2721
f 2705 2704 2700
f 2676 2686 2671
f 2676 2670 2686
f 2676 2651 2671
f 2676 2651 2670
f 2695 2696 2701
f 2695 2690 2701
f 2695 2700 2696
f 2695 2690 2700
f 2299 2255 2293
f 2458 2512 2493
f 2458 2475 2512
f 2142 2184 2146
f 2403 2364 2419
f 2403 2454 2419
f 2403 2442 2454
f 2408 2372 2367
f 1675 1645 1643
f 1987 2035 2042
f 1987 1997 2042
f 1987 1997 1935
f 1978 2028 2020
f 1978 1972 2020
f 1978 1921 1972
f 2113 2028 2035
f 2113 2035 2115
f 2113 2159 2115
f 2113 2156 2159
f 1254 1319 1322
f 1254 1255 1322
f 1194 1195 1135
f 1194 1254 1255
f 1326 1325 1653
f 1326 1653 1658
f 1326 1327 1658
f 1326 1327 1257
f 1256 1255 1323
f 1256 1325 1323
f 1256 1194 1195
f 1256 1194 1255
f 1256 1326 1325
f 1256 1195 1257
f 1256 1326 1257
f 1679 1681 1719
f 1679 1675 1645
f 1679 1645 1648
f 1679 1681 1648
f 1312 1252 1251
f 1190 1189 1130
f 1190 1189 1251
f 919 870 918
f 919 920 870
f 1078 1131 1077
f 1078 1023 1077
f 1078 1023 1024
f 2683 2644 2521
f 2683 2561 2521
f 2683 2561 2714
f 2683 2644 2764
f 2683 2786 2714
f 2683 2764 2786
f 2434 2619 2456
f 2434 2561 2619
f 2434 2366 2456
f 2434 2344 2366
f 2337 2249 2316
f 2337 2363 2521
f 2337 2274 2249
f 2337 2363 2274
f 2551 2710 2674
f 2551 2603 2710
f 2470 2644 2521
f 2470 2603 2644
f 2470 2291 2316
f 2470 2337 2316
f 2470 2337 2521
f 2077 2153 1999
f 2077 1949 2021
f 2077 1999 1949
f 2611 2687 2667
f 2611 2571 2667
f 2611 2542 2572
f 2611 2542 2571
f 2610 2543 2570
f 2610 2543 2572
f 2630 2679 2660
f 2630 2662 2679
f 2630 2610 2662
f 2630 2610 2570
f 2642 2664 2672
f 2642 2656 2672
f 2642 2664 2632
f 2642 2614 2632
f 2605 2583 2628
f 2605 2630 2570
f 2605 2628 2660
f 2605 2630 2660
f 2553 2605 2570
f 2553 2605 2583
f 2553 2519 2549
f 2553 2583 2549
f 2578 2583 2549
f 2578 2614 2568
f 1014 1015 964
f 1014 1015 1067
f 1014 1011 964
f 1014 1011 1013
f 1014 1066 1013
f 1014 1066 1067
f 1065 1095 1094
f 1065 1040 1013
f 1065 1066 1013
f 1093 1150 1094
f 1093 1150 1120
f 1093 1065 1094
f 1093 1065 1066
f 1093 1120 1121
f 1093 1067 1121
f 1093 1066 1067
f 1069 1122 1068
f 1069 1015 1068
f 1069 1070 1016
f 1069 1015 1016
f 1185 1184 1246
f 1028 975 1027
f 1028 1082 1027
f 1028 975 1029
f 1028 1082 1029
f 1081 1082 1027
f 1081 1082 1135
f 1081 1080 1027
f 1081 1080 1135
f 825 876 824
f 825 775 826
f 979 1032 978
f 979 926 978
f 979 926 927
f 979 927 928
f 979 1032 1033
f 878 879 928
f 878 927 928
f 877 825 826
f 877 825 876
f 877 878 826
f 877 925 876
f 877 926 925
f 877 926 927
f 877 878 927
f 535 487 486
f 535 583 534
f 584 585 634
f 584 535 583
f 728 727 775
f 631 679 632
f 776 777 826
f 776 775 826
f 776 728 775
f 680 679 632
f 2555 2608 2574
f 2555 2585 2608
f 2555 2527 2574
f 2555 2550 2585
f 2555 2550 2520
f 2555 2527 2520
f 2405 2345 2367
f 2405 2426 2407
f 2405 2368 2345
f 2405 2407 2368
f 2480 2500 2514
f 2480 2517 2483
f 2480 2514 2517
f 2539 2500 2562
f 2539 2513 2500
f 2539 2568 2562
f 2539 2578 2549
f 2539 2578 2568
f 2479 2513 2500
f 2423 2461 2432
f 2423 2386 2432
f 2423 2414 2461
f 2420 2473 2457
f 2420 2437 2473
f 2404 2395 2358
f 2404 2365 2358
f 2404 2395 2443
f 2404 2420 2365
f 2404 2443 2457
f 2404 2420 2457
f 2383 2324 2341
f 2383 2365 2324
f 2383 2420 2365
f 2383 2401 2341
f 2383 2437 2401
f 2383 2420 2437
f 2278 2272 2319
f 2278 2235 2284
f 2278 2324 2319
f 2278 2324 2284
f 2191 2147 2149
f 2191 2186 2147
f 2191 2200 2149
f 2191 2200 2235
f 2261 2220 2216
f 2261 2220 2265
f 2261 2307 2265
f 2261 2300 2307
f 2294 2333 2335
f 2294 2300 2335
f 2294 2252 2290
f 2294 2333 2290
f 2641 2694 2613
f 2641 2669 2576
f 2641 2713 2694
f 2641 2669 2713
f 2641 2540 2576
f 2641 2540 2613
f 2160 2206 2158
f 2160 2158 2114
f 2160 2117 2114
f 2160 2117 2177
f 2160 2218 2177
f 2160 2206 2218
f 2061 2130 2151
f 2061 2079 2151
f 2061 2079 2008
f 2061 2130 2045
f 2061 1998 2008
f 2061 1998 2045
f 2312 2355 2276
f 2312 2232 2276
f 2312 2232 2269
f 2312 2269 2338
f 2312 2384 2338
f 2312 2355 2384
f 2546 2494 2509
f 2546 2509 2576
f 2546 2515 2575
f 2546 2494 2515
f 2546 2576 2615
f 2546 2575 2615
f 2069 2066 2015
f 2069 2066 2144
f 2069 2019 2015
f 2069 2071 2019
f 2069 2144 2147
f 2069 2071 2147
f 259 211 212
f 259 211 210
f 111 112 159
f 111 158 159
f 111 158 110
f 111 62 110
f 111 112 62
f 109 106 84
f 109 106 110
f 109 132 110
f 207 255 206
f 207 255 208
f 207 158 206
f 207 158 208
f 361 362 315
f 361 360 408
f 361 408 409
f 361 362 409
f 503 458 504
f 503 555 504
f 503 555 554
f 503 554 502
f 503 458 502
f 839 891 892
f 743 694 744
f 743 694 693
f 743 794 744
f 743 794 793
f 743 793 742
f 743 692 693
f 743 692 742
f 840 841 893
f 840 839 793
f 840 794 841
f 840 794 793
f 840 892 893
f 840 839 892
f 846 798 799
f 846 847 900
f 846 799 800
f 846 847 800
f 797 747 798
f 797 844 843
f 797 746 747
f 897 844 898
f 896 842 843
f 896 844 843
f 896 897 844
f 795 794 745
f 795 842 843
f 795 794 841
f 795 842 841
f 795 746 745
f 696 697 747
f 696 746 747
f 696 649 650
f 696 697 650
f 696 695 649
f 696 746 695
f 256 255 208
f 256 257 208
f 256 306 255
f 256 257 306
f 428 381 380
f 428 427 380
f 428 477 476
f 428 381 382
f 475 525 524
f 475 476 525
f 475 428 476
f 475 428 427
f 475 523 524
f 475 474 523
f 475 426 474
f 475 426 427
f 721 722 672
f 721 722 769
f 819 818 870
f 819 820 769
f 819 870 820
f 913 966 914
f 913 966 965
f 913 863 912
f 913 912 964
f 913 965 964
f 835 836 861
f 835 834 861
f 835 834 836
f 811 786 787
f 811 787 789
f 811 834 789
f 811 834 812
f 811 786 812
f 737 714 711
f 737 738 711
f 737 738 786
f 737 786 762
f 737 762 715
f 737 714 715
f 990 991 940
f 990 989 940
f 313 360 312
f 313 263 312
f 313 361 360
f 262 261 213
f 262 312 261
f 262 263 312
f 316 317 267
f 316 266 267
f 316 364 363
f 316 317 364
f 316 315 363
f 316 265 315
f 316 266 265
f 20 49 18
f 48 47 18
f 48 49 18
f 48 94 47
f 48 49 94
f 578 577 627
f 578 628 627
f 437 438 486
f 389 339 388
f 389 436 388
f 431 383 384
f 333 383 382
f 333 332 382
f 333 282 283
f 333 332 282
f 284 236 285
f 284 235 283
f 284 236 235
f 286 336 285
f 286 336 287
f 286 238 285
f 286 238 287
f 338 287 288
f 338 339 288
f 338 339 388
f 544 568 567
f 544 568 542
f 544 545 567
f 544 542 545
f 478 527 479
f 478 527 477
f 478 431 479
f 528 527 479
f 528 576 527
f 528 576 577
f 972 1026 1025
f 625 626 576
f 625 576 624
f 625 674 673
f 625 626 674
f 625 673 672
f 625 624 672
f 725 724 771
f 725 773 726
f 873 822 872
f 873 921 872
f 873 922 921
f 873 874 823
f 873 822 823
f 873 874 923
f 873 922 923
f 2841 2853 2912
f 2841 2906 2912
f 2841 2906 2830
f 2841 2853 2750
f 2841 2830 2724
f 2841 2750 2724
f 2412 2537 2588
f 2412 2462 2588
f 2412 2537 2362
f 2412 2462 2280
f 2412 2362 2230
f 2412 2280 2230
f 2638 2462 2588
f 2638 2795 2588
f 2638 2675 2814
f 2638 2795 2814
f 2552 2427 2606
f 2848 2910 2861
f 2848 2835 2910
f 2734 2848 2835
f 1984 2036 1988
f 1984 2036 2030
f 1984 1980 2030
f 1936 1873 1883
f 1936 1998 1988
f 1822 1776 1819
f 1822 1779 1776
f 1822 1873 1824
f 1822 1779 1824
f 1897 1905 1958
f 1897 1948 1958
f 1897 1905 1841
f 1974 1971 2019
f 1974 1980 1922
f 1974 2019 2022
f 1974 1980 2022
f 951 1001 950
f 951 900 901
f 951 900 950
f 951 952 901
f 951 1001 952
f 1052 1053 1108
f 1168 1109 1108
f 1168 1109 1110
f 1330 1674 1683
f 1330 1331 1683
f 1225 1224 1331
f 1225 1290 1226
f 1166 1107 1108
f 1221 1220 1321
f 1221 1166 1165
f 1221 1166 1222
f 1708 1667 1685
f 1708 1718 1756
f 1708 1718 1674
f 1799 1830 1756
f 1799 1830 1884
f 1799 1843 1884
f 1790 1772 1834
f 1790 1729 1772
f 1790 1843 1834
f 1790 1799 1843
f 1832 1828 1883
f 1802 1758 1818
f 1802 1864 1818
f 1802 1864 1845
f 1802 1797 1845
f 1802 1754 1797
f 1802 1758 1754
f 1649 1682 1651
f 1649 1651 1324
f 1649 1680 1647
f 1649 1682 1680
f 1638 1636 1314
f 1638 1670 1636
f 1638 1673 1639
f 1638 1673 1670
f 1745 1749 1789
f 1745 1749 1706
f 1320 1644 1318
f 1320 1646 1321
f 1320 1644 1646
f 1641 1318 1639
f 1641 1644 1318
f 1641 1673 1639
f 1641 1644 1673
f 911 888 936
f 911 887 888
f 911 912 936
f 911 887 912
f 862 887 863
f 862 887 885
f 862 885 861
f 862 834 861
f 862 834 863
f 988 962 989
f 988 962 1011
f 988 1040 1013
f 988 1011 1013
f 938 939 936
f 938 962 936
f 938 962 939
f 1152 1150 1178
f 1210 1209 1154
f 1210 1211 1300
f 1210 1209 1273
f 1041 988 989
f 1041 988 1040
f 1041 1065 1040
f 1041 1065 1095
f 1153 1209 1154
f 1153 1096 1154
f 1153 1095 1096
f 1153 1209 1178
f 1153 1152 1178
f 1153 1095 1150
f 1153 1152 1150
f 1309 1629 1631
f 1217 1313 1281
f 1219 1220 1318
f 1703 1668 1706
f 1703 1745 1706
f 1703 1745 1741
f 1703 1668 1665
f 1616 1612 1300
f 1616 1617 1300
f 1616 1612 1692
f 1616 1617 1692
f 1701 1662 1665
f 1701 1703 1665
f 1701 1741 1739
f 1701 1703 1741
f 1155 1210 1154
f 1155 1210 1211
f 1155 1096 1154
f 1155 1097 1096
f 1098 1097 1043
f 1098 1044 1043
f 1098 1044 1099
f 1098 1158 1099
f 1098 1158 1157
f 943 942 893
f 943 942 993
f 1304 1621 1276
f 1640 1654 1686
f 1640 1654 1605
f 1787 1792 1835
f 1787 1831 1835
f 1734 1773 1732
f 1734 1732 1693
f 1734 1696 1693
f 1817 1821 1865
f 1817 1861 1865
f 1817 1861 1814
f 1817 1773 1814
f 1661 1696 1698
f 1661 1624 1696
f 1661 1624 1626
f 1847 1933 1909
f 1847 1849 1846
f 1847 1849 1909
f 1847 1933 1908
f 1847 1848 1908
f 1847 1848 1846
f 1806 1849 1809
f 1806 1808 1764
f 1714 1761 1724
f 1714 1687 1686
f 1714 1687 1724
f 1714 1761 1725
f 1714 1688 1686
f 1714 1688 1725
f 1763 1761 1724
f 1763 1724 1765
f 1763 1807 1765
f 1763 1807 1805
f 2065 2142 2132
f 2065 2060 2011
f 2065 2132 2060
f 1917 1921 1972
f 1917 1970 1972
f 1917 1921 1859
f 1917 1970 1914
f 1917 1857 1859
f 1917 1914 1857
f 1912 1852 1910
f 1912 1854 1852
f 1912 1854 1914
f 1912 1914 1968
f 1912 1963 1910
f 1912 1963 1968
f 1774 1776 1819
f 1694 1733 1692
f 1911 1965 1913
f 1911 1965 1964
f 1911 1909 1964
f 1911 1849 1909
f 1606 1295 1605
f 1606 1654 1605
f 1606 1295 1296
f 1606 1296 1609
f 1606 1654 1609
f 1608 1607 1297
f 1608 1298 1297
f 1610 1298 1612
f 1610 1657 1612
f 1610 1608 1298
f 1610 1608 1657
f 1690 1728 1688
f 1690 1657 1692
f 1690 1728 1692
f 2172 2212 2215
f 2172 2174 2215
f 2172 2174 2127
f 2172 2170 2212
f 2172 2127 2125
f 2172 2170 2125
f 2258 2369 2322
f 2258 2309 2369
f 2258 2214 2322
f 2258 2309 2202
f 2258 2202 2154
f 2258 2214 2154
f 246 245 294
f 246 200 247
f 246 247 295
f 246 294 295
f 199 200 149
f 199 245 198
f 199 246 245
f 199 246 200
f 199 148 149
f 199 148 198
f 444 445 421
f 444 492 445
f 444 396 443
f 444 492 443
f 491 492 443
f 491 540 490
f 491 492 541
f 491 540 541
f 491 442 443
f 491 442 490
f 1146 1206 1147
f 1146 1091 1147
f 1146 1206 1145
f 1146 1091 1145
f 1266 1351 1349
f 1266 1205 1351
f 1266 1348 1349
f 1266 1205 1348
f 2259 2299 2255
f 2259 2215 2219
f 2259 2255 2215
f 2334 2332 2293
f 2334 2299 2293
f 2413 2408 2372
f 2225 2184 2223
f 2225 2234 2275
f 2070 2146 2148
f 2179 2174 2132
f 2179 2142 2132
f 2179 2174 2219
f 2179 2142 2184
f 2179 2223 2219
f 2179 2184 2223
f 2393 2403 2442
f 2406 2408 2367
f 2406 2405 2367
f 2406 2405 2426
f 1751 1792 1796
f 1929 1876 1872
f 1929 1872 1865
f 1929 1876 1935
f 1929 1987 1935
f 1926 1978 1921
f 1926 1861 1865
f 1926 1921 1861
f 1926 1929 1865
f 2074 2113 2028
f 2074 2070 2148
f 2074 2156 2148
f 2074 2113 2156
f 2074 2028 2020
f 2074 2070 2020
f 1134 1080 1135
f 1134 1194 1135
f 1315 1312 1252
f 1633 1664 1666
f 1633 1315 1312
f 1310 1250 1251
f 1310 1312 1251
f 1310 1250 1308
f 1253 1254 1192
f 1253 1254 1319
f 1253 1317 1319
f 917 867 916
f 1076 1131 1130
f 1076 1131 1077
f 1076 1022 1075
f 1076 1023 1077
f 1076 1023 1022
f 1076 1129 1130
f 1076 1075 1129
f 1020 1075 1074
f 1020 1073 1074
f 1191 1131 1192
f 1191 1252 1251
f 1191 1190 1251
f 1191 1131 1130
f 1191 1190 1130
f 1191 1253 1192
f 1191 1253 1252
f 971 1023 1024
f 971 919 918
f 971 1024 1025
f 971 972 1025
f 971 919 920
f 971 972 920
f 2411 2561 2387
f 2411 2434 2561
f 2411 2321 2387
f 2411 2321 2344
f 2411 2434 2344
f 2505 2635 2674
f 2505 2551 2674
f 2166 2077 2021
f 2166 2077 2153
f 2637 2662 2687
f 2637 2611 2687
f 2637 2610 2662
f 2637 2611 2572
f 2637 2610 2572
f 2622 2583 2628
f 2622 2656 2628
f 2622 2642 2656
f 2622 2642 2614
f 2622 2578 2614
f 2622 2578 2583
f 2526 2543 2493
f 2526 2553 2519
f 2526 2543 2570
f 2526 2553 2570
f 1123 1069 1122
f 1123 1122 1182
f 1123 1069 1070
f 1186 1246 1247
f 1186 1185 1246
f 1186 1187 1247
f 1186 1127 1126
f 1186 1187 1127
f 1125 1072 1126
f 1125 1071 1072
f 1125 1186 1126
f 1125 1186 1185
f 1125 1185 1184
f 774 727 775
f 774 825 824
f 774 825 775
f 774 773 824
f 774 773 726
f 774 727 726
f 980 979 928
f 980 979 1033
f 980 928 981
f 980 981 1034
f 980 1033 1034
f 827 777 826
f 827 878 826
f 827 777 828
f 827 879 828
f 827 878 879
f 536 537 585
f 536 584 585
f 536 487 537
f 536 535 487
f 536 584 535
f 633 583 632
f 633 584 583
f 633 584 634
f 633 682 634
f 582 583 534
f 582 583 632
f 582 631 632
f 729 776 777
f 729 776 728
f 729 679 678
f 729 728 678
f 2445 2426 2407
f 2445 2407 2450
f 2445 2483 2450
f 2445 2480 2483
f 2516 2539 2549
f 2516 2539 2513
f 2516 2519 2549
f 2516 2519 2481
f 2516 2479 2481
f 2516 2479 2513
f 2474 2479 2500
f 2474 2480 2500
f 2474 2445 2426
f 2474 2445 2480
f 2381 2414 2377
f 2381 2423 2414
f 2381 2423 2386
f 2381 2386 2343
f 2381 2335 2377
f 2381 2335 2343
f 2226 2191 2235
f 2226 2278 2235
f 2226 2278 2272
f 2226 2272 2224
f 2226 2186 2224
f 2226 2191 2186
f 2256 2261 2300
f 2256 2294 2300
f 2256 2261 2216
f 2256 2294 2252
f 2256 2213 2216
f 2256 2252 2213
f 260 259 212
f 260 212 213
f 260 261 213
f 260 310 261
f 260 259 310
f 309 259 310
f 309 259 308
f 309 310 356
f 309 308 356
f 258 257 210
f 258 259 210
f 258 257 308
f 258 259 308
f 133 85 84
f 133 109 84
f 133 109 132
f 230 231 279
f 230 278 279
f 230 278 277
f 228 254 206
f 228 254 253
f 838 839 891
f 838 890 891
f 838 890 837
f 838 837 790
f 838 791 790
f 792 791 742
f 792 793 742
f 792 839 793
f 792 838 791
f 792 838 839
f 845 846 798
f 845 846 898
f 845 844 898
f 845 797 798
f 845 797 844
f 899 846 898
f 899 846 900
f 899 900 950
f 895 842 841
f 895 896 842
f 895 945 896
f 796 795 843
f 796 795 746
f 796 797 843
f 796 797 746
f 429 428 382
f 429 428 477
f 671 622 623
f 671 672 623
f 671 721 672
f 768 721 769
f 768 819 769
f 768 819 818
f 768 818 767
f 768 721 767
f 720 719 767
f 720 721 767
f 720 671 721
f 717 716 667
f 1018 1073 1072
f 1018 1071 1072
f 815 816 867
f 915 867 916
f 915 967 916
f 915 966 914
f 915 967 966
f 864 813 863
f 864 913 863
f 314 263 264
f 314 313 263
f 314 313 361
f 314 361 315
f 314 265 264
f 314 265 315
f 214 263 215
f 214 262 263
f 214 262 213
f 214 165 213
f 214 215 165
f 50 20 22
f 50 51 22
f 50 20 49
f 50 49 96
f 50 97 96
f 50 97 51
f 676 727 726
f 630 679 678
f 630 631 679
f 630 582 631
f 630 582 581
f 533 582 534
f 533 582 581
f 533 581 532
f 485 437 436
f 485 437 486
f 485 535 486
f 485 535 534
f 340 341 290
f 340 339 290
f 340 389 339
f 390 437 436
f 390 389 436
f 390 391 341
f 390 340 341
f 390 340 389
f 390 391 438
f 390 437 438
f 432 431 479
f 335 284 285
f 335 336 285
f 335 383 384
f 334 333 283
f 334 284 283
f 334 333 383
f 334 335 383
f 334 335 284
f 430 431 383
f 430 478 431
f 430 383 382
f 430 429 382
f 430 478 477
f 430 429 477
f 973 920 921
f 973 972 920
f 973 972 1026
f 973 921 974
f 973 974 1027
f 973 1026 1027
f 772 773 822
f 772 725 773
f 772 822 771
f 772 725 771
f 2507 2462 2328
f 2507 2638 2462
f 2507 2638 2675
f 2507 2552 2675
f 2711 2734 2606
f 2711 2552 2675
f 2711 2552 2606
f 2711 2675 2824
f 2711 2824 2835
f 2711 2734 2835
f 2645 2734 2606
f 2645 2523 2472
f 2645 2606 2472
f 1930 1936 1873
f 1930 1984 1988
f 1930 1936 1988
f 1927 1862 1922
f 1927 1980 1922
f 1927 1984 1980
f 1927 1930 1984
f 1890 1897 1948
f 1890 1832 1883
f 1915 1969 1913
f 1915 1855 1913
f 1915 1855 1858
f 1915 1971 1969
f 1860 1862 1922
f 1000 1001 1053
f 1000 1052 1053
f 1000 1001 950
f 1000 999 950
f 1000 1052 999
f 1051 1052 999
f 1051 1050 1107
f 1051 1050 999
f 1051 1107 1108
f 1051 1052 1108
f 1288 1224 1331
f 1288 1330 1331
f 1671 1708 1674
f 1671 1708 1667
f 1289 1333 1331
f 1289 1225 1331
f 1289 1333 1335
f 1289 1290 1335
f 1289 1225 1290
f 1169 1168 1110
f 1169 1170 1110
f 1169 1168 1224
f 1169 1225 1224
f 1169 1170 1226
f 1169 1225 1226
f 1285 1221 1321
f 1285 1649 1324
f 1285 1647 1321
f 1285 1649 1647
f 1748 1790 1729
f 1748 1729 1685
f 1748 1708 1685
f 1748 1708 1756
f 1748 1799 1756
f 1748 1790 1799
f 1785 1741 1781
f 1785 1745 1741
f 1785 1828 1781
f 1785 1745 1789
f 1785 1832 1789
f 1785 1832 1828
f 1284 1220 1321
f 1284 1320 1321
f 1284 1220 1318
f 1284 1320 1318
f 1274 1298 1297
f 1274 1273 1297
f 1274 1210 1273
f 1274 1298 1300
f 1274 1210 1300
f 1042 1095 1096
f 1042 1041 1095
f 1042 990 989
f 1042 1041 989
f 1042 1097 1043
f 1042 1097 1096
f 1042 991 1043
f 1042 990 991
f 1280 1311 1631
f 1280 1309 1631
f 1280 1311 1281
f 1283 1219 1318
f 1283 1638 1314
f 1283 1318 1639
f 1283 1638 1639
f 1218 1283 1219
f 1218 1217 1313
f 1156 1098 1157
f 1156 1155 1097
f 1156 1098 1097
f 1278 1628 1625
f 1278 1306 1625
f 1214 1158 1215
f 1214 1213 1157
f 1214 1158 1157
f 1655 1688 1686
f 1655 1640 1686
f 1655 1640 1607
f 1655 1608 1607
f 1655 1608 1657
f 1655 1690 1688
f 1655 1690 1657
f 1614 1605 1294
f 1614 1640 1605
f 1614 1640 1607
f 1775 1734 1773
f 1775 1817 1773
f 1775 1821 1778
f 1775 1817 1821
f 1663 1661 1698
f 1762 1806 1809
f 1762 1809 1805
f 1762 1761 1764
f 1762 1806 1764
f 1762 1763 1805
f 1762 1763 1761
f 2013 1970 1968
f 2013 2065 2011
f 2013 1963 2011
f 2013 1963 1968
f 1771 1733 1768
f 1771 1774 1733
f 1660 1662 1625
f 1735 1774 1733
f 1735 1694 1733
f 1735 1774 1776
f 1780 1823 1827
f 1780 1823 1778
f 1738 1780 1778
f 1738 1780 1740
f 397 374 421
f 397 444 421
f 397 348 374
f 397 444 396
f 397 348 347
f 397 396 347
f 2376 2372 2332
f 2376 2334 2332
f 2376 2413 2372
f 2376 2334 2379
f 2376 2413 2379
f 2271 2275 2317
f 2271 2311 2317
f 2271 2225 2275
f 2271 2225 2223
f 2306 2259 2299
f 2451 2458 2493
f 2451 2413 2458
f 2451 2413 2408
f 2190 2225 2184
f 2190 2146 2148
f 2190 2184 2146
f 2190 2148 2198
f 2190 2234 2198
f 2190 2225 2234
f 2430 2393 2442
f 2430 2475 2442
f 2430 2458 2475
f 2342 2334 2379
f 2342 2334 2299
f 2342 2306 2299
f 2357 2311 2317
f 2357 2364 2317
f 2357 2403 2364
f 2357 2393 2403
f 2444 2406 2426
f 2444 2474 2426
f 2444 2474 2479
f 2444 2479 2481
f 1753 1751 1796
f 1753 1801 1796
f 1753 1757 1801
f 1983 1929 1987
f 1983 2028 2035
f 1983 1987 2035
f 1983 1978 2028
f 1983 1926 1978
f 1983 1926 1929
f 1193 1194 1254
f 1193 1254 1192
f 1635 1633 1666
f 1635 1633 1315
f 1635 1637 1666
f 1635 1637 1315
f 1632 1633 1312
f 1632 1310 1312
f 1632 1633 1664
f 1632 1663 1664
f 1316 1253 1252
f 1316 1253 1317
f 1316 1315 1252
f 1316 1637 1317
f 1316 1637 1315
f 1642 1319 1643
f 1642 1317 1319
f 1642 1675 1643
f 970 917 918
f 970 971 918
f 970 971 1023
f 869 870 918
f 869 818 870
f 1021 1022 1075
f 1021 1020 1075
f 968 967 916
f 968 1021 1020
f 968 917 916
f 2459 2635 2586
f 2459 2505 2635
f 2188 2141 2038
f 2188 2141 2314
f 2375 2203 2240
f 2375 2505 2551
f 1183 1123 1182
f 1183 1123 1184
f 1183 1244 1182
f 1183 1184 1244
f 1124 1071 1070
f 1124 1125 1071
f 1124 1123 1070
f 1124 1123 1184
f 1124 1125 1184
f 681 633 682
f 681 682 732
f 681 731 732
f 681 680 632
f 681 633 632
f 730 680 679
f 730 729 679
f 730 729 777
f 730 777 731
f 730 681 731
f 730 681 680
f 134 133 85
f 134 85 86
f 134 135 86
f 184 231 185
f 184 230 231
f 184 135 185
f 184 134 135
f 184 133 183
f 184 134 133
f 182 228 183
f 182 157 206
f 182 228 206
f 229 230 277
f 229 253 277
f 229 228 253
f 229 228 183
f 229 184 183
f 229 184 230
f 949 899 898
f 949 999 950
f 949 899 950
f 947 897 898
f 947 896 897
f 995 994 1047
f 944 943 993
f 944 994 993
f 944 943 893
f 944 895 945
f 944 995 945
f 944 995 994
f 670 720 719
f 670 671 622
f 670 720 671
f 668 667 620
f 766 719 767
f 766 816 767
f 766 815 816
f 868 917 867
f 868 869 818
f 868 917 918
f 868 869 918
f 1017 967 966
f 1017 1018 967
f 1017 966 1016
f 1017 1071 1016
f 1017 1018 1071
f 866 815 867
f 866 915 867
f 677 676 727
f 677 676 628
f 677 630 678
f 677 728 678
f 677 728 727
f 675 725 726
f 675 676 726
f 675 628 627
f 675 676 628
f 675 626 627
f 675 626 674
f 675 724 674
f 675 725 724
f 530 578 577
f 531 530 481
f 531 530 578
f 387 338 388
f 484 485 436
f 484 533 534
f 484 485 534
f 484 483 532
f 484 533 532
f 385 335 384
f 385 335 336
f 385 431 384
f 385 432 431
f 2378 2552 2427
f 2378 2507 2552
f 2378 2507 2328
f 2378 2204 2328
f 2378 2204 2242
f 2378 2427 2242
f 2765 2645 2734
f 2765 2734 2848
f 2765 2788 2861
f 2765 2848 2861
f 1866 1927 1862
f 1866 1862 1819
f 1866 1822 1819
f 1866 1822 1873
f 1866 1930 1873
f 1866 1927 1930
f 1945 1948 1998
f 1945 1890 1948
f 1945 1936 1998
f 1945 1936 1883
f 1945 1890 1883
f 1836 1890 1832
f 1836 1793 1789
f 1836 1832 1789
f 1836 1793 1841
f 1836 1897 1841
f 1836 1890 1897
f 1853 1855 1808
f 1853 1911 1849
f 1853 1911 1913
f 1853 1855 1913
f 1853 1806 1849
f 1853 1806 1808
f 1811 1855 1808
f 1811 1768 1766
f 1811 1808 1766
f 1811 1855 1858
f 1918 1915 1858
f 1918 1860 1858
f 1918 1915 1971
f 1918 1860 1922
f 1918 1974 1922
f 1918 1974 1971
f 1815 1774 1819
f 1815 1862 1819
f 1815 1860 1862
f 1815 1771 1774
f 1287 1324 1652
f 1287 1667 1652
f 1279 1280 1309
f 1279 1214 1215
f 1279 1214 1278
f 1279 1278 1628
f 1279 1629 1628
f 1279 1309 1629
f 1216 1279 1215
f 1216 1279 1280
f 1216 1217 1281
f 1216 1280 1281
f 1100 1158 1099
f 1046 994 993
f 1046 994 1047
f 1102 1046 1101
f 1102 1103 1047
f 1102 1046 1047
f 1162 1218 1219
f 1162 1102 1103
f 1282 1283 1314
f 1282 1218 1283
f 1282 1313 1314
f 1282 1218 1313
f 1212 1155 1211
f 1212 1156 1155
f 1212 1213 1157
f 1212 1156 1157
f 1212 1275 1276
f 1212 1275 1211
f 1277 1278 1306
f 1277 1304 1306
f 1277 1214 1213
f 1277 1214 1278
f 1277 1304 1276
f 1277 1212 1276
f 1277 1212 1213
f 1604 1607 1294
f 1604 1614 1294
f 1604 1614 1607
f 1736 1775 1734
f 1736 1696 1698
f 1736 1734 1696
f 1736 1738 1698
f 1736 1775 1778
f 1736 1738 1778
f 1630 1663 1661
f 1630 1310 1308
f 1630 1632 1310
f 1630 1632 1663
f 2068 2065 2142
f 2068 2013 2065
f 2068 2142 2146
f 2068 2070 2146
f 1659 1621 1620
f 1659 1660 1621
f 1659 1617 1620
f 1659 1617 1692
f 1659 1694 1692
f 1623 1660 1625
f 1623 1660 1621
f 1623 1306 1625
f 1623 1304 1621
f 1623 1304 1306
f 1697 1735 1694
f 1697 1659 1694
f 1697 1659 1660
f 1784 1780 1827
f 1784 1831 1827
f 1784 1787 1831
f 1784 1780 1740
f 1702 1705 1666
f 1702 1664 1666
f 1747 1787 1792
f 1747 1751 1792
f 2264 2271 2311
f 2264 2306 2311
f 2264 2271 2223
f 2264 2306 2259
f 2264 2223 2219
f 2264 2259 2219
f 2489 2451 2493
f 2489 2526 2493
f 2489 2526 2519
f 2489 2519 2481
f 2421 2430 2458
f 2421 2413 2379
f 2421 2413 2458
f 2347 2357 2311
f 2347 2306 2311
f 2347 2342 2306
f 2347 2357 2393
f 2448 2406 2408
f 2448 2444 2406
f 2448 2444 2481
f 2448 2451 2408
f 2448 2489 2481
f 2448 2489 2451
f 1715 1719 1757
f 1715 1753 1757
f 1715 1679 1719
f 1715 1679 1675
f 1133 1134 1194
f 1133 1193 1194
f 1133 1134 1080
f 1133 1193 1192
f 969 1021 1022
f 969 970 917
f 969 968 917
f 969 968 1021
f 969 1023 1022
f 969 970 1023
f 1019 1018 967
f 1019 968 967
f 1019 968 1020
f 1019 1020 1073
f 1019 1018 1073
f 2410 2535 2586
f 2410 2459 2586
f 2121 2188 2038
f 2121 2166 2021
f 2121 1973 2038
f 2121 1973 2021
f 2424 2291 2240
f 2424 2375 2240
f 2424 2470 2291
f 2424 2375 2551
f 2424 2551 2603
f 2424 2470 2603
f 2326 2459 2505
f 2326 2375 2505
f 2326 2166 2153
f 2326 2153 2203
f 2326 2375 2203
f 156 132 157
f 156 182 157
f 156 182 183
f 156 133 132
f 156 133 183
f 998 1050 999
f 946 947 896
f 946 945 896
f 1106 1050 1107
f 1106 1166 1107
f 1106 1166 1165
f 1164 1219 1220
f 1164 1221 1165
f 1164 1221 1220
f 1164 1106 1165
f 1164 1106 1105
f 1163 1164 1219
f 1163 1162 1219
f 997 998 1050
f 894 841 893
f 894 944 893
f 894 895 841
f 894 944 895
f 669 622 621
f 669 670 622
f 669 670 719
f 669 668 719
f 669 621 620
f 669 668 620
f 765 766 719
f 765 766 815
f 817 816 867
f 817 868 867
f 817 816 767
f 817 818 767
f 817 868 818
f 865 814 815
f 865 866 815
f 865 915 914
f 865 866 915
f 865 913 914
f 865 864 913
f 865 864 813
f 865 814 813
f 629 677 630
f 629 677 628
f 529 528 577
f 529 530 577
f 529 528 479
f 529 530 481
f 435 387 388
f 435 436 388
f 435 484 436
f 435 484 483
f 482 531 481
f 482 483 532
f 482 531 532
f 2684 2788 2717
f 2684 2765 2788
f 2684 2765 2645
f 2684 2717 2563
f 2684 2523 2563
f 2684 2645 2523
f 1813 1860 1858
f 1813 1815 1860
f 1813 1815 1771
f 1813 1811 1858
f 1813 1771 1768
f 1813 1811 1768
f 1328 1288 1224
f 1328 1288 1330
f 1328 1330 1674
f 1328 1671 1674
f 1328 1671 1667
f 1328 1287 1667
f 1286 1287 1324
f 1286 1285 1324
f 1286 1221 1222
f 1286 1285 1221
f 1167 1168 1108
f 1167 1166 1108
f 1159 1100 1101
f 1159 1158 1215
f 1159 1100 1158
f 1045 1100 1101
f 1045 1046 993
f 1045 1046 1101
f 1045 1100 1099
f 1045 1044 1099
f 1045 1044 993
f 1161 1102 1101
f 1161 1216 1217
f 1161 1162 1102
f 1161 1218 1217
f 1161 1162 1218
f 1627 1308 1307
f 1627 1630 1308
f 1627 1626 1307
f 1627 1661 1626
f 1627 1630 1661
f 2016 2013 1970
f 2016 2068 2013
f 2016 1970 1972
f 2016 1972 2020
f 2016 2070 2020
f 2016 2068 2070
f 1737 1735 1776
f 1737 1697 1735
f 1737 1779 1739
f 1737 1779 1776
f 1700 1738 1740
f 1700 1702 1740
f 1700 1702 1664
f 1700 1663 1664
f 1700 1663 1698
f 1700 1738 1698
f 1744 1747 1705
f 1744 1784 1740
f 1744 1784 1787
f 1744 1747 1787
f 1744 1702 1740
f 1744 1702 1705
f 1709 1747 1751
f 1709 1747 1705
f 2385 2430 2393
f 2385 2421 2430
f 2385 2347 2393
f 2385 2421 2379
f 2385 2342 2379
f 2385 2347 2342
f 1712 1715 1675
f 1712 1709 1751
f 1712 1753 1751
f 1712 1715 1753
f 1079 1024 1025
f 1079 1078 1024
f 1079 1080 1025
f 1079 1133 1080
f 1132 1133 1192
f 1132 1131 1192
f 1132 1078 1131
f 1132 1079 1078
f 1132 1079 1133
f 2361 2535 2491
f 2361 2410 2535
f 2361 2314 2491
f 2361 2188 2314
f 2279 2326 2166
f 2279 2410 2459
f 2279 2326 2459
f 948 949 999
f 948 998 999
f 948 949 898
f 948 947 898
f 948 997 947
f 948 997 998
f 1104 1164 1105
f 1104 1163 1164
f 1104 1103 1047
f 1104 1048 1047
f 1104 1162 1103
f 1104 1163 1162
f 1049 997 1048
f 1049 1104 1048
f 1049 1104 1105
f 1049 997 1050
f 1049 1106 1050
f 1049 1106 1105
f 996 946 947
f 996 997 947
f 996 997 1048
f 996 1048 1047
f 996 995 1047
f 996 995 945
f 996 946 945
f 718 765 717
f 718 717 667
f 718 668 667
f 718 668 719
f 718 765 719
f 764 814 815
f 764 765 815
f 764 765 717
f 764 716 763
f 764 717 716
f 764 813 763
f 764 814 813
f 580 581 532
f 580 531 532
f 580 630 581
f 580 629 630
f 480 432 479
f 480 529 479
f 480 432 481
f 480 529 481
f 433 385 432
f 433 386 385
f 433 432 481
f 433 386 387
f 433 482 481
f 337 387 338
f 337 386 387
f 337 338 287
f 337 336 287
f 337 385 336
f 337 386 385
f 1223 1328 1224
f 1223 1328 1287
f 1223 1168 1224
f 1223 1167 1168
f 1223 1286 1222
f 1223 1286 1287
f 1223 1166 1222
f 1223 1167 1166
f 1160 1159 1101
f 1160 1161 1101
f 1160 1161 1216
f 1160 1216 1215
f 1160 1159 1215
f 1699 1737 1697
f 1699 1660 1662
f 1699 1697 1660
f 1699 1701 1662
f 1699 1701 1739
f 1699 1737 1739
f 1672 1642 1675
f 1672 1712 1675
f 1672 1712 1709
f 1672 1637 1317
f 1672 1642 1317
f 2229 2361 2188
f 2229 2279 2166
f 2229 2361 2410
f 2229 2279 2410
f 2229 2121 2166
f 2229 2121 2188
f 579 629 628
f 579 580 629
f 579 580 531
f 579 578 628
f 579 531 578
f 434 433 387
f 434 433 482
f 434 435 387
f 434 435 483
f 434 482 483
f 1669 1709 1705
f 1669 1672 1709
f 1669 1672 1637
f 1669 1637 1666
f 1669 1705 1666
f 36 1387 1360
f 36 35 1360
f 3154 3278 3298
f 3154 1589 2951
f 3154 1502 1493
f 3154 1387 1360
f 3154 1542 1539
f 3154 1602 1597
f 3154 3216 3219
f 3154 1406 1403
f 3154 2970 2962
f 3154 1421 1417
f 3154 2992 2998
f 3154 1392 1387
f 3154 1574 1572
f 3154 1534 1541
f 3154 1567 1572
f 3154 3210 3202
f 3154 1469 1472
f 3154 3005 2999
f 3154 1451 1455
f 3154 1573 1569
f 3154 1526 1517
f 3154 1459 1455
f 3154 3146 3152
f 3154 1422 1420
f 3154 1415 1420
f 3154 1484 1493
f 3154 1399 1408
f 3154 3006 2998
f 3154 3046 3020
f 3154 2959 2951
f 3154 3167 3162
f 3154 3297 3298
f 3154 3166 3172
f 3154 1477 1472
f 3154 1527 1523
f 3154 1535 1539
f 3154 1397 1403
f 3154 1408 1417
f 3154 2939 2962
f 3154 3194 3202
f 3154 2977 2979
f 3154 1576 1597
f 3154 3148 3147
f 3154 1439 1443
f 3154 1476 1468
f 3154 3226 3222
f 3154 3236 3254
f 3154 3278 3254
f 3154 3237 3235
f 3154 1459 1465
f 3154 1485 1491
f 3154 1503 1506
f 3154 1511 1506
f 3154 1392 1395
f 3154 1422 1429
f 3154 1431 1437
f 3154 1451 1445
f 3154 1440 1437
f 3154 1602 2939
f 3154 3075 3089
f 3154 2978 2984
f 3154 3224 3227
f 3154 3204 3203
f 3154 3159 3162
f 3154 3090 3093
f 3154 1552 1541
f 3154 1561 1569
f 3154 1458 1468
f 3154 1450 1443
f 3154 1510 1517
f 3154 3226 3230
f 3154 3234 3230
f 3154 3297 3253
f 3154 3237 3253
f 3154 3158 3152
f 3154 2992 2984
f 3154 1485 1481
f 3154 1477 1481
f 3154 1494 1491
f 3154 1549 1556
f 3154 1518 1523
f 3154 1558 1556
f 3154 1397 1395
f 3154 1431 1429
f 3154 1406 1411
f 3154 1415 1411
f 3154 1440 1445
f 3154 1399 1393
f 3154 1391 1393
f 3154 1388 1360
f 3154 3180 3172
f 3154 2970 2978
f 3154 3045 3018
f 3154 2997 2999
f 3154 3011 3018
f 3154 3047 3076
f 3154 3211 3212
f 3154 3019 3020
f 3154 3182 3181
f 3154 3228 3227
f 3154 3109 3126
f 3154 3106 3093
f 3154 1552 1561
f 3154 1573 1576
f 3154 1439 1433
f 3154 1424 1433
f 3154 1450 1458
f 3154 1526 1534
f 3154 1502 1510
f 3154 3127 3147
f 3154 3218 3222
f 3154 3105 3089
f 3154 3166 3158
f 3154 1469 1465
f 3154 1494 1499
f 3154 1503 1499
f 3154 1511 1515
f 3154 1527 1530
f 3154 1549 1547
f 3154 1535 1530
f 3154 1558 1563
f 3154 1567 1563
f 3154 1388 1391
f 3154 3045 3075
f 3154 2971 2969
f 3154 2993 2991
f 3154 2983 2979
f 3154 3005 3007
f 3154 3204 3211
f 3154 3215 3212
f 3154 3220 3219
f 3154 3168 3173
f 3154 3228 3231
f 3154 3224 3223
f 3154 3232 3235
f 3154 3077 3076
f 3154 3148 3153
f 3154 1476 1484
f 3154 1421 1424
f 3154 3236 3234
f 3154 3218 3214
f 3154 3194 3186
f 3154 3105 3125
f 3154 3146 3125
f 3154 1518 1515
f 3154 1542 1547
f 3154 1582 1589
f 3154 3011 3006
f 3154 2997 2993
f 3154 2985 2991
f 3154 2977 2971
f 3154 2963 2969
f 3154 3047 3046
f 3154 3012 3007
f 3154 3216 3215
f 3154 3220 3223
f 3154 3187 3188
f 3154 3195 3188
f 3154 3196 3203
f 3154 3174 3181
f 3154 3232 3231
f 3154 3077 3090
f 3154 3109 3106
f 3154 3127 3126
f 3154 3210 3214
f 3154 3180 3186
f 3154 1582 1580
f 3154 1574 1580
f 3154 2983 2985
f 3154 2959 2963
f 3154 3019 3012
f 3154 3182 3187
f 3154 3196 3195
f 3154 3168 3167
f 3154 3174 3173
f 20 36 35
f 20 16 18
f 20 3 1
f 20 33 36
f 20 8 10
f 20 23 25
f 20 27 25
f 20 29 31
f 20 33 31
f 20 2 1
f 20 34 35
f 20 12 10
f 20 34 32
f 20 9 7
f 20 19 21
f 20 17 15
f 20 27 29
f 20 5 7
f 20 12 14
f 20 16 14
f 20 17 19
f 20 13 15
f 20 23 21
f 20 26 28
f 20 4 6
f 20 8 6
f 20 30 28
f 20 13 11
f 20 9 11
f 20 26 24
f 20 22 24
f 20 30 32
f 20 5 3
f 20 2 4
