v -0.01 -0.015 -0.020867846
v -0.01 -0.015 -0.017578296
v -0.01 -0.015 -0.017398255
v -0.01 -0.015 -0.017190812
v -0.01 -0.015 -0.016954802
v -0.01 -0.015 -0.016912292
v -0.01 -0.015 0.015512292
v -0.01 -0.015 0.015567288
v -0.01 -0.015 0.015878301
v -0.01 -0.015 0.016157066
v -0.01 -0.015 0.016404208
v -0.01 -0.015 0.016621115
v -0.01 -0.015 0.016809649
v -0.01 -0.015 0.016971916
v -0.01 -0.015 0.017110109
v -0.01 -0.015 0.017226388
v -0.01 -0.015 0.018128458
v -0.01 -0.015 0.01871069
v -0.01 -0.015 0.020867846
v -0.01 -0.014956791 -0.016932089
v -0.01 -0.014956791 0.015532088
v -0.01 -0.014679946 -0.017038304
v -0.01 -0.014679946 0.015638305
v -0.01 -0.014385641 -0.017132051
v -0.01 -0.014385641 0.01573205
v -0.01 -0.014076114 -0.017212616
v -0.01 -0.014076114 0.015812615
v -0.01 -0.013753721 -0.017279385
v -0.01 -0.013753721 0.015879385
v -0.01 -0.013420917 -0.017331852
v -0.01 -0.013420917 0.015931852
v -0.01 -0.013080234 -0.017369615
v -0.01 -0.013080234 0.015969615
v -0.01 -0.012734263 -0.017392389
v -0.01 -0.012734263 0.01599239
v -0.01 -0.01238564 -0.0174
v -0.01 -0.01238564 0.016000001
v -0.01 -0.007630065 -0.023
v -0.01 -0.007630065 0.023
v -0.01 -0.007431448 -0.0189
v -0.01 -0.007431448 -0.0174
v -0.01 -0.007431448 0.016000001
v -0.01 -0.007431448 0.0175
v -0.01 0.0 -0.023
v -0.01 0.0 -0.0189
v -0.01 0.0 0.0175
v -0.01 0.0 0.023
v -0.009998497 -0.015 -0.020903674
v -0.0099977 -0.015 0.020922675
v -0.009996194 -0.015 -0.020958575
v -0.009996194 -0.015 0.020958575
v -0.009996194 -0.007642419 -0.023087155
v -0.009996194 -0.007642419 0.023087155
v -0.009996194 0.0 -0.023087155
v -0.009996194 0.0 0.023087155
v -0.00999168 -0.015 -0.020994276
v -0.009989332 -0.015 0.021012844
v -0.009984808 -0.015 -0.021048615
v -0.009984808 -0.015 0.021048615
v -0.009984808 -0.007654679 -0.023173649
v -0.009984808 -0.007654679 0.023173649
v -0.009984808 0.0 -0.023173649
v -0.009984808 0.0 0.023173649
v -0.009977291 -0.015 -0.021083909
v -0.009973457 -0.015 0.021101916
v -0.009972365 0.000742923 -0.023
v -0.009972365 0.000742923 0.023
v -0.00996857 0.00074264 -0.023087155
v -0.00996857 0.00074264 0.023087155
v -0.009965925 -0.015 -0.021137279
v -0.009965925 -0.015 0.021137279
v -0.009965925 -0.007666751 -0.023258818
v -0.009965925 -0.007666751 0.023258818
v -0.009965925 0.0 -0.023258818
v -0.009965925 0.0 0.023258818
v -0.009963512 0.000853476 -0.023
v -0.009963512 0.000853476 -0.0189
v -0.009963512 0.000853476 0.0175
v -0.009963512 0.000853476 0.023
v -0.009957215 0.000741794 -0.023173649
v -0.009957215 0.000741794 0.023173649
v -0.009955442 -0.015 -0.021171892
v -0.009950196 -0.015 0.021189214
v -0.009939693 -0.015 -0.021223893
v -0.009939693 -0.015 0.021223893
v -0.009939693 -0.007678545 -0.023342021
v -0.009939693 -0.007678545 0.023342021
v -0.009939693 0.0 -0.023342021
v -0.009939693 0.0 0.023342021
v -0.009938385 0.000740391 -0.023258818
v -0.009938385 0.000740391 0.023258818
v -0.009926301 -0.015 -0.021257549
v -0.009919724 -0.015 0.021274078
v -0.009912224 0.000738443 -0.023342021
v -0.009912224 0.000738443 0.023342021
v -0.009906308 -0.015 -0.021307795
v -0.009906308 -0.015 0.021307795
v -0.009906308 -0.007689969 -0.023422617
v -0.009906308 -0.007689969 0.023422617
v -0.009906308 0.0 -0.023422617
v -0.009906308 0.0 0.023422617
v -0.00989009 -0.015 -0.021340226
v -0.009889613 0.00148174 -0.023
v -0.009889613 0.00148174 0.023
v -0.009885849 0.001481176 -0.023087155
v -0.009885849 0.001481176 0.023087155
v -0.009882271 -0.015 0.021355863
v -0.009878932 0.000735962 -0.023422617
v -0.009878932 0.000735962 0.023422617
v -0.009876729 -0.015 0.015414492
v -0.009876409 -0.015 -0.016814215
v -0.009876409 -0.015 0.015414215
v -0.009874589 0.001479489 -0.023173649
v -0.009874589 0.001479489 0.023173649
v -0.00986628 -0.015 -0.016804866
v -0.00986628 -0.015 0.015404867
v -0.009866025 -0.015 -0.02138835
v -0.009866025 -0.015 0.02138835
v -0.009866025 -0.007700938 -0.023499999
v -0.009866025 -0.007700938 0.023499999
v -0.009866025 0.0 -0.023499999
v -0.009866025 0.0 0.023499999
v -0.009862363 -0.015 -0.016800942
v -0.009855915 0.001476691 -0.023258818
v -0.009855915 0.001476691 0.023258818
v -0.009854316 0.001700724 -0.023
v -0.009854316 0.001700724 -0.0189
v -0.009854316 0.001700724 0.0175
v -0.009854316 0.001700724 0.023
v -0.009847089 -0.015 -0.021419293
v -0.009838761 0.00073297 -0.023499999
v -0.009838761 0.00073297 0.023499999
v -0.009838119 -0.015 0.02143395
v -0.009829971 0.001472804 -0.023342021
v -0.009829971 0.001472804 0.023342021
v -0.009819152 -0.015 -0.021464943
v -0.009819152 -0.015 0.021464943
v -0.009819152 -0.007711367 -0.023573576
v -0.009819152 -0.007711367 0.023573576
v -0.009819152 0.0 -0.023573576
v -0.009819152 0.0 0.023573576
v -0.009797627 -0.015 -0.021494146
v -0.009796955 0.001467857 -0.023422617
v -0.009796955 0.001467857 0.023422617
v -0.009792017 0.000729487 -0.023573576
v -0.009792017 0.000729487 0.023573576
v -0.009787602 -0.015 0.021507747
v -0.009766044 -0.015 -0.021536993
v -0.009766044 -0.015 0.021536993
v -0.009766044 -0.007721177 -0.023642788
v -0.009766044 -0.007721177 0.023642788
v -0.009766044 0.0 -0.023642788
v -0.009766044 0.0 0.023642788
v -0.009757117 0.001461888 -0.023499999
v -0.009757117 0.001461888 0.023499999
v -0.009752202 0.002212367 -0.023
v -0.009752202 0.002212367 0.023
v -0.009748491 0.002211525 -0.023087155
v -0.009748491 0.002211525 0.023087155
v -0.009747076 -0.015 0.015292406
v -0.009742083 -0.015 -0.021564214
v -0.009740341 -0.015 -0.016685621
v -0.009740341 -0.015 0.01528562
v -0.009739056 0.000725542 -0.023642788
v -0.009739056 0.000725542 0.023642788
v -0.009737385 0.002209006 -0.023173649
v -0.009737385 0.002209006 0.023173649
v -0.009731101 -0.015 0.021576691
v -0.009730988 -0.015 -0.016675652
v -0.009730988 -0.015 0.015275651
v -0.009718971 0.002204829 -0.023258818
v -0.009718971 0.002204829 0.023258818
v -0.009715719 -0.015 -0.016657978
v -0.009715719 -0.015 0.015257978
v -0.009714198 -0.015 -0.01665612
v -0.009710762 0.001454943 -0.023573576
v -0.009710762 0.001454943 0.023573576
v -0.009707107 -0.015 -0.02160395
v -0.009707107 -0.015 0.02160395
v -0.009707107 -0.007730294 -0.023707107
v -0.009707107 -0.007730294 0.023707107
v -0.009707107 0.0 -0.023707107
v -0.009707107 0.0 0.023707107
v -0.009694262 -0.015 -0.02161675
v -0.009694262 -0.015 0.02161675
v -0.009693389 0.002199025 -0.023342021
v -0.009693389 0.002199025 0.023342021
v -0.009680281 0.000721163 -0.023707107
v -0.009680281 0.000721163 0.023707107
v -0.00967559 -0.007734571 -0.023737278
v -0.00967559 -0.007734571 0.023737278
v -0.009673207 0.002535561 -0.023
v -0.009673207 0.002535561 -0.0189
v -0.009673207 0.002535561 0.0175
v -0.009673207 0.002535561 0.023
v -0.009660831 0.002191639 -0.023422617
v -0.009660831 0.002191639 0.023422617
v -0.00965824 0.001447074 -0.023642788
v -0.00965824 0.001447074 0.023642788
v -0.009656182 -0.015 -0.021653076
v -0.009656182 -0.015 0.021653076
v -0.009642787 -0.015 -0.021665304
v -0.009642787 -0.015 0.021665304
v -0.009642787 -0.007738648 -0.023766045
v -0.009642787 -0.007738648 0.023766045
v -0.009642787 0.0 -0.023766045
v -0.009642787 0.0 0.023766045
v -0.009628884 -0.015 -0.02167692
v -0.009628884 -0.015 0.02167692
v -0.009621547 0.002182727 -0.023499999
v -0.009621547 0.002182727 0.023499999
v -0.009620274 0.002729527 -0.023
v -0.009620274 0.002729527 -0.022399999
v -0.009620274 0.002729527 0.021
v -0.009620274 0.002729527 0.023
v -0.009619525 -0.015 0.01514946
v -0.009618993 0.002729391 0.023050386
v -0.009617666 -0.015 -0.016547172
v -0.009617666 -0.015 0.015147172
v -0.009617111 0.002729192 -0.023079125
v -0.009616435 0.00272912 -0.023087157
v -0.009616435 0.00272912 0.023087157
v -0.00961614 0.000716385 -0.023766045
v -0.00961614 0.000716385 0.023766045
v -0.009612039 0.002728655 0.023127494
v -0.009608761 -0.007742519 -0.023793353
v -0.009608761 -0.007742519 0.023793353
v -0.00960781 0.002728207 -0.023156686
v -0.009599953 0.001438341 -0.023707107
v -0.009599953 0.001438341 0.023707107
v -0.009598987 0.002727272 0.02320431
v -0.009593386 0.002726678 0.023229299
v -0.009592561 0.002726591 -0.023232743
v -0.009587978 -0.015 -0.021709596
v -0.009587978 -0.015 0.021709596
v -0.009587562 -0.015 -0.016506641
v -0.009587562 -0.015 0.015106641
v -0.009585886 0.002725883 -0.023258824
v -0.009585886 0.002725883 0.023258824
v -0.009584224 -0.015 -0.016501719
v -0.009575834 0.002172357 -0.023573576
v -0.009575834 0.002172357 0.023573576
v -0.009573576 -0.015 -0.02172059
v -0.009573576 -0.015 0.02172059
v -0.009573576 -0.007746176 -0.023819152
v -0.009573576 -0.007746176 0.023819152
v -0.009573576 0.0 -0.023819152
v -0.009573576 0.0 0.023819152
v -0.009572541 0.002724469 0.023303906
v -0.009571434 0.002724352 -0.023307325
v -0.009564688 0.002723637 -0.023327297
v -0.009558719 -0.015 -0.021730924
v -0.009558719 -0.015 0.021730924
v -0.009547493 -0.015 0.015054561
v -0.00954712 0.000711243 -0.023819152
v -0.00954712 0.000711243 0.023819152
v -0.009545882 0.002721644 0.023376813
v -0.009543991 -0.015 -0.016449369
v -0.009543991 -0.015 0.01504937
v -0.009537299 -0.007749612 -0.023843391
v -0.009537299 -0.007749612 0.023843391
v -0.009536344 0.00142881 -0.023766045
v -0.009536344 0.00142881 0.023766045
v -0.00953537 0.002720531 -0.023401463
v -0.00952571 0.002719507 -0.023422625
v -0.00952571 0.002719507 0.023422625
v -0.009524044 0.002160607 -0.023642788
v -0.009524044 0.002160607 0.023642788
v -0.009515299 -0.015 -0.021759721
v -0.009515299 -0.015 0.021759721
v -0.009513319 0.002718194 0.023448007
v -0.009509446 -0.015 -0.016400069
v -0.009509446 -0.015 0.015000069
v -0.009503493 -0.015 -0.016390993
v -0.009503493 -0.015 0.014990993
v -0.009500688 0.002716856 -0.023472151
v -0.0095 -0.015 -0.021769386
v -0.0095 -0.015 0.021769386
v -0.0095 -0.00775282 -0.023866026
v -0.0095 -0.00775282 0.023866026
v -0.0095 0.0 -0.023866026
v -0.0095 0.0 0.023866026
v -0.009484302 -0.015 -0.021778351
v -0.009484302 -0.015 0.021778351
v -0.009474649 0.002714097 0.023517434
v -0.009473747 0.000705777 -0.023866026
v -0.009473747 0.000705777 0.023866026
v -0.009473648 -0.015 0.014943899
v -0.009472846 -0.015 -0.016339203
v -0.009467897 0.001418555 -0.023819152
v -0.009467897 0.001418555 0.023819152
v -0.009466566 0.002147568 -0.023707107
v -0.009466566 0.002147568 0.023707107
v -0.009461748 -0.007755795 -0.02388701
v -0.009461748 -0.007755795 0.02388701
v -0.009460798 0.002712629 -0.023539471
v -0.009460093 0.002712554 0.023540558
v -0.009442462 -0.015 -0.016291061
v -0.009442462 -0.015 0.014891061
v -0.009438698 -0.015 -0.021803064
v -0.009438698 -0.015 0.021803064
v -0.009437718 0.002710183 -0.023573587
v -0.009437717 0.002710183 0.023573587
v -0.009422618 -0.015 -0.021811319
v -0.009422618 -0.015 0.021811319
v -0.009422618 -0.00775853 -0.023906307
v -0.009422618 -0.00775853 0.023906307
v -0.009422618 0.0 -0.023906307
v -0.009422618 0.0 0.023906307
v -0.009421508 0.003351895 -0.022399999
v -0.009421508 0.003351895 -0.0189
v -0.009421508 0.003351895 0.0175
v -0.009421508 0.003351895 0.021
v -0.009416464 -0.015 -0.016245406
v -0.009416464 -0.015 0.014845406
v -0.009415751 0.002707856 -0.023603464
v -0.009415018 0.002707778 0.023604423
v -0.009406201 -0.015 -0.021818839
v -0.009406201 -0.015 0.021818839
v -0.009404693 0.002706684 -0.023617668
v -0.009403841 0.002133338 -0.023766045
v -0.009403841 0.002133338 0.023766045
v -0.009401965 -0.015 -0.016217238
v -0.009401965 -0.015 0.014817238
v -0.009399032 -0.015 -0.016211218
v -0.009399032 -0.015 0.014811217
v -0.009396579 0.000700028 -0.023906307
v -0.009396579 0.000700028 0.023906307
v -0.009395133 0.001407653 -0.023866026
v -0.009395133 0.001407653 0.023866026
v -0.009382684 -0.007761021 -0.023923879
v -0.009382684 -0.007761021 0.023923879
v -0.009380343 -0.015 -0.016169931
v -0.009376792 -0.015 0.01476745
v -0.009364946 0.002702472 0.023664733
v -0.009358755 -0.015 -0.021839299
v -0.009358755 -0.015 0.021839299
v -0.009358162 -0.015 -0.016126117
v -0.009358162 -0.015 0.014726118
v -0.00935203 0.002701104 -0.023678834
v -0.00934202 -0.015 -0.021846074
v -0.00934202 -0.015 0.021846074
v -0.00934202 -0.007763262 -0.023939693
v -0.00934202 -0.007763262 0.023939693
v -0.00934202 0.0 -0.023939693
v -0.00934202 0.0 0.023939693
v -0.009339364 -0.015 -0.016084255
v -0.009339364 -0.015 0.014684256
v -0.009336345 0.002118026 -0.023819152
v -0.009336345 0.002118026 0.023819152
v -0.009325012 -0.015 -0.021852084
v -0.009325012 -0.015 0.021852084
v -0.009324566 0.002698194 0.023707114
v -0.009324564 0.002698193 -0.023707116
v -0.009319964 -0.015 -0.016034206
v -0.009319964 -0.015 0.014634207
v -0.009318605 0.001396187 -0.023906307
v -0.009318605 0.001396187 0.023906307
v -0.009316203 0.00069404 -0.023939693
v -0.009316203 0.00069404 0.023939693
v -0.009309795 0.002696628 0.023721442
v -0.009306974 -0.015 -0.015995351
v -0.009304342 -0.015 0.014594337
v -0.009300706 -0.00776525 -0.023953717
v -0.009300706 -0.00776525 0.023953717
v -0.009295345 0.002695097 -0.023734905
v -0.009291552 -0.015 -0.015955868
v -0.009291552 -0.015 0.014555868
v -0.009278754 -0.015 -0.015917842
v -0.009278754 -0.015 0.014517842
v -0.009276084 -0.015 -0.015909077
v -0.009276084 -0.015 0.014509077
v -0.009276078 -0.015 -0.021868146
v -0.009276078 -0.015 0.021868146
v -0.009264591 0.002101749 -0.023866026
v -0.009264591 0.002101749 0.023866026
v -0.009259686 -0.015 -0.015847619
v -0.009259686 -0.015 0.014447618
v -0.009258819 -0.015 -0.021873382
v -0.009258819 -0.015 0.021873382
v -0.009258819 -0.007766981 -0.023965925
v -0.009258819 -0.007766981 0.023965925
v -0.009258819 0.0 -0.023965925
v -0.009258819 0.0 0.023965925
v -0.00925291 -0.015 -0.015816965
v -0.009249593 -0.015 0.01441186
v -0.009249388 0.002690228 0.023774413
v -0.009242986 -0.015 -0.015781717
v -0.009242986 -0.015 0.014381716
v -0.009241353 -0.015 -0.021877832
v -0.009241353 -0.015 0.021877832
v -0.009238897 0.001384244 -0.023939693
v -0.009238897 0.001384244 0.023939693
v -0.009235121 -0.015 -0.015747477
v -0.009235121 -0.015 0.014347477
v -0.009234752 0.002688677 -0.023786027
v -0.009233233 0.000687859 -0.023965925
v -0.009233233 0.000687859 0.023965925
v -0.009229215 0.00268809 0.023790305
v -0.009221314 -0.015 -0.01566334
v -0.009221314 -0.015 0.01426334
v -0.009220182 -0.015 -0.015654102
v -0.009220182 -0.015 0.014254102
v -0.009218188 -0.015 -0.015636185
v -0.00921644 -0.007768451 -0.023976296
v -0.00921644 -0.007768451 0.023976296
v -0.009214586 -0.015 0.014222547
v -0.009212666 -0.015 -0.015605001
v -0.009212666 -0.015 0.014205001
v -0.0092088 -0.015 -0.015574428
v -0.0092088 -0.015 0.014174428
v -0.00920651 -0.015 0.014144178
v -0.009202744 -0.015 -0.015454435
v -0.009200683 -0.015 -0.015427088
v -0.009200683 -0.015 0.014027088
v -0.0092 -0.015 -0.0154
v -0.0092 -0.015 -0.015336019
v -0.0092 -0.015 -0.0152149
v -0.0092 -0.015 -0.015080455
v -0.0092 -0.015 -0.014932501
v -0.0092 -0.015 -0.014771449
v -0.0092 -0.015 -0.014598193
v -0.0092 -0.015 -0.014414174
v -0.0092 -0.015 -0.014221413
v -0.0092 -0.015 -0.014022513
v -0.0092 -0.015 -0.013820599
v -0.0092 -0.015 -0.013619211
v -0.0092 -0.015 -0.013422131
v -0.0092 -0.015 -0.013233189
v -0.0092 -0.015 -0.0132
v -0.0092 -0.015 0.011799994
v -0.0092 -0.015 0.0118
v -0.0092 -0.015 0.011800001
v -0.0092 -0.015 0.012022131
v -0.0092 -0.015 0.01221921
v -0.0092 -0.015 0.012420599
v -0.0092 -0.015 0.012622513
v -0.0092 -0.015 0.012821413
v -0.0092 -0.015 0.013014174
v -0.0092 -0.015 0.013198194
v -0.0092 -0.015 0.013371449
v -0.0092 -0.015 0.013532501
v -0.0092 -0.015 0.013680455
v -0.0092 -0.015 0.013814901
v -0.0092 -0.015 0.013935829
v -0.0092 -0.015 0.014
v -0.009199925 -0.01499987 -0.013232986
v -0.009196841 -0.014994528 -0.013414321
v -0.009196841 -0.014994528 0.01201432
v -0.009191295 -0.015 -0.021889385
v -0.009191295 -0.015 0.021889385
v -0.009189661 0.002683899 -0.02381916
v -0.00918966 0.002683899 0.02381916
v -0.009189239 -0.01498136 -0.013595255
v -0.009189239 -0.01498136 0.012195255
v -0.009189127 0.002084629 -0.023906307
v -0.009189127 0.002084629 0.023906307
v -0.009177132 -0.014960391 -0.013775452
v -0.009177132 -0.014960391 0.012375452
v -0.009173648 -0.015 -0.021893039
v -0.009173648 -0.015 0.021893039
v -0.009173648 -0.007769657 -0.023984808
v -0.009173648 -0.007769657 0.023984808
v -0.009173648 0.0 -0.023984808
v -0.009173648 0.0 0.023984808
v -0.009170287 0.002681846 -0.023832254
v -0.009164497 0.002681233 0.023836043
v -0.009160544 -0.01493166 -0.013954575
v -0.009160544 -0.01493166 0.012554575
v -0.009157397 0.00268048 -0.02384061
v -0.009156614 0.001371916 -0.023965925
v -0.009156614 0.001371916 0.023965925
v -0.009155862 -0.015 -0.021895889
v -0.009155862 -0.015 0.021895889
v -0.009148297 0.000681531 -0.023984808
v -0.009148297 0.000681531 0.023984808
v -0.009139506 -0.014895221 -0.014132291
v -0.009139506 -0.014895221 0.012732291
v -0.009130526 -0.007770598 -0.023991445
v -0.009130526 -0.007770598 0.023991445
v -0.009114056 -0.014851141 -0.014308267
v -0.009114056 -0.014851141 0.012908267
v -0.009110526 0.002066798 -0.023939693
v -0.009110526 0.002066798 0.023939693
v -0.009105051 -0.015 -0.021902852
v -0.009105051 -0.015 0.021902852
v -0.009101055 0.004143768 -0.022399999
v -0.009101055 0.004143768 -0.0189
v -0.009101055 0.004143768 0.0175
v -0.009101055 0.004143768 0.021
v -0.00909619 0.002673995 0.023876676
v -0.009087156 -0.015 -0.021904893
v -0.009087156 -0.015 0.021904893
v -0.009087156 -0.007771271 -0.023996195
v -0.009087156 -0.007771271 0.023996195
v -0.009087156 0.0 -0.023996195
v -0.009087156 0.0 0.023996195
v -0.009086702 0.002672989 -0.023881761
v -0.00908453 -0.0108 -0.0174
v -0.00908453 -0.0108 0.016000001
v -0.009084243 -0.014799504 -0.014482175
v -0.009084243 -0.014799504 0.013082176
v -0.009081462 -0.010813979 -0.017399976
v -0.009081462 -0.010813979 0.015999977
v -0.009077292 -0.010832981 -0.01739987
v -0.009077292 -0.010832981 0.01599987
v -0.009072383 0.001359296 -0.023984808
v -0.009072383 0.001359296 0.023984808
v -0.00906919 -0.015 -0.021906118
v -0.00906919 -0.015 0.021906118
v -0.009062043 0.000675106 -0.023996195
v -0.009062043 0.000675106 0.023996195
v -0.009050122 -0.014740404 -0.014653692
v -0.009050122 -0.014740404 0.013253692
v -0.009043619 -0.007771675 -0.023999048
v -0.009043619 -0.007771675 0.023999048
v -0.009037079 0.002667731 0.023906311
v -0.009037076 0.002667731 -0.023906313
v -0.009029387 0.002048391 -0.023965925
v -0.009029387 0.002048391 0.023965925
v -0.009029184 -0.011052642 -0.017392395
v -0.009029184 -0.011052642 0.015992394
v -0.009024241 0.002666371 0.023912124
v -0.009018001 -0.015 -0.021908446
v -0.009018001 -0.015 0.021908446
v -0.009013834 0.002665268 -0.02391668
v -0.009011757 -0.014673952 -0.014822496
v -0.009011757 -0.014673952 0.013422496
v -0.009001348 -0.011180582 -0.01738272
v -0.009001348 -0.011180582 0.015982721
v -0.009 -0.015 -0.021908855
v -0.009 -0.015 0.021908855
v -0.009 -0.007771811 -0.024
v -0.009 -0.007771811 0.024
v -0.009 0.0 -0.024
v -0.009 0.0 0.024
v -0.008998171 -0.011195243 -0.017381361
v -0.008998171 -0.011195243 0.015981361
v -0.008986846 0.00134648 -0.023996195
v -0.008986846 0.00134648 0.023996195
v -0.008975129 0.000668631 -0.024
v -0.008975129 0.000668631 0.024
v -0.008974697 -0.011304107 -0.017369637
v -0.008974697 -0.011304107 0.015969638
v -0.008969218 -0.014600273 -0.014988273
v -0.008969218 -0.014600273 0.013588273
v -0.008948533 0.002658349 0.023942202
v -0.008946327 0.002029548 -0.023984808
v -0.008946327 0.002029548 0.023984808
v -0.008938864 0.002657324 -0.023945548
v -0.008929987 -0.011514675 -0.017338749
v -0.008929987 -0.011514675 0.01593875
v -0.008928593 0.002656236 0.023948982
v -0.008922586 -0.014519505 -0.015150714
v -0.008922586 -0.014519505 0.013750714
v -0.008921888 -0.011553401 -0.017331874
v -0.008921888 -0.011553401 0.015931875
v -0.008921653 -0.011554527 -0.017331669
v -0.008921653 -0.011554527 0.01593167
v -0.008900652 0.001333566 -0.024
v -0.008900652 0.001333566 0.024
v -0.008871947 -0.014431796 0.013909515
v -0.00887186 -0.014431645 -0.015309775
v -0.008871651 -0.011799146 -0.017279426
v -0.008871651 -0.011799146 0.015879424
v -0.008871426 0.002650178 -0.023965927
v -0.008871421 0.002650178 0.023965929
v -0.008862382 -0.011845766 -0.017267723
v -0.008862382 -0.011845766 0.015867723
v -0.008861978 0.002010412 -0.023996195
v -0.008861978 0.002010412 0.023996195
v -0.008861817 0.00264916 -0.023968423
v -0.008851347 0.002648051 0.023971029
v -0.008850116 -0.011908217 -0.017251154
v -0.008850116 -0.011908217 0.015851155
v -0.008847014 0.002647592 -0.023972072
v -0.00884072 -0.014377709 -0.0154
v -0.00884072 -0.014377709 0.014
v -0.008824764 -0.012040487 -0.017212629
v -0.008824764 -0.012040487 0.015812628
v -0.008822126 -0.012054532 -0.01720826
v -0.008822126 -0.012054532 0.01580826
v -0.008808746 -0.004949748 -0.024
v -0.008808746 -0.004949748 -0.022399999
v -0.008808746 -0.004949748 0.021
v -0.008808746 -0.004949748 0.024
v -0.008786011 -0.012253558 -0.017140452
v -0.008786011 -0.012253558 0.015740452
v -0.008784085 -0.014264361 -0.015574491
v -0.008784085 -0.014264361 0.01417449
v -0.008782138 -0.012275781 -0.017132184
v -0.008782138 -0.012275781 0.015732184
v -0.008776981 0.00199113 -0.024
v -0.008776981 0.00199113 0.024
v -0.008776376 -0.014245996 -0.015601064
v -0.008776376 -0.014245996 0.014201064
v -0.008772444 -0.014236283 -0.015614944
v -0.008772444 -0.014236283 0.014214944
v -0.008772421 0.002639688 0.02398696
v -0.008768016 -0.012358617 -0.017100092
v -0.008768016 -0.012358617 0.015700091
v -0.008767038 0.002639117 -0.023987813
v -0.00874444 -0.012504609 -0.01703853
v -0.00874444 -0.012504609 0.015638528
v -0.008738119 -0.014139125 -0.015747596
v -0.008738119 -0.014139125 0.014347595
v -0.008731785 -0.012588171 -0.017000321
v -0.008731785 -0.012588171 0.015600322
v -0.008726781 -0.014100677 -0.015797216
v -0.008726781 -0.014100677 0.014397215
v -0.00872258 -0.012651963 -0.016969645
v -0.00872258 -0.012651963 0.015569646
v -0.008714186 0.004905401 -0.022399999
v -0.008714186 0.004905401 -0.0189
v -0.008714186 0.004905401 0.0175
v -0.008714186 0.004905401 0.021
v -0.008712415 -0.012726097 -0.016932312
v -0.008712415 -0.012726097 0.015532311
v -0.008705446 -0.014015186 -0.015902329
v -0.008705446 -0.014015186 0.014502329
v -0.008702577 -0.014001944 -0.015918005
v -0.008702577 -0.014001944 0.014518006
v -0.008697709 0.002631771 0.023996195
v -0.008697707 0.002631771 -0.023996195
v -0.008691806 0.002631146 0.023996688
v -0.008690742 -0.013941101 -0.015988097
v -0.008690742 -0.013941101 0.014588097
v -0.008690029 -0.012909471 -0.016831823
v -0.008690029 -0.012909471 0.015431822
v -0.008687311 -0.012934495 -0.016817171
v -0.008687311 -0.012934495 0.015417172
v -0.00868678 -0.012939476 -0.016814228
v -0.00868678 -0.012939476 0.015414228
v -0.008686608 0.002630595 -0.023997093
v -0.008677141 -0.013852838 -0.016084472
v -0.008677141 -0.013852838 0.014684472
v -0.008672563 -0.01308901 -0.016721426
v -0.008672563 -0.01308901 0.015321425
v -0.008668321 -0.013142891 -0.016685808
v -0.008668321 -0.013142891 0.015285809
v -0.008667718 -0.013769877 -0.01616982
v -0.008667718 -0.013769877 0.01476982
v -0.008666503 -0.013756834 -0.016182806
v -0.008666503 -0.013756834 0.014782806
v -0.008663454 -0.013214963 -0.016636271
v -0.008663454 -0.013214963 0.015236271
v -0.008661458 -0.013692087 -0.016245624
v -0.008661458 -0.013692087 0.014845625
v -0.008657935 -0.013326267 -0.016555291
v -0.008657935 -0.013326267 0.015155291
v -0.008657543 -0.01333695 -0.01654722
v -0.008657543 -0.01333695 0.01514722
v -0.008655511 -0.013548727 -0.016375611
v -0.008655511 -0.013548727 0.01497561
v -0.00865509 -0.013520072 -0.016400188
v -0.00865509 -0.013520072 0.015000189
v -0.008654948 -0.013502507 -0.016415035
v -0.008654948 -0.013502507 0.015015035
v -0.008609466 0.002622421 -0.024
v -0.008609466 0.002622421 0.024
v -0.008263726 0.005631238 -0.022399999
v -0.008263726 0.005631238 -0.0189
v -0.008263726 0.005631238 0.0175
v -0.008263726 0.005631238 0.021
v -0.007752961 0.00631598 -0.022399999
v -0.007752961 0.00631598 -0.0189
v -0.007752961 0.00631598 0.0175
v -0.007752961 0.00631598 0.021
v -0.007236562 -0.004949748 -0.022399999
v -0.007236562 -0.004949748 -0.0189
v -0.007236562 -0.004949748 0.0175
v -0.007236562 -0.004949748 0.021
v -0.007236562 0.004949748 -0.022399999
v -0.007236562 0.004949748 -0.0189
v -0.007236562 0.004949748 0.0175
v -0.007236562 0.004949748 0.021
v -0.007185618 0.006954631 -0.022399999
v -0.007185618 0.006954631 -0.0189
v -0.007185618 0.006954631 0.0175
v -0.007185618 0.006954631 0.021
v -0.006838839 -0.006878824 -0.024
v -0.006838839 -0.006878824 -0.022399999
v -0.006838839 -0.006878824 0.021
v -0.006838839 -0.006878824 0.024
v -0.006838839 -0.003020671 -0.024
v -0.006838839 -0.003020671 -0.022399999
v -0.006838839 -0.003020671 0.021
v -0.006838839 -0.003020671 0.024
v -0.006691306 -0.007431448 -0.0189
v -0.006691306 -0.007431448 -0.0174
v -0.006691306 -0.007431448 0.016000001
v -0.006691306 -0.007431448 0.0175
v -0.006664329 -0.007035463 -0.024
v -0.006664329 -0.007035463 -0.022399999
v -0.006664329 -0.007035463 0.021
v -0.006664329 -0.007035463 0.024
v -0.006664329 -0.002864032 -0.024
v -0.006664329 -0.002864032 -0.022399999
v -0.006664329 -0.002864032 0.021
v -0.006664329 -0.002864032 0.024
v -0.006565838 0.007542531 -0.022399999
v -0.006565838 0.007542531 -0.0189
v -0.006565838 0.007542531 0.0175
v -0.006565838 0.007542531 0.021
v -0.006476886 -0.00717637 -0.024
v -0.006476886 -0.00717637 -0.022399999
v -0.006476886 -0.00717637 0.021
v -0.006476886 -0.00717637 0.024
v -0.006476886 -0.002723125 -0.024
v -0.006476886 -0.002723125 -0.022399999
v -0.006476886 -0.002723125 0.021
v -0.006476886 -0.002723125 0.024
v -0.006277923 -0.007300481 -0.024
v -0.006277923 -0.007300481 -0.022399999
v -0.006277923 -0.007300481 0.021
v -0.006277923 -0.007300481 0.024
v -0.006277923 -0.002599014 -0.024
v -0.006277923 -0.002599014 -0.022399999
v -0.006277923 -0.002599014 0.021
v -0.006277923 -0.002599014 0.024
v -0.006069209 -0.006092904 -0.022399999
v -0.006069209 -0.006092904 -0.0189
v -0.006069209 -0.006092904 0.0175
v -0.006069209 -0.006092904 0.021
v -0.006069209 -0.003806591 -0.022399999
v -0.006069209 -0.003806591 -0.0189
v -0.006069209 -0.003806591 0.0175
v -0.006069209 -0.003806591 0.021
v -0.006069209 0.003806591 -0.022399999
v -0.006069209 0.003806591 -0.0189
v -0.006069209 0.003806591 0.0175
v -0.006069209 0.003806591 0.021
v -0.006069209 0.006092904 -0.022399999
v -0.006069209 0.006092904 -0.0189
v -0.006069209 0.006092904 0.0175
v -0.006069209 0.006092904 0.021
v -0.006068943 -0.00740686 -0.024
v -0.006068943 -0.00740686 -0.022399999
v -0.006068943 -0.00740686 0.021
v -0.006068943 -0.00740686 0.024
v -0.006068943 -0.002492635 -0.024
v -0.006068943 -0.002492635 -0.022399999
v -0.006068943 -0.002492635 0.021
v -0.006068943 -0.002492635 0.024
v -0.006039615 -0.007970135 -0.0189
v -0.006039615 -0.007970135 -0.0174
v -0.006039615 -0.007970135 0.016000001
v -0.006039615 -0.007970135 0.0175
v -0.005965796 -0.006185727 -0.022399999
v -0.005965796 -0.006185727 -0.0189
v -0.005965796 -0.006185727 0.0175
v -0.005965796 -0.006185727 0.021
v -0.005965796 -0.003713768 -0.022399999
v -0.005965796 -0.003713768 -0.0189
v -0.005965796 -0.003713768 0.0175
v -0.005965796 -0.003713768 0.021
v -0.005965796 0.003713768 -0.022399999
v -0.005965796 0.003713768 -0.0189
v -0.005965796 0.003713768 0.0175
v -0.005965796 0.003713768 0.021
v -0.005965796 0.006185727 -0.022399999
v -0.005965796 0.006185727 -0.0189
v -0.005965796 0.006185727 0.0175
v -0.005965796 0.006185727 0.021
v -0.005898144 0.008075388 -0.022399999
v -0.005898144 0.008075388 -0.0189
v -0.005898144 0.008075388 0.0175
v -0.005898144 0.008075388 0.021
v -0.005854718 -0.006269227 -0.022399999
v -0.005854718 -0.006269227 -0.0189
v -0.005854718 -0.006269227 0.0175
v -0.005854718 -0.006269227 0.021
v -0.005854718 -0.003630267 -0.022399999
v -0.005854718 -0.003630267 -0.0189
v -0.005854718 -0.003630267 0.0175
v -0.005854718 -0.003630267 0.021
v -0.005854718 0.003630267 -0.022399999
v -0.005854718 0.003630267 -0.0189
v -0.005854718 0.003630267 0.0175
v -0.005854718 0.003630267 0.021
v -0.005854718 0.006269227 -0.022399999
v -0.005854718 0.006269227 -0.0189
v -0.005854718 0.006269227 0.0175
v -0.005854718 0.006269227 0.021
v -0.00585152 -0.007494705 -0.024
v -0.00585152 -0.007494705 -0.022399999
v -0.00585152 -0.007494705 0.021
v -0.00585152 -0.007494705 0.024
v -0.00585152 -0.00240479 -0.024
v -0.00585152 -0.00240479 -0.022399999
v -0.00585152 -0.00240479 0.021
v -0.00585152 -0.00240479 0.024
v -0.005736815 -0.006342775 -0.022399999
v -0.005736815 -0.006342775 -0.0189
v -0.005736815 -0.006342775 0.0175
v -0.005736815 -0.006342775 0.021
v -0.005736815 -0.00355672 -0.022399999
v -0.005736815 -0.00355672 -0.0189
v -0.005736815 -0.00355672 0.0175
v -0.005736815 -0.00355672 0.021
v -0.005736815 0.00355672 -0.022399999
v -0.005736815 0.00355672 -0.0189
v -0.005736815 0.00355672 0.0175
v -0.005736815 0.00355672 0.021
v -0.005736815 0.006342775 -0.022399999
v -0.005736815 0.006342775 -0.0189
v -0.005736815 0.006342775 0.0175
v -0.005736815 0.006342775 0.021
v -0.005717035 -0.0 -0.0189
v -0.005717035 -0.0 0.0175
v -0.005627294 -0.007563353 -0.024
v -0.005627294 -0.007563353 -0.022399999
v -0.005627294 -0.007563353 0.021
v -0.005627294 -0.007563353 0.024
v -0.005627294 -0.002336143 -0.024
v -0.005627294 -0.002336143 -0.022399999
v -0.005627294 -0.002336143 0.021
v -0.005627294 -0.002336143 0.024
v -0.005612975 -0.006405814 -0.022399999
v -0.005612975 -0.006405814 -0.0189
v -0.005612975 -0.006405814 0.0175
v -0.005612975 -0.006405814 0.021
v -0.005612975 -0.003493681 -0.022399999
v -0.005612975 -0.003493681 -0.0189
v -0.005612975 -0.003493681 0.0175
v -0.005612975 -0.003493681 0.021
v -0.005612975 0.003493681 -0.022399999
v -0.005612975 0.003493681 -0.0189
v -0.005612975 0.003493681 0.0175
v -0.005612975 0.003493681 0.021
v -0.005612975 0.006405814 -0.022399999
v -0.005612975 0.006405814 -0.0189
v -0.005612975 0.006405814 0.0175
v -0.005612975 0.006405814 0.021
v -0.005484131 -0.00645787 -0.022399999
v -0.005484131 -0.00645787 -0.0189
v -0.005484131 -0.00645787 0.0175
v -0.005484131 -0.00645787 0.021
v -0.005484131 -0.003441625 -0.022399999
v -0.005484131 -0.003441625 -0.0189
v -0.005484131 -0.003441625 0.0175
v -0.005484131 -0.003441625 0.021
v -0.005484131 0.003441625 -0.022399999
v -0.005484131 0.003441625 -0.0189
v -0.005484131 0.003441625 0.0175
v -0.005484131 0.003441625 0.021
v -0.005484131 0.00645787 -0.022399999
v -0.005484131 0.00645787 -0.0189
v -0.005484131 0.00645787 0.0175
v -0.005484131 0.00645787 0.021
v -0.005397958 -0.007612285 -0.024
v -0.005397958 -0.007612285 -0.022399999
v -0.005397958 -0.007612285 0.021
v -0.005397958 -0.007612285 0.024
v -0.005397958 -0.00228721 -0.024
v -0.005397958 -0.00228721 -0.022399999
v -0.005397958 -0.00228721 0.021
v -0.005397958 -0.00228721 0.024
v -0.005351257 -0.006498551 -0.022399999
v -0.005351257 -0.006498551 -0.0189
v -0.005351257 -0.006498551 0.0175
v -0.005351257 -0.006498551 0.021
v -0.005351257 -0.003400945 -0.022399999
v -0.005351257 -0.003400945 -0.0189
v -0.005351257 -0.003400945 0.0175
v -0.005351257 -0.003400945 0.021
v -0.005351257 0.003400945 -0.022399999
v -0.005351257 0.003400945 -0.0189
v -0.005351257 0.003400945 0.0175
v -0.005351257 0.003400945 0.021
v -0.005351257 0.006498551 -0.022399999
v -0.005351257 0.006498551 -0.0189
v -0.005351257 0.006498551 0.0175
v -0.005351257 0.006498551 0.021
v -0.005344747 -0.008451845 -0.0189
v -0.005344747 -0.008451845 -0.0174
v -0.005344747 -0.008451845 0.016000001
v -0.005344747 -0.008451845 0.0175
v -0.00523425 0.002264779 -0.024
v -0.00523425 0.002264779 -0.022399999
v -0.00523425 0.002264779 0.021
v -0.00523425 0.002264779 0.024
v -0.005215354 -0.006527548 -0.022399999
v -0.005215354 -0.006527548 -0.0189
v -0.005215354 -0.006527548 0.0175
v -0.005215354 -0.006527548 0.021
v -0.005215354 -0.003371947 -0.022399999
v -0.005215354 -0.003371947 -0.0189
v -0.005215354 -0.003371947 0.0175
v -0.005215354 -0.003371947 0.021
v -0.005215354 0.003371947 -0.022399999
v -0.005215354 0.003371947 -0.0189
v -0.005215354 0.003371947 0.0175
v -0.005215354 0.003371947 0.021
v -0.005215354 0.006527548 -0.022399999
v -0.005215354 0.006527548 -0.0189
v -0.005215354 0.006527548 0.0175
v -0.005215354 0.006527548 0.021
v -0.005187408 0.008549316 -0.022399999
v -0.005187408 0.008549316 -0.0189
v -0.005187408 0.008549316 0.0175
v -0.005187408 0.008549316 0.021
v -0.005165241 -0.007641134 -0.024
v -0.005165241 -0.007641134 -0.022399999
v -0.005165241 -0.007641134 0.021
v -0.005165241 -0.007641134 0.024
v -0.005165241 -0.002258361 -0.024
v -0.005165241 -0.002258361 -0.022399999
v -0.005165241 -0.002258361 0.021
v -0.005165241 -0.002258361 0.024
v -0.005077447 -0.006544644 -0.022399999
v -0.005077447 -0.006544644 -0.0189
v -0.005077447 -0.006544644 0.0175
v -0.005077447 -0.006544644 0.021
v -0.005077447 -0.003354852 -0.022399999
v -0.005077447 -0.003354852 -0.0189
v -0.005077447 -0.003354852 0.0175
v -0.005077447 -0.003354852 0.021
v -0.005077447 0.003354852 -0.022399999
v -0.005077447 0.003354852 -0.0189
v -0.005077447 0.003354852 0.0175
v -0.005077447 0.003354852 0.021
v -0.005077447 0.006544644 -0.022399999
v -0.005077447 0.006544644 -0.0189
v -0.005077447 0.006544644 0.0175
v -0.005077447 0.006544644 0.021
v -0.004999157 0.0022502 -0.024
v -0.004999157 0.0022502 -0.022399999
v -0.004999157 0.0022502 0.021
v -0.004999157 0.0022502 0.024
v -0.004938577 -0.006549709 -0.022399999
v -0.004938577 -0.006549709 -0.0189
v -0.004938577 -0.006549709 0.0175
v -0.004938577 -0.006549709 0.021
v -0.004938577 -0.003349786 -0.022399999
v -0.004938577 -0.003349786 -0.0189
v -0.004938577 -0.003349786 0.0175
v -0.004938577 -0.003349786 0.021
v -0.004938577 0.003349786 -0.022399999
v -0.004938577 0.003349786 -0.0189
v -0.004938577 0.003349786 0.0175
v -0.004938577 0.003349786 0.021
v -0.004938577 0.006549709 -0.022399999
v -0.004938577 0.006549709 -0.0189
v -0.004938577 0.006549709 0.0175
v -0.004938577 0.006549709 0.021
v -0.004930898 -0.007649682 -0.024
v -0.004930898 -0.007649682 -0.022399999
v -0.004930898 -0.007649682 0.021
v -0.004930898 -0.007649682 0.024
v -0.004930898 -0.002249813 -0.024
v -0.004930898 -0.002249813 -0.022399999
v -0.004930898 -0.002249813 0.021
v -0.004930898 -0.002249813 0.024
v -0.004799792 -0.006542705 -0.022399999
v -0.004799792 -0.006542705 -0.0189
v -0.004799792 -0.006542705 0.0175
v -0.004799792 -0.006542705 0.021
v -0.004799792 -0.00335679 -0.022399999
v -0.004799792 -0.00335679 -0.0189
v -0.004799792 -0.00335679 0.0175
v -0.004799792 -0.00335679 0.021
v -0.004799792 0.00335679 -0.022399999
v -0.004799792 0.00335679 -0.0189
v -0.004799792 0.00335679 0.0175
v -0.004799792 0.00335679 0.021
v -0.004799792 0.006542705 -0.022399999
v -0.004799792 0.006542705 -0.0189
v -0.004799792 0.006542705 0.0175
v -0.004799792 0.006542705 0.021
v -0.004763688 0.002256166 -0.024
v -0.004763688 0.002256166 -0.022399999
v -0.004763688 0.002256166 0.021
v -0.004763688 0.002256166 0.024
v -0.004696697 -0.007637863 -0.024
v -0.004696697 -0.007637863 -0.022399999
v -0.004696697 -0.007637863 0.021
v -0.004696697 -0.007637863 0.024
v -0.004696697 -0.002261632 -0.024
v -0.004696697 -0.002261632 -0.022399999
v -0.004696697 -0.002261632 0.021
v -0.004696697 -0.002261632 0.024
v -0.004662137 -0.006523686 -0.022399999
v -0.004662137 -0.006523686 -0.0189
v -0.004662137 -0.006523686 0.0175
v -0.004662137 -0.006523686 0.021
v -0.004662137 -0.00337581 -0.022399999
v -0.004662137 -0.00337581 -0.0189
v -0.004662137 -0.00337581 0.0175
v -0.004662137 -0.00337581 0.021
v -0.004662137 0.00337581 -0.022399999
v -0.004662137 0.00337581 -0.0189
v -0.004662137 0.00337581 0.0175
v -0.004662137 0.00337581 0.021
v -0.004662137 0.006523686 -0.022399999
v -0.004662137 0.006523686 -0.0189
v -0.004662137 0.006523686 0.0175
v -0.004662137 0.006523686 0.021
v -0.004611671 -0.008873133 -0.0189
v -0.004611671 -0.008873133 -0.0174
v -0.004611671 -0.008873133 0.016000001
v -0.004611671 -0.008873133 0.0175
v -0.004529635 0.002282632 -0.024
v -0.004529635 0.002282632 -0.022399999
v -0.004529635 0.002282632 0.021
v -0.004529635 0.002282632 0.024
v -0.004526653 -0.006492794 -0.022399999
v -0.004526653 -0.006492794 -0.0189
v -0.004526653 -0.006492794 0.0175
v -0.004526653 -0.006492794 0.021
v -0.004526653 -0.003406701 -0.022399999
v -0.004526653 -0.003406701 -0.0189
v -0.004526653 -0.003406701 0.0175
v -0.004526653 -0.003406701 0.021
v -0.004526653 0.003406701 -0.022399999
v -0.004526653 0.003406701 -0.0189
v -0.004526653 0.003406701 0.0175
v -0.004526653 0.003406701 0.021
v -0.004526653 0.006492794 -0.022399999
v -0.004526653 0.006492794 -0.0189
v -0.004526653 0.006492794 0.0175
v -0.004526653 0.006492794 0.021
v -0.004464406 -0.007605768 -0.024
v -0.004464406 -0.007605768 -0.022399999
v -0.004464406 -0.007605768 0.021
v -0.004464406 -0.007605768 0.024
v -0.004464406 -0.002293727 -0.024
v -0.004464406 -0.002293727 -0.022399999
v -0.004464406 -0.002293727 0.021
v -0.004464406 -0.002293727 0.024
v -0.004438816 0.008960854 -0.022399999
v -0.004438816 0.008960854 -0.0189
v -0.004438816 0.008960854 0.0175
v -0.004438816 0.008960854 0.021
v -0.004394359 -0.006450262 -0.022399999
v -0.004394359 -0.006450262 -0.0189
v -0.004394359 -0.006450262 0.0175
v -0.004394359 -0.006450262 0.021
v -0.004394359 -0.003449233 -0.022399999
v -0.004394359 -0.003449233 -0.0189
v -0.004394359 -0.003449233 0.0175
v -0.004394359 -0.003449233 0.021
v -0.004394359 0.003449233 -0.022399999
v -0.004394359 0.003449233 -0.0189
v -0.004394359 0.003449233 0.0175
v -0.004394359 0.003449233 0.021
v -0.004394359 0.006450262 -0.022399999
v -0.004394359 0.006450262 -0.0189
v -0.004394359 0.006450262 0.0175
v -0.004394359 0.006450262 0.021
v -0.004298779 0.002329396 -0.024
v -0.004298779 0.002329396 -0.022399999
v -0.004298779 0.002329396 0.021
v -0.004298779 0.002329396 0.024
v -0.004287777 -0.0 -0.020400001
v -0.004287777 -0.0 -0.0199
v -0.004287777 -0.0 0.0185
v -0.004287777 -0.0 0.018999999
v -0.004266256 -0.006396412 -0.022399999
v -0.004266256 -0.006396412 -0.0189
v -0.004266256 -0.006396412 0.0175
v -0.004266256 -0.006396412 0.021
v -0.004266256 -0.003503083 -0.022399999
v -0.004266256 -0.003503083 -0.0189
v -0.004266256 -0.003503083 0.0175
v -0.004266256 -0.003503083 0.021
v -0.004266256 0.003503083 -0.022399999
v -0.004266256 0.003503083 -0.0189
v -0.004266256 0.003503083 0.0175
v -0.004266256 0.003503083 0.021
v -0.004266256 0.006396412 -0.022399999
v -0.004266256 0.006396412 -0.0189
v -0.004266256 0.006396412 0.0175
v -0.004266256 0.006396412 0.021
v -0.004235775 -0.007553637 -0.024
v -0.004235775 -0.007553637 -0.022399999
v -0.004235775 -0.007553637 0.021
v -0.004235775 -0.007553637 0.024
v -0.004235775 -0.002345857 -0.024
v -0.004235775 -0.002345857 -0.022399999
v -0.004235775 -0.002345857 0.021
v -0.004235775 -0.002345857 0.024
v -0.004143307 -0.00633165 -0.022399999
v -0.004143307 -0.00633165 -0.0189
v -0.004143307 -0.00633165 0.0175
v -0.004143307 -0.00633165 0.021
v -0.004143307 -0.003567845 -0.022399999
v -0.004143307 -0.003567845 -0.0189
v -0.004143307 -0.003567845 0.0175
v -0.004143307 -0.003567845 0.021
v -0.004143307 0.003567845 -0.022399999
v -0.004143307 0.003567845 -0.0189
v -0.004143307 0.003567845 0.0175
v -0.004143307 0.003567845 0.021
v -0.004143307 0.00633165 -0.022399999
v -0.004143307 0.00633165 -0.0189
v -0.004143307 0.00633165 0.0175
v -0.004143307 0.00633165 0.021
v -0.004072878 0.002396103 -0.024
v -0.004072878 0.002396103 -0.022399999
v -0.004072878 0.002396103 0.021
v -0.004072878 0.002396103 0.024
v -0.004026442 -0.006256463 -0.022399999
v -0.004026442 -0.006256463 -0.0189
v -0.004026442 -0.006256463 0.0175
v -0.004026442 -0.006256463 0.021
v -0.004026442 -0.003643031 -0.022399999
v -0.004026442 -0.003643031 -0.0189
v -0.004026442 -0.003643031 0.0175
v -0.004026442 -0.003643031 0.021
v -0.004026442 0.003643031 -0.022399999
v -0.004026442 0.003643031 -0.0189
v -0.004026442 0.003643031 0.0175
v -0.004026442 0.003643031 0.021
v -0.004026442 0.006256463 -0.022399999
v -0.004026442 0.006256463 -0.0189
v -0.004026442 0.006256463 0.0175
v -0.004026442 0.006256463 0.021
v -0.00401253 -0.007481866 -0.024
v -0.00401253 -0.007481866 -0.022399999
v -0.00401253 -0.007481866 0.021
v -0.00401253 -0.007481866 0.024
v -0.00401253 -0.002417629 -0.024
v -0.00401253 -0.002417629 -0.022399999
v -0.00401253 -0.002417629 0.021
v -0.00401253 -0.002417629 0.024
v -0.003916541 -0.006171421 -0.022399999
v -0.003916541 -0.006171421 -0.0189
v -0.003916541 -0.006171421 0.0175
v -0.003916541 -0.006171421 0.021
v -0.003916541 -0.003728074 -0.022399999
v -0.003916541 -0.003728074 -0.0189
v -0.003916541 -0.003728074 0.0175
v -0.003916541 -0.003728074 0.021
v -0.003916541 0.003728074 -0.022399999
v -0.003916541 0.003728074 -0.0189
v -0.003916541 0.003728074 0.0175
v -0.003916541 0.003728074 0.021
v -0.003916541 0.006171421 -0.022399999
v -0.003916541 0.006171421 -0.0189
v -0.003916541 0.006171421 0.0175
v -0.003916541 0.006171421 0.021
v -0.00385365 0.002482245 -0.024
v -0.00385365 0.002482245 -0.022399999
v -0.00385365 0.002482245 0.021
v -0.00385365 0.002482245 0.024
v -0.003845626 -0.009230989 -0.0189
v -0.003845626 -0.009230989 -0.0174
v -0.003845626 -0.009230989 0.016000001
v -0.003845626 -0.009230989 0.0175
v -0.003814434 -0.006077162 -0.022399999
v -0.003814434 -0.006077162 -0.0189
v -0.003814434 -0.006077162 0.0175
v -0.003814434 -0.006077162 0.021
v -0.003814434 -0.003822333 -0.022399999
v -0.003814434 -0.003822333 -0.0189
v -0.003814434 -0.003822333 0.0175
v -0.003814434 -0.003822333 0.021
v -0.003814434 0.003822333 -0.022399999
v -0.003814434 0.003822333 -0.0189
v -0.003814434 0.003822333 0.0175
v -0.003814434 0.003822333 0.021
v -0.003814434 0.006077162 -0.022399999
v -0.003814434 0.006077162 -0.0189
v -0.003814434 0.006077162 0.0175
v -0.003814434 0.006077162 0.021
v -0.003796355 -0.007390994 -0.024
v -0.003796355 -0.007390994 -0.022399999
v -0.003796355 -0.007390994 0.021
v -0.003796355 -0.007390994 0.024
v -0.003796355 -0.002508501 -0.024
v -0.003796355 -0.002508501 -0.022399999
v -0.003796355 -0.002508501 0.021
v -0.003796355 -0.002508501 0.024
v -0.003720891 -0.0059744 -0.022399999
v -0.003720891 -0.0059744 -0.0189
v -0.003720891 -0.0059744 0.0175
v -0.003720891 -0.0059744 0.021
v -0.003720891 -0.003925095 -0.022399999
v -0.003720891 -0.003925095 -0.0189
v -0.003720891 -0.003925095 0.0175
v -0.003720891 -0.003925095 0.021
v -0.003720891 0.003925095 -0.022399999
v -0.003720891 0.003925095 -0.0189
v -0.003720891 0.003925095 0.0175
v -0.003720891 0.003925095 0.021
v -0.003720891 0.0059744 -0.022399999
v -0.003720891 0.0059744 -0.0189
v -0.003720891 0.0059744 0.0175
v -0.003720891 0.0059744 0.021
v -0.003657832 0.009307001 -0.022399999
v -0.003657832 0.009307001 -0.0189
v -0.003657832 0.009307001 0.0175
v -0.003657832 0.009307001 0.021
v -0.003642763 0.002587166 -0.024
v -0.003642763 0.002587166 -0.022399999
v -0.003642763 0.002587166 0.021
v -0.003642763 0.002587166 0.024
v -0.003636617 -0.005863908 -0.022399999
v -0.003636617 -0.005863908 -0.0189
v -0.003636617 -0.005863908 0.0175
v -0.003636617 -0.005863908 0.021
v -0.003636617 -0.004035587 -0.022399999
v -0.003636617 -0.004035587 -0.0189
v -0.003636617 -0.004035587 0.0175
v -0.003636617 -0.004035587 0.021
v -0.003636617 0.004035587 -0.022399999
v -0.003636617 0.004035587 -0.0189
v -0.003636617 0.004035587 0.0175
v -0.003636617 0.004035587 0.021
v -0.003636617 0.005863908 -0.022399999
v -0.003636617 0.005863908 -0.0189
v -0.003636617 0.005863908 0.0175
v -0.003636617 0.005863908 0.021
v -0.003588879 -0.007281708 -0.024
v -0.003588879 -0.007281708 -0.022399999
v -0.003588879 -0.007281708 0.021
v -0.003588879 -0.007281708 0.024
v -0.003588879 -0.002617787 -0.024
v -0.003588879 -0.002617787 -0.022399999
v -0.003588879 -0.002617787 0.021
v -0.003588879 -0.002617787 0.024
v -0.003562249 -0.005746521 -0.022399999
v -0.003562249 -0.005746521 -0.0189
v -0.003562249 -0.005746521 0.0175
v -0.003562249 -0.005746521 0.021
v -0.003562249 -0.004152974 -0.022399999
v -0.003562249 -0.004152974 -0.0189
v -0.003562249 -0.004152974 0.0175
v -0.003562249 -0.004152974 0.021
v -0.003562249 0.004152974 -0.022399999
v -0.003562249 0.004152974 -0.0189
v -0.003562249 0.004152974 0.0175
v -0.003562249 0.004152974 0.021
v -0.003562249 0.005746521 -0.022399999
v -0.003562249 0.005746521 -0.0189
v -0.003562249 0.005746521 0.0175
v -0.003562249 0.005746521 0.021
v -0.003498347 -0.005623123 -0.022399999
v -0.003498347 -0.005623123 -0.0189
v -0.003498347 -0.005623123 0.0175
v -0.003498347 -0.005623123 0.021
v -0.003498347 -0.004276372 -0.022399999
v -0.003498347 -0.004276372 -0.0189
v -0.003498347 -0.004276372 0.0175
v -0.003498347 -0.004276372 0.021
v -0.003498347 0.004276372 -0.022399999
v -0.003498347 0.004276372 -0.0189
v -0.003498347 0.004276372 0.0175
v -0.003498347 0.004276372 0.021
v -0.003498347 0.005623123 -0.022399999
v -0.003498347 0.005623123 -0.0189
v -0.003498347 0.005623123 0.0175
v -0.003498347 0.005623123 0.021
v -0.003445392 -0.005494646 -0.022399999
v -0.003445392 -0.005494646 -0.0189
v -0.003445392 -0.005494646 0.0175
v -0.003445392 -0.005494646 0.021
v -0.003445392 -0.004404848 -0.022399999
v -0.003445392 -0.004404848 -0.0189
v -0.003445392 -0.004404848 0.0175
v -0.003445392 -0.004404848 0.021
v -0.003445392 0.004404848 -0.022399999
v -0.003445392 0.004404848 -0.0189
v -0.003445392 0.004404848 0.0175
v -0.003445392 0.004404848 0.021
v -0.003445392 0.005494646 -0.022399999
v -0.003445392 0.005494646 -0.0189
v -0.003445392 0.005494646 0.0175
v -0.003445392 0.005494646 0.021
v -0.003441824 0.002710067 -0.024
v -0.003441824 0.002710067 -0.022399999
v -0.003441824 0.002710067 0.021
v -0.003441824 0.002710067 0.024
v -0.003403785 -0.005362059 -0.022399999
v -0.003403785 -0.005362059 -0.0189
v -0.003403785 -0.005362059 0.0175
v -0.003403785 -0.005362059 0.021
v -0.003403785 -0.004537436 -0.022399999
v -0.003403785 -0.004537436 -0.0189
v -0.003403785 -0.004537436 0.0175
v -0.003403785 -0.004537436 0.021
v -0.003403785 0.004537436 -0.022399999
v -0.003403785 0.004537436 -0.0189
v -0.003403785 0.004537436 0.0175
v -0.003403785 0.004537436 0.021
v -0.003403785 0.005362059 -0.022399999
v -0.003403785 0.005362059 -0.0189
v -0.003403785 0.005362059 0.0175
v -0.003403785 0.005362059 0.021
v -0.003391669 -0.007154831 -0.024
v -0.003391669 -0.007154831 -0.022399999
v -0.003391669 -0.007154831 0.021
v -0.003391669 -0.007154831 0.024
v -0.003391669 -0.002744664 -0.024
v -0.003391669 -0.002744664 -0.022399999
v -0.003391669 -0.002744664 0.021
v -0.003391669 -0.002744664 0.024
v -0.00337384 -0.005226362 -0.022399999
v -0.00337384 -0.005226362 -0.0189
v -0.00337384 -0.005226362 0.0175
v -0.00337384 -0.005226362 0.021
v -0.00337384 -0.004673133 -0.022399999
v -0.00337384 -0.004673133 -0.0189
v -0.00337384 -0.004673133 0.0175
v -0.00337384 -0.004673133 0.021
v -0.00337384 0.004673133 -0.022399999
v -0.00337384 0.004673133 -0.0189
v -0.00337384 0.004673133 0.0175
v -0.00337384 0.004673133 0.021
v -0.00337384 0.005226362 -0.022399999
v -0.00337384 0.005226362 -0.0189
v -0.00337384 0.005226362 0.0175
v -0.00337384 0.005226362 0.021
v -0.003355782 -0.005088578 -0.022399999
v -0.003355782 -0.005088578 -0.0189
v -0.003355782 -0.005088578 0.0175
v -0.003355782 -0.005088578 0.021
v -0.003355782 -0.004810916 -0.022399999
v -0.003355782 -0.004810916 -0.0189
v -0.003355782 -0.004810916 0.0175
v -0.003355782 -0.004810916 0.021
v -0.003355782 0.004810916 -0.022399999
v -0.003355782 0.004810916 -0.0189
v -0.003355782 0.004810916 0.0175
v -0.003355782 0.004810916 0.021
v -0.003355782 0.005088578 -0.022399999
v -0.003355782 0.005088578 -0.0189
v -0.003355782 0.005088578 0.0175
v -0.003355782 0.005088578 0.021
v -0.003349748 -0.004949748 -0.022399999
v -0.003349748 -0.004949748 -0.0189
v -0.003349748 -0.004949748 0.0175
v -0.003349748 -0.004949748 0.021
v -0.003349748 0.004949748 -0.022399999
v -0.003349748 0.004949748 -0.0189
v -0.003349748 0.004949748 0.0175
v -0.003349748 0.004949748 0.021
v -0.003252361 0.002850014 -0.024
v -0.003252361 0.002850014 -0.022399999
v -0.003252361 0.002850014 0.021
v -0.003252361 0.002850014 0.024
v -0.003206212 -0.00701132 -0.024
v -0.003206212 -0.00701132 -0.022399999
v -0.003206212 -0.00701132 0.021
v -0.003206212 -0.00701132 0.024
v -0.003206212 -0.002888174 -0.024
v -0.003206212 -0.002888174 -0.022399999
v -0.003206212 -0.002888174 0.021
v -0.003206212 -0.002888174 0.024
v -0.003075817 0.003005941 -0.024
v -0.003075817 0.003005941 -0.022399999
v -0.003075817 0.003005941 0.021
v -0.003075817 0.003005941 0.024
v -0.00305209 -0.009522854 -0.0189
v -0.00305209 -0.009522854 -0.0174
v -0.00305209 -0.009522854 0.016000001
v -0.00305209 -0.009522854 0.0175
v -0.003033906 -0.00685226 -0.024
v -0.003033906 -0.00685226 -0.022399999
v -0.003033906 -0.00685226 0.021
v -0.003033906 -0.00685226 0.024
v -0.003033906 -0.003047235 -0.024
v -0.003033906 -0.003047235 -0.022399999
v -0.003033906 -0.003047235 0.021
v -0.003033906 -0.003047235 0.024
v -0.002913534 0.003176662 -0.024
v -0.002913534 0.003176662 -0.022399999
v -0.002913534 0.003176662 0.021
v -0.002913534 0.003176662 0.024
v -0.002876052 -0.006678848 -0.024
v -0.002876052 -0.006678848 -0.022399999
v -0.002876052 -0.006678848 0.021
v -0.002876052 -0.006678848 0.024
v -0.002876052 -0.003220647 -0.024
v -0.002876052 -0.003220647 -0.022399999
v -0.002876052 -0.003220647 0.021
v -0.002876052 -0.003220647 0.024
v -0.002850155 0.009585229 -0.022399999
v -0.002850155 0.009585229 -0.0189
v -0.002850155 0.009585229 0.0175
v -0.002850155 0.009585229 0.021
v -0.002798653 -0.002857891 -0.0189
v -0.002798653 -0.002857891 0.0175
v -0.002798653 0.002857891 -0.0189
v -0.002798653 0.002857891 0.0175
v -0.002766747 0.003360876 -0.024
v -0.002766747 0.003360876 -0.022399999
v -0.002766747 0.003360876 0.021
v -0.002766747 0.003360876 0.024
v -0.002733841 -0.006492394 -0.024
v -0.002733841 -0.006492394 -0.022399999
v -0.002733841 -0.006492394 0.021
v -0.002733841 -0.006492394 0.024
v -0.002733841 -0.003407101 -0.024
v -0.002733841 -0.003407101 -0.022399999
v -0.002733841 -0.003407101 0.021
v -0.002733841 -0.003407101 0.024
v -0.002636575 0.003557184 -0.024
v -0.002636575 0.003557184 -0.022399999
v -0.002636575 0.003557184 0.021
v -0.002636575 0.003557184 0.024
v -0.002608344 -0.006294303 -0.024
v -0.002608344 -0.006294303 -0.022399999
v -0.002608344 -0.006294303 0.021
v -0.002608344 -0.006294303 0.024
v -0.002608344 -0.003605193 -0.024
v -0.002608344 -0.003605193 -0.022399999
v -0.002608344 -0.003605193 0.021
v -0.002608344 -0.003605193 0.024
v -0.002545803 -0.003085269 -0.0189
v -0.002545803 -0.003085269 0.0175
v -0.002545803 0.003085269 -0.0189
v -0.002545803 0.003085269 0.0175
v -0.002524008 0.003764089 -0.024
v -0.002524008 0.003764089 -0.022399999
v -0.002524008 0.003764089 0.021
v -0.002524008 0.003764089 0.024
v -0.002500508 -0.006086069 -0.024
v -0.002500508 -0.006086069 -0.022399999
v -0.002500508 -0.006086069 0.021
v -0.002500508 -0.006086069 0.024
v -0.002500508 -0.003813426 -0.024
v -0.002500508 -0.003813426 -0.022399999
v -0.002500508 -0.003813426 0.021
v -0.002500508 -0.003813426 0.024
v -0.002429901 0.003980018 -0.024
v -0.002429901 0.003980018 -0.022399999
v -0.002429901 0.003980018 0.021
v -0.002429901 0.003980018 0.024
v -0.002411148 -0.005869265 -0.024
v -0.002411148 -0.005869265 -0.022399999
v -0.002411148 -0.005869265 0.021
v -0.002411148 -0.005869265 0.024
v -0.002411148 -0.00403023 -0.024
v -0.002411148 -0.00403023 -0.022399999
v -0.002411148 -0.00403023 0.021
v -0.002411148 -0.00403023 0.024
v -0.002354973 0.004203327 -0.024
v -0.002354973 0.004203327 -0.022399999
v -0.002354973 0.004203327 0.021
v -0.002354973 0.004203327 0.024
v -0.002340936 -0.005645524 -0.024
v -0.002340936 -0.005645524 -0.022399999
v -0.002340936 -0.005645524 0.021
v -0.002340936 -0.005645524 0.024
v -0.002340936 -0.004253971 -0.024
v -0.002340936 -0.004253971 -0.022399999
v -0.002340936 -0.004253971 0.021
v -0.002340936 -0.004253971 0.024
v -0.002299792 0.004432317 -0.024
v -0.002299792 0.004432317 -0.022399999
v -0.002299792 0.004432317 0.021
v -0.002299792 0.004432317 0.024
v -0.002290404 -0.005416535 -0.024
v -0.002290404 -0.005416535 -0.022399999
v -0.002290404 -0.005416535 0.021
v -0.002290404 -0.005416535 0.024
v -0.002290404 -0.00448296 -0.024
v -0.002290404 -0.00448296 -0.022399999
v -0.002290404 -0.00448296 0.021
v -0.002290404 -0.00448296 0.024
v -0.002286814 -0.0 -0.024
v -0.002286814 0.0 -0.020400001
v -0.002274554 -0.00329035 -0.0189
v -0.002274554 -0.00329035 0.0175
v -0.002274554 0.00329035 -0.0189
v -0.002274554 0.00329035 0.0175
v -0.002264779 0.004665245 -0.024
v -0.002264779 0.004665245 -0.022399999
v -0.002264779 0.004665245 0.021
v -0.002264779 0.004665245 0.024
v -0.002259931 -0.005184025 -0.024
v -0.002259931 -0.005184025 -0.022399999
v -0.002259931 -0.005184025 0.021
v -0.002259931 -0.005184025 0.024
v -0.002259931 -0.00471547 -0.024
v -0.002259931 -0.00471547 -0.022399999
v -0.002259931 -0.00471547 0.021
v -0.002259931 -0.00471547 0.024
v -0.002249748 -0.004949748 -0.024
v -0.002249748 -0.004949748 -0.022399999
v -0.002249748 -0.004949748 0.021
v -0.002249748 -0.004949748 0.024
v -0.002236735 -0.009746641 -0.0189
v -0.002236735 -0.009746641 -0.0174
v -0.002236735 -0.009746641 0.016000001
v -0.002236735 -0.009746641 0.0175
v -0.002139749 0.005845201 -0.024
v -0.002139749 0.005845201 -0.022399999
v -0.002139749 0.005845201 0.021
v -0.002139749 0.005845201 0.024
v -0.002126992 0.005930385 -0.024
v -0.002126992 0.005930385 -0.022399999
v -0.002126992 0.005930385 0.021
v -0.002126992 0.005930385 0.024
v -0.002106953 0.006014154 -0.024
v -0.002106953 0.006014154 -0.022399999
v -0.002106953 0.006014154 0.021
v -0.002106953 0.006014154 0.024
v -0.00209899 -0.002143418 -0.020400001
v -0.00209899 -0.002143418 -0.0199
v -0.00209899 -0.002143418 0.0185
v -0.00209899 -0.002143418 0.018999999
v -0.00209899 0.002143418 -0.020400001
v -0.00209899 0.002143418 -0.0199
v -0.00209899 0.002143418 0.0185
v -0.00209899 0.002143418 0.018999999
v -0.00207978 0.006095889 -0.024
v -0.00207978 0.006095889 -0.022399999
v -0.00207978 0.006095889 0.021
v -0.00207978 0.006095889 0.024
v -0.002045673 0.006174982 -0.024
v -0.002045673 0.006174982 -0.022399999
v -0.002045673 0.006174982 0.021
v -0.002045673 0.006174982 0.024
v -0.002021679 0.009793509 -0.022399999
v -0.002021679 0.009793509 -0.0189
v -0.002021679 0.009793509 0.0175
v -0.002021679 0.009793509 0.021
v -0.002004887 0.006250846 -0.024
v -0.002004887 0.006250846 -0.022399999
v -0.002004887 0.006250846 0.021
v -0.002004887 0.006250846 0.024
v -0.001986866 -0.003471651 -0.0189
v -0.001986866 -0.003471651 0.0175
v -0.001986866 0.003471651 -0.0189
v -0.001986866 0.003471651 0.0175
v -0.001957724 0.006322919 -0.024
v -0.001957724 0.006322919 -0.022399999
v -0.001957724 0.006322919 0.021
v -0.001957724 0.006322919 0.024
v -0.001909352 -0.002313952 -0.020400001
v -0.001909352 -0.002313952 -0.0199
v -0.001909352 -0.002313952 0.0185
v -0.001909352 -0.002313952 0.018999999
v -0.001909352 0.002313952 -0.020400001
v -0.001909352 0.002313952 -0.0199
v -0.001909352 0.002313952 0.0185
v -0.001909352 0.002313952 0.018999999
v -0.001904534 0.006390667 -0.024
v -0.001904534 0.006390667 -0.022399999
v -0.001904534 0.006390667 0.021
v -0.001904534 0.006390667 0.024
v -0.001845711 0.006453586 -0.024
v -0.001845711 0.006453586 -0.022399999
v -0.001845711 0.006453586 0.021
v -0.001845711 0.006453586 0.024
v -0.001781692 0.006511209 -0.024
v -0.001781692 0.006511209 -0.022399999
v -0.001781692 0.006511209 0.021
v -0.001781692 0.006511209 0.024
v -0.001712951 0.00656311 -0.024
v -0.001712951 0.00656311 -0.022399999
v -0.001712951 0.00656311 0.021
v -0.001712951 0.00656311 0.024
v -0.001705915 -0.002467763 -0.020400001
v -0.001705915 -0.002467763 -0.0199
v -0.001705915 -0.002467763 0.0185
v -0.001705915 -0.002467763 0.018999999
v -0.001705915 0.002467763 -0.020400001
v -0.001705915 0.002467763 -0.0199
v -0.001705915 0.002467763 0.0185
v -0.001705915 0.002467763 0.018999999
v -0.001684819 -0.003627862 -0.0189
v -0.001684819 -0.003627862 0.0175
v -0.001684819 0.003627862 -0.0189
v -0.001684819 0.003627862 0.0175
v -0.00164 0.006608903 -0.024
v -0.00164 0.006608903 -0.022399999
v -0.00164 0.006608903 0.021
v -0.00164 0.006608903 0.024
v -0.001563378 0.006648249 -0.024
v -0.001563378 0.006648249 -0.022399999
v -0.001563378 0.006648249 0.021
v -0.001563378 0.006648249 0.024
v -0.00149015 -0.002603739 -0.020400001
v -0.00149015 -0.002603739 -0.0199
v -0.00149015 -0.002603739 0.0185
v -0.00149015 -0.002603739 0.018999999
v -0.00149015 0.002603739 -0.020400001
v -0.00149015 0.002603739 -0.0199
v -0.00149015 0.002603739 0.0185
v -0.00149015 0.002603739 0.018999999
v -0.001483655 0.006680854 -0.024
v -0.001483655 0.006680854 -0.022399999
v -0.001483655 0.006680854 0.021
v -0.001483655 0.006680854 0.024
v -0.001405389 -0.009900752 -0.0189
v -0.001405389 -0.009900752 -0.0174
v -0.001405389 -0.009900752 0.016000001
v -0.001405389 -0.009900752 0.0175
v -0.001401422 0.006706479 -0.024
v -0.001401422 0.006706479 -0.022399999
v -0.001401422 0.006706479 0.021
v -0.001401422 0.006706479 0.024
v -0.001370596 -0.003757854 -0.0189
v -0.001370596 -0.003757854 0.0175
v -0.001370596 0.003757854 -0.0189
v -0.001370596 0.003757854 0.0175
v -0.001317288 0.006724932 -0.024
v -0.001317288 0.006724932 -0.022399999
v -0.001317288 0.006724932 0.021
v -0.001317288 0.006724932 0.024
v -0.001263614 -0.002720897 -0.020400001
v -0.001263614 -0.002720897 -0.0199
v -0.001263614 -0.002720897 0.0185
v -0.001263614 -0.002720897 0.018999999
v -0.001263614 0.002720897 -0.020400001
v -0.001263614 0.002720897 -0.0199
v -0.001263614 0.002720897 0.0185
v -0.001263614 0.002720897 0.018999999
v -0.001231879 0.006736076 -0.024
v -0.001231879 0.006736076 -0.022399999
v -0.001231879 0.006736076 0.021
v -0.001231879 0.006736076 0.024
v -0.00117845 0.00993032 -0.022399999
v -0.00117845 0.00993032 -0.0189
v -0.00117845 0.00993032 0.0175
v -0.00117845 0.00993032 0.021
v -0.001145828 0.00673983 -0.024
v -0.001145828 0.00673983 -0.022399999
v -0.001145828 0.00673983 0.021
v -0.001145828 0.00673983 0.024
v -0.001119461 -0.001143156 -0.024
v -0.001119461 -0.001143156 -0.020400001
v -0.001119461 0.001143156 -0.024
v -0.001119461 0.001143156 -0.020400001
v -0.001059773 0.006736164 -0.024
v -0.001059773 0.006736164 -0.022399999
v -0.001059773 0.006736164 0.021
v -0.001059773 0.006736164 0.024
v -0.001046467 -0.003860687 -0.0189
v -0.001046467 -0.003860687 0.0175
v -0.001046467 0.003860687 -0.0189
v -0.001046467 0.003860687 0.0175
v -0.001027947 -0.002818391 -0.020400001
v -0.001027947 -0.002818391 -0.0199
v -0.001027947 -0.002818391 0.0185
v -0.001027947 -0.002818391 0.018999999
v -0.001027947 0.002818391 -0.020400001
v -0.001027947 0.002818391 -0.0199
v -0.001027947 0.002818391 0.0185
v -0.001027947 0.002818391 0.018999999
v -0.001016048 -0.00123598 -0.024
v -0.001016048 -0.00123598 -0.020400001
v -0.001016048 0.00123598 -0.024
v -0.001016048 0.00123598 -0.020400001
v -0.000974352 0.006725107 -0.024
v -0.000974352 0.006725107 -0.022399999
v -0.000974352 0.006725107 0.021
v -0.000974352 0.006725107 0.024
v -0.000904971 -0.00131948 -0.024
v -0.000904971 -0.00131948 -0.020400001
v -0.000904971 0.00131948 -0.024
v -0.000904971 0.00131948 -0.020400001
v -0.0008902 0.006706741 -0.024
v -0.0008902 0.006706741 -0.022399999
v -0.0008902 0.006706741 0.021
v -0.0008902 0.006706741 0.024
v -0.000807941 0.0066812 -0.024
v -0.000807941 0.0066812 -0.022399999
v -0.000807941 0.0066812 0.021
v -0.000807941 0.0066812 0.024
v -0.000787067 -0.001393027 -0.024
v -0.000787067 -0.001393027 -0.020400001
v -0.000787067 0.001393027 -0.024
v -0.000787067 0.001393027 -0.020400001
v -0.00078485 -0.002895516 -0.020400001
v -0.00078485 -0.002895516 -0.0199
v -0.00078485 -0.002895516 0.0185
v -0.00078485 -0.002895516 0.018999999
v -0.00078485 0.002895516 -0.020400001
v -0.00078485 0.002895516 -0.0199
v -0.00078485 0.002895516 0.0185
v -0.00078485 0.002895516 0.018999999
v -0.000728184 0.006648676 -0.024
v -0.000728184 0.006648676 -0.022399999
v -0.000728184 0.006648676 0.021
v -0.000728184 0.006648676 0.024
v -0.000714775 -0.003935619 -0.0189
v -0.000714775 -0.003935619 0.0175
v -0.000714775 0.003935619 -0.0189
v -0.000714775 0.003935619 0.0175
v -0.000663227 -0.001456067 -0.024
v -0.000663227 -0.001456067 -0.020400001
v -0.000663227 0.001456067 -0.024
v -0.000663227 0.001456067 -0.020400001
v -0.000651522 0.006609409 -0.024
v -0.000651522 0.006609409 -0.022399999
v -0.000651522 0.006609409 0.021
v -0.000651522 0.006609409 0.024
v -0.000578524 0.006563691 -0.024
v -0.000578524 0.006563691 -0.022399999
v -0.000578524 0.006563691 0.021
v -0.000578524 0.006563691 0.024
v -0.000563997 -0.009984083 -0.0189
v -0.000563997 -0.009984083 -0.0174
v -0.000563997 -0.009984083 0.016000001
v -0.000563997 -0.009984083 0.0175
v -0.000536081 -0.002951714 -0.020400001
v -0.000536081 -0.002951714 -0.0199
v -0.000536081 -0.002951714 0.0185
v -0.000536081 -0.002951714 0.018999999
v -0.000536081 0.002951714 -0.020400001
v -0.000536081 0.002951714 -0.0199
v -0.000536081 0.002951714 0.0185
v -0.000536081 0.002951714 0.018999999
v -0.000534383 -0.001508123 -0.024
v -0.000534383 -0.001508123 -0.020400001
v -0.000534383 0.001508123 -0.024
v -0.000534383 0.001508123 -0.020400001
v -0.000509731 0.006511861 -0.024
v -0.000509731 0.006511861 -0.022399999
v -0.000509731 0.006511861 0.021
v -0.000509731 0.006511861 0.024
v -0.000445653 0.006454302 -0.024
v -0.000445653 0.006454302 -0.022399999
v -0.000445653 0.006454302 0.021
v -0.000445653 0.006454302 0.024
v -0.000401509 -0.001548803 -0.024
v -0.000401509 -0.001548803 -0.020400001
v -0.000401509 0.001548803 -0.024
v -0.000401509 0.001548803 -0.020400001
v -0.000377917 -0.003982107 -0.0189
v -0.000377917 -0.003982107 0.0175
v -0.000377917 0.003982107 -0.0189
v -0.000377917 0.003982107 0.0175
v -0.000326621 0.009994664 -0.022399999
v -0.000326621 0.009994664 -0.0189
v -0.000326621 0.009994664 0.0175
v -0.000326621 0.009994664 0.021
v -0.000283438 -0.002986581 -0.020400001
v -0.000283438 -0.002986581 -0.0199
v -0.000283438 -0.002986581 0.0185
v -0.000283438 -0.002986581 0.018999999
v -0.000283438 0.002986581 -0.020400001
v -0.000283438 0.002986581 -0.0199
v -0.000283438 0.002986581 0.0185
v -0.000283438 0.002986581 0.018999999
v -0.000265606 -0.0015778 -0.024
v -0.000265606 -0.0015778 -0.020400001
v -0.000265606 0.0015778 -0.024
v -0.000265606 0.0015778 -0.020400001
v -0.0001277 -0.001594896 -0.024
v -0.0001277 -0.001594896 -0.020400001
v -0.0001277 0.001594896 -0.024
v -0.0001277 0.001594896 -0.020400001
v -3.8328e-05 -0.003999816 -0.0189
v -3.8328e-05 -0.003999816 0.0175
v -3.8328e-05 0.003999816 -0.0189
v -3.8328e-05 0.003999816 0.0175
v -2.8746e-05 -0.002999862 -0.020400001
v -2.8746e-05 -0.002999862 -0.0199
v -2.8746e-05 -0.002999862 0.0185
v -2.8746e-05 -0.002999862 0.018999999
v -2.8746e-05 0.002999862 -0.020400001
v -2.8746e-05 0.002999862 -0.0199
v -2.8746e-05 0.002999862 0.0185
v -2.8746e-05 0.002999862 0.018999999
v 1.117e-05 -0.001599961 -0.024
v 1.117e-05 -0.001599961 -0.020400001
v 1.117e-05 0.001599961 -0.024
v 1.117e-05 0.001599961 -0.020400001
v 0.000149955 -0.001592957 -0.024
v 0.000149955 -0.001592957 -0.020400001
v 0.000149955 0.001592957 -0.024
v 0.000149955 0.001592957 -0.020400001
v 0.000226154 -0.002991464 -0.020400001
v 0.000226154 -0.002991464 -0.0199
v 0.000226154 -0.002991464 0.0185
v 0.000226154 -0.002991464 0.018999999
v 0.000226154 0.002991464 -0.020400001
v 0.000226154 0.002991464 -0.0199
v 0.000226154 0.002991464 0.0185
v 0.000226154 0.002991464 0.018999999
v 0.000281427 -0.009996039 -0.0189
v 0.000281427 -0.009996039 -0.0174
v 0.000281427 -0.009996039 0.016000001
v 0.000281427 -0.009996039 0.0175
v 0.00028761 -0.001573938 -0.024
v 0.00028761 -0.001573938 -0.020400001
v 0.00028761 0.001573938 -0.024
v 0.00028761 0.001573938 -0.020400001
v 0.000301538 -0.003988618 -0.0189
v 0.000301538 -0.003988618 0.0175
v 0.000301538 0.003988618 -0.0189
v 0.000301538 0.003988618 0.0175
v 0.000423095 -0.001543046 -0.024
v 0.000423095 -0.001543046 -0.020400001
v 0.000423095 0.001543046 -0.024
v 0.000423095 0.001543046 -0.020400001
v 0.000479419 -0.002961445 -0.020400001
v 0.000479419 -0.002961445 -0.0199
v 0.000479419 -0.002961445 0.0185
v 0.000479419 -0.002961445 0.018999999
v 0.000479419 0.002961445 -0.020400001
v 0.000479419 0.002961445 -0.0199
v 0.000479419 0.002961445 0.0185
v 0.000479419 0.002961445 0.018999999
v 0.000527592 0.009986073 -0.022399999
v 0.000527592 0.009986073 -0.0189
v 0.000527592 0.009986073 0.0175
v 0.000527592 0.009986073 0.021
v 0.000555388 -0.001500515 -0.024
v 0.000555388 -0.001500515 -0.020400001
v 0.000555388 0.001500515 -0.024
v 0.000555388 0.001500515 -0.020400001
v 0.000558722 -0.015 0.021908854
v 0.000639225 -0.003948594 -0.0189
v 0.000639225 -0.003948594 0.0175
v 0.000639225 0.003948594 -0.0189
v 0.000639225 0.003948594 0.0175
v 0.000683492 -0.001446665 -0.024
v 0.000683492 -0.001446665 -0.020400001
v 0.000683492 0.001446665 -0.024
v 0.000683492 0.001446665 -0.020400001
v 0.000729219 -0.002910024 -0.020400001
v 0.000729219 -0.002910024 -0.0199
v 0.000729219 -0.002910024 0.0185
v 0.000729219 -0.002910024 0.018999999
v 0.000729219 0.002910024 -0.020400001
v 0.000729219 0.002910024 -0.0199
v 0.000729219 0.002910024 0.0185
v 0.000729219 0.002910024 0.018999999
v 0.00080644 -0.001381902 -0.024
v 0.00080644 -0.001381902 -0.020400001
v 0.00080644 0.001381902 -0.024
v 0.00080644 0.001381902 -0.020400001
v 0.000923306 -0.001306716 -0.024
v 0.000923306 -0.001306716 -0.020400001
v 0.000923306 0.001306716 -0.024
v 0.000923306 0.001306716 -0.020400001
v 0.000972292 -0.003880032 -0.0189
v 0.000972292 -0.003880032 0.0175
v 0.000972292 0.003880032 -0.0189
v 0.000972292 0.003880032 0.0175
v 0.000973749 -0.002837572 -0.020400001
v 0.000973749 -0.002837572 -0.0199
v 0.000973749 -0.002837572 0.0185
v 0.000973749 -0.002837572 0.018999999
v 0.000973749 0.002837572 -0.020400001
v 0.000973749 0.002837572 -0.0199
v 0.000973749 0.002837572 0.0185
v 0.000973749 0.002837572 0.018999999
v 0.001033206 -0.001221673 -0.024
v 0.001033206 -0.001221673 -0.020400001
v 0.001033206 0.001221673 -0.024
v 0.001033206 0.001221673 -0.020400001
v 0.001090749 -0.004949748 -0.024
v 0.001090749 -0.004949748 -0.022399999
v 0.001090749 -0.004949748 0.021
v 0.001090749 -0.004949748 0.024
v 0.001124839 -0.009936536 -0.0189
v 0.001124839 -0.009936536 -0.0174
v 0.001124839 -0.009936536 0.016000001
v 0.001124839 -0.009936536 0.0175
v 0.001135313 -0.001127415 -0.024
v 0.001135313 -0.001127415 -0.020400001
v 0.001135313 0.001127415 -0.024
v 0.001135313 0.001127415 -0.020400001
v 0.001211242 -0.002744612 -0.020400001
v 0.001211242 -0.002744612 -0.0199
v 0.001211242 -0.002744612 0.0185
v 0.001211242 -0.002744612 0.018999999
v 0.001211242 0.002744612 -0.020400001
v 0.001211242 0.002744612 -0.0199
v 0.001211242 0.002744612 0.0185
v 0.001211242 0.002744612 0.018999999
v 0.001228856 -0.001024652 -0.024
v 0.001228856 -0.001024652 -0.020400001
v 0.001228856 0.001024652 -0.024
v 0.001228856 0.001024652 -0.020400001
v 0.001298332 -0.003783429 -0.0189
v 0.001298332 -0.003783429 0.0175
v 0.001298332 0.003783429 -0.0189
v 0.001298332 0.003783429 0.0175
v 0.00131313 -0.000914161 -0.024
v 0.00131313 -0.000914161 -0.020400001
v 0.00131313 0.000914161 -0.024
v 0.00131313 0.000914161 -0.020400001
v 0.001377954 0.009904607 -0.022399999
v 0.001377954 0.009904607 -0.0189
v 0.001377954 0.009904607 0.0175
v 0.001377954 0.009904607 0.021
v 0.001387499 -0.000796773 -0.024
v 0.001387499 -0.000796773 -0.020400001
v 0.001387499 0.000796773 -0.024
v 0.001387499 0.000796773 -0.020400001
v 0.00143998 -0.002631816 -0.020400001
v 0.00143998 -0.002631816 -0.0199
v 0.00143998 -0.002631816 0.0185
v 0.00143998 -0.002631816 0.018999999
v 0.00143998 0.002631816 -0.020400001
v 0.00143998 0.002631816 -0.0199
v 0.00143998 0.002631816 0.0185
v 0.00143998 0.002631816 0.018999999
v 0.001451401 -0.000673376 -0.024
v 0.001451401 -0.000673376 -0.020400001
v 0.001451401 0.000673376 -0.024
v 0.001451401 0.000673376 -0.020400001
v 0.001504355 -0.000544899 -0.024
v 0.001504355 -0.000544899 -0.020400001
v 0.001504355 0.000544899 -0.024
v 0.001504355 0.000544899 -0.020400001
v 0.001545962 -0.000412312 -0.024
v 0.001545962 -0.000412312 -0.020400001
v 0.001545962 0.000412312 -0.024
v 0.001545962 0.000412312 -0.020400001
v 0.001575907 -0.000276615 -0.024
v 0.001575907 -0.000276615 -0.020400001
v 0.001575907 0.000276615 -0.024
v 0.001575907 0.000276615 -0.020400001
v 0.001593965 -0.000138831 -0.024
v 0.001593965 -0.000138831 -0.020400001
v 0.001593965 0.000138831 -0.024
v 0.001593965 0.000138831 -0.020400001
v 0.0016 -0.0 -0.024
v 0.0016 -0.0 -0.020400001
v 0.001614989 -0.003659482 -0.0189
v 0.001614989 -0.003659482 0.0175
v 0.001614989 0.003659482 -0.0189
v 0.001614989 0.003659482 0.0175
v 0.001658312 -0.0025 -0.020400001
v 0.001658312 -0.0025 -0.0199
v 0.001658312 -0.0025 0.0185
v 0.001658312 -0.0025 0.018999999
v 0.001658312 0.0025 -0.020400001
v 0.001658312 0.0025 -0.0199
v 0.001658312 0.0025 0.0185
v 0.001658312 0.0025 0.018999999
v 0.001740028 -0.0025 0.018454069
v 0.001740028 0.0025 -0.019854069
v 0.001919974 -0.003509088 -0.0189
v 0.001919974 -0.003509088 0.0175
v 0.001919974 0.003509088 -0.0189
v 0.001919974 0.003509088 0.0175
v 0.00196021 -0.009805997 -0.0189
v 0.00196021 -0.009805997 -0.0174
v 0.00196021 -0.009805997 0.016000001
v 0.00196021 -0.009805997 0.0175
v 0.001976406 -0.0025 -0.019713124
v 0.001976406 0.0025 0.018313123
v 0.00197818 -0.0025 0.018312024
v 0.00197818 0.0025 -0.019712023
v 0.002189475 -0.0025 -0.019576779
v 0.002189475 0.0025 0.018176779
v 0.002211083 -0.003333333 -0.0189
v 0.002211083 -0.003333333 0.0175
v 0.002211083 0.003333333 -0.0189
v 0.002211083 0.003333333 0.0175
v 0.002218261 0.009750863 -0.022399999
v 0.002218261 0.009750863 -0.0189
v 0.002218261 0.009750863 0.0175
v 0.002218261 0.009750863 0.021
v 0.002307404 -0.0025 0.018097926
v 0.002307404 0.0025 -0.019497925
v 0.002470396 -0.003145972 -0.0189
v 0.002470396 -0.003145972 0.0175
v 0.002470396 0.003145972 -0.0189
v 0.002470396 0.003145972 0.0175
v 0.002662933 -0.004949748 -0.022399999
v 0.002662933 -0.004949748 -0.0189
v 0.002662933 -0.004949748 0.0175
v 0.002662933 -0.004949748 0.021
v 0.002662933 0.004949748 -0.022399999
v 0.002662933 0.004949748 -0.0189
v 0.002662933 0.004949748 0.0175
v 0.002662933 0.004949748 0.021
v 0.002713906 -0.002938488 -0.0189
v 0.002713906 -0.002938488 0.0175
v 0.002713906 0.002938488 -0.0189
v 0.002713906 0.002938488 0.0175
v 0.002736581 -0.0025 -0.019193402
v 0.002736581 0.0025 0.017793402
v 0.002742999 -0.0025 0.01778866
v 0.002742999 0.0025 -0.019188659
v 0.002781568 -0.009605356 -0.0189
v 0.002781568 -0.009605356 -0.0174
v 0.002781568 -0.009605356 0.016000001
v 0.002781568 -0.009605356 0.0175
v 0.002940057 -0.002712207 -0.0189
v 0.002940057 -0.002712207 0.0175
v 0.002940057 0.002712207 -0.0189
v 0.002940057 0.002712207 0.0175
v 0.002970641 -0.0025 -0.019017383
v 0.002970641 0.0025 0.017617384
v 0.00304238 0.00952596 -0.022399999
v 0.00304238 0.00952596 -0.0189
v 0.00304238 0.00952596 0.0175
v 0.00304238 0.00952596 0.021
v 0.003060656 -0.006878824 -0.024
v 0.003060656 -0.006878824 -0.022399999
v 0.003060656 -0.006878824 0.021
v 0.003060656 -0.006878824 0.024
v 0.003060656 -0.003020671 -0.024
v 0.003060656 -0.003020671 -0.022399999
v 0.003060656 -0.003020671 0.021
v 0.003060656 -0.003020671 0.024
v 0.003060656 0.003020671 -0.024
v 0.003060656 0.003020671 -0.022399999
v 0.003060656 0.003020671 0.021
v 0.003060656 0.003020671 0.024
v 0.003122499 -0.0025 -0.0189
v 0.003122499 -0.0025 0.0175
v 0.003122499 0.0025 -0.0189
v 0.003122499 0.0025 0.0175
v 0.003228482 0.002869544 -0.024
v 0.003228482 0.002869544 -0.022399999
v 0.003228482 0.002869544 0.021
v 0.003228482 0.002869544 0.024
v 0.003235166 -0.007035463 -0.024
v 0.003235166 -0.007035463 -0.022399999
v 0.003235166 -0.007035463 0.021
v 0.003235166 -0.007035463 0.024
v 0.003235166 -0.002864032 -0.024
v 0.003235166 -0.002864032 -0.022399999
v 0.003235166 -0.002864032 0.021
v 0.003235166 -0.002864032 0.024
v 0.003273159 -0.015 -0.021908854
v 0.003408351 0.002732971 -0.024
v 0.003408351 0.002732971 -0.022399999
v 0.003408351 0.002732971 0.021
v 0.003408351 0.002732971 0.024
v 0.003422609 -0.00717637 -0.024
v 0.003422609 -0.00717637 -0.022399999
v 0.003422609 -0.00717637 0.021
v 0.003422609 -0.00717637 0.024
v 0.003422609 -0.002723125 -0.024
v 0.003422609 -0.002723125 -0.022399999
v 0.003422609 -0.002723125 0.021
v 0.003422609 -0.002723125 0.024
v 0.003583041 -0.00933605 -0.0189
v 0.003583041 -0.00933605 -0.0174
v 0.003583041 -0.00933605 0.016000001
v 0.003583041 -0.00933605 0.0175
v 0.003599004 0.002611908 -0.024
v 0.003599004 0.002611908 -0.022399999
v 0.003599004 0.002611908 0.021
v 0.003599004 0.002611908 0.024
v 0.003621571 -0.007300481 -0.024
v 0.003621571 -0.007300481 -0.022399999
v 0.003621571 -0.007300481 0.021
v 0.003621571 -0.007300481 0.024
v 0.003621571 -0.002599014 -0.024
v 0.003621571 -0.002599014 -0.022399999
v 0.003621571 -0.002599014 0.021
v 0.003621571 -0.002599014 0.024
v 0.003799108 0.002507202 -0.024
v 0.003799108 0.002507202 -0.022399999
v 0.003799108 0.002507202 0.021
v 0.003799108 0.002507202 0.024
v 0.003830286 -0.006092904 -0.022399999
v 0.003830286 -0.006092904 -0.0189
v 0.003830286 -0.006092904 0.0175
v 0.003830286 -0.006092904 0.021
v 0.003830286 -0.003806591 -0.022399999
v 0.003830286 -0.003806591 -0.0189
v 0.003830286 -0.003806591 0.0175
v 0.003830286 -0.003806591 0.021
v 0.003830286 0.003806591 -0.022399999
v 0.003830286 0.003806591 -0.0189
v 0.003830286 0.003806591 0.0175
v 0.003830286 0.003806591 0.021
v 0.003830286 0.006092904 -0.022399999
v 0.003830286 0.006092904 -0.0189
v 0.003830286 0.006092904 0.0175
v 0.003830286 0.006092904 0.021
v 0.003830552 -0.00740686 -0.024
v 0.003830552 -0.00740686 -0.022399999
v 0.003830552 -0.00740686 0.021
v 0.003830552 -0.00740686 0.024
v 0.003830552 -0.002492635 -0.024
v 0.003830552 -0.002492635 -0.022399999
v 0.003830552 -0.002492635 0.021
v 0.003830552 -0.002492635 0.024
v 0.003844297 0.009231542 -0.022399999
v 0.003844297 0.009231542 -0.0189
v 0.003844297 0.009231542 0.0175
v 0.003844297 0.009231542 0.021
v 0.003933699 -0.006185727 -0.022399999
v 0.003933699 -0.006185727 -0.0189
v 0.003933699 -0.006185727 0.0175
v 0.003933699 -0.006185727 0.021
v 0.003933699 -0.003713768 -0.022399999
v 0.003933699 -0.003713768 -0.0189
v 0.003933699 -0.003713768 0.0175
v 0.003933699 -0.003713768 0.021
v 0.003933699 0.003713768 -0.022399999
v 0.003933699 0.003713768 -0.0189
v 0.003933699 0.003713768 0.0175
v 0.003933699 0.003713768 0.021
v 0.003933699 0.006185727 -0.022399999
v 0.003933699 0.006185727 -0.0189
v 0.003933699 0.006185727 0.0175
v 0.003933699 0.006185727 0.021
v 0.004007263 0.002419585 -0.024
v 0.004007263 0.002419585 -0.022399999
v 0.004007263 0.002419585 0.021
v 0.004007263 0.002419585 0.024
v 0.004044776 -0.006269227 -0.022399999
v 0.004044776 -0.006269227 -0.0189
v 0.004044776 -0.006269227 0.0175
v 0.004044776 -0.006269227 0.021
v 0.004044776 -0.003630267 -0.022399999
v 0.004044776 -0.003630267 -0.0189
v 0.004044776 -0.003630267 0.0175
v 0.004044776 -0.003630267 0.021
v 0.004044776 0.003630267 -0.022399999
v 0.004044776 0.003630267 -0.0189
v 0.004044776 0.003630267 0.0175
v 0.004044776 0.003630267 0.021
v 0.004044776 0.006269227 -0.022399999
v 0.004044776 0.006269227 -0.0189
v 0.004044776 0.006269227 0.0175
v 0.004044776 0.006269227 0.021
v 0.004047975 -0.007494705 -0.024
v 0.004047975 -0.007494705 -0.022399999
v 0.004047975 -0.007494705 0.021
v 0.004047975 -0.007494705 0.024
v 0.004047975 -0.00240479 -0.024
v 0.004047975 -0.00240479 -0.022399999
v 0.004047975 -0.00240479 0.021
v 0.004047975 -0.00240479 0.024
v 0.00416268 -0.006342775 -0.022399999
v 0.00416268 -0.006342775 -0.0189
v 0.00416268 -0.006342775 0.0175
v 0.00416268 -0.006342775 0.021
v 0.00416268 -0.00355672 -0.022399999
v 0.00416268 -0.00355672 -0.0189
v 0.00416268 -0.00355672 0.0175
v 0.00416268 -0.00355672 0.021
v 0.00416268 0.00355672 -0.022399999
v 0.00416268 0.00355672 -0.0189
v 0.00416268 0.00355672 0.0175
v 0.00416268 0.00355672 0.021
v 0.00416268 0.006342775 -0.022399999
v 0.00416268 0.006342775 -0.0189
v 0.00416268 0.006342775 0.0175
v 0.00416268 0.006342775 0.021
v 0.004222011 0.002349671 -0.024
v 0.004222011 0.002349671 -0.022399999
v 0.004222011 0.002349671 0.021
v 0.004222011 0.002349671 0.024
v 0.004272201 -0.007563353 -0.024
v 0.004272201 -0.007563353 -0.022399999
v 0.004272201 -0.007563353 0.021
v 0.004272201 -0.007563353 0.024
v 0.004272201 -0.002336143 -0.024
v 0.004272201 -0.002336143 -0.022399999
v 0.004272201 -0.002336143 0.021
v 0.004272201 -0.002336143 0.024
v 0.004286521 -0.006405814 -0.022399999
v 0.004286521 -0.006405814 -0.0189
v 0.004286521 -0.006405814 0.0175
v 0.004286521 -0.006405814 0.021
v 0.004286521 -0.003493681 -0.022399999
v 0.004286521 -0.003493681 -0.0189
v 0.004286521 -0.003493681 0.0175
v 0.004286521 -0.003493681 0.021
v 0.004286521 0.003493681 -0.022399999
v 0.004286521 0.003493681 -0.0189
v 0.004286521 0.003493681 0.0175
v 0.004286521 0.003493681 0.021
v 0.004286521 0.006405814 -0.022399999
v 0.004286521 0.006405814 -0.0189
v 0.004286521 0.006405814 0.0175
v 0.004286521 0.006405814 0.021
v 0.004358899 -0.009 -0.0189
v 0.004358899 -0.009 -0.0174
v 0.004358899 -0.009 0.016000001
v 0.004358899 -0.009 0.0175
v 0.004415364 -0.00645787 -0.022399999
v 0.004415364 -0.00645787 -0.0189
v 0.004415364 -0.00645787 0.0175
v 0.004415364 -0.00645787 0.021
v 0.004415364 -0.003441625 -0.022399999
v 0.004415364 -0.003441625 -0.0189
v 0.004415364 -0.003441625 0.0175
v 0.004415364 -0.003441625 0.021
v 0.004415364 0.003441625 -0.022399999
v 0.004415364 0.003441625 -0.0189
v 0.004415364 0.003441625 0.0175
v 0.004415364 0.003441625 0.021
v 0.004415364 0.00645787 -0.022399999
v 0.004415364 0.00645787 -0.0189
v 0.004415364 0.00645787 0.0175
v 0.004415364 0.00645787 0.021
v 0.004441851 0.002297948 -0.024
v 0.004441851 0.002297948 -0.022399999
v 0.004441851 0.002297948 0.021
v 0.004441851 0.002297948 0.024
v 0.004501537 -0.007612285 -0.024
v 0.004501537 -0.007612285 -0.022399999
v 0.004501537 -0.007612285 0.021
v 0.004501537 -0.007612285 0.024
v 0.004501537 -0.00228721 -0.024
v 0.004501537 -0.00228721 -0.022399999
v 0.004501537 -0.00228721 0.021
v 0.004501537 -0.00228721 0.024
v 0.004548238 -0.006498551 -0.022399999
v 0.004548238 -0.006498551 -0.0189
v 0.004548238 -0.006498551 0.0175
v 0.004548238 -0.006498551 0.021
v 0.004548238 -0.003400945 -0.022399999
v 0.004548238 -0.003400945 -0.0189
v 0.004548238 -0.003400945 0.0175
v 0.004548238 -0.003400945 0.021
v 0.004548238 0.003400945 -0.022399999
v 0.004548238 0.003400945 -0.0189
v 0.004548238 0.003400945 0.0175
v 0.004548238 0.003400945 0.021
v 0.004548238 0.006498551 -0.022399999
v 0.004548238 0.006498551 -0.0189
v 0.004548238 0.006498551 0.0175
v 0.004548238 0.006498551 0.021
v 0.00461816 0.008869757 -0.022399999
v 0.00461816 0.008869757 -0.0189
v 0.00461816 0.008869757 0.0175
v 0.00461816 0.008869757 0.021
v 0.004665245 0.002264779 -0.024
v 0.004665245 0.002264779 -0.022399999
v 0.004665245 0.002264779 0.021
v 0.004665245 0.002264779 0.024
v 0.004684141 -0.006527548 -0.022399999
v 0.004684141 -0.006527548 -0.0189
v 0.004684141 -0.006527548 0.0175
v 0.004684141 -0.006527548 0.021
v 0.004684141 -0.003371947 -0.022399999
v 0.004684141 -0.003371947 -0.0189
v 0.004684141 -0.003371947 0.0175
v 0.004684141 -0.003371947 0.021
v 0.004684141 0.003371947 -0.022399999
v 0.004684141 0.003371947 -0.0189
v 0.004684141 0.003371947 0.0175
v 0.004684141 0.003371947 0.021
v 0.004684141 0.006527548 -0.022399999
v 0.004684141 0.006527548 -0.0189
v 0.004684141 0.006527548 0.0175
v 0.004684141 0.006527548 0.021
v 0.004734254 -0.007641134 -0.024
v 0.004734254 -0.007641134 -0.022399999
v 0.004734254 -0.007641134 0.021
v 0.004734254 -0.007641134 0.024
v 0.004734254 -0.002258361 -0.024
v 0.004734254 -0.002258361 -0.022399999
v 0.004734254 -0.002258361 0.021
v 0.004734254 -0.002258361 0.024
v 0.004822048 -0.006544644 -0.022399999
v 0.004822048 -0.006544644 -0.0189
v 0.004822048 -0.006544644 0.0175
v 0.004822048 -0.006544644 0.021
v 0.004822048 -0.003354852 -0.022399999
v 0.004822048 -0.003354852 -0.0189
v 0.004822048 -0.003354852 0.0175
v 0.004822048 -0.003354852 0.021
v 0.004822048 0.003354852 -0.022399999
v 0.004822048 0.003354852 -0.0189
v 0.004822048 0.003354852 0.0175
v 0.004822048 0.003354852 0.021
v 0.004822048 0.006544644 -0.022399999
v 0.004822048 0.006544644 -0.0189
v 0.004822048 0.006544644 0.0175
v 0.004822048 0.006544644 0.021
v 0.004960917 -0.006549709 -0.022399999
v 0.004960917 -0.006549709 -0.0189
v 0.004960917 -0.006549709 0.0175
v 0.004960917 -0.006549709 0.021
v 0.004960917 -0.003349786 -0.022399999
v 0.004960917 -0.003349786 -0.0189
v 0.004960917 -0.003349786 0.0175
v 0.004960917 -0.003349786 0.021
v 0.004960917 0.003349786 -0.022399999
v 0.004960917 0.003349786 -0.0189
v 0.004960917 0.003349786 0.0175
v 0.004960917 0.003349786 0.021
v 0.004960917 0.006549709 -0.022399999
v 0.004960917 0.006549709 -0.0189
v 0.004960917 0.006549709 0.0175
v 0.004960917 0.006549709 0.021
v 0.004968597 -0.007649682 -0.024
v 0.004968597 -0.007649682 -0.022399999
v 0.004968597 -0.007649682 0.021
v 0.004968597 -0.007649682 0.024
v 0.004968597 -0.002249813 -0.024
v 0.004968597 -0.002249813 -0.022399999
v 0.004968597 -0.002249813 0.021
v 0.004968597 -0.002249813 0.024
v 0.005099703 -0.006542705 -0.022399999
v 0.005099703 -0.006542705 -0.0189
v 0.005099703 -0.006542705 0.0175
v 0.005099703 -0.006542705 0.021
v 0.005099703 -0.00335679 -0.022399999
v 0.005099703 -0.00335679 -0.0189
v 0.005099703 -0.00335679 0.0175
v 0.005099703 -0.00335679 0.021
v 0.005099703 0.00335679 -0.022399999
v 0.005099703 0.00335679 -0.0189
v 0.005099703 0.00335679 0.0175
v 0.005099703 0.00335679 0.021
v 0.005099703 0.006542705 -0.022399999
v 0.005099703 0.006542705 -0.0189
v 0.005099703 0.006542705 0.0175
v 0.005099703 0.006542705 0.021
v 0.005131885 -0.015 -0.0132
v 0.005131885 -0.015 0.0118
v 0.005131899 -0.015 -0.0132
v 0.005131899 -0.015 0.011797465
v 0.005131899 -0.015 0.0118
v 0.005132813 -0.01499489 0.01200608
v 0.005132824 -0.014994829 -0.013407315
v 0.005135296 -0.01498122 -0.013595246
v 0.005135296 -0.01498122 0.012195245
v 0.005135585 -0.014979628 0.012211659
v 0.00513563 -0.014979384 -0.013614121
v 0.005140184 -0.01495431 0.012416249
v 0.005140284 -0.014953762 -0.01381992
v 0.005144346 -0.014931402 -0.013954537
v 0.005144346 -0.014931402 0.012554537
v 0.005146592 -0.014919032 0.012619362
v 0.005146768 -0.014918065 -0.014024214
v 0.005154791 -0.014873895 0.012820509
v 0.005155065 -0.01487239 -0.014226507
v 0.00515896 -0.014850947 -0.014308224
v 0.00515896 -0.014850947 0.012908224
v 0.005164764 -0.014818994 0.013019201
v 0.005165156 -0.014816837 -0.014426302
v 0.005176493 -0.014754429 0.013214951
v 0.005177023 -0.014751506 -0.014623102
v 0.005179046 -0.01474037 -0.014653687
v 0.005179046 -0.01474037 0.013253689
v 0.005189958 -0.014680294 0.01340727
v 0.005190649 -0.014676496 -0.014816407
v 0.005202797 -0.007637863 -0.024
v 0.005202797 -0.007637863 -0.022399999
v 0.005202797 -0.007637863 0.021
v 0.005202797 -0.007637863 0.024
v 0.005202797 -0.002261632 -0.024
v 0.005202797 -0.002261632 -0.022399999
v 0.005202797 -0.002261632 0.021
v 0.005202797 -0.002261632 0.024
v 0.005204502 -0.014600227 0.013588255
v 0.005204503 -0.014600226 -0.014988258
v 0.00520514 -0.014596719 0.013595682
v 0.005206008 -0.014591943 -0.015005737
v 0.005217844 -0.015 0.011881548
v 0.005221991 -0.014503952 0.013779757
v 0.005223054 -0.0144981 -0.015190654
v 0.005235134 -0.014431596 -0.015309421
v 0.005235134 -0.014431596 0.01390942
v 0.005237357 -0.006523686 -0.022399999
v 0.005237357 -0.006523686 -0.0189
v 0.005237357 -0.006523686 0.0175
v 0.005237357 -0.006523686 0.021
v 0.005237357 -0.00337581 -0.022399999
v 0.005237357 -0.00337581 -0.0189
v 0.005237357 -0.00337581 0.0175
v 0.005237357 -0.00337581 0.021
v 0.005237357 0.00337581 -0.022399999
v 0.005237357 0.00337581 -0.0189
v 0.005237357 0.00337581 0.0175
v 0.005237357 0.00337581 0.021
v 0.005237357 0.006523686 -0.022399999
v 0.005237357 0.006523686 -0.0189
v 0.005237357 0.006523686 0.0175
v 0.005237357 0.006523686 0.021
v 0.005240461 -0.01440227 0.01395908
v 0.005241736 -0.014395252 -0.015370739
v 0.005260501 -0.014291951 0.014133235
v 0.005262002 -0.014283681 -0.015545564
v 0.005270664 -0.014236 -0.015614886
v 0.005270664 -0.014235999 0.014214887
v 0.005273259 -0.015 -0.013333029
v 0.00527359 -0.014998169 -0.013406743
v 0.00527413 -0.015 0.011935472
v 0.005274442 -0.01499827 0.012005509
v 0.005276365 -0.014982822 -0.013612985
v 0.005277184 -0.014983106 0.012210525
v 0.005280967 -0.014957363 -0.013818232
v 0.005281731 -0.014957949 0.012414564
v 0.005282058 -0.01417327 0.014301806
v 0.005283802 -0.01416367 -0.015714707
v 0.005287379 -0.014921885 -0.014021996
v 0.005288068 -0.014922891 0.012617147
v 0.005289763 -0.015 0.011976517
v 0.005295584 -0.014876486 -0.014223785
v 0.005296176 -0.014878027 0.01281779
v 0.005298594 -0.015 0.012005468
v 0.005299316 -0.015 -0.013406699
v 0.005305084 -0.014046509 0.014464376
v 0.005305564 -0.014821261 -0.014423109
v 0.005306039 -0.014823452 0.01301601
v 0.005307084 -0.014035502 -0.015877746
v 0.005310821 -0.014014925 -0.015902441
v 0.005310822 -0.014014922 0.014502443
v 0.005317302 -0.014756308 -0.014619475
v 0.005317637 -0.014759261 0.013211328
v 0.005329528 -0.013911942 0.014620529
v 0.005330778 -0.014681723 -0.014812395
v 0.005330956 -0.01468555 0.013403259
v 0.005331796 -0.013899458 -0.016034253
v 0.00534597 -0.014602442 0.013591335
v 0.00534597 -0.014597639 -0.015001391
v 0.005355339 -0.013769848 0.014769848
v 0.00535534 -0.013769844 -0.016169854
v 0.005357887 -0.013755822 -0.016183808
v 0.005358323 0.008443245 -0.022399999
v 0.005358323 0.008443245 -0.0189
v 0.005358323 0.008443245 0.0175
v 0.005358323 0.008443245 0.021
v 0.005362636 -0.014510181 0.01377513
v 0.005362831 -0.014504304 -0.015186031
v 0.005370909 -0.015 0.01207448
v 0.005372842 -0.006492794 -0.022399999
v 0.005372842 -0.006492794 -0.0189
v 0.005372842 -0.006492794 0.0175
v 0.005372842 -0.006492794 0.021
v 0.005372842 -0.003406701 -0.022399999
v 0.005372842 -0.003406701 -0.0189
v 0.005372842 -0.003406701 0.0175
v 0.005372842 -0.003406701 0.021
v 0.005372842 0.003406701 -0.022399999
v 0.005372842 0.003406701 -0.0189
v 0.005372842 0.003406701 0.0175
v 0.005372842 0.003406701 0.021
v 0.005372842 0.006492794 -0.022399999
v 0.005372842 0.006492794 -0.0189
v 0.005372842 0.006492794 0.0175
v 0.005372842 0.006492794 0.021
v 0.005380905 -0.014409035 0.013954228
v 0.00538131 -0.014401995 -0.015365892
v 0.005382463 -0.013620528 0.014911942
v 0.005385301 -0.013604907 -0.016326018
v 0.005400727 -0.014299276 0.014128215
v 0.005401358 -0.014290987 -0.015540552
v 0.005403918 -0.013502415 0.015014946
v 0.005403918 -0.013502412 -0.016414948
v 0.005410828 -0.013464375 0.015046509
v 0.005413962 -0.01344712 -0.016460579
v 0.005418351 -0.015 -0.013519356
v 0.00541959 -0.014993095 -0.013612499
v 0.005420135 -0.015 0.012121901
v 0.005421301 -0.014993505 0.012210045
v 0.005422052 -0.014181174 0.014296675
v 0.005422924 -0.014171555 -0.01570959
v 0.005424138 -0.014967754 -0.01381752
v 0.005425794 -0.014968464 0.01241386
v 0.005430474 -0.014932436 -0.014021073
v 0.005432055 -0.014933566 0.012616235
v 0.005435089 -0.007605768 -0.024
v 0.005435089 -0.007605768 -0.022399999
v 0.005435089 -0.007605768 0.021
v 0.005435089 -0.007605768 0.024
v 0.005435089 -0.002293727 -0.024
v 0.005435089 -0.002293727 -0.022399999
v 0.005435089 -0.002293727 0.021
v 0.005435089 -0.002293727 0.024
v 0.005438583 -0.014887235 -0.014222674
v 0.005440067 -0.014888898 0.012816692
v 0.005440358 -0.013301806 0.01517327
v 0.005443795 -0.013282884 -0.016587213
v 0.00544483 -0.014055001 0.014459197
v 0.005445957 -0.014043976 -0.015872585
v 0.005448447 -0.014832246 -0.014421837
v 0.005449779 -0.015 0.012169431
v 0.005449813 -0.014834557 0.013014755
v 0.005456155 -0.013214844 -0.016636029
v 0.005456155 -0.013214842 0.01523603
v 0.005460047 -0.014767561 -0.014618078
v 0.005461276 -0.014770633 0.013209947
v 0.005469013 -0.013921026 0.014615367
v 0.005470406 -0.013908525 -0.016029114
v 0.005470979 -0.013133235 0.01529195
v 0.005473366 -0.014693277 -0.014810913
v 0.005474438 -0.014697218 0.013401795
v 0.005474722 -0.013112623 -0.016705636
v 0.005474982 -0.015 0.012210125
v 0.005477012 -0.015 -0.013612581
v 0.005488381 -0.014609522 -0.014999868
v 0.005489276 -0.014614438 0.013589831
v 0.005494549 -0.013779522 0.014764771
v 0.005496222 -0.013765479 -0.016178759
v 0.005502613 -0.012959081 0.01540227
v 0.005505046 -0.01451654 -0.015184515
v 0.005505135 -0.006450262 -0.022399999
v 0.005505135 -0.006450262 -0.0189
v 0.005505135 -0.006450262 0.0175
v 0.005505135 -0.006450262 0.021
v 0.005505135 -0.003449233 -0.022399999
v 0.005505135 -0.003449233 -0.0189
v 0.005505135 -0.003449233 0.0175
v 0.005505135 -0.003449233 0.021
v 0.005505135 0.003449233 -0.022399999
v 0.005505135 0.003449233 -0.0189
v 0.005505135 0.003449233 0.0175
v 0.005505135 0.003449233 0.021
v 0.005505135 0.006450262 -0.022399999
v 0.005505135 0.006450262 -0.0189
v 0.005505135 0.006450262 0.0175
v 0.005505135 0.006450262 0.021
v 0.005505748 -0.014522525 0.013773632
v 0.005506668 -0.012936762 -0.016815564
v 0.00551164 -0.012909389 -0.016831614
v 0.005511641 -0.012909384 0.015431617
v 0.005521387 -0.013630782 0.014907018
v 0.005523312 -0.014414599 -0.015364429
v 0.005523348 -0.013615143 -0.016321128
v 0.005523805 -0.014421746 0.013952782
v 0.00553037 -0.015 0.012263597
v 0.005535187 -0.012779757 0.015503952
v 0.005539553 -0.012755723 -0.016916715
v 0.005543129 -0.014303969 -0.015539191
v 0.005543397 -0.014312363 0.01412687
v 0.005549454 -0.013475194 0.015041806
v 0.005551711 -0.013457919 -0.016455917
v 0.005564448 -0.014184919 -0.015708379
v 0.005564476 -0.014194641 0.01429548
v 0.005566744 -0.015 -0.013698472
v 0.005568624 -0.012595681 0.015596719
v 0.005569356 -0.014985296 -0.013817842
v 0.005569476 -0.015 0.012301682
v 0.005569974 -0.012588249 0.015600231
v 0.005569975 -0.012588243 -0.017000232
v 0.005571924 -0.014986224 0.012414198
v 0.005573302 -0.012569929 -0.017008806
v 0.005575615 -0.014950074 -0.014021525
v 0.005578106 -0.014951419 0.012616708
v 0.005578676 -0.013313168 0.015168849
v 0.005581235 -0.013294226 -0.016582839
v 0.005583622 -0.014904991 -0.014223274
v 0.005586018 -0.014906867 0.012817318
v 0.005586993 -0.014068846 0.014458203
v 0.005587219 -0.014057719 -0.015871575
v 0.005593363 -0.014850136 -0.014422609
v 0.005595643 -0.014852659 0.013015556
v 0.005602849 -0.01240727 0.015680294
v 0.00560482 -0.014785603 -0.01461905
v 0.005606963 -0.014788883 0.013210952
v 0.005607837 -0.012379806 -0.017091556
v 0.00560898 -0.013145115 0.015287869
v 0.0056109 -0.013935241 0.014614625
v 0.005611187 -0.015 0.012358589
v 0.005611392 -0.013922639 -0.016028361
v 0.005611844 -0.01312448 -0.016701607
v 0.005617975 -0.014711484 -0.014812116
v 0.005619962 -0.014715633 0.013403035
v 0.005630752 -0.012253659 0.015740382
v 0.005630753 -0.012253655 -0.017140383
v 0.005632806 -0.014627907 -0.015001342
v 0.00563324 -0.006396412 -0.022399999
v 0.00563324 -0.006396412 -0.0189
v 0.00563324 -0.006396412 0.0175
v 0.00563324 -0.006396412 0.021
v 0.00563324 -0.003503083 -0.022399999
v 0.00563324 -0.003503083 -0.0189
v 0.00563324 -0.003503083 0.0175
v 0.00563324 -0.003503083 0.021
v 0.00563324 0.003503083 -0.022399999
v 0.00563324 0.003503083 -0.0189
v 0.00563324 0.003503083 0.0175
v 0.00563324 0.003503083 0.021
v 0.00563324 0.006396412 -0.022399999
v 0.00563324 0.006396412 -0.0189
v 0.00563324 0.006396412 0.0175
v 0.00563324 0.006396412 0.021
v 0.005634617 -0.014633028 0.013591344
v 0.005636148 -0.013794092 0.014764337
v 0.005636917 -0.013779948 -0.016178317
v 0.005637783 -0.012214951 0.015754428
v 0.005640288 -0.012971445 0.015398582
v 0.005643079 -0.012185796 -0.017164726
v 0.005643462 -0.0129491 -0.016811935
v 0.005649266 -0.01453511 -0.015186294
v 0.005650885 -0.014541298 0.013775454
v 0.005652223 -0.015 0.01241498
v 0.005655603 -0.015 -0.013818673
v 0.005662682 -0.013645686 0.014906949
v 0.005663719 -0.007553637 -0.024
v 0.005663719 -0.007553637 -0.022399999
v 0.005663719 -0.007553637 0.021
v 0.005663719 -0.007553637 0.024
v 0.005663719 -0.002345857 -0.024
v 0.005663719 -0.002345857 -0.022399999
v 0.005663719 -0.002345857 0.021
v 0.005663719 -0.002345857 0.024
v 0.00566374 -0.013629947 -0.016321054
v 0.005667309 -0.014433356 -0.015366553
v 0.005668719 -0.014440701 0.013954951
v 0.005672529 -0.012792569 0.015500709
v 0.005673341 -0.012019201 0.015818994
v 0.005676013 -0.012768502 -0.016913535
v 0.005678938 -0.011988387 -0.017228197
v 0.005686886 -0.014322907 -0.015541697
v 0.005688071 -0.014331497 0.014129423
v 0.005690436 -0.013490408 0.015042154
v 0.005691788 -0.013473032 -0.016456265
v 0.005692413 -0.015 0.012454293
v 0.005693513 -0.011908152 -0.017250966
v 0.005693513 -0.01190815 0.015850967
v 0.005705626 -0.012608895 0.015593968
v 0.005707947 -0.014204028 -0.015711306
v 0.005708894 -0.014213944 0.014298455
v 0.005709422 -0.012583105 -0.017006125
v 0.005709433 -0.011820509 0.015873896
v 0.005715324 -0.011788077 -0.017281873
v 0.005717943 -0.015 -0.013879122
v 0.005719333 -0.013328661 0.015169664
v 0.005720986 -0.013309617 -0.016583655
v 0.005721649 -0.015 0.012483129
v 0.005722309 -0.014975125 -0.014023428
v 0.005725721 -0.014976784 0.012618641
v 0.005730212 -0.01493007 -0.014225679
v 0.005730444 -0.014076983 -0.015874961
v 0.005731138 -0.014088301 0.014461638
v 0.00573353 -0.014932259 0.012819761
v 0.005739505 -0.012420833 0.01567808
v 0.005739827 -0.014875244 -0.014425534
v 0.005743028 -0.014878077 0.013018527
v 0.005743612 -0.012393326 -0.017089417
v 0.005745971 -0.011619362 0.015919033
v 0.005749302 -0.013160853 0.015289193
v 0.005751135 -0.014810738 -0.014622516
v 0.00575126 -0.013140114 -0.016702937
v 0.005752146 -0.011585363 -0.017325651
v 0.005754201 -0.014814326 0.013214472
v 0.005754328 -0.013942035 -0.016032249
v 0.005754758 -0.013954827 0.014618562
v 0.005756188 -0.00633165 -0.022399999
v 0.005756188 -0.00633165 -0.0189
v 0.005756188 -0.00633165 0.0175
v 0.005756188 -0.00633165 0.021
v 0.005756188 -0.003567845 -0.022399999
v 0.005756188 -0.003567845 -0.0189
v 0.005756188 -0.003567845 0.0175
v 0.005756188 -0.003567845 0.021
v 0.005756188 0.003567845 -0.022399999
v 0.005756188 0.003567845 -0.0189
v 0.005756188 0.003567845 0.0175
v 0.005756188 0.003567845 0.021
v 0.005756188 0.00633165 -0.022399999
v 0.005756188 0.00633165 -0.0189
v 0.005756188 0.00633165 0.0175
v 0.005756188 0.00633165 0.021
v 0.005757758 -0.011554468 -0.017331414
v 0.005757759 -0.011554465 0.015931416
v 0.005764121 -0.014736643 -0.014816149
v 0.005767031 -0.014741096 0.013407127
v 0.005774091 -0.012228807 0.015752792
v 0.005774415 -0.015 0.01255021
v 0.005778504 -0.012199598 -0.017163171
v 0.00577876 -0.014653084 -0.015005969
v 0.00577955 -0.013799449 -0.016182747
v 0.005779703 -0.013813782 0.014768817
v 0.005780267 -0.012987387 0.015400455
v 0.005781495 -0.014658504 0.013596036
v 0.005782533 -0.012964935 -0.016813817
v 0.005782865 -0.011416249 0.01595431
v 0.005789315 -0.011380742 -0.017359434
v 0.00579501 -0.014560293 -0.015191546
v 0.005797554 -0.014566778 0.013780775
v 0.005805923 -0.01366545 0.014912014
v 0.005806057 -0.013649522 -0.01632607
v 0.005809296 -0.012033289 0.015817972
v 0.005812156 -0.012808669 0.015503167
v 0.005812822 -0.014458531 -0.015372454
v 0.00581401 -0.012002414 -0.01722726
v 0.005814732 -0.012784493 -0.016916005
v 0.005815159 -0.01446617 0.013960928
v 0.005820029 -0.011211659 0.015979627
v 0.005823016 -0.011195214 0.015981223
v 0.005823017 -0.011195209 -0.017381223
v 0.00582674 -0.011174713 -0.017383121
v 0.005829757 -0.015 0.012621067
v 0.00583215 -0.014348052 -0.015548274
v 0.005833348 -0.013510209 0.015047843
v 0.005833776 -0.013492646 -0.016461905
v 0.005834263 -0.014356934 0.01413608
v 0.005834496 -0.015 -0.014026027
v 0.005844895 -0.012625104 0.015597043
v 0.005845033 -0.01183477 0.015873514
v 0.005847781 -0.0125992 -0.017009214
v 0.00585004 -0.011802269 -0.017281581
v 0.005852944 -0.01422912 -0.015718587
v 0.00585482 -0.014239324 0.014305819
v 0.005856313 -0.015 0.012647423
v 0.005857372 -0.01100608 0.015994892
v 0.005861906 -0.01334846 0.015176009
v 0.005862634 -0.013329227 -0.016589953
v 0.005864331 -0.010967772 -0.017396612
v 0.005871377 -0.015 -0.014062307
v 0.005873053 -0.006256463 -0.022399999
v 0.005873053 -0.006256463 -0.0189
v 0.005873053 -0.006256463 0.0175
v 0.005873053 -0.006256463 0.021
v 0.005873053 -0.003643031 -0.022399999
v 0.005873053 -0.003643031 -0.0189
v 0.005873053 -0.003643031 0.0175
v 0.005873053 -0.003643031 0.021
v 0.005873053 0.003643031 -0.022399999
v 0.005873053 0.003643031 -0.0189
v 0.005873053 0.003643031 0.0175
v 0.005873053 0.003643031 0.021
v 0.005873053 0.006256463 -0.022399999
v 0.005873053 0.006256463 -0.0189
v 0.005873053 0.006256463 0.0175
v 0.005873053 0.006256463 0.021
v 0.005875159 -0.01410199 -0.015882971
v 0.005876068 -0.015 0.012667185
v 0.005876783 -0.014113594 0.014469734
v 0.005877813 -0.014962757 -0.014229975
v 0.00587841 -0.012437093 0.0156818
v 0.005881214 -0.011633735 0.015919315
v 0.005881607 -0.012409464 -0.017093156
v 0.005882051 -0.014965359 0.01282411
v 0.005886506 -0.011599658 -0.017326025
v 0.005886965 -0.007481866 -0.024
v 0.005886965 -0.007481866 -0.022399999
v 0.005886965 -0.007481866 0.021
v 0.005886965 -0.007481866 0.024
v 0.005886965 -0.002417629 -0.024
v 0.005886965 -0.002417629 -0.022399999
v 0.005886965 -0.002417629 0.021
v 0.005886965 -0.002417629 0.024
v 0.005887299 -0.014907847 -0.014430715
v 0.005891421 -0.014911091 0.01302377
v 0.005891525 -0.013180605 0.015296224
v 0.005892556 -0.013159677 -0.01670992
v 0.005894806 -0.0108 -0.0174
v 0.005894806 -0.0108 0.016000001
v 0.005898456 -0.014843235 -0.014628596
v 0.005898744 -0.013966924 -0.016041014
v 0.005900104 -0.013979998 0.014627418
v 0.005902443 -0.014847231 0.013220623
v 0.005911268 -0.014769012 -0.014823145
v 0.005912628 -0.012245055 0.015757184
v 0.0059151 -0.01477387 0.013414204
v 0.005916131 -0.012215721 -0.017167583
v 0.00591775 -0.011430672 0.015955269
v 0.005918236 -0.010802483 -0.017400093
v 0.005922131 -0.013007046 0.015408196
v 0.005923317 -0.011395078 -0.017360488
v 0.00592347 -0.012984403 -0.016821509
v 0.005923653 -0.013824179 -0.016192297
v 0.005924737 -0.013838793 0.014778459
v 0.005925712 -0.0146853 -0.015013901
v 0.00592937 -0.014691123 0.013604057
v 0.005939113 -0.015 0.012744598
v 0.005941745 -0.014592329 -0.015200429
v 0.005945214 -0.014599212 0.013789756
v 0.005947461 -0.012049465 0.015823057
v 0.005949832 -0.01367405 -0.016336432
v 0.005950631 -0.013690257 0.014922472
v 0.005951265 -0.012018456 -0.017232366
v 0.005953653 -0.012828182 0.015511636
v 0.005954556 -0.011226068 0.015981274
v 0.005955301 -0.012803813 -0.016924426
v 0.005959322 -0.014490352 -0.015382305
v 0.005960383 -0.011189024 -0.017384863
v 0.005962584 -0.014498387 0.013970884
v 0.005977211 -0.013516923 -0.016473101
v 0.005977717 -0.013534765 0.015059137
v 0.005978395 -0.014379624 -0.015559108
v 0.005981434 -0.014388897 0.014147026
v 0.005982823 -0.01185081 0.015879303
v 0.005982954 -0.006171421 -0.022399999
v 0.005982954 -0.006171421 -0.0189
v 0.005982954 -0.006171421 0.0175
v 0.005982954 -0.006171421 0.021
v 0.005982954 -0.003728074 -0.022399999
v 0.005982954 -0.003728074 -0.0189
v 0.005982954 -0.003728074 0.0175
v 0.005982954 -0.003728074 0.021
v 0.005982954 0.003728074 -0.022399999
v 0.005982954 0.003728074 -0.0189
v 0.005982954 0.003728074 0.0175
v 0.005982954 0.003728074 0.021
v 0.005982954 0.006171421 -0.022399999
v 0.005982954 0.006171421 -0.0189
v 0.005982954 0.006171421 0.0175
v 0.005982954 0.006171421 0.021
v 0.005986018 -0.012644413 0.015606257
v 0.005986921 -0.011818168 -0.017287392
v 0.005987976 -0.012618313 -0.017018382
v 0.005991542 -0.011020409 0.015997225
v 0.005997617 -0.010981991 -0.017399043
v 0.005998917 -0.014260399 -0.015730416
v 0.00600172 -0.014270992 0.01431777
v 0.006005717 -0.013353205 -0.016602
v 0.006005924 -0.013372716 0.015188158
v 0.006007736 -0.015 0.012829449
v 0.00601384 -0.015 -0.014235728
v 0.006018627 -0.011649576 0.015925813
v 0.006019154 -0.012456137 0.015691772
v 0.006020841 -0.014132934 -0.01589581
v 0.006021421 -0.012428309 -0.01710308
v 0.006021603 -0.015 0.012843435
v 0.006023009 -0.011615352 -0.017332546
v 0.006023394 -0.014144923 0.0144827
v 0.0060264 -0.015 -0.014248281
v 0.006027728 -0.010814085 -0.017402979
v 0.006028621 -0.010814179 0.01600302
v 0.006032073 -0.015 0.012854074
v 0.006035182 -0.013204508 0.015309238
v 0.006035197 -0.014948173 -0.01443824
v 0.006035277 -0.013183303 -0.01672283
v 0.006040226 -0.014951933 0.013031375
v 0.006044121 -0.013997483 -0.016054872
v 0.006046201 -0.014883318 -0.014637391
v 0.006046412 -0.01401094 0.014641411
v 0.006051096 -0.014887827 0.013229511
v 0.006052986 -0.012263768 0.015767924
v 0.006054787 -0.011446252 0.015962478
v 0.00605556 -0.012234229 -0.017178275
v 0.006058837 -0.014808808 -0.014833219
v 0.006059382 0.007955117 -0.022399999
v 0.006059382 0.007955117 -0.0189
v 0.006059382 0.007955117 0.0175
v 0.006059382 0.007955117 0.021
v 0.006059443 -0.011410502 -0.017367717
v 0.006063578 -0.014814175 0.013424382
v 0.006065417 -0.013030541 0.015422083
v 0.006065819 -0.01300762 -0.016835291
v 0.006068709 -0.013854302 -0.01620719
v 0.006070725 -0.013869295 0.014793492
v 0.006073084 -0.014724764 -0.015025261
v 0.006077652 -0.014731093 0.013615534
v 0.006085061 -0.006077162 -0.022399999
v 0.006085061 -0.006077162 -0.0189
v 0.006085061 -0.006077162 0.0175
v 0.006085061 -0.006077162 0.021
v 0.006085061 -0.003822333 -0.022399999
v 0.006085061 -0.003822333 -0.0189
v 0.006085061 -0.003822333 0.0175
v 0.006085061 -0.003822333 0.021
v 0.006085061 0.003822333 -0.022399999
v 0.006085061 0.003822333 -0.0189
v 0.006085061 0.003822333 0.0175
v 0.006085061 0.003822333 0.021
v 0.006085061 0.006077162 -0.022399999
v 0.006085061 0.006077162 -0.0189
v 0.006085061 0.006077162 0.0175
v 0.006085061 0.006077162 0.021
v 0.006085536 -0.009 -0.0174
v 0.006085536 -0.009 0.016000001
v 0.006087431 -0.012067781 0.015834564
v 0.006088899 -0.014631415 -0.015213083
v 0.006090306 -0.012036562 -0.017243825
v 0.006091215 -0.011241321 0.015989184
v 0.006093278 -0.0146388 0.013802538
v 0.006094554 -0.01370368 -0.016352369
v 0.006096132 -0.011204112 -0.01739279
v 0.006096285 -0.013720264 0.014938554
v 0.006096559 -0.012851209 0.0155264
v 0.00609727 -0.012826561 -0.016939081
v 0.006100814 -0.015 -0.014337411
v 0.00610314 -0.007390994 -0.024
v 0.00610314 -0.007390994 -0.022399999
v 0.00610314 -0.007390994 0.021
v 0.00610314 -0.007390994 0.024
v 0.00610314 -0.002508501 -0.024
v 0.00610314 -0.002508501 -0.022399999
v 0.00610314 -0.002508501 0.021
v 0.00610314 -0.002508501 0.024
v 0.006104902 -0.015 0.012942077
v 0.006106236 -0.014529009 -0.015396256
v 0.00610923 -0.009 -0.017400093
v 0.00611041 -0.014537542 0.013984974
v 0.006121585 -0.013546002 -0.016490089
v 0.006122402 -0.011868663 0.015891576
v 0.006123025 -0.013564218 0.015076276
v 0.006125052 -0.014417799 -0.015574357
v 0.00612557 -0.011835807 -0.017299615
v 0.006127824 -0.011035269 0.016005825
v 0.006128537 -0.012666909 0.015621897
v 0.006129005 -0.014427566 0.014162426
v 0.006129558 -0.012640528 -0.017033909
v 0.00613299 -0.010996678 -0.017407656
v 0.006145298 -0.014298036 -0.015746964
v 0.006149016 -0.014309118 0.014334477
v 0.006149731 -0.013381675 -0.01662004
v 0.006150873 -0.013401557 0.015206354
v 0.006154818 -0.010827552 0.016011415
v 0.006157814 -0.011666904 0.015938843
v 0.006161266 -0.011632459 -0.01734552
v 0.006161281 -0.012478036 0.015708283
v 0.00616261 -0.012449925 -0.017119475
v 0.00616693 -0.014169971 -0.015913654
v 0.006170399 -0.014182446 0.014500716
v 0.006175559 -0.010829749 -0.017413314
v 0.006178604 -0.0059744 -0.022399999
v 0.006178604 -0.0059744 -0.0189
v 0.006178604 -0.0059744 0.0175
v 0.006178604 -0.0059744 0.021
v 0.006178604 -0.003925095 -0.022399999
v 0.006178604 -0.003925095 -0.0189
v 0.006178604 -0.003925095 0.0175
v 0.006178604 -0.003925095 0.021
v 0.006178604 0.003925095 -0.022399999
v 0.006178604 0.003925095 -0.0189
v 0.006178604 0.003925095 0.0175
v 0.006178604 0.003925095 0.021
v 0.006178604 0.0059744 -0.022399999
v 0.006178604 0.0059744 -0.0189
v 0.006178604 0.0059744 0.0175
v 0.006178604 0.0059744 0.021
v 0.006178921 -0.013211099 -0.016741915
v 0.006179761 -0.013232675 0.015328486
v 0.006182298 -0.015 -0.014434966
v 0.006182896 -0.014996402 -0.014448184
v 0.00618642 -0.015 0.013041255
v 0.00618785 -0.015 0.013042723
v 0.006188937 -0.015 0.013043847
v 0.0061899 -0.014033859 -0.016074011
v 0.00619229 -0.015 -0.014448978
v 0.006193108 -0.014047798 0.014660729
v 0.006193579 -0.01146299 0.015976243
v 0.006193747 -0.014931157 -0.014648988
v 0.006194716 -0.012285 0.015785297
v 0.006196351 -0.012255175 -0.017195527
v 0.006197305 -0.011427013 -0.017381422
v 0.006199524 -0.014936286 0.013241221
v 0.006206208 -0.014856195 -0.014846467
v 0.006209083 -0.013034681 -0.016855409
v 0.006209617 -0.01305797 0.015442372
v 0.006211832 -0.014862178 0.013437758
v 0.006214165 -0.013889951 -0.016227618
v 0.006217099 -0.013905422 0.014814109
v 0.006220257 -0.014771635 -0.015040158
v 0.00622571 -0.014778575 0.013630574
v 0.00622876 -0.012088276 0.015852785
v 0.006229613 -0.011257405 0.016003663
v 0.006230695 -0.012056769 -0.01726192
v 0.006233601 -0.011219964 -0.017407205
v 0.006235854 -0.014677702 -0.015229624
v 0.00623967 -0.013738533 -0.016374081
v 0.006240145 -0.012852818 -0.01696022
v 0.006240372 -0.012877834 0.015547716
v 0.006241118 -0.014685695 0.013819236
v 0.006242321 -0.013755592 0.014960463
v 0.006252953 -0.014574645 -0.015414433
v 0.006258014 -0.014583781 0.014003322
v 0.006262877 -0.005863908 -0.022399999
v 0.006262877 -0.005863908 -0.0189
v 0.006262877 -0.005863908 0.0175
v 0.006262877 -0.005863908 0.021
v 0.006262877 -0.004035587 -0.022399999
v 0.006262877 -0.004035587 -0.0189
v 0.006262877 -0.004035587 0.0175
v 0.006262877 -0.004035587 0.021
v 0.006262877 0.004035587 -0.022399999
v 0.006262877 0.004035587 -0.0189
v 0.006262877 0.004035587 0.0175
v 0.006262877 0.004035587 0.021
v 0.006262877 0.005863908 -0.022399999
v 0.006262877 0.005863908 -0.0189
v 0.006262877 0.005863908 0.0175
v 0.006262877 0.005863908 0.021
v 0.006263327 -0.011888356 0.015910622
v 0.006265556 -0.011855208 -0.017318528
v 0.006265829 -0.011050635 0.016020987
v 0.00626635 -0.013579992 -0.016513072
v 0.006268711 -0.013598678 0.015099466
v 0.006270067 -0.011011804 -0.017422749
v 0.006271363 -0.015 0.013142998
v 0.006271511 -0.014462712 -0.015594157
v 0.006271955 -0.012692662 0.015644221
v 0.006272037 -0.012665913 -0.017056048
v 0.006276352 -0.014473077 0.014182412
v 0.006291483 -0.014342153 -0.015768373
v 0.006294132 -0.013414729 -0.016644277
v 0.006296089 -0.014353828 0.014356086
v 0.006296197 -0.013435079 0.015230807
v 0.006298332 -0.011685729 0.015958684
v 0.006299437 -0.010842876 -0.017427722
v 0.006300845 -0.011650989 -0.017365225
v 0.006302143 -0.010843162 0.016028097
v 0.006304297 -0.012502844 0.01573159
v 0.006304688 -0.012474364 -0.017142592
v 0.006310616 -0.007281708 -0.024
v 0.006310616 -0.007281708 -0.022399999
v 0.006310616 -0.007281708 0.021
v 0.006310616 -0.007281708 0.024
v 0.006310616 -0.002617787 -0.024
v 0.006310616 -0.002617787 -0.022399999
v 0.006310616 -0.002617787 0.021
v 0.006310616 -0.002617787 0.024
v 0.006312822 -0.014213216 -0.015936654
v 0.006317181 -0.014226279 0.014523929
v 0.006322947 -0.013243149 -0.016767383
v 0.006324711 -0.01326519 0.015354179
v 0.006333691 -0.011480883 0.015996845
v 0.006335484 -0.014076156 -0.016098583
v 0.006336478 -0.011444608 -0.017401883
v 0.006337246 -0.005746521 -0.022399999
v 0.006337246 -0.005746521 -0.0189
v 0.006337246 -0.005746521 0.0175
v 0.006337246 -0.005746521 0.021
v 0.006337246 -0.004152974 -0.022399999
v 0.006337246 -0.004152974 -0.0189
v 0.006337246 -0.004152974 0.0175
v 0.006337246 -0.004152974 0.021
v 0.006337246 0.004152974 -0.022399999
v 0.006337246 0.004152974 -0.0189
v 0.006337246 0.004152974 0.0175
v 0.006337246 0.004152974 0.021
v 0.006337246 0.005746521 -0.022399999
v 0.006337246 0.005746521 -0.0189
v 0.006337246 0.005746521 0.0175
v 0.006337246 0.005746521 0.021
v 0.006337326 -0.01230879 0.01580956
v 0.006338022 -0.012278596 -0.017219594
v 0.006338302 -0.015 -0.014622955
v 0.006339584 -0.014090678 0.014685526
v 0.006340439 -0.014986867 -0.014663452
v 0.006345875 -0.015 0.013233228
v 0.006347057 -0.014992721 0.013255819
v 0.006348467 -0.009 0.016011415
v 0.006352725 -0.013065653 -0.016882079
v 0.006352726 -0.014911282 -0.014862964
v 0.006354184 -0.013089404 0.015469277
v 0.006354634 -0.015 0.013245376
v 0.006359193 -0.014917987 0.013454407
v 0.006359424 -0.013931219 -0.01625374
v 0.006363252 -0.013947269 0.01484047
v 0.006363536 -0.015 0.013257798
v 0.006366581 -0.014826015 -0.015058674
v 0.006369317 -0.011274302 0.016024988
v 0.006369442 -0.009 -0.017413314
v 0.006370397 -0.015 -0.014667038
v 0.00637096 -0.012110977 0.01587797
v 0.006371956 -0.0120791 -0.017286902
v 0.006372367 -0.01123656 -0.017428378
v 0.006372878 -0.014833673 0.013649261
v 0.006381962 -0.014731288 -0.015250141
v 0.006383394 -0.01288264 -0.01698806
v 0.006384546 -0.012908115 0.015575799
v 0.006384592 -0.013778693 -0.016401729
v 0.006388073 -0.014739993 0.013839942
v 0.006388138 -0.013796326 0.014988363
v 0.006398827 -0.01462735 -0.01543693
v 0.006401149 -0.005623123 -0.022399999
v 0.006401149 -0.005623123 -0.0189
v 0.006401149 -0.005623123 0.0175
v 0.006401149 -0.005623123 0.021
v 0.006401149 -0.004276372 -0.022399999
v 0.006401149 -0.004276372 -0.0189
v 0.006401149 -0.004276372 0.0175
v 0.006401149 -0.004276372 0.021
v 0.006401149 0.004276372 -0.022399999
v 0.006401149 0.004276372 -0.0189
v 0.006401149 0.004276372 0.0175
v 0.006401149 0.004276372 0.021
v 0.006401149 0.005623123 -0.022399999
v 0.006401149 0.005623123 -0.0189
v 0.006401149 0.005623123 0.0175
v 0.006401149 0.005623123 0.021
v 0.006404735 -0.014637192 0.014026025
v 0.006405114 -0.0119099 0.015936689
v 0.006405128 -0.011066474 0.016042985
v 0.006406403 -0.011876381 -0.017344384
v 0.006408427 -0.011027337 -0.017444586
v 0.00641092 -0.013618963 -0.016542217
v 0.00641285 -0.010854892 0.016045576
v 0.006414177 -0.013638219 0.015128875
v 0.006414886 -0.01269451 -0.017085016
v 0.00641573 -0.012721715 0.015673444
v 0.006417132 -0.014514445 -0.015618608
v 0.006422821 -0.014525511 0.014207086
v 0.006430787 -0.010856793 -0.017448815
v 0.006436831 -0.014392825 -0.015794747
v 0.006438031 -0.015 0.013347729
v 0.006438339 -0.013452432 -0.016674882
v 0.006439704 -0.01170605 0.015985588
v 0.006441277 -0.011670938 -0.017391907
v 0.006441301 -0.013473347 0.015261688
v 0.006442289 -0.014405197 0.0143827
v 0.00644713 -0.012501659 -0.017172648
v 0.006447667 -0.012530595 0.01576191
v 0.006454103 -0.005494646 -0.022399999
v 0.006454103 -0.005494646 -0.0189
v 0.006454103 -0.005494646 0.0175
v 0.006454103 -0.005494646 0.021
v 0.006454103 -0.004404848 -0.022399999
v 0.006454103 -0.004404848 -0.0189
v 0.006454103 -0.004404848 0.0175
v 0.006454103 -0.004404848 0.021
v 0.006454103 0.004404848 -0.022399999
v 0.006454103 0.004404848 -0.0189
v 0.006454103 0.004404848 0.0175
v 0.006454103 0.004404848 0.021
v 0.006454103 0.005494646 -0.022399999
v 0.006454103 0.005494646 -0.0189
v 0.006454103 0.005494646 0.0175
v 0.006454103 0.005494646 0.021
v 0.006457882 -0.014262738 -0.01596492
v 0.006463094 -0.014276491 0.014552451
v 0.00646678 -0.013279503 -0.016799405
v 0.006469443 -0.013302104 0.015386491
v 0.006474646 -0.011499916 0.016024534
v 0.006476494 -0.011463269 -0.017429339
v 0.006480054 -0.012304511 -0.017250689
v 0.00648024 -0.014124433 -0.016128702
v 0.006480285 -0.012335162 0.015840931
v 0.006485194 -0.01413964 0.01471592
v 0.006493603 -0.015 -0.014814329
v 0.00649571 -0.005362059 -0.022399999
v 0.00649571 -0.005362059 -0.0189
v 0.00649571 -0.005362059 0.0175
v 0.00649571 -0.005362059 0.021
v 0.00649571 -0.004537436 -0.022399999
v 0.00649571 -0.004537436 -0.0189
v 0.00649571 -0.004537436 0.0175
v 0.00649571 -0.004537436 0.021
v 0.00649571 0.004537436 -0.022399999
v 0.00649571 0.004537436 -0.0189
v 0.00649571 0.004537436 0.0175
v 0.00649571 0.004537436 0.021
v 0.00649571 0.005362059 -0.022399999
v 0.00649571 0.005362059 -0.0189
v 0.00649571 0.005362059 0.0175
v 0.00649571 0.005362059 0.021
v 0.006496174 -0.013100578 -0.016915472
v 0.00649771 -0.014974116 -0.014882758
v 0.006498533 -0.013124885 0.015502973
v 0.006502059 -0.015 0.013425531
v 0.006503861 -0.01397816 -0.016285675
v 0.006504968 -0.014981646 0.013474378
v 0.006507826 -0.007154831 -0.024
v 0.006507826 -0.007154831 -0.022399999
v 0.006507826 -0.007154831 0.021
v 0.006507826 -0.007154831 0.024
v 0.006507826 -0.002744664 -0.024
v 0.006507826 -0.002744664 -0.022399999
v 0.006507826 -0.002744664 0.021
v 0.006507826 -0.002744664 0.024
v 0.006508545 -0.013994889 0.014872694
v 0.006509857 -0.011291987 0.016053399
v 0.006511376 -0.014887946 -0.015080863
v 0.006511968 -0.01125387 -0.017456546
v 0.006513505 -0.012135895 0.015910339
v 0.006513573 -0.012103564 -0.017318983
v 0.006518465 -0.014896424 0.013671646
v 0.006521296 -0.015 0.013451987
v 0.006525655 -0.005226362 -0.022399999
v 0.006525655 -0.005226362 -0.0189
v 0.006525655 -0.005226362 0.0175
v 0.006525655 -0.005226362 0.021
v 0.006525655 -0.004673133 -0.022399999
v 0.006525655 -0.004673133 -0.0189
v 0.006525655 -0.004673133 0.0175
v 0.006525655 -0.004673133 0.021
v 0.006525655 0.004673133 -0.022399999
v 0.006525655 0.004673133 -0.0189
v 0.006525655 0.004673133 0.0175
v 0.006525655 0.004673133 0.021
v 0.006525655 0.005226362 -0.022399999
v 0.006525655 0.005226362 -0.0189
v 0.006525655 0.005226362 0.0175
v 0.006525655 0.005226362 0.021
v 0.006526451 -0.012916057 -0.01702277
v 0.006526549 -0.014792209 -0.015274693
v 0.006528504 -0.012942084 0.015610824
v 0.006528696 -0.013824204 -0.016435437
v 0.006533099 -0.01384251 0.015022376
v 0.006533453 -0.014801729 0.013864712
v 0.006541805 -0.015 0.013480363
v 0.006543186 -0.014687154 -0.01546381
v 0.006543713 -0.005088578 -0.022399999
v 0.006543713 -0.005088578 -0.0189
v 0.006543713 -0.005088578 0.0175
v 0.006543713 -0.005088578 0.021
v 0.006543713 -0.004810916 -0.022399999
v 0.006543713 -0.004810916 -0.0189
v 0.006543713 -0.004810916 0.0175
v 0.006543713 -0.004810916 0.021
v 0.006543713 0.004810916 -0.022399999
v 0.006543713 0.004810916 -0.0189
v 0.006543713 0.004810916 0.0175
v 0.006543713 0.004810916 0.021
v 0.006543713 0.005088578 -0.022399999
v 0.006543713 0.005088578 -0.0189
v 0.006543713 0.005088578 0.0175
v 0.006543713 0.005088578 0.021
v 0.006545253 -0.011082748 0.016072057
v 0.006547241 -0.011933294 0.015969995
v 0.006547602 -0.011899323 -0.017377391
v 0.006547614 -0.011043236 -0.017473403
v 0.006549748 -0.004949748 -0.022399999
v 0.006549748 -0.004949748 -0.0189
v 0.006549748 -0.004949748 0.0175
v 0.006549748 -0.004949748 0.021
v 0.006549748 0.004949748 -0.022399999
v 0.006549748 0.004949748 -0.0189
v 0.006549748 0.004949748 0.0175
v 0.006549748 0.004949748 0.021
v 0.006549888 -0.014697806 0.014053144
v 0.006550076 -0.015 -0.014891238
v 0.006554678 -0.013662952 -0.016577648
v 0.006557543 -0.012726339 -0.017120985
v 0.006558794 -0.013682877 0.015164627
v 0.006559289 -0.012754093 0.015709741
v 0.006561244 -0.014573026 -0.015647776
v 0.006567731 -0.014584896 0.014236513
v 0.00657625 -0.010872207 -0.017479312
v 0.00658068 -0.014450075 -0.015826158
v 0.006580751 -0.010872683 0.016080378
v 0.006581412 -0.011727854 0.016019765
v 0.006581739 -0.013494809 -0.01671198
v 0.006582057 -0.011692291 -0.017425774
v 0.006585562 -0.013516386 0.015299124
v 0.006586936 -0.014463244 0.014414391
v 0.006589381 -0.012531819 -0.017209813
v 0.006590821 -0.0125613 0.015799418
v 0.006601451 -0.01431855 -0.015998524
v 0.006604373 -0.015 0.013556669
v 0.006607464 -0.014333094 0.014586354
v 0.006609397 -0.009 0.016045576
v 0.006609811 -0.013320181 -0.016838109
v 0.006613336 -0.013343438 0.015425549
v 0.006615933 -0.011520067 0.016059512
v 0.006616853 -0.011482971 -0.017463993
v 0.006621894 -0.012332924 -0.017288983
v 0.00662303 -0.012364115 0.015879581
v 0.006623514 -0.014178701 -0.016164444
v 0.006627536 -0.009 -0.017448815
v 0.00662927 -0.014194692 0.014751981
v 0.006638827 -0.013139469 -0.016955715
v 0.006642049 -0.013164425 0.015543586
v 0.006645484 -0.015 -0.021908854
v 0.006645484 -0.015 0.021908854
v 0.006646825 -0.014030777 -0.016323498
v 0.006647363 -0.015 -0.015008703
v 0.006650724 -0.011310425 0.016089102
v 0.006651907 -0.01127186 -0.017491912
v 0.006652313 -0.014048285 0.014910856
v 0.006653945 -0.014957404 -0.015106748
v 0.006654999 -0.012130152 -0.017358333
v 0.006655836 -0.012163021 0.015950058
v 0.006656637 -0.015 0.013620819
v 0.006661759 -0.014966803 0.013697753
v 0.006666941 -0.010881816 0.016102223
v 0.006668718 -0.012953074 -0.017064476
v 0.006668918 -0.014860439 -0.015303305
v 0.006671336 -0.013875064 -0.016475279
v 0.006671635 -0.012979745 0.015652919
v 0.006673865 -0.015 -0.02190828
v 0.00667387 -0.015 0.021908334
v 0.006676546 -0.013894143 0.015062576
v 0.006676549 -0.014870875 0.013893571
v 0.006682018 -0.010883414 -0.017506327
v 0.006685338 -0.014754029 -0.015495101
v 0.006685701 -0.011099414 0.016108401
v 0.006687134 -0.011059457 -0.017509395
v 0.006687254 -0.015 0.013662976
v 0.006688611 -0.011924016 -0.017417716
v 0.006689155 -0.011958521 0.016010705
v 0.006692769 -0.01476559 0.014084704
v 0.006693283 -0.00701132 -0.024
v 0.006693283 -0.00701132 -0.022399999
v 0.006693283 -0.00701132 0.021
v 0.006693283 -0.00701132 0.024
v 0.006693283 -0.002888174 -0.024
v 0.006693283 -0.002888174 -0.022399999
v 0.006693283 -0.002888174 0.021
v 0.006693283 -0.002888174 0.024
v 0.006696983 -0.013711954 -0.01661944
v 0.006699416 -0.012761396 -0.017164079
v 0.006701907 -0.013732642 0.015206797
v 0.006702028 -0.012789789 0.015753239
v 0.006703162 -0.014638422 -0.01568169
v 0.006710378 -0.014651195 0.014270719
v 0.006716223 0.007408937 -0.022399999
v 0.006716223 0.007408937 -0.0189
v 0.006716223 0.007408937 0.0175
v 0.006716223 0.007408937 0.021
v 0.006721535 -0.015 0.013710459
v 0.006722346 -0.014513867 -0.015862633
v 0.006722647 -0.011715025 -0.017466988
v 0.006722908 -0.011751115 0.016061381
v 0.006723696 -0.013541851 -0.016755648
v 0.006728329 -0.013564185 0.015343189
v 0.006729335 -0.014527933 0.014451182
v 0.006730855 -0.012564833 -0.017254211
v 0.006731299 -0.015 -0.01512313
v 0.006733161 -0.012594948 0.015844237
v 0.006742851 -0.014380616 -0.016037492
v 0.006749597 -0.01439605 0.014625663
v 0.006751411 -0.013365165 -0.016883571
v 0.006755747 -0.013389172 0.015471427
v 0.00675701 -0.011541301 0.016101943
v 0.006757024 -0.011503682 -0.017506005
v 0.006759085 -0.013557306 -0.022326231
v 0.006759093 -0.013557207 0.022326261
v 0.006762963 -0.012363813 -0.017334597
v 0.006764632 -0.014238919 -0.016205838
v 0.006764967 -0.012395631 0.015925633
v 0.006769764 -0.015 0.013770266
v 0.006770816 -0.015 -0.021906126
v 0.006770821 -0.015 0.021906213
v 0.006771124 -0.014255794 0.014793737
v 0.006780059 -0.013182301 -0.017002882
v 0.006784095 -0.013208001 0.015591189
v 0.006787648 -0.014089027 -0.016367238
v 0.006791381 -0.011329574 0.016132252
v 0.006791658 -0.011290491 -0.017534627
v 0.006793874 -0.01410741 0.014954981
v 0.00679566 -0.012158839 -0.017405069
v 0.006797365 -0.012192328 0.015997248
v 0.006798734 -0.015 -0.015205897
v 0.006808368 -0.014935885 -0.015335968
v 0.006808746 -0.015 0.013818906
v 0.006809575 -0.012993663 -0.017113257
v 0.00681185 -0.01393123 -0.016521282
v 0.006813307 -0.013021069 0.015702154
v 0.006816646 -0.014947329 0.013926505
v 0.006817214 -0.015 -0.02190331
v 0.0068178 -0.013951174 0.015108989
v 0.006824584 -0.014827882 -0.015530789
v 0.006825939 -0.011116422 0.016152171
v 0.006826467 -0.011075952 -0.017552711
v 0.006828861 -0.01195043 -0.017465472
v 0.006830275 -0.011985548 0.016058937
v 0.006832665 -0.014840446 0.014120691
v 0.006837176 -0.013765918 -0.016667621
v 0.00683989 -0.01279965 -0.017214373
v 0.006842188 -0.014710539 -0.015720334
v 0.006842843 -0.013787465 0.015255408
v 0.00684332 -0.01282877 0.01580401
v 0.006847942 -0.015 0.021900869
v 0.006850057 -0.014724309 0.014309688
v 0.006851812 -0.015 0.013878793
v 0.006854407 -0.01090168 -0.017559431
v 0.006861139 -0.014584108 -0.015904155
v 0.006862484 -0.011739099 -0.017515661
v 0.006863558 -0.013593505 -0.01680591
v 0.006863615 -0.011775797 0.016110549
v 0.006865588 -0.00685226 -0.024
v 0.006865588 -0.00685226 -0.022399999
v 0.006865588 -0.00685226 0.021
v 0.006865588 -0.00685226 0.024
v 0.006865588 -0.003047235 -0.024
v 0.006865588 -0.003047235 -0.022399999
v 0.006865588 -0.003047235 0.021
v 0.006865588 -0.003047235 0.024
v 0.00686634 -0.009 0.016102223
v 0.006868781 -0.014599162 0.014493056
v 0.006868936 -0.013616689 0.015393904
v 0.006870942 -0.012600666 -0.017305912
v 0.006874066 -0.012631499 0.015896436
v 0.006881393 -0.014448841 -0.01608181
v 0.006881587 -0.009 -0.017506327
v 0.006888796 -0.014465257 0.014670358
v 0.006890931 -0.013414402 -0.01693581
v 0.006894312 -0.015 -0.021897968
v 0.006894348 -0.015 0.021898129
v 0.006896015 -0.013439251 0.015524145
v 0.006896447 -0.011525357 -0.017555486
v 0.006897304 -0.011563576 0.016151937
v 0.006902576 -0.015 0.013949793
v 0.006902658 -0.012397138 -0.017387599
v 0.006902911 -0.014304993 -0.01625286
v 0.006905481 -0.012429668 0.015979152
v 0.006910062 -0.014322842 0.014841164
v 0.006913926 -0.015 -0.015364463
v 0.006915154 -0.010908118 0.016180921
v 0.006919229 -0.01322902 -0.017056994
v 0.006924015 -0.013255552 0.015645802
v 0.006925651 -0.014152816 -0.01641687
v 0.006927377 -0.010909412 -0.017585427
v 0.006930668 -0.01130971 -0.017584801
v 0.006931262 -0.011349385 0.016182959
v 0.006932538 -0.014172165 0.015005043
v 0.006933486 -0.015 0.013988991
v 0.006934958 -0.01218958 -0.017459255
v 0.006937484 -0.012223773 0.016051976
v 0.006939318 -0.015 -0.021893429
v 0.006946878 -0.015 -0.015405809
v 0.006948386 -0.013037765 -0.017169125
v 0.006949564 -0.013992603 -0.016573424
v 0.006952872 -0.013065995 0.015758548
v 0.006956179 -0.014013506 0.015161585
v 0.006957532 -0.015 0.014019667
v 0.006960226 -0.014908554 -0.015570823
v 0.006965066 -0.011092666 -0.017603455
v 0.006965409 -0.011133719 0.016203467
v 0.00696776 -0.011978515 -0.017520726
v 0.006968863 -0.014922206 0.01416105
v 0.006969996 -0.012014328 0.016114751
v 0.006971201 -0.015 0.021889278
v 0.00697459 -0.013824751 -0.016722159
v 0.006977629 -0.014789221 -0.015763652
v 0.006978338 -0.012841042 -0.01727188
v 0.006980924 -0.013847247 0.01531043
v 0.006982521 -0.012870976 0.015862063
v 0.006986057 -0.014804072 0.014353359
v 0.006996366 -0.014660642 -0.015950663
v 0.006999666 -0.010917072 0.016213322
v 0.007000663 -0.013649678 -0.016862733
v 0.007000983 -0.011764464 -0.017571855
v 0.007002936 -0.011801846 0.016167326
v 0.00700457 -0.01467677 0.014539947
v 0.007006709 -0.013673802 0.015451237
v 0.007009019 -0.012639256 -0.01736493
v 0.007010196 -0.012057366 -0.022757156
v 0.0070102 -0.012057324 0.022757169
v 0.007012899 -0.012670893 0.015956027
v 0.007014211 -0.015 0.014099864
v 0.007016155 -0.015 -0.021884579
v 0.007016185 -0.015 0.021884805
v 0.007016393 -0.014523073 -0.016131409
v 0.007023443 -0.006678848 -0.024
v 0.007023443 -0.006678848 -0.022399999
v 0.007023443 -0.006678848 0.021
v 0.007023443 -0.006678848 0.024
v 0.007023443 -0.003220647 -0.024
v 0.007023443 -0.003220647 -0.022399999
v 0.007023443 -0.003220647 0.021
v 0.007023443 -0.003220647 0.024
v 0.00702436 -0.014540556 0.014720368
v 0.007027717 -0.013467801 -0.016994797
v 0.007033472 -0.013493579 0.015583665
v 0.007034544 -0.011547943 -0.017612493
v 0.007036225 -0.011586836 0.016209548
v 0.007037671 -0.014376773 -0.016305441
v 0.00704036 -0.01243284 -0.017447999
v 0.007043941 -0.012466163 0.01604015
v 0.007045389 -0.01439568 0.014894185
v 0.007055687 -0.013279535 -0.017118013
v 0.007060158 -0.014221998 -0.016472319
v 0.007061147 -0.013306986 0.015707381
v 0.007062514 -0.015 -0.021878027
v 0.007064258 -0.015 -0.015570168
v 0.007067616 -0.014242397 0.015060961
v 0.007068364 -0.011329465 -0.017642481
v 0.007069782 -0.011369801 0.016241269
v 0.007072282 -0.012222313 -0.017520901
v 0.007075568 -0.012257289 0.016114242
v 0.007083809 -0.014059043 -0.016631618
v 0.007084509 -0.013085293 -0.017232042
v 0.007084814 -0.015 0.014200316
v 0.007089671 -0.01311443 0.015822053
v 0.007090982 -0.015 -0.015607564
v 0.007090996 -0.014080986 0.015220279
v 0.007091575 -0.014995817 -0.015615111
v 0.007092608 -0.015 0.021872492
v 0.007094765 -0.015 0.014213287
v 0.007097225 -0.015 -0.015617275
v 0.007102169 -0.015 0.014222995
v 0.007102363 -0.01110954 -0.017661672
v 0.007103531 -0.011151246 0.016262339
v 0.007104704 -0.01200821 -0.017583478
v 0.007107701 -0.012044794 0.01617815
v 0.007108561 -0.013888313 -0.016782973
v 0.007108802 -0.014874244 -0.015811542
v 0.00711412 -0.012885483 -0.017336555
v 0.007115471 -0.013911841 0.015371772
v 0.007117341 -0.009 0.016180921
v 0.007117686 -0.014890254 0.014401629
v 0.007118982 -0.012916314 0.015927354
v 0.007127348 -0.014743252 -0.01600205
v 0.00712967 -0.010930847 -0.017669069
v 0.0071297 -0.009 -0.017585427
v 0.00713435 -0.013710234 -0.016926028
v 0.007136011 -0.014760532 0.014591742
v 0.007137544 -0.011791056 -0.017635571
v 0.007138748 -0.012064642 -0.022746105
v 0.007138752 -0.012064599 0.022746116
v 0.007138925 -0.015 -0.021865717
v 0.007138987 -0.015 0.021865992
v 0.00714026 -0.011829197 0.01623171
v 0.007140977 -0.013735379 0.015515089
v 0.007144455 -0.012680517 -0.017431218
v 0.007147175 -0.014603101 -0.016186172
v 0.007149017 -0.012713039 0.016022956
v 0.007155602 -0.010933596 0.016281076
v 0.007155604 -0.014621727 0.014775573
v 0.007161113 -0.013525229 -0.017060433
v 0.007165033 -0.010934595 -0.01768552
v 0.007165655 -0.006492394 -0.024
v 0.007165655 -0.006492394 -0.022399999
v 0.007165655 -0.006492394 0.021
v 0.007165655 -0.006492394 0.024
v 0.007165655 -0.003407101 -0.024
v 0.007165655 -0.003407101 -0.022399999
v 0.007165655 -0.003407101 0.021
v 0.007165655 -0.003407101 0.024
v 0.007167451 -0.013552017 0.015649887
v 0.00716824 -0.014454054 -0.016363457
v 0.007170723 -0.011571376 -0.017677018
v 0.007173167 -0.011611016 0.016274771
v 0.007173642 -0.015 0.014326566
v 0.007175446 -0.012470831 -0.017515745
v 0.007176424 -0.014474097 0.014952674
v 0.00717971 -0.012505029 0.016108567
v 0.007182721 -0.015 -0.021857756
v 0.007188784 -0.013333718 -0.017185839
v 0.007190505 -0.014296372 -0.016533455
v 0.00719483 -0.013362168 0.015775824
v 0.007198431 -0.014317898 0.015122602
v 0.00720416 -0.011349689 -0.017707666
v 0.007206343 -0.011390759 0.016307177
v 0.007207014 -0.012256958 -0.017589953
v 0.007210986 -0.012292794 0.016183993
v 0.007213922 -0.014130357 -0.016695732
v 0.007214816 -0.015 0.021850267
v 0.007217302 -0.013136121 -0.017301904
v 0.007221582 -0.014153418 0.015284928
v 0.007223052 -0.013166247 0.015892562
v 0.007230271 -0.015 -0.015807865
v 0.007234722 -0.007771811 -0.024
v 0.007234722 -0.007771811 0.024
v 0.007235044 -0.014965326 -0.015863864
v 0.007237778 -0.011126514 -0.017727358
v 0.007238433 -0.01395642 -0.016849916
v 0.00723908 -0.012039435 -0.017653674
v 0.007239711 -0.011168937 0.016328776
v 0.007241875 -0.015 0.014425975
v 0.007242764 -0.012076866 0.01624907
v 0.00724427 -0.014982561 0.014454346
v 0.007245818 -0.013981055 0.015439283
v 0.0072466 -0.012932857 -0.017408291
v 0.00725063 -0.007771635 0.024
v 0.007252054 -0.012964662 0.015999766
v 0.00725239 -0.015 0.014442872
v 0.00725343 -0.014831662 -0.01605816
v 0.007258545 -0.015 -0.021842032
v 0.007258611 -0.015 0.021842347
v 0.007262439 -0.014850161 0.014648282
v 0.007263971 -0.013774996 -0.016995646
v 0.007264811 -0.010945167 -0.01773504
v 0.007265768 -0.015 0.014464477
v 0.007266797 -0.012070319 -0.022729663
v 0.0072668 -0.012070276 0.022729676
v 0.007271077 -0.013801238 0.015585307
v 0.007271562 -0.011818799 -0.017706744
v 0.007273085 -0.014688656 -0.016245939
v 0.007273193 -0.010946056 0.016339414
v 0.007274968 -0.011857774 0.01630364
v 0.007276619 -0.012724336 -0.017504662
v 0.007278276 -0.015 -0.015884127
v 0.007281776 -0.012757822 0.016097108
v 0.007281864 -0.014708493 0.014835802
v 0.007290476 -0.013586515 -0.017132562
v 0.007291151 -0.006294303 -0.024
v 0.007291151 -0.006294303 -0.022399999
v 0.007291151 -0.006294303 0.021
v 0.007291151 -0.006294303 0.024
v 0.007291151 -0.003605193 -0.024
v 0.007291151 -0.003605193 -0.022399999
v 0.007291151 -0.003605193 0.021
v 0.007291151 -0.003605193 0.024
v 0.007293971 -0.014536575 -0.016426736
v 0.007297297 -0.013614389 0.015722649
v 0.007299176 -0.007769179 -0.024
v 0.007302507 -0.014557821 0.01501645
v 0.007304382 -0.011595584 -0.017749002
v 0.007304678 -0.015 -0.02183175
v 0.00730729 -0.012511008 -0.017590726
v 0.007307518 -0.01163604 0.016347541
v 0.007312152 -0.012546155 0.016184283
v 0.007315063 -0.007767752 0.024
v 0.007316046 -0.014375689 -0.016600095
v 0.007317883 -0.013391407 -0.017260313
v 0.007324053 0.00680869 -0.022399999
v 0.007324053 0.00680869 -0.0189
v 0.007324053 0.00680869 0.0175
v 0.007324053 0.00680869 0.021
v 0.007324329 -0.014398409 0.015189772
v 0.007324415 -0.013420931 0.015850963
v 0.00732923 -0.015 0.014559238
v 0.007333684 -0.015 0.021823263
v 0.007337461 -0.011370317 -0.017780289
v 0.007338536 -0.012293411 -0.017666291
v 0.007339266 -0.014206303 -0.016765574
v 0.007340338 -0.011412187 0.016380614
v 0.007340818 -0.007764794 0.024
v 0.007343107 -0.012330182 0.016261099
v 0.007346129 -0.013190099 -0.017378546
v 0.007347286 -0.01423055 0.015355336
v 0.007352369 -0.013221285 0.015969902
v 0.007360489 -0.009 0.016281076
v 0.007363571 -0.014028841 -0.016922792
v 0.007364031 -0.015 -0.016010649
v 0.007365981 -0.007761138 -0.024
v 0.007370025 -0.009 -0.01768552
v 0.007370275 -0.012072096 -0.01773119
v 0.007370722 -0.011143521 -0.017800443
v 0.00737132 -0.014054652 0.015512758
v 0.00737335 -0.011186729 0.016402703
v 0.007373985 -0.014925539 -0.016118793
v 0.007374563 -0.012110446 0.016327387
v 0.007375153 -0.012983016 -0.017486921
v 0.007375925 -0.015 0.014629325
v 0.007379751 -0.015 -0.021812664
v 0.007379828 -0.015 0.021813011
v 0.0073811 -0.013015869 0.016079128
v 0.007383218 -0.014945311 0.01470936
v 0.007386455 -0.010958057 0.016401924
v 0.007388897 -0.013843743 -0.017071379
v 0.007393214 -0.010958773 -0.017805859
v 0.007393504 -0.014779416 -0.016310493
v 0.007394119 -0.012074401 -0.022707919
v 0.007394123 -0.012074359 0.02270793
v 0.007396371 -0.01387115 0.015661675
v 0.007398987 -0.006086069 -0.024
v 0.007398987 -0.006086069 -0.022399999
v 0.007398987 -0.006086069 0.021
v 0.007398987 -0.006086069 0.024
v 0.007398987 -0.003813426 -0.024
v 0.007398987 -0.003813426 -0.022399999
v 0.007398987 -0.003813426 0.021
v 0.007398987 -0.003813426 0.024
v 0.007402431 -0.011847607 -0.017785255
v 0.00740251 -0.01480052 0.014900836
v 0.007404891 -0.012770578 -0.017585091
v 0.007405342 -0.015 0.014677967
v 0.007406442 -0.011887483 0.016382983
v 0.007408431 -0.007753274 0.024
v 0.007410544 -0.012805098 0.016178301
v 0.007414246 -0.014624028 -0.016495053
v 0.007415182 -0.013651452 -0.017210973
v 0.007422193 -0.015 -0.021801448
v 0.007422375 -0.013680479 0.015801731
v 0.007423013 -0.014646533 0.015085281
v 0.007434923 -0.011620486 -0.017828319
v 0.007435279 -0.012553243 -0.017672759
v 0.007436169 -0.014459651 -0.016672002
v 0.007438667 -0.011661828 0.016427722
v 0.007440641 -0.012589408 0.016267117
v 0.007442355 -0.007745474 -0.024
v 0.007442364 -0.013452406 -0.017341213
v 0.007444688 -0.014483622 0.015262232
v 0.007445691 -0.015 0.014745011
v 0.007449273 -0.013483071 0.015932569
v 0.007453982 -0.015 0.021790621
v 0.007459231 -0.014286599 -0.016840896
v 0.007460104 -0.015 -0.01616764
v 0.007466238 -0.012331557 -0.017749734
v 0.007467491 -0.014312088 0.015431245
v 0.007467675 -0.011391272 -0.017860221
v 0.007470381 -0.01324704 -0.017461741
v 0.007471162 -0.011434007 0.016461443
v 0.007471313 -0.012369331 0.016345376
v 0.007477001 -0.013279353 0.016053839
v 0.007477347 -0.007736033 0.024
v 0.007480043 -0.015 0.014798181
v 0.007483372 -0.014105304 -0.01700134
v 0.007488347 -0.005869265 -0.024
v 0.007488347 -0.005869265 -0.022399999
v 0.007488347 -0.005869265 0.021
v 0.007488347 -0.005869265 0.024
v 0.007488347 -0.00403023 -0.024
v 0.007488347 -0.00403023 -0.022399999
v 0.007488347 -0.00403023 0.021
v 0.007488347 -0.00403023 0.024
v 0.007491366 -0.014132348 0.015591932
v 0.007491613 -0.015 -0.0162158
v 0.007496353 -0.015 -0.021779058
v 0.007496457 -0.015 0.021779414
v 0.007497689 -0.012106085 -0.017815843
v 0.00749917 -0.013035789 -0.017572207
v 0.00750061 -0.011160497 -0.017880796
v 0.007502484 -0.01214542 0.016412908
v 0.007503665 -0.015 0.014834926
v 0.00750385 -0.011204549 0.016483987
v 0.007505501 -0.013069755 0.016165193
v 0.007507852 -0.014875007 -0.016379578
v 0.007508528 -0.01391622 -0.017152963
v 0.00751625 -0.013944849 0.015743922
v 0.007516957 -0.01489742 0.014970409
v 0.007520199 -0.007722563 -0.024
v 0.007520493 -0.012076895 -0.022680949
v 0.007520496 -0.012076852 0.022680961
v 0.007527163 -0.010972966 -0.017888926
v 0.007528489 -0.014716052 -0.016568134
v 0.00752867 -0.012819082 -0.017672265
v 0.007529554 -0.011877379 -0.017870914
v 0.007534076 -0.011918223 0.016469546
v 0.007534638 -0.013719797 -0.017295392
v 0.007534712 -0.012854701 0.01626629
v 0.007536657 -0.010973972 0.016495192
v 0.00753736 -0.014739861 0.015158887
v 0.007542068 -0.015 -0.021765035
v 0.007542084 -0.013750035 0.015886849
v 0.007547941 -0.007712731 0.024
v 0.007550303 -0.014547914 -0.016748892
v 0.007551376 -0.015 -0.016316945
v 0.007552854 -0.015 0.014919212
v 0.007558559 -0.005645524 -0.024
v 0.007558559 -0.005645524 -0.022399999
v 0.007558559 -0.005645524 0.021
v 0.007558559 -0.005645524 0.024
v 0.007558559 -0.004253971 -0.024
v 0.007558559 -0.004253971 -0.022399999
v 0.007558559 -0.004253971 0.021
v 0.007558559 -0.004253971 0.024
v 0.007558816 -0.012597387 -0.017761607
v 0.00755893 -0.014573182 0.015339687
v 0.007561639 -0.013516486 -0.017428258
v 0.007561757 -0.011645994 -0.017914779
v 0.007564571 -0.012634634 0.016356817
v 0.007566014 -0.011688282 0.016515119
v 0.007568806 -0.013548349 0.016020352
v 0.007569531 -0.015 0.021753784
v 0.007573251 -0.014370915 -0.016921399
v 0.007581623 -0.014397693 0.015512352
v 0.007589471 -0.013306732 -0.017551202
v 0.007589531 -0.012371262 -0.017840039
v 0.007590299 -0.00769605 -0.024
v 0.007593933 -0.009 0.016401924
v 0.007594218 -0.011412477 -0.017947271
v 0.007595004 -0.012410101 0.016436569
v 0.007596355 -0.01334023 0.016144074
v 0.007597272 -0.014185499 -0.017085256
v 0.007598221 -0.011456138 0.016549468
v 0.007600768 -0.009 -0.017805859
v 0.007605384 -0.014213823 0.015676487
v 0.007605956 -0.010981316 0.016542545
v 0.007609091 -0.005416535 -0.024
v 0.007609091 -0.005416535 -0.022399999
v 0.007609091 -0.005416535 0.021
v 0.007609091 -0.005416535 0.024
v 0.007609091 -0.00448296 -0.024
v 0.007609091 -0.00448296 -0.022399999
v 0.007609091 -0.00448296 0.021
v 0.007609091 -0.00448296 0.024
v 0.007610218 -0.010981767 -0.01794555
v 0.00761244 -0.015 -0.016420197
v 0.007615155 -0.015 -0.021739399
v 0.007615235 -0.015 0.021739772
v 0.007615601 -0.014975009 -0.016452892
v 0.007618072 -0.013090979 -0.017663863
v 0.007620576 -0.007682902 0.024
v 0.007620736 -0.01214128 -0.017907387
v 0.007622304 -0.013992132 -0.017240079
v 0.007624516 -0.015 0.015042582
v 0.007624672 -0.014998763 0.015044213
v 0.007624672 -0.013126116 0.016257662
v 0.007625058 -0.015 0.015043611
v 0.007625853 -0.015 0.015045126
v 0.007625932 -0.012181662 0.016505377
v 0.007626864 -0.011177369 -0.017968226
v 0.00763015 -0.014022031 0.015831716
v 0.007630623 -0.011222326 0.016572425
v 0.007636176 -0.014812247 -0.016645662
v 0.007639564 -0.005184025 -0.024
v 0.007639564 -0.005184025 -0.022399999
v 0.007639564 -0.005184025 0.021
v 0.007639564 -0.005184025 0.024
v 0.007639564 -0.00471547 -0.024
v 0.007639564 -0.00471547 -0.022399999
v 0.007639564 -0.00471547 0.021
v 0.007639564 -0.00471547 0.024
v 0.007639804 -0.015 -0.016471452
v 0.007645019 -0.01483739 0.015236944
v 0.007645695 -0.012077806 -0.022648837
v 0.007645699 -0.012077763 0.02264885
v 0.007647381 -0.012869668 -0.017765887
v 0.007648287 -0.013791275 -0.017385488
v 0.007649748 -0.004949748 -0.024
v 0.007649748 -0.004949748 -0.022399999
v 0.007649748 -0.004949748 0.021
v 0.007649748 -0.004949748 0.024
v 0.007652355 -0.011908009 -0.017963475
v 0.007653696 -0.012906441 0.016360765
v 0.007655861 -0.013822772 0.015977664
v 0.007657282 -0.011949878 0.016563069
v 0.007657926 -0.014640096 -0.016830435
v 0.007663145 -0.010987376 0.016583832
v 0.007666529 -0.014666691 0.015421795
v 0.007673608 -0.007657431 0.024
v 0.007675157 -0.01358339 -0.017521113
v 0.007677333 -0.012643275 -0.017856965
v 0.007678649 -0.007654849 -0.024
v 0.007680806 -0.014458888 -0.017006742
v 0.007682457 -0.013616499 0.016113965
v 0.007683366 -0.012681662 0.016453067
v 0.00768431 -0.011672012 -0.018008133
v 0.007688976 -0.011715305 0.016609473
v 0.007689159 -0.014486988 0.0155983
v 0.007693899 -0.015 0.015166797
v 0.007702561 -0.015 -0.021705912
v 0.007702565 -0.015 0.021705911
v 0.007702855 -0.013368935 -0.017646583
v 0.007704756 -0.014269082 -0.017174179
v 0.007707852 -0.012412373 -0.017936898
v 0.007709877 -0.013403667 0.016240254
v 0.007712855 -0.014298719 0.015766056
v 0.007713607 -0.012452333 0.016534362
v 0.007716524 -0.011433848 -0.01804119
v 0.007720939 -0.011478493 0.016644426
v 0.007726015 -0.015 -0.016623454
v 0.007726232 -0.015 -0.021696419
v 0.007726232 -0.015 0.021696419
v 0.007729715 -0.014071153 -0.017332355
v 0.007731319 -0.013148365 -0.01776153
v 0.007736841 -0.014912173 -0.016727284
v 0.007737553 -0.014102358 0.015924679
v 0.00773798 -0.015 0.015245972
v 0.007738062 -0.013184722 0.01635617
v 0.007738861 -0.012177547 -0.018005509
v 0.007744343 -0.012219031 0.016604474
v 0.00774552 -0.014938668 0.015319087
v 0.007748923 -0.011194071 -0.01806248
v 0.007749408 -0.015 -0.021685915
v 0.007753098 -0.011239987 0.016667759
v 0.007755622 -0.01386558 -0.017480884
v 0.007758574 -0.014735776 -0.016916256
v 0.007760488 -0.012922132 -0.017865598
v 0.007761753 -0.015 0.01529314
v 0.007763194 -0.013898373 0.016073788
v 0.007764661 -0.007606534 0.024
v 0.007766952 -0.01296011 0.016461359
v 0.007767017 -0.01476372 0.015508176
v 0.007769503 -0.012077139 -0.022611666
v 0.007769507 -0.012077096 0.022611678
v 0.007770281 -0.011939377 -0.018062623
v 0.007775128 -0.010999241 -0.018070903
v 0.007775499 -0.011982327 0.016663231
v 0.007775745 -0.007599725 -0.024
v 0.007781435 -0.014550121 -0.017096534
v 0.007782414 -0.013652834 -0.017619386
v 0.007789636 -0.014579563 0.015688693
v 0.007789717 -0.013687229 0.016213007
v 0.007790299 -0.012690725 -0.017958472
v 0.007796486 -0.012730299 0.016555499
v 0.007800045 -0.015 0.015369438
v 0.007802037 -0.011698438 -0.018108064
v 0.007805366 -0.014355676 -0.017267708
v 0.007806998 -0.01174279 0.01671046
v 0.007810032 -0.013433387 -0.017747486
v 0.007812433 -0.011003194 0.016701866
v 0.007813317 -0.014386651 0.015860226
v 0.007814427 -0.011003406 -0.018103551
v 0.007815898 -0.009 0.016542545
v 0.007816203 -0.015 -0.016799907
v 0.00781633 -0.015 0.021658238
v 0.007817063 -0.013469392 0.016341969
v 0.007820209 -0.009 -0.01794555
v 0.007820675 -0.012454729 -0.018039946
v 0.00782659 -0.012495859 0.016638378
v 0.007827416 -0.015 0.01542088
v 0.007830305 -0.014152934 -0.017429378
v 0.007831931 -0.015 -0.016829028
v 0.007834052 -0.0114553 -0.018141663
v 0.007838001 -0.014185469 0.016022384
v 0.007838413 -0.013207706 -0.01786481
v 0.007838767 -0.011500981 0.016745994
v 0.007839419 -0.015 -0.021647774
v 0.007839419 -0.015 0.021647775
v 0.00784365 -0.015 0.015451522
v 0.007845172 -0.013245322 0.016460305
v 0.007850811 -0.015 -0.01686793
v 0.007851539 -0.012214742 -0.018109845
v 0.007851847 -0.014834509 -0.017005946
v 0.00785619 -0.013942383 -0.017581152
v 0.007857187 -0.012257377 0.016709819
v 0.007858667 -0.007544611 0.024
v 0.007859997 -0.014863809 0.015598412
v 0.007861957 -0.015 -0.021636335
v 0.007863626 -0.013976498 0.01617478
v 0.007866251 -0.011210531 -0.018163247
v 0.007867499 -0.012976256 -0.017970992
v 0.007870731 -0.011257458 0.016769662
v 0.007873984 -0.013015479 0.016567653
v 0.00787474 -0.014644189 -0.017190352
v 0.007878434 0.006158756 -0.022399999
v 0.007878434 0.006158756 -0.0189
v 0.007878434 0.006158756 0.0175
v 0.007878434 0.006158756 0.021
v 0.007882654 -0.014674984 0.015783096
v 0.007882814 -0.011971358 -0.018167991
v 0.00788296 -0.013724512 -0.017722642
v 0.007888203 -0.012015439 0.016769651
v 0.007890133 -0.013760219 0.016317032
v 0.007890171 -0.015 0.015548815
v 0.007891695 -0.012074901 -0.022569517
v 0.0078917 -0.012074858 0.02256953
v 0.007892349 -0.011011662 -0.018171767
v 0.007893011 -0.007519637 -0.024
v 0.007897225 -0.012739538 -0.01806571
v 0.007898705 -0.014444882 -0.017365402
v 0.007902818 -0.011012771 0.016781302
v 0.007903439 -0.012780342 0.016663682
v 0.007906375 -0.014477205 0.015958548
v 0.007910554 -0.013499806 -0.017853467
v 0.007914423 -0.011725166 -0.018214207
v 0.007917463 -0.013537113 0.016448762
v 0.007919561 -0.011770625 0.016817698
v 0.007923678 -0.014237097 -0.017530693
v 0.007927515 -0.012498153 -0.018148765
v 0.007928031 -0.015 0.021605782
v 0.007929857 -0.015 -0.017030617
v 0.007931099 -0.014270974 0.01612437
v 0.007933462 -0.012540494 0.016748184
v 0.007937415 -0.014935826 -0.017099069
v 0.007938912 -0.013268745 -0.017973246
v 0.007941201 -0.015 0.015655977
v 0.00794514 -0.014966474 0.015692055
v 0.007945553 -0.013307651 0.016569598
v 0.007946292 -0.011476748 -0.01824832
v 0.007949599 -0.014021336 -0.017685823
v 0.007950458 -0.015 -0.0215944
v 0.007950458 -0.015 0.021594399
v 0.007951189 -0.01152351 0.016853791
v 0.007951454 -0.015 0.015679933
v 0.007956073 -0.007470527 0.024
v 0.007956767 -0.014056787 0.016280167
v 0.007958291 -0.012252712 -0.018219972
v 0.007960394 -0.01474065 -0.017287739
v 0.007963978 -0.012296539 0.01682098
v 0.007967887 -0.014772792 0.015881045
v 0.007967973 -0.013031807 -0.018081605
v 0.007969802 -0.015 0.015722968
v 0.007972279 -0.015 -0.021582079
v 0.007974348 -0.013072305 0.01667917
v 0.007976405 -0.013798103 -0.017830402
v 0.007978346 -0.011226683 -0.018270159
v 0.007983012 -0.011274665 0.016877759
v 0.007983316 -0.013835139 0.01642555
v 0.007984446 -0.014536284 -0.017466791
v 0.007985573 -0.015 -0.0171587
v 0.007989477 -0.012003822 -0.018279156
v 0.007991702 -0.014569954 0.016060539
v 0.007994912 -0.012049074 0.016881894
v 0.007997673 -0.012789508 -0.018178221
v 0.007997751 -0.007435767 -0.024
v 0.008003783 -0.012831572 0.016777143
v 0.008003983 -0.007430413 0.024
v 0.008004035 -0.013567895 -0.017964037
v 0.008004317 -0.011023526 -0.018278679
v 0.008004317 -0.011023526 0.016878679
v 0.008009233 -0.015 0.01581069
v 0.008009511 -0.014323252 -0.017635815
v 0.008010688 -0.013606522 0.016560137
v 0.008012048 -0.012071095 -0.022522472
v 0.008012053 -0.012071053 0.022522483
v 0.008016524 -0.014358474 0.016230136
v 0.008019554 -0.015 -0.017233008
v 0.008020998 -0.011752087 -0.018326135
v 0.008024694 -0.009 0.016701866
v 0.008026187 -0.011798694 0.016930753
v 0.008026711 -0.009 -0.018103551
v 0.008027936 -0.012542463 -0.018262886
v 0.008030398 -0.015 0.015857962
v 0.008032429 -0.01333121 -0.018086344
v 0.008033787 -0.012586049 0.016863305
v 0.008035524 -0.014102074 -0.017794404
v 0.008037466 -0.015 0.021548615
v 0.008038139 -0.014839046 -0.017388215
v 0.008038823 -0.013371426 0.016683547
v 0.008042291 -0.014138865 0.016389435
v 0.008045084 -0.01487252 0.015982049
v 0.00805131 -0.015 -0.017310995
v 0.008052778 -0.011498102 -0.018360741
v 0.008057732 -0.011545988 0.016967382
v 0.008058686 -0.012291297 -0.018335421
v 0.008059152 -0.015 -0.021536371
v 0.008059152 -0.015 0.021536372
v 0.008061526 -0.013088541 -0.018196939
v 0.008062334 -0.014629452 -0.017571377
v 0.008062425 -0.013873268 -0.017942159
v 0.008064266 -0.015 0.015942608
v 0.008064282 -0.01233635 0.016937476
v 0.00806766 -0.013130338 0.016795401
v 0.008068942 -0.013911639 0.016538041
v 0.008069048 -0.014664454 0.016165696
v 0.008080175 -0.015 0.021523235
v 0.008084742 -0.01124246 -0.018382795
v 0.008087545 -0.014411 -0.017744232
v 0.008089473 -0.011291538 0.016991613
v 0.008089844 -0.012036635 -0.018395646
v 0.008090151 -0.013637347 -0.018078681
v 0.008091187 -0.007351212 -0.024
v 0.008091263 -0.012840416 -0.018295495
v 0.008094023 -0.014447554 0.016339166
v 0.008095195 -0.012083092 0.016999479
v 0.008096417 -0.013677302 0.016675562
v 0.008097138 -0.012883766 0.016895361
v 0.008100861 -0.015 -0.017432533
v 0.008107794 -0.014938915 -0.01749129
v 0.008110726 -0.011034802 -0.018391378
v 0.00811109 -0.015 0.016060066
v 0.008113709 -0.014184226 -0.017906368
v 0.008114069 -0.014973694 0.016085608
v 0.008117225 -0.015 0.016077416
v 0.008118643 -0.013394824 -0.018203577
v 0.008119947 -0.01422235 0.016502054
v 0.008121335 -0.011035926 0.017003275
v 0.008121337 -0.011779089 -0.018443383
v 0.008121562 -0.012587467 -0.018381802
v 0.008124657 -0.01343636 0.016801609
v 0.00812645 -0.011826881 0.017049139
v 0.008127185 -0.012632322 0.016983215
v 0.008129694 -0.015 0.016112805
v 0.00813034 -0.01206573 -0.02247061
v 0.008130344 -0.012065687 0.022470623
v 0.008132185 -0.01472395 -0.017678652
v 0.008138235 -0.014760261 0.016273495
v 0.008138623 -0.007304785 0.024
v 0.008140764 -0.013949665 -0.018057376
v 0.008143904 -0.007299471 -0.024
v 0.008144432 -0.015 -0.021486815
v 0.008145006 -0.015 -0.017554972
v 0.00814676 -0.013989367 0.016653959
v 0.008147839 -0.013146207 -0.018316461
v 0.008152347 -0.012330336 -0.018455682
v 0.008153088 -0.011519276 -0.018478455
v 0.008153601 -0.013189314 0.0169158
v 0.008157598 -0.014499933 -0.017855421
v 0.008157724 -0.012376641 0.017058779
v 0.008157972 -0.011568322 0.017086286
v 0.008163419 -0.014537799 0.016450923
v 0.008165304 -0.015 0.021473774
v 0.008165305 -0.015 -0.021473774
v 0.008165968 -0.015 0.016210985
v 0.008168648 -0.013707847 -0.018196851
v 0.008173698 -0.015 -0.017631054
v 0.008174399 -0.013749129 0.016794477
v 0.008177675 -0.012892042 -0.018416993
v 0.008178471 -0.01104198 -0.018469632
v 0.008180145 -0.011042157 0.017071636
v 0.008183186 -0.012936691 0.017017787
v 0.008183201 -0.015 0.016257798
v 0.008183541 -0.012069657 -0.018516952
v 0.00818397 -0.014267416 -0.018021176
v 0.008185024 -0.011257799 -0.018500689
v 0.008185463 -0.015 0.021459883
v 0.008188678 -0.012117349 0.017121878
v 0.008189557 -0.014306853 0.016617473
v 0.00818969 -0.011308011 0.017110746
v 0.008193889 -0.014819347 -0.017788095
v 0.008194217 -0.015 -0.017693161
v 0.0081973 -0.013459302 -0.018324392
v 0.008199161 -0.014856931 0.016383413
v 0.008202806 -0.013502158 0.016923219
v 0.008208074 -0.012632973 -0.01850497
v 0.008211238 -0.014026949 -0.0181755
v 0.008211581 -0.015 0.016345566
v 0.008213339 -0.012679115 0.01710736
v 0.008215069 -0.011806065 -0.018565435
v 0.00821659 -0.014067965 0.016772738
v 0.008218732 -0.009 -0.018278679
v 0.008218732 -0.009 0.016878679
v 0.008219559 -0.014589648 -0.017968843
v 0.008219975 -0.011855069 0.017172337
v 0.008224607 -0.014628794 0.016564859
v 0.008226657 -0.013204551 -0.018439608
v 0.008231918 -0.013248973 0.017039791
v 0.008237984 -0.007199906 -0.024
v 0.008238055 -0.015 -0.017825673
v 0.008238958 -0.01236966 -0.018580208
v 0.008239339 -0.013779081 -0.018317983
v 0.008243985 -0.012417236 0.017184334
v 0.008244454 -0.013821676 0.016916312
v 0.008246195 -0.014351267 -0.018138276
v 0.008246347 -0.012058809 -0.022414017
v 0.008246352 -0.012058767 0.022414029
v 0.008246736 -0.015 0.016454659
v 0.008246855 -0.011540187 -0.018600956
v 0.00824741 -0.014915215 -0.017899185
v 0.008248733 -0.015 -0.021420454
v 0.008251017 -0.01439199 0.016735131
v 0.008251539 -0.01159042 0.017209981
v 0.008251799 -0.014954028 0.016494919
v 0.008254514 -0.015 0.016482497
v 0.008256655 -0.012944159 -0.018542152
v 0.008261674 -0.012990112 0.017143844
v 0.008268212 -0.013524357 -0.018448219
v 0.008268719 -0.015 -0.021406685
v 0.008268719 -0.015 0.021406685
v 0.008270252 -0.012102754 -0.018642528
v 0.008272818 -0.015 0.016548218
v 0.008273088 -0.013568526 0.017047795
v 0.008273388 -0.014679747 -0.018083965
v 0.008273733 -0.014104775 -0.01829597
v 0.008275048 -0.012151699 0.017248532
v 0.00827756 -0.014720133 0.016680436
v 0.008278326 -0.014147081 0.016893812
v 0.008278603 -0.007154055 0.024
v 0.008278824 -0.011272642 -0.018623337
v 0.008283298 -0.011324016 0.017234638
v 0.008287218 -0.012678786 -0.01863182
v 0.008287512 -0.015 -0.017998376
v 0.008287951 -0.015 -0.02139211
v 0.008292 -0.012726221 0.017235158
v 0.008293316 -0.015 0.01661876
v 0.008293997 -0.015 -0.018020129
v 0.00829749 -0.015 -0.018033887
v 0.008297793 -0.013263319 -0.018565802
v 0.008300341 -0.014435415 -0.018257121
v 0.008301766 -0.015 0.016647938
v 0.00830188 -0.011832903 -0.01869175
v 0.008302109 -0.013850735 -0.018441508
v 0.008302432 -0.013309048 0.017166788
v 0.008304292 -0.014477387 0.016854472
v 0.008304866 -0.011055373 -0.018631838
v 0.008306452 -0.011883141 0.017299782
v 0.008306473 -0.013894623 0.017040486
v 0.008309751 -0.009 0.016973229
v 0.008313384 -0.007113417 -0.024
v 0.008318268 -0.012409106 -0.01870843
v 0.008319115 -0.014769846 -0.018200254
v 0.008322316 -0.014811421 0.016797114
v 0.008322818 -0.012457964 0.017313555
v 0.008327999 -0.015 0.01675424
v 0.008328017 -0.012996544 -0.018670388
v 0.008328203 -0.014182806 -0.018418225
v 0.008331262 -0.013589709 -0.018574473
v 0.008331933 -0.014226369 0.017016606
v 0.008332422 -0.0130438 0.017272932
v 0.008333764 -0.01156075 -0.018727699
v 0.008335396 -0.013635173 0.017174749
v 0.008335591 -0.011058629 -0.018674985
v 0.008338123 -0.011612196 0.017337907
v 0.008338581 -0.011058945 0.017279271
v 0.008341645 -0.015 -0.018207581
v 0.008346435 -0.014519502 -0.018377166
v 0.008348426 -0.015 0.016837272
v 0.008349422 -0.014562678 0.016974946
v 0.008349726 -0.012135789 -0.018771801
v 0.008350169 -0.015 0.021349608
v 0.008354053 -0.012186 0.017378859
v 0.008356836 -0.014859576 -0.018317198
v 0.008356912 -0.0139225 -0.018566851
v 0.008358806 -0.012724712 -0.018761767
v 0.008358983 -0.014902284 0.016914373
v 0.008359489 -0.015 0.016891329
v 0.008359849 -0.012050338 -0.022352774
v 0.008359852 -0.012050296 0.022352785
v 0.008360419 -0.013967654 0.017166415
v 0.008361127 -0.013322258 -0.018694457
v 0.008362982 -0.012773442 0.017366011
v 0.008365031 -0.013369282 0.017296191
v 0.008365831 -0.011286933 -0.0187502
v 0.008368302 -0.015 -0.018333506
v 0.008369203 -0.015 -0.021335188
v 0.008369203 -0.015 0.021335187
v 0.008369988 -0.011339496 0.017362738
v 0.008371906 -0.008423483 0.023551051
v 0.00837191 -0.008423446 -0.02355106
v 0.008374674 -0.014260716 -0.018541709
v 0.008375322 0.005463879 -0.022399999
v 0.008375322 0.005463879 -0.0189
v 0.008375322 0.005463879 0.0175
v 0.008375322 0.005463879 0.021
v 0.008377446 -0.014305495 0.01714056
v 0.008381182 -0.015 -0.018394263
v 0.008381518 -0.011859497 -0.018821757
v 0.008384569 -0.01460319 -0.018497882
v 0.008385493 -0.007025111 -0.024
v 0.008385629 -0.011910984 0.017430896
v 0.008386402 -0.013655081 -0.018702576
v 0.008386508 -0.014647516 0.017096018
v 0.008386704 -0.014948589 -0.018434297
v 0.008386909 -0.015 0.017025707
v 0.008387442 -0.015 0.021320008
v 0.008387586 -0.015 0.01702984
v 0.008387728 -0.014992368 0.017031714
v 0.008389532 -0.015 0.017041745
v 0.008389686 -0.013701814 0.017303487
v 0.008390084 -0.012448512 -0.01883976
v 0.008391638 -0.013048978 -0.018801106
v 0.008391976 -0.011064603 -0.018758621
v 0.008394037 -0.012498654 0.017445846
v 0.008394842 -0.009 -0.018469632
v 0.008395316 -0.013097526 0.017404452
v 0.008396535 -0.009 0.017071636
v 0.008399692 -0.015 -0.018502546
v 0.008401972 -0.011065663 0.017374102
v 0.008403768 -0.013994086 -0.018693447
v 0.008406322 -0.014040465 0.01729353
v 0.008410385 -0.015 0.017164596
v 0.008412835 -0.015 -0.01857672
v 0.008413233 -0.014338194 -0.018665878
v 0.008413565 -0.011580891 -0.018858118
v 0.008414892 -0.014686158 -0.018618761
v 0.008414961 -0.014384141 0.017265128
v 0.008415712 -0.014731578 0.017217174
v 0.00841661 -0.013381125 -0.018824985
v 0.008417454 -0.015 0.017206372
v 0.008417472 -0.011633568 0.01746949
v 0.008417503 -0.015 -0.018611052
v 0.008419672 -0.013429422 0.017427405
v 0.008421772 -0.012168629 -0.018904187
v 0.008422717 -0.012770562 -0.018894214
v 0.008424398 -0.006975186 0.024
v 0.00842551 -0.012220114 0.017512258
v 0.008426174 -0.01282058 0.017499311
v 0.008429469 -0.015 0.017299645
v 0.008433649 -0.013720211 -0.018831955
v 0.008435988 -0.013768178 0.017433427
v 0.008436876 -0.015 -0.018753299
v 0.008437252 -0.014814558 0.017337928
v 0.008437609 -0.014768109 -0.018739317
v 0.008440347 -0.015 0.017384338
v 0.008442759 -0.014065206 -0.018820746
v 0.008444023 -0.014414949 -0.018790215
v 0.008444278 -0.014112769 0.017421268
v 0.008444638 -0.01446201 0.017389782
v 0.00844487 -0.015 0.01743519
v 0.008445795 -0.011300624 -0.018880712
v 0.008447424 -0.015 -0.018863017
v 0.008447466 -0.013101247 -0.018933715
v 0.008448534 -0.015 -0.021274364
v 0.008449508 -0.011354394 0.017494468
v 0.00845031 -0.013151068 0.017537799
v 0.00845139 -0.014896182 0.017457822
v 0.008452971 -0.014848768 -0.018859098
v 0.008453616 -0.015 -0.018927342
v 0.008453792 -0.011885745 -0.018954867
v 0.008454286 -0.012487719 -0.018973598
v 0.008455907 -0.015 0.017559631
v 0.008456473 -0.015 0.017570958
v 0.008457324 -0.011938491 0.017565077
v 0.008457527 -0.012539143 0.017580591
v 0.008458433 -0.014976202 0.017576441
v 0.008458519 -0.015 0.017612037
v 0.008461271 -0.01492789 -0.018977681
v 0.008462728 -0.015 -0.019086734
v 0.008463215 -0.015 0.017703211
v 0.008463392 -0.015 -0.019097978
v 0.008463431 -0.015 -0.01909987
v 0.008464254 -0.013439687 -0.018956803
v 0.008464483 -0.015 0.017727905
v 0.008465481 -0.015 0.017787639
v 0.008466378 -0.013489226 0.017559838
v 0.008466563 -0.015 -0.021259365
v 0.008466563 -0.015 -0.020545345
v 0.008466563 -0.015 -0.020116706
v 0.008466563 -0.015 -0.019257594
v 0.008466563 -0.015 0.019857548
v 0.008466563 -0.015 0.02027971
v 0.008466564 -0.015 -0.020863417
v 0.008466564 -0.015 -0.020751482
v 0.008466564 -0.015 0.017854449
v 0.008466564 -0.015 0.018912511
v 0.008466564 -0.015 0.021259366
v 0.008466688 -0.014538825 0.017514026
v 0.008467247 -0.014490708 -0.018914225
v 0.00847062 -0.012040324 -0.022286961
v 0.008470624 -0.012040281 0.022286972
v 0.008473082 -0.013784843 -0.018962046
v 0.008474028 -0.014135599 -0.018948214
v 0.008474391 -0.013834008 0.017564006
v 0.008474438 -0.014184294 0.017549096
v 0.008474505 -0.011073348 -0.018893203
v 0.008478418 -0.011073763 0.0175
v 0.008478895 -0.012816155 -0.019028563
v 0.00847892 -0.009 0.017173715
v 0.00848137 -0.014614334 0.017637391
v 0.008481525 -0.012867446 0.017634453
v 0.008483148 -0.014565224 -0.01903744
v 0.008486068 -0.011600536 -0.018991629
v 0.008486265 -0.012201149 -0.019039081
v 0.008488984 -0.014688311 0.01775945
v 0.0084893 -0.012253905 0.017648118
v 0.008489403 -0.011654453 0.017604126
v 0.008489861 -0.014760557 0.017879808
v 0.008492016 -0.014638271 -0.019159433
v 0.00849417 -0.014709653 -0.01927981
v 0.00849505 -0.014731158 0.018026674
v 0.008495509 -0.008417155 0.023493567
v 0.008495512 -0.013153147 -0.01906763
v 0.008495512 -0.008417117 -0.023493577
v 0.00849701 -0.014254794 0.017676506
v 0.008497424 -0.013204217 0.017672379
v 0.008497769 -0.014205018 -0.019075351
v 0.008504135 -0.01349772 -0.019089347
v 0.008504838 -0.013848743 -0.019092312
v 0.008505044 -0.01389906 0.017694678
v 0.008505235 -0.013548466 0.017692916
v 0.008510495 -0.014585399 -0.019508695
v 0.008510814 -0.012526575 -0.019109348
v 0.008512248 -0.014324039 0.017803025
v 0.008513237 -0.01257927 0.017717188
v 0.008514223 -0.014273242 -0.019201677
v 0.008518524 -0.011313672 -0.019014295
v 0.008518577 -0.011911551 -0.019090487
v 0.008520447 -0.014391826 0.017928209
v 0.008521413 -0.011965557 0.017701715
v 0.008521673 -0.011368663 0.017629234
v 0.008521932 -0.014457976 0.01805166
v 0.008523672 -0.014340067 -0.01932676
v 0.008524732 -0.006839 -0.024
v 0.008526432 -0.014405318 -0.019450193
v 0.008527346 -0.012861318 -0.019164227
v 0.008528149 -0.013963112 0.017824925
v 0.008529052 -0.012913861 0.017770836
v 0.008529106 -0.013911693 -0.019222241
v 0.008535847 -0.013204486 -0.019202275
v 0.008536385 -0.013555016 -0.019222068
v 0.008536389 -0.01360693 0.017826091
v 0.008536743 -0.013256774 0.017807614
v 0.008543146 -0.012233227 -0.019175891
v 0.008543955 -0.014025961 0.017954266
v 0.008544993 -0.011080817 -0.019022448
v 0.00854537 -0.012287248 0.01778583
v 0.008546124 -0.013973495 -0.01935135
v 0.008551144 -0.011619618 -0.019127637
v 0.00855275 -0.014087427 0.018082254
v 0.008553726 -0.009 -0.018674985
v 0.008553793 -0.011674781 0.017741213
v 0.00855406 -0.011081778 0.017640233
v 0.008554204 -0.014172891 0.018318905
v 0.008554855 -0.014147352 0.01820848
v 0.008556167 -0.014033969 -0.019479195
v 0.00855675 -0.009 0.017279271
v 0.008559545 -0.014092959 -0.019605365
v 0.008559673 -0.01256494 -0.019246416
v 0.008560035 -0.013664422 0.017958838
v 0.008561181 -0.012618888 0.017855031
v 0.008561189 -0.013611386 -0.019354448
v 0.008566822 -0.014053816 -0.019773388
v 0.008568138 -0.012905887 -0.019300628
v 0.008568403 -0.013308555 0.017942945
v 0.008568598 -0.013255086 -0.019337103
v 0.008568835 -0.012959655 0.01790788
v 0.008575809 -0.011936824 -0.019228017
v 0.008576418 -0.013720763 0.018090667
v 0.008577844 -0.011992087 0.017840205
v 0.008578439 -0.012028771 -0.022216661
v 0.008578444 -0.012028728 0.022216672
v 0.008578779 -0.013666654 -0.019485999
v 0.008583889 -0.011326039 -0.01915036
v 0.00858582 -0.013775797 0.018221125
v 0.008586361 -0.011382258 0.017766437
v 0.008588557 -0.013829385 0.018349798
v 0.008589425 -0.013720666 -0.019616269
v 0.008592414 -0.012264751 -0.019314021
v 0.008592599 -0.01335939 0.018077847
v 0.008593432 -0.013773287 -0.019744845
v 0.008593731 -0.012320024 0.017924793
v 0.008593945 -0.01330478 -0.019471586
v 0.008594176 -0.011086029 -0.019122662
v 0.008598593 -0.011086497 0.017732145
v 0.008600925 -0.012602679 -0.019384226
v 0.008601008 -0.013004675 0.018045021
v 0.008601394 -0.012949713 -0.019437212
v 0.008601432 -0.012657858 0.01799354
v 0.008608729 -0.011638077 -0.019265549
v 0.008609383 -0.006715689 0.024
v 0.008609566 -0.013409128 0.018211821
v 0.008610584 -0.011694487 0.017880144
v 0.008612115 -0.013353423 -0.019605234
v 0.008615887 -0.013590769 0.018561367
v 0.008616439 -0.008409101 0.023430886
v 0.008616443 -0.008409063 -0.023430895
v 0.008617571 -0.006703351 -0.024
v 0.008619583 -0.013457635 0.01834441
v 0.008622961 -0.013504793 0.018475197
v 0.008623372 -0.013400882 -0.01973759
v 0.008625488 -0.011961482 -0.019366866
v 0.008625758 -0.013048775 0.018181732
v 0.008625908 -0.013496203 -0.019995121
v 0.008626623 -0.012017992 0.017979946
v 0.00862729 -0.012992657 -0.019573454
v 0.008628016 -0.013447041 -0.019868234
v 0.008629875 -0.009 0.017388102
v 0.00863412 -0.012696052 0.018132148
v 0.008634129 -0.012295617 -0.019452896
v 0.008634452 -0.012352123 0.018064421
v 0.008634691 -0.012639671 -0.019522222
v 0.008641824 -0.011337694 -0.019288315
v 0.008643316 -0.013091832 0.018317509
v 0.008643512 -0.011395146 0.01790547
v 0.008646046 -0.013034597 -0.019708853
v 0.008653956 -0.013133734 0.018451892
v 0.008657921 -0.013075424 -0.019842952
v 0.008657982 -0.013174383 0.01858446
v 0.008658815 -0.011655861 -0.019404776
v 0.008659429 -0.012733356 0.018270321
v 0.00865978 -0.011713511 0.018020321
v 0.00866114 -0.012675803 -0.019659873
v 0.00866321 -0.013115046 -0.019975327
v 0.008667659 -0.012383448 0.018204151
v 0.008667666 -0.011985448 -0.019506458
v 0.008667815 -0.012043193 0.018120352
v 0.008668406 -0.01232573 -0.019591955
v 0.008668792 -0.011093935 -0.019296099
v 0.00867655 -0.011094757 0.01791602
v 0.008677583 -0.012769668 0.018407561
v 0.008679621 -0.012989283 0.018752066
v 0.008680486 -0.01271098 -0.019796681
v 0.008683085 -0.012015684 -0.022141954
v 0.008683089 -0.012015642 0.022141967
v 0.008687084 -0.012918862 -0.02017027
v 0.008688851 -0.012804901 0.0185434
v 0.008692319 -0.011348613 -0.019427577
v 0.008692985 -0.012745117 -0.019932184
v 0.008693124 -0.011407296 0.018045746
v 0.008693529 -0.012413909 0.018343447
v 0.008693531 -0.012838979 0.018677415
v 0.008693711 -0.011096575 -0.019361649
v 0.008694199 -0.009 -0.018893203
v 0.00869541 -0.012355009 -0.019730672
v 0.008698157 -0.009 -0.0189
v 0.008698157 -0.009 0.0175
v 0.00869819 -0.01109705 0.017973939
v 0.008698924 -0.012778139 -0.020065956
v 0.008701445 -0.011731802 0.018161161
v 0.008701457 -0.011672921 -0.019544745
v 0.008701543 -0.012067619 0.018260861
v 0.008702456 -0.01200866 -0.019646239
v 0.008712284 -0.012443431 0.018481808
v 0.00871535 -0.012383379 -0.019868545
v 0.008724185 -0.012471948 0.018618766
v 0.008727978 -0.012091208 0.018400937
v 0.008728477 -0.012410779 -0.020005113
v 0.008729523 -0.012499407 0.018753899
v 0.008730017 -0.012031057 -0.019785678
v 0.008734438 -0.008399327 0.023363108
v 0.008734441 -0.00839929 -0.023363117
v 0.008735071 -0.012437156 -0.020139948
v 0.008735257 -0.011418686 0.018186681
v 0.008735421 -0.011358778 -0.019567579
v 0.008735692 -0.01174932 0.018302107
v 0.008736759 -0.011689221 -0.0196849
v 0.008744912 -0.012373107 0.018889427
v 0.008747335 -0.01211391 0.018540081
v 0.008749474 -0.012330056 -0.020296482
v 0.008750553 -0.012052594 -0.019924274
v 0.008759868 -0.012135681 0.018677823
v 0.00876269 -0.011766026 0.018442623
v 0.008763058 -0.011103923 -0.019574918
v 0.00876431 -0.01207323 -0.020061567
v 0.008764877 -0.011704731 -0.019824717
v 0.008765869 -0.012156489 0.01881374
v 0.008770024 -0.011429301 0.01832772
v 0.008771234 -0.011368179 -0.019707767
v 0.008771561 -0.012092936 -0.020197131
v 0.008772369 -0.011104911 -0.01960838
v 0.008776451 -0.011105343 0.018223543
v 0.008782649 -0.011781896 0.018582208
v 0.008784333 -0.012001072 -0.022062926
v 0.008784338 -0.012001029 0.022062937
v 0.008786011 -0.011719425 -0.019963697
v 0.008795819 -0.011796908 0.0187204
v 0.008797585 -0.011439131 0.018468335
v 0.008799908 -0.011376809 -0.019847618
v 0.008800396 -0.011733288 -0.020101378
v 0.008802483 -0.011811052 0.018856771
v 0.00880446 -0.011108311 0.018337535
v 0.008808305 -0.011746311 -0.020237334
v 0.008811092 0.004729128 -0.022399999
v 0.008811092 0.004729128 -0.0189
v 0.008811092 0.004729128 0.0175
v 0.008811092 0.004729128 0.021
v 0.008811249 -0.011747056 0.018972302
v 0.008812177 -0.011738302 -0.020372853
v 0.008818146 -0.011448175 0.018608026
v 0.008821636 -0.011384672 -0.019986641
v 0.008828147 -0.006360499 -0.024
v 0.008829562 -0.011110971 -0.019861018
v 0.00883195 -0.011456434 0.018746331
v 0.008832782 -0.011111312 0.018479055
v 0.008835345 -0.006347897 0.024
v 0.008836649 -0.01139177 -0.020124372
v 0.008839276 -0.011463918 0.018882828
v 0.008845217 -0.011398117 -0.02026039
v 0.008849245 -0.008387842 0.023290334
v 0.008849249 -0.008387805 -0.023290344
v 0.008850554 -0.011113195 -0.019993227
v 0.00885374 -0.011113533 0.018617366
v 0.008864865 -0.011114711 -0.020117676
v 0.008866752 -0.011114911 0.018738532
v 0.008876162 -0.011115909 0.018891741
v 0.008878013 -0.011116104 -0.020376438
v 0.008878104 -0.011116114 -0.020400001
v 0.008878104 -0.011116114 0.018999999
v 0.008895595 -0.006240067 -0.024
v 0.008960603 -0.008374655 0.023212666
v 0.008960607 -0.008374617 -0.023212675
v 0.008974697 -0.00609204 0.024
v 0.008976184 -0.006089185 -0.024
v 0.00906825 -0.00835977 0.023130205
v 0.009068253 -0.008359733 -0.023130214
v 0.009068307 -0.00590715 0.024
v 0.009120187 -0.005800018 0.024
v 0.009123278 -0.005793528 -0.024
v 0.009171926 -0.008343201 0.023043049
v 0.00917193 -0.008343163 -0.023043059
v 0.009182562 0.003959867 -0.022399999
v 0.009182562 0.003959867 -0.0189
v 0.009182562 0.003959867 0.0175
v 0.009182562 0.003959867 0.021
v 0.009225307 -0.0055724 -0.024
v 0.009265949 -0.005480499 -0.024
v 0.009307171 -0.005384996 0.024
v 0.009386905 -0.0025 -0.0189
v 0.009386905 -0.0025 0.0175
v 0.00941072 -0.005134599 0.024
v 0.009413138 -0.005128569 -0.024
v 0.009450214 -0.0025 0.017614754
v 0.009487023 0.003161708 -0.022399999
v 0.009487023 0.003161708 -0.0189
v 0.009487023 0.003161708 0.0175
v 0.009487023 0.003161708 0.021
v 0.009503962 -0.0025 -0.019122662
v 0.009508429 -0.0025 0.017732145
v 0.009550172 -0.004772572 0.0239999
v 0.009550205 -0.004772446 -0.023999959
v 0.009561439 -0.0025 0.017851951
v 0.009604615 -0.0025 -0.019361649
v 0.009609144 -0.0025 0.017973939
v 0.009651452 -0.0025 0.018097883
v 0.009682459 0.0025 -0.020400001
v 0.009682459 0.0025 -0.0189
v 0.009682459 0.0025 0.0175
v 0.009682459 0.0025 0.018999999
v 0.009684156 -0.0025 -0.01960838
v 0.009688284 -0.0025 0.018223543
v 0.009719569 -0.0025 0.018350681
v 0.009722251 0.002340477 -0.022399999
v 0.009722251 0.002340477 -0.020400001
v 0.009722251 0.002340477 0.018999999
v 0.009722251 0.002340477 0.021
v 0.009741992 -0.0025 -0.019861018
v 0.009745247 -0.0025 0.018479055
v 0.00976527 -0.0025 0.018608421
v 0.00977769 -0.0025 -0.020117676
v 0.009779599 -0.0025 0.018738532
v 0.009788208 -0.0025 0.018869141
v 0.009790986 -0.0025 -0.020376438
v 0.009791079 -0.0025 -0.020400001
v 0.009791079 -0.0025 0.018999999
v 0.009851806 0.001715204 -0.024
v 0.009851806 0.001715204 -0.022399999
v 0.009851806 0.001715204 0.021
v 0.009851806 0.001715204 0.024
v 0.009886531 0.001502166 -0.024
v 0.009886531 0.001502166 -0.020400001
v 0.009886531 0.001502166 0.018999999
v 0.009886531 0.001502166 0.024
v 0.009944329 -0.001053714 -0.024
v 0.009944329 -0.001053714 -0.020400001
v 0.009944329 -0.001053714 0.018999999
v 0.009944329 -0.001053714 0.024
v 0.009978664 0.000652893 -0.024
v 0.009978664 0.000652893 -0.020400001
v 0.009978664 0.000652893 0.018999999
v 0.009978664 0.000652893 0.024
v 0.009997977 -0.000201144 -0.024
v 0.009997977 -0.000201144 -0.020400001
v 0.009997977 -0.000201144 0.018999999
v 0.009997977 -0.000201144 0.024
f 3564 4527 3272
f 3564 3867 4527
f 4493 4502 4228
f 531 3510 533
f 531 3229 3510
f 532 525 534
f 4526 4538 4238
f 4435 4502 4228
f 4445 4527 4483
f 2815 4527 3272
f 2815 2407 4527
f 4535 4493 4502
f 524 531 533
f 4387 4234 4238
f 4387 4526 4525
f 4387 4526 4238
f 4387 4535 4525
f 4387 4535 4234
f 4492 4501 4538
f 4492 4501 4238
f 4481 4538 4238
f 4481 4501 4238
f 4481 4501 4538
f 3511 3522 3230
f 4448 4530 4486
f 4448 4146 4530
f 3870 4530 3567
f 3870 4146 4530
f 2077 1677 4527
f 2077 1677 1661
f 2077 1988 1661
f 4498 4530 4486
f 4143 3867 4527
f 4143 4445 4527
f 1657 1952 1988
f 1657 1988 1661
f 1613 1601 1617
f 1613 1617 1729
f 1613 1621 1729
f 1379 1191 1585
f 1194 1576 1034
f 38 52 1
f 4482 4535 4234
f 4482 4234 4228
f 4482 4435 4228
f 4482 4435 4502
f 4482 4535 4502
f 3293 532 3230
f 3293 3511 3230
f 3293 3511 534
f 3293 532 534
f 1801 1629 1882
f 1801 1629 1621
f 1801 1621 1729
f 2410 2220 4530
f 2410 2818 4530
f 3275 4530 3567
f 3275 2818 4530
f 2080 1680 1664
f 2080 1991 1664
f 2080 1680 4530
f 2080 2220 4530
f 2217 2407 4527
f 2217 2077 4527
f 4495 4527 4483
f 4517 4498 4530
f 1604 1620 1520
f 246 227 248
f 1649 1629 1882
f 1649 1952 1882
f 1649 1657 1952
f 1593 1379 1585
f 1517 1601 1617
f 1517 1593 1601
f 1517 1593 1379
f 71 65 73
f 566 1569 899
f 49 39 19
f 4151 4285 3849
f 1031 1569 899
f 515 494 496
f 515 524 533
f 515 494 492
f 479 494 492
f 479 494 496
f 3584 3298 3630
f 3354 3671 3630
f 4514 4495 4507
f 4514 4495 4527
f 4510 4517 4498
f 1572 1576 1034
f 1572 491 1034
f 1572 660 625
f 1616 1620 1732
f 1616 1604 1620
f 207 227 248
f 244 227 235
f 244 246 227
f 50 52 1
f 96 86 84
f 70 86 84
f 238 613 487
f 238 233 487
f 61 59 65
f 61 65 73
f 634 570 624
f 634 1569 659
f 634 1569 624
f 602 570 624
f 602 1569 624
f 550 899 765
f 550 566 899
f 53 49 51
f 53 49 39
f 3793 4151 3849
f 4349 3903 3849
f 4349 4285 3849
f 1573 1031 1569
f 1573 1031 1191
f 1573 1191 1585
f 535 515 533
f 535 541 496
f 535 515 496
f 509 515 492
f 509 515 524
f 3554 3584 3298
f 3554 3246 3298
f 3554 3246 3229
f 3554 3229 3510
f 3376 3354 3671
f 3376 3671 3709
f 3376 3408 3709
f 3316 3298 3630
f 3316 3354 3630
f 3904 3949 4342
f 3904 3892 4342
f 3850 3892 4342
f 3561 3522 3230
f 3527 3595 3907
f 3812 3527 3469
f 1596 1382 1520
f 1596 1604 1520
f 1624 1804 1732
f 1624 1616 1732
f 87 85 97
f 87 99 97
f 87 83 85
f 87 83 71
f 87 71 73
f 467 376 491
f 457 376 491
f 457 484 393
f 330 256 287
f 330 457 376
f 536 542 497
f 91 63 75
f 129 159 106
f 129 159 157
f 136 130 138
f 56 50 52
f 119 130 138
f 60 70 58
f 60 56 58
f 60 56 52
f 473 479 462
f 473 460 462
f 902 491 1034
f 902 467 491
f 902 768 453
f 902 467 453
f 228 233 487
f 228 221 487
f 220 310 487
f 220 221 487
f 220 310 212
f 251 613 264
f 57 61 59
f 57 53 51
f 57 53 61
f 593 560 570
f 593 634 659
f 593 634 570
f 108 100 88
f 108 134 143
f 576 602 1569
f 526 550 765
f 526 483 550
f 68 54 62
f 68 54 44
f 68 66 44
f 68 66 76
f 68 105 76
f 3820 3468 3495
f 3820 3526 3495
f 3594 3927 3622
f 3594 3927 3557
f 3782 4151 4101
f 3782 3793 4151
f 3782 3729 4101
f 3958 4349 3903
f 4062 4070 4475
f 4488 4493 4228
f 269 277 260
f 4457 3949 4342
f 4187 3850 3837
f 4187 3850 4342
f 4187 3794 3837
f 4000 4080 3730
f 3783 4080 3730
f 3783 4187 4080
f 3783 4187 3794
f 3247 3561 3230
f 3247 3561 3299
f 3618 3299 3355
f 3771 3812 3469
f 3771 3409 3469
f 3771 3409 3733
f 3858 3527 3907
f 3858 3812 3527
f 523 457 484
f 1588 1382 1194
f 1588 1596 1382
f 1588 1194 1576
f 1632 1804 1885
f 1632 1624 1804
f 361 768 704
f 361 353 704
f 118 120 139
f 261 244 253
f 261 244 246
f 261 246 248
f 278 261 280
f 374 365 352
f 382 391 380
f 382 374 380
f 382 374 365
f 282 280 295
f 282 309 295
f 282 261 248
f 282 261 280
f 282 256 248
f 282 256 287
f 291 330 256
f 358 457 393
f 358 330 457
f 594 660 625
f 104 129 106
f 166 228 233
f 142 136 138
f 117 119 130
f 117 119 96
f 98 96 86
f 98 119 96
f 72 70 86
f 72 60 70
f 450 460 462
f 485 479 492
f 485 473 479
f 192 220 212
f 250 238 613
f 250 251 613
f 320 665 661
f 320 665 340
f 276 296 661
f 276 296 210
f 131 100 121
f 131 108 100
f 131 108 143
f 90 74 88
f 90 74 62
f 176 198 164
f 511 541 496
f 511 475 496
f 464 475 496
f 464 479 462
f 464 479 496
f 572 566 1569
f 572 576 1569
f 470 701 677
f 3774 3468 3431
f 3774 3820 3468
f 3774 3431 3408
f 3774 3408 3709
f 3880 3526 3557
f 3880 3820 3526
f 3880 3927 3557
f 3974 3927 3622
f 3974 3683 4002
f 4453 3958 4349
f 4453 3958 4003
f 4205 4137 4487
f 4205 4488 4487
f 4205 4488 4228
f 4480 4137 4487
f 4480 4137 4070
f 4480 4070 4475
f 252 243 260
f 252 269 260
f 4479 4138 4238
f 4479 4138 4122
f 4014 4457 4474
f 4014 4474 4071
f 3659 4000 3730
f 3929 3595 3907
f 3929 3659 3595
f 3929 3659 4000
f 3576 3561 3299
f 3576 3618 3299
f 3685 3409 3355
f 3685 3409 3733
f 547 553 1572
f 547 523 1572
f 547 553 484
f 547 523 484
f 517 457 491
f 517 523 457
f 517 1572 491
f 517 523 1572
f 571 594 625
f 571 594 561
f 573 599 1572
f 1652 1955 1885
f 1652 1632 1885
f 249 664 668
f 249 257 668
f 271 680 668
f 387 361 768
f 293 361 353
f 179 151 181
f 147 151 149
f 147 137 139
f 147 151 139
f 107 118 120
f 107 99 97
f 107 120 99
f 133 137 139
f 133 118 139
f 270 261 253
f 270 278 261
f 284 301 295
f 284 280 295
f 284 278 280
f 307 301 295
f 307 309 295
f 307 332 309
f 406 382 391
f 328 282 287
f 328 282 309
f 328 330 287
f 328 358 330
f 328 360 393
f 328 358 393
f 114 159 106
f 114 125 91
f 103 105 126
f 103 105 76
f 158 156 126
f 158 105 126
f 158 192 156
f 158 228 221
f 158 166 228
f 158 220 221
f 158 192 220
f 113 68 105
f 113 158 105
f 113 158 166
f 113 90 124
f 171 238 233
f 171 166 233
f 171 250 238
f 171 113 124
f 171 113 166
f 302 296 661
f 267 176 198
f 267 320 340
f 265 613 661
f 265 276 661
f 265 613 264
f 145 176 164
f 145 176 131
f 94 108 88
f 94 90 88
f 94 108 134
f 94 134 124
f 94 90 124
f 80 68 62
f 80 90 62
f 80 113 68
f 80 113 90
f 150 142 148
f 150 142 138
f 150 148 178
f 184 190 178
f 184 190 200
f 229 198 164
f 229 188 164
f 229 267 198
f 154 131 143
f 154 176 131
f 154 210 143
f 154 176 210
f 539 560 541
f 539 511 541
f 539 560 570
f 539 507 475
f 539 511 475
f 456 483 392
f 456 526 483
f 498 470 701
f 4050 3683 4002
f 4050 3683 3729
f 4050 3729 4101
f 3658 3974 3622
f 3658 3974 3683
f 4471 4453 4003
f 4471 4015 4003
f 4471 4015 4062
f 4471 4062 4475
f 4489 4492 4238
f 4489 4479 4238
f 4478 4122 4071
f 4478 4479 4122
f 4478 4474 4071
f 3959 4457 3949
f 3959 4014 4457
f 3645 3618 3355
f 3645 3685 3355
f 623 571 625
f 623 571 599
f 623 1572 625
f 623 599 1572
f 540 571 561
f 540 561 542
f 540 476 508
f 520 553 484
f 520 484 393
f 520 472 393
f 1660 1652 1955
f 1660 1955 1991
f 1660 1991 1664
f 231 664 616
f 266 257 668
f 266 271 668
f 266 197 257
f 266 197 271
f 350 467 453
f 350 467 376
f 350 330 376
f 350 291 330
f 322 387 361
f 322 293 361
f 322 291 263
f 322 350 291
f 211 197 144
f 211 197 271
f 187 249 257
f 187 197 257
f 187 135 125
f 187 197 144
f 187 135 144
f 168 151 149
f 168 179 151
f 209 227 235
f 191 183 207
f 191 183 181
f 191 179 185
f 191 179 181
f 177 211 242
f 177 132 146
f 230 322 263
f 230 322 293
f 165 177 146
f 165 177 199
f 165 189 183
f 165 230 199
f 165 230 189
f 224 183 207
f 224 189 183
f 224 207 248
f 224 256 248
f 224 291 263
f 224 291 256
f 224 230 263
f 224 230 189
f 153 165 183
f 141 132 146
f 141 122 132
f 141 165 146
f 141 153 165
f 101 122 132
f 319 337 332
f 451 406 391
f 480 486 474
f 480 486 493
f 465 476 497
f 465 480 497
f 398 472 508
f 398 476 508
f 398 360 393
f 398 472 393
f 398 465 476
f 81 114 91
f 81 91 63
f 186 250 251
f 186 171 250
f 186 251 264
f 186 134 143
f 186 134 124
f 186 171 124
f 241 296 210
f 241 302 296
f 241 176 210
f 241 267 176
f 140 152 164
f 140 145 164
f 140 131 121
f 140 145 131
f 180 190 178
f 180 150 178
f 226 247 206
f 226 234 243
f 226 208 234
f 223 247 255
f 223 247 206
f 223 229 188
f 223 229 262
f 321 396 349
f 321 229 262
f 519 483 392
f 519 471 392
f 519 572 566
f 519 572 576
f 519 550 566
f 519 483 550
f 518 456 526
f 518 498 456
f 518 498 701
f 518 701 765
f 518 526 765
f 452 396 677
f 452 396 349
f 366 665 677
f 366 396 677
f 366 321 396
f 512 542 497
f 512 540 542
f 512 476 497
f 512 540 476
f 567 520 553
f 567 520 573
f 567 553 1572
f 567 573 1572
f 549 472 508
f 549 520 472
f 549 540 508
f 549 540 571
f 549 571 599
f 549 573 599
f 549 520 573
f 239 249 664
f 222 490 616
f 285 271 680
f 285 211 271
f 317 680 704
f 317 303 680
f 317 303 242
f 399 350 453
f 399 768 453
f 399 387 768
f 399 322 387
f 399 322 350
f 167 114 159
f 205 209 203
f 205 209 227
f 205 207 227
f 205 191 207
f 201 191 185
f 201 205 203
f 201 205 191
f 155 211 144
f 155 177 211
f 155 132 144
f 155 177 132
f 89 91 75
f 109 101 132
f 109 132 144
f 109 89 101
f 109 135 144
f 305 307 301
f 305 307 332
f 305 319 332
f 342 365 352
f 342 344 365
f 342 337 332
f 342 344 332
f 463 474 461
f 463 480 474
f 463 451 461
f 463 451 406
f 463 465 406
f 463 465 480
f 495 480 493
f 495 480 497
f 384 406 382
f 384 465 406
f 384 382 365
f 384 398 465
f 69 114 106
f 69 81 114
f 69 67 47
f 69 55 47
f 69 55 63
f 69 81 63
f 196 265 264
f 196 186 264
f 196 276 210
f 196 265 276
f 196 210 143
f 196 186 143
f 316 267 320
f 316 241 267
f 316 241 302
f 316 320 661
f 316 302 661
f 182 206 190
f 182 180 190
f 182 152 164
f 182 188 164
f 182 223 188
f 182 223 206
f 204 206 190
f 204 226 206
f 204 200 202
f 204 190 200
f 204 208 202
f 204 226 208
f 245 247 260
f 245 226 247
f 245 243 260
f 245 226 243
f 290 329 255
f 290 223 255
f 290 223 262
f 290 329 349
f 290 321 349
f 290 321 262
f 375 329 349
f 375 329 456
f 375 498 456
f 375 470 349
f 375 498 470
f 548 471 507
f 548 519 471
f 548 539 570
f 548 539 507
f 548 602 570
f 548 576 602
f 548 519 576
f 381 390 379
f 381 373 379
f 397 471 392
f 397 383 464
f 397 464 475
f 397 507 475
f 397 471 507
f 466 470 349
f 466 452 349
f 466 470 677
f 466 452 677
f 354 665 340
f 354 366 665
f 232 231 664
f 232 239 664
f 225 231 616
f 225 222 616
f 225 167 231
f 225 222 159
f 225 167 159
f 217 490 313
f 217 222 490
f 297 303 680
f 297 285 680
f 297 303 242
f 297 211 242
f 297 285 211
f 335 353 704
f 335 317 704
f 335 293 353
f 172 187 125
f 172 114 125
f 172 167 114
f 172 187 249
f 172 239 249
f 172 232 239
f 172 167 231
f 172 232 231
f 95 89 91
f 95 109 89
f 95 109 135
f 95 125 91
f 95 135 125
f 516 510 493
f 516 495 493
f 516 510 525
f 516 525 534
f 516 536 534
f 516 536 497
f 516 495 497
f 346 398 360
f 346 384 398
f 346 328 309
f 346 328 360
f 346 332 309
f 346 344 332
f 346 344 365
f 346 384 365
f 79 104 106
f 79 69 106
f 79 69 67
f 306 300 304
f 281 247 260
f 281 247 255
f 345 397 383
f 357 456 392
f 357 329 456
f 405 381 390
f 405 450 390
f 405 450 462
f 405 383 464
f 405 464 462
f 405 381 383
f 292 366 321
f 292 354 366
f 292 229 267
f 292 321 229
f 292 267 340
f 292 354 340
f 215 217 313
f 268 335 293
f 268 317 242
f 268 335 317
f 268 177 242
f 268 177 199
f 268 230 293
f 268 230 199
f 294 283 300
f 294 306 300
f 294 306 308
f 294 281 308
f 286 281 255
f 286 329 255
f 364 381 383
f 364 345 383
f 364 345 343
f 364 381 373
f 364 351 373
f 364 351 341
f 364 343 341
f 331 345 343
f 331 306 308
f 331 345 308
f 331 336 341
f 331 343 341
f 331 318 336
f 331 318 304
f 331 306 304
f 195 215 217
f 195 159 157
f 195 222 159
f 195 217 222
f 279 283 277
f 279 294 283
f 279 277 260
f 279 281 260
f 279 294 281
f 327 281 308
f 327 286 281
f 327 345 308
f 327 357 392
f 327 357 329
f 327 286 329
f 359 345 397
f 359 327 345
f 359 397 392
f 359 327 392
f 4546 4539 4543
f 4546 4539 4542
f 4535 4546 4538
f 4535 4546 4543
f 4535 4526 4525
f 4535 4526 4538
f 1620 1732 1729
f 1620 1617 1729
f 4448 4445 4483
f 4448 4486 4483
f 3870 3564 3567
f 3870 3564 3867
f 4534 4539 4542
f 4534 4531 4539
f 4534 4531 4527
f 4534 4530 4527
f 4143 4448 4146
f 4143 4448 4445
f 4143 3870 3867
f 4143 3870 4146
f 1801 1732 1729
f 1801 1804 1732
f 1801 1882 1885
f 1801 1804 1885
f 2410 2818 2815
f 2410 2815 2407
f 3275 3564 3272
f 3275 3564 3567
f 3275 2818 2815
f 3275 2815 3272
f 1955 1952 1988
f 1955 1991 1988
f 1955 1882 1885
f 1955 1952 1882
f 2080 1991 1988
f 2080 2077 1988
f 2217 2410 2220
f 2217 2410 2407
f 2217 2080 2077
f 2217 2080 2220
f 4495 4486 4483
f 4495 4498 4486
f 1517 1620 1617
f 1517 1620 1520
f 1031 1194 1034
f 1031 1194 1191
f 4514 4530 4527
f 4514 4517 4530
f 4510 4495 4507
f 4510 4495 4498
f 4510 4514 4507
f 4510 4514 4517
f 1382 1517 1379
f 1382 1517 1520
f 1382 1194 1191
f 1382 1379 1191
f 680 701 677
f 680 704 701
f 680 665 668
f 680 665 677
f 664 613 661
f 664 616 613
f 664 665 661
f 664 665 668
f 490 310 487
f 490 310 313
f 490 616 613
f 490 613 487
f 768 704 701
f 768 701 765
f 61 63 75
f 61 75 73
f 54 38 44
f 54 38 52
f 47 39 19
f 47 19 1
f 47 38 1
f 47 38 44
f 156 129 126
f 156 129 157
f 60 54 52
f 60 54 62
f 902 1031 1034
f 902 1031 899
f 902 768 765
f 902 899 765
f 67 66 44
f 67 47 44
f 98 100 88
f 98 86 88
f 98 100 121
f 98 119 121
f 72 86 88
f 72 74 88
f 72 60 62
f 72 74 62
f 55 61 63
f 55 53 61
f 55 47 39
f 55 53 39
f 103 129 126
f 103 104 129
f 4471 4539 4543
f 4471 1677 4527
f 4471 4480 4475
f 4471 3554 3510
f 4471 1573 1585
f 4471 1649 1629
f 4471 4531 4527
f 4471 1613 1621
f 4471 3510 533
f 4471 1677 1661
f 4471 4535 4543
f 4471 4531 4539
f 4471 1629 1621
f 4471 1657 1661
f 4471 4535 4493
f 4471 4151 4285
f 4471 4349 4285
f 4471 3671 3709
f 4471 1613 1601
f 4471 1593 1585
f 4471 1569 659
f 4471 535 533
f 4471 3671 3630
f 4471 1649 1657
f 4471 1593 1601
f 4471 4151 4101
f 4471 593 659
f 4471 3584 3630
f 4471 560 541
f 4471 4488 4493
f 4471 3974 3927
f 4471 4050 4101
f 4471 1573 1569
f 4471 535 541
f 4471 3554 3584
f 4471 593 560
f 4471 3774 3709
f 4471 3880 3927
f 4471 4488 4487
f 4471 3774 3820
f 4471 3880 3820
f 4471 3974 4002
f 4471 4453 4349
f 4471 4480 4487
f 4471 4050 4002
f 1660 4534 4542
f 1660 4546 4542
f 1660 1680 1664
f 1660 1572 1576
f 1660 4546 4538
f 1660 4492 4538
f 1660 3511 534
f 1660 4457 4342
f 1660 1588 1576
f 1660 3511 3522
f 1660 1680 4530
f 1660 4534 4530
f 1660 3685 3733
f 1660 3858 3907
f 1660 3771 3733
f 1660 3561 3522
f 1660 1572 660
f 1660 1616 1604
f 1660 536 534
f 1660 594 660
f 1660 4187 4342
f 1660 3645 3618
f 1660 3576 3561
f 1660 1596 1604
f 1660 1624 1616
f 1660 536 542
f 1660 561 542
f 1660 4457 4474
f 1660 4187 4080
f 1660 4000 4080
f 1660 3929 3907
f 1660 3771 3812
f 1660 3858 3812
f 1660 1588 1596
f 1660 1632 1624
f 1660 594 561
f 1660 4489 4492
f 1660 3929 4000
f 1660 3576 3618
f 1660 4478 4474
f 1660 1652 1632
f 1660 4489 4479
f 1660 4478 4479
f 1660 3645 3685
f 153 151 181
f 153 183 181
f 141 122 120
f 141 120 139
f 141 153 151
f 141 151 139
f 101 122 120
f 101 120 99
f 140 119 121
f 140 119 138
f 140 150 138
f 140 150 152
f 89 75 73
f 89 87 73
f 89 101 99
f 89 87 99
f 342 532 3230
f 342 4234 4238
f 342 49 19
f 342 486 493
f 342 3658 3622
f 342 59 65
f 342 19 1
f 342 531 3229
f 342 3246 3229
f 342 148 178
f 342 3793 3849
f 342 208 202
f 342 532 525
f 342 4234 4228
f 342 133 137
f 342 244 253
f 342 85 97
f 342 3431 3408
f 342 524 531
f 342 3959 3949
f 342 3409 3469
f 342 234 243
f 342 3783 3730
f 342 4138 4238
f 342 3903 3849
f 342 70 84
f 342 71 65
f 342 3468 3495
f 342 3526 3495
f 342 509 492
f 342 3316 3298
f 342 201 185
f 342 3527 3469
f 342 50 1
f 342 96 84
f 342 390 379
f 342 373 379
f 342 351 341
f 342 49 51
f 342 83 85
f 342 318 304
f 342 3782 3729
f 342 4015 4003
f 342 3246 3298
f 342 3376 3408
f 342 510 525
f 342 474 461
f 342 252 243
f 342 3904 3949
f 342 3299 3355
f 342 3850 3837
f 342 3247 3230
f 342 244 235
f 342 147 149
f 342 136 130
f 342 142 148
f 342 70 58
f 342 56 58
f 342 450 460
f 342 83 71
f 342 3468 3431
f 342 57 51
f 342 3594 3622
f 342 3958 4003
f 342 509 524
f 342 305 301
f 342 300 304
f 342 3376 3354
f 342 3316 3354
f 342 510 493
f 342 283 277
f 342 391 380
f 342 4122 4071
f 342 3794 3837
f 342 3904 3892
f 342 3850 3892
f 342 3527 3595
f 342 3409 3355
f 342 168 149
f 342 284 301
f 342 374 352
f 342 56 50
f 342 117 130
f 342 473 460
f 342 485 492
f 342 336 341
f 342 57 59
f 342 3526 3557
f 342 3594 3557
f 342 3782 3793
f 342 3958 3903
f 342 4062 4070
f 342 4137 4070
f 342 200 202
f 342 184 178
f 342 4205 4228
f 342 269 277
f 342 486 474
f 342 4138 4122
f 342 3783 3794
f 342 3247 3299
f 342 3659 3730
f 342 107 97
f 342 270 253
f 342 374 380
f 342 142 136
f 342 117 96
f 342 450 390
f 342 485 473
f 342 351 373
f 342 318 336
f 342 3683 3729
f 342 4015 4062
f 342 4205 4137
f 342 283 300
f 342 252 269
f 342 4014 4071
f 342 3659 3595
f 342 179 185
f 342 451 461
f 342 147 137
f 342 107 118
f 342 133 118
f 342 270 278
f 342 284 278
f 342 209 235
f 342 184 200
f 342 208 234
f 342 3658 3683
f 342 3959 4014
f 342 168 179
f 342 209 203
f 342 319 337
f 342 451 391
f 342 201 203
f 342 305 319
f 182 150 152
f 182 180 150
f 79 67 66
f 79 66 76
f 79 103 104
f 79 103 76
f 215 310 313
f 215 310 212
f 195 156 157
f 195 192 156
f 195 215 212
f 195 192 212
