v -0.01 -0.021 -0.018335126
v -0.01 -0.021 0.018335126
v -0.01 -0.020996299 -0.018421086
v -0.01 -0.020996299 0.018421086
v -0.01 -0.020985221 -0.01850641
v -0.01 -0.020985221 0.01850641
v -0.01 -0.020966852 -0.018590465
v -0.01 -0.020966852 0.018590465
v -0.01 -0.020941325 -0.01867263
v -0.01 -0.020941325 0.01867263
v -0.01 -0.020908829 -0.018752296
v -0.01 -0.020908829 0.018752296
v -0.01 -0.020869605 -0.018828874
v -0.01 -0.020869605 0.018828874
v -0.01 -0.020823944 -0.018901797
v -0.01 -0.020823944 0.018901797
v -0.01 -0.020772183 -0.018970527
v -0.01 -0.020772183 0.018970527
v -0.01 -0.020714706 -0.019034551
v -0.01 -0.020714706 0.019034551
v -0.01 -0.020651938 -0.019093398
v -0.01 -0.020651938 0.019093398
v -0.01 -0.020584345 -0.019146632
v -0.01 -0.020584345 0.019146632
v -0.01 -0.020512426 -0.019193858
v -0.01 -0.020512426 0.019193858
v -0.01 -0.020436712 -0.019234728
v -0.01 -0.020436712 0.019234728
v -0.01 -0.020124301 -0.019370273
v -0.01 -0.020124301 0.019370273
v -0.01 -0.019801494 -0.019478753
v -0.01 -0.019801494 0.019478753
v -0.01 -0.016385641 -0.0154
v -0.01 -0.016385641 0.014
v -0.01 -0.016381834 -0.015487239
v -0.01 -0.016381834 0.014087238
v -0.01 -0.016370419 -0.015574312
v -0.01 -0.016370419 0.014174311
v -0.01 -0.01635142 -0.015661051
v -0.01 -0.01635142 0.014261052
v -0.01 -0.016324872 -0.015747296
v -0.01 -0.016324872 0.014347296
v -0.01 -0.016290825 -0.015832879
v -0.01 -0.016290825 0.014432879
v -0.01 -0.016249344 -0.015917638
v -0.01 -0.016249344 0.014517638
v -0.01 -0.016200509 -0.016001411
v -0.01 -0.016200509 0.014601411
v -0.01 -0.016144412 -0.01608404
v -0.01 -0.016144412 0.01468404
v -0.01 -0.016081158 -0.016165366
v -0.01 -0.016081158 0.014765367
v -0.01 -0.016010871 -0.016245237
v -0.01 -0.016010871 0.014845236
v -0.01 -0.015933683 -0.016323498
v -0.01 -0.015933683 0.014923497
v -0.01 -0.015849743 -0.0164
v -0.01 -0.015849743 0.015
v -0.01 -0.015759207 -0.016474599
v -0.01 -0.015759207 0.0150746
v -0.01 -0.015662249 -0.016547153
v -0.01 -0.015662249 0.015147153
v -0.01 -0.015449818 -0.016685575
v -0.01 -0.015449818 0.015285575
v -0.01 -0.015214068 -0.016814213
v -0.01 -0.015214068 0.015414214
v -0.01 -0.015 -0.020867846
v -0.01 -0.015 -0.017578296
v -0.01 -0.015 -0.017398255
v -0.01 -0.015 -0.017190812
v -0.01 -0.015 -0.016954802
v -0.01 -0.015 -0.016912292
v -0.01 -0.015 0.015512292
v -0.01 -0.015 0.015567288
v -0.01 -0.015 0.015878301
v -0.01 -0.015 0.016157066
v -0.01 -0.015 0.016404208
v -0.01 -0.015 0.016621115
v -0.01 -0.015 0.016809649
v -0.01 -0.015 0.016971916
v -0.01 -0.015 0.017110109
v -0.01 -0.015 0.017226388
v -0.01 -0.015 0.018128458
v -0.01 -0.015 0.01871069
v -0.01 -0.015 0.020867846
v -0.009998497 -0.015 -0.020903674
v -0.0099977 -0.015 0.020922675
v -0.009996194 -0.021087157 -0.018335126
v -0.009996194 -0.021087157 0.018335126
v -0.009996194 -0.021083131 -0.018428577
v -0.009996194 -0.021083131 0.018428577
v -0.009996194 -0.021071089 -0.018521337
v -0.009996194 -0.021071089 0.018521337
v -0.009996194 -0.021051118 -0.018612718
v -0.009996194 -0.021051118 0.018612718
v -0.009996194 -0.021023367 -0.018702045
v -0.009996194 -0.021023367 0.018702045
v -0.009996194 -0.020988038 -0.018788654
v -0.009996194 -0.020988038 0.018788654
v -0.009996194 -0.020945396 -0.018871907
v -0.009996194 -0.020945396 0.018871907
v -0.009996194 -0.020895755 -0.018951187
v -0.009996194 -0.020895755 0.018951187
v -0.009996194 -0.020839483 -0.019025905
v -0.009996194 -0.020839483 0.019025905
v -0.009996194 -0.020776996 -0.01909551
v -0.009996194 -0.020776996 0.01909551
v -0.009996194 -0.020708758 -0.019159487
v -0.009996194 -0.020708758 0.019159487
v -0.009996194 -0.020635273 -0.019217359
v -0.009996194 -0.020635273 0.019217359
v -0.009996194 -0.020557087 -0.019268701
v -0.009996194 -0.020557087 0.019268701
v -0.009996194 -0.020474775 -0.019313132
v -0.009996194 -0.020474775 0.019313132
v -0.009996194 -0.020155556 -0.019451631
v -0.009996194 -0.020155556 0.019451631
v -0.009996194 -0.019825716 -0.019562475
v -0.009996194 -0.019825716 0.019562475
v -0.009996194 -0.015 -0.020958575
v -0.009996194 -0.015 0.020958575
v -0.00999168 -0.015 -0.020994276
v -0.009989332 -0.015 0.021012844
v -0.009984808 -0.021173649 -0.018335126
v -0.009984808 -0.021173649 0.018335126
v -0.009984808 -0.021169305 -0.018436013
v -0.009984808 -0.021169305 0.018436013
v -0.009984808 -0.021156304 -0.018536152
v -0.009984808 -0.021156304 0.018536152
v -0.009984808 -0.021134743 -0.018634804
v -0.009984808 -0.021134743 0.018634804
v -0.009984808 -0.021104783 -0.018731236
v -0.009984808 -0.021104783 0.018731236
v -0.009984808 -0.021066645 -0.018824738
v -0.009984808 -0.021066645 0.018824738
v -0.009984808 -0.02102061 -0.018914612
v -0.009984808 -0.02102061 0.018914612
v -0.009984808 -0.02096702 -0.019000199
v -0.009984808 -0.02096702 0.019000199
v -0.009984808 -0.020906271 -0.019080862
v -0.009984808 -0.020906271 0.019080862
v -0.009984808 -0.020838814 -0.019156005
v -0.009984808 -0.020838814 0.019156005
v -0.009984808 -0.020765146 -0.01922507
v -0.009984808 -0.020765146 0.01922507
v -0.009984808 -0.020685816 -0.019287549
v -0.009984808 -0.020685816 0.019287549
v -0.009984808 -0.020601407 -0.019342976
v -0.009984808 -0.020601407 0.019342976
v -0.009984808 -0.020512547 -0.019390941
v -0.009984808 -0.020512547 0.019390941
v -0.009984808 -0.020186573 -0.019532371
v -0.009984808 -0.020186573 0.019532371
v -0.009984808 -0.019849753 -0.019645561
v -0.009984808 -0.019849753 0.019645561
v -0.009984808 -0.015 -0.021048615
v -0.009984808 -0.015 0.021048615
v -0.009977291 -0.015 -0.021083909
v -0.009973457 -0.015 0.021101916
v -0.009965925 -0.02125882 -0.018335126
v -0.009965925 -0.02125882 0.018335126
v -0.009965925 -0.02125416 -0.018443333
v -0.009965925 -0.02125416 0.018443333
v -0.009965925 -0.021240216 -0.018550741
v -0.009965925 -0.021240216 0.018550741
v -0.009965925 -0.021217091 -0.01865655
v -0.009965925 -0.021217091 0.01865655
v -0.009965925 -0.021184957 -0.018759981
v -0.009965925 -0.021184957 0.018759981
v -0.009965925 -0.021144051 -0.018860267
v -0.009965925 -0.021144051 0.018860267
v -0.009965925 -0.021094676 -0.018956665
v -0.009965925 -0.021094676 0.018956665
v -0.009965925 -0.021037197 -0.019048464
v -0.009965925 -0.021037197 0.019048464
v -0.009965925 -0.02097204 -0.01913498
v -0.009965925 -0.02097204 0.01913498
v -0.009965925 -0.020899685 -0.019215574
v -0.009965925 -0.020899685 0.019215574
v -0.009965925 -0.020820674 -0.019289654
v -0.009965925 -0.020820674 0.019289654
v -0.009965925 -0.020735584 -0.019356664
v -0.009965925 -0.020735584 0.019356664
v -0.009965925 -0.02064505 -0.019416114
v -0.009965925 -0.02064505 0.019416114
v -0.009965925 -0.020549743 -0.019467561
v -0.009965925 -0.020549743 0.019467561
v -0.009965925 -0.020217117 -0.019611876
v -0.009965925 -0.020217117 0.019611876
v -0.009965925 -0.019873422 -0.019727377
v -0.009965925 -0.019873422 0.019727377
v -0.009965925 -0.015 -0.021137279
v -0.009965925 -0.015 0.021137279
v -0.009955442 -0.015 -0.021171892
v -0.009950196 -0.015 0.021189214
v -0.009939693 -0.02134202 -0.018335126
v -0.009939693 -0.02134202 0.018335126
v -0.009939693 -0.021337053 -0.018450486
v -0.009939693 -0.021337053 0.018450486
v -0.009939693 -0.021322187 -0.018564992
v -0.009939693 -0.021322187 0.018564992
v -0.009939693 -0.021297535 -0.018677795
v -0.009939693 -0.021297535 0.018677795
v -0.009939693 -0.021263277 -0.018788062
v -0.009939693 -0.021263277 0.018788062
v -0.009939693 -0.021219667 -0.018894976
v -0.009939693 -0.021219667 0.018894976
v -0.009939693 -0.021167027 -0.018997746
v -0.009939693 -0.021167027 0.018997746
v -0.009939693 -0.02110575 -0.019095611
v -0.009939693 -0.02110575 0.019095611
v -0.009939693 -0.021036286 -0.019187845
v -0.009939693 -0.021036286 0.019187845
v -0.009939693 -0.02095915 -0.019273767
v -0.009939693 -0.02095915 0.019273767
v -0.009939693 -0.020874916 -0.019352742
v -0.009939693 -0.020874916 0.019352742
v -0.009939693 -0.020784203 -0.019424183
v -0.009939693 -0.020784203 0.019424183
v -0.009939693 -0.020687684 -0.019487562
v -0.009939693 -0.020687684 0.019487562
v -0.009939693 -0.020586077 -0.019542409
v -0.009939693 -0.020586077 0.019542409
v -0.009939693 -0.020246955 -0.019689545
v -0.009939693 -0.020246955 0.019689545
v -0.009939693 -0.019896545 -0.019807301
v -0.009939693 -0.019896545 0.019807301
v -0.009939693 -0.015 -0.021223893
v -0.009939693 -0.015 0.021223893
v -0.009926301 -0.015 -0.021257549
v -0.009919724 -0.015 0.021274078
v -0.009906308 -0.021422619 -0.018335126
v -0.009906308 -0.021422619 0.018335126
v -0.009906308 -0.021417353 -0.018457415
v -0.009906308 -0.021417353 0.018457415
v -0.009906308 -0.021401595 -0.018578796
v -0.009906308 -0.021401595 0.018578796
v -0.009906308 -0.021375461 -0.018698376
v -0.009906308 -0.021375461 0.018698376
v -0.009906308 -0.021339145 -0.018815264
v -0.009906308 -0.021339145 0.018815264
v -0.009906308 -0.021292916 -0.0189286
v -0.009906308 -0.021292916 0.0189286
v -0.009906308 -0.021237116 -0.019037541
v -0.009906308 -0.021237116 0.019037541
v -0.009906308 -0.021172157 -0.019141283
v -0.009906308 -0.021172157 0.019141283
v -0.009906308 -0.021098522 -0.019239057
v -0.009906308 -0.021098522 0.019239057
v -0.009906308 -0.021016754 -0.01933014
v -0.009906308 -0.021016754 0.01933014
v -0.009906308 -0.020927459 -0.019413857
v -0.009906308 -0.020927459 0.019413857
v -0.009906308 -0.0208313 -0.019489588
v -0.009906308 -0.0208313 0.019489588
v -0.009906308 -0.020728985 -0.019556774
v -0.009906308 -0.020728985 0.019556774
v -0.009906308 -0.020621276 -0.019614914
v -0.009906308 -0.020621276 0.019614914
v -0.009906308 -0.020275857 -0.019764781
v -0.009906308 -0.020275857 0.019764781
v -0.009906308 -0.019918943 -0.019884724
v -0.009906308 -0.019918943 0.019884724
v -0.009906308 -0.015 -0.021307795
v -0.009906308 -0.015 0.021307795
v -0.00989009 -0.015 -0.021340226
v -0.009882271 -0.015 0.021355863
v -0.009876729 -0.015 0.015414492
v -0.009876409 -0.015 -0.016814215
v -0.009876409 -0.015 0.015414215
v -0.00986628 -0.015 -0.016804866
v -0.00986628 -0.015 0.015404867
v -0.009866025 -0.021500001 -0.018335126
v -0.009866025 -0.021500001 0.018335126
v -0.009866025 -0.021494448 -0.018464066
v -0.009866025 -0.021494448 0.018464066
v -0.009866025 -0.021477833 -0.01859205
v -0.009866025 -0.021477833 0.01859205
v -0.009866025 -0.021450277 -0.018718133
v -0.009866025 -0.021450277 0.018718133
v -0.009866025 -0.021411987 -0.01884138
v -0.009866025 -0.021411987 0.01884138
v -0.009866025 -0.021363243 -0.01896088
v -0.009866025 -0.021363243 0.01896088
v -0.009866025 -0.021304408 -0.019075749
v -0.009866025 -0.021304408 0.019075749
v -0.009866025 -0.021235915 -0.019185133
v -0.009866025 -0.021235915 0.019185133
v -0.009866025 -0.021158274 -0.019288227
v -0.009866025 -0.021158274 0.019288227
v -0.009866025 -0.02107206 -0.019384263
v -0.009866025 -0.02107206 0.019384263
v -0.009866025 -0.020977909 -0.019472534
v -0.009866025 -0.020977909 0.019472534
v -0.009866025 -0.020876518 -0.019552384
v -0.009866025 -0.020876518 0.019552384
v -0.009866025 -0.020768639 -0.019623224
v -0.009866025 -0.020768639 0.019623224
v -0.009866025 -0.02065507 -0.019684527
v -0.009866025 -0.02065507 0.019684527
v -0.009866025 -0.020303607 -0.019837016
v -0.009866025 -0.020303607 0.019837016
v -0.009866025 -0.019940449 -0.019959057
v -0.009866025 -0.019940449 0.019959057
v -0.009866025 -0.015 -0.02138835
v -0.009866025 -0.015 0.02138835
v -0.009862363 -0.015 -0.016800942
v -0.009847089 -0.015 -0.021419293
v -0.009838119 -0.015 0.02143395
v -0.009819152 -0.021573577 -0.018335126
v -0.009819152 -0.021573577 0.018335126
v -0.009819152 -0.021567753 -0.01847039
v -0.009819152 -0.021567753 0.01847039
v -0.009819152 -0.021550322 -0.018604653
v -0.009819152 -0.021550322 0.018604653
v -0.009819152 -0.021521416 -0.018736919
v -0.009819152 -0.021521416 0.018736919
v -0.009819152 -0.021481246 -0.018866213
v -0.009819152 -0.021481246 0.018866213
v -0.009819152 -0.021430111 -0.018991575
v -0.009819152 -0.021430111 0.018991575
v -0.009819152 -0.02136839 -0.019112077
v -0.009819152 -0.02136839 0.019112077
v -0.009819152 -0.021296538 -0.019226827
v -0.009819152 -0.021296538 0.019226827
v -0.009819152 -0.021215089 -0.019334977
v -0.009819152 -0.021215089 0.019334977
v -0.009819152 -0.021124644 -0.019435724
v -0.009819152 -0.021124644 0.019435724
v -0.009819152 -0.021025876 -0.019528324
v -0.009819152 -0.021025876 0.019528324
v -0.009819152 -0.020919511 -0.019612093
v -0.009819152 -0.020919511 0.019612093
v -0.009819152 -0.020806341 -0.019686406
v -0.009819152 -0.020806341 0.019686406
v -0.009819152 -0.0206872 -0.019750718
v -0.009819152 -0.0206872 0.019750718
v -0.009819152 -0.020329991 -0.019905699
v -0.009819152 -0.020329991 0.019905699
v -0.009819152 -0.019960895 -0.020029735
v -0.009819152 -0.019960895 0.020029735
v -0.009819152 -0.015 -0.021464943
v -0.009819152 -0.015 0.021464943
v -0.009797627 -0.015 -0.021494146
v -0.009787602 -0.015 0.021507747
v -0.009766044 -0.021642787 -0.018335126
v -0.009766044 -0.021642787 0.018335126
v -0.009766044 -0.021636708 -0.018476339
v -0.009766044 -0.021636708 0.018476339
v -0.009766044 -0.02161851 -0.018616507
v -0.009766044 -0.02161851 0.018616507
v -0.009766044 -0.021588333 -0.018754592
v -0.009766044 -0.021588333 0.018754592
v -0.009766044 -0.021546395 -0.018889572
v -0.009766044 -0.021546395 0.018889572
v -0.009766044 -0.021493012 -0.019020448
v -0.009766044 -0.021493012 0.019020448
v -0.009766044 -0.021428576 -0.019146251
v -0.009766044 -0.021428576 0.019146251
v -0.009766044 -0.021353565 -0.019266047
v -0.009766044 -0.021353565 0.019266047
v -0.009766044 -0.021268534 -0.019378953
v -0.009766044 -0.021268534 0.019378953
v -0.009766044 -0.02117411 -0.019484133
v -0.009766044 -0.02117411 0.019484133
v -0.009766044 -0.021070996 -0.019580806
v -0.009766044 -0.021070996 0.019580806
v -0.009766044 -0.020959955 -0.019668257
v -0.009766044 -0.020959955 0.019668257
v -0.009766044 -0.020841805 -0.01974584
v -0.009766044 -0.020841805 0.01974584
v -0.009766044 -0.020717425 -0.019812981
v -0.009766044 -0.020717425 0.019812981
v -0.009766044 -0.020354811 -0.019970307
v -0.009766044 -0.020354811 0.019970307
v -0.009766044 -0.019980131 -0.02009622
v -0.009766044 -0.019980131 0.02009622
v -0.009766044 -0.015 -0.021536993
v -0.009766044 -0.015 0.021536993
v -0.009747076 -0.015 0.015292406
v -0.009742083 -0.015 -0.021564214
v -0.009740341 -0.015 -0.016685621
v -0.009740341 -0.015 0.01528562
v -0.009731101 -0.015 0.021576691
v -0.009730988 -0.015 -0.016675652
v -0.009730988 -0.015 0.015275651
v -0.009715719 -0.015 -0.016657978
v -0.009715719 -0.015 0.015257978
v -0.009714198 -0.015 -0.01665612
v -0.009707107 -0.021707106 -0.018335126
v -0.009707107 -0.021707106 0.018335126
v -0.009707107 -0.021700788 -0.018481869
v -0.009707107 -0.021700788 0.018481869
v -0.009707107 -0.021681879 -0.018627524
v -0.009707107 -0.021681879 0.018627524
v -0.009707107 -0.021650519 -0.018771015
v -0.009707107 -0.021650519 0.018771015
v -0.009707107 -0.021606941 -0.01891128
v -0.009707107 -0.021606941 0.01891128
v -0.009707107 -0.021551467 -0.019047279
v -0.009707107 -0.021551467 0.019047279
v -0.009707107 -0.021484509 -0.019178007
v -0.009707107 -0.021484509 0.019178007
v -0.009707107 -0.021406559 -0.019302495
v -0.009707107 -0.021406559 0.019302495
v -0.009707107 -0.021318199 -0.019419821
v -0.009707107 -0.021318199 0.019419821
v -0.009707107 -0.021220081 -0.019529119
v -0.009707107 -0.021220081 0.019529119
v -0.009707107 -0.021112928 -0.019629577
v -0.009707107 -0.021112928 0.019629577
v -0.009707107 -0.020997539 -0.019720452
v -0.009707107 -0.020997539 0.019720452
v -0.009707107 -0.020874765 -0.019801073
v -0.009707107 -0.020874765 0.019801073
v -0.009707107 -0.020745514 -0.019870842
v -0.009707107 -0.020745514 0.019870842
v -0.009707107 -0.020377878 -0.020030348
v -0.009707107 -0.020377878 0.020030348
v -0.009707107 -0.019998005 -0.020158006
v -0.009707107 -0.019998005 0.020158006
v -0.009707107 -0.015 -0.02160395
v -0.009707107 -0.015 0.02160395
v -0.009694262 -0.015 -0.02161675
v -0.009694262 -0.015 0.02161675
v -0.009656182 -0.015 -0.021653076
v -0.009656182 -0.015 0.021653076
v -0.009642787 -0.021766044 -0.018335126
v -0.009642787 -0.021766044 0.018335126
v -0.009642787 -0.021759508 -0.018486934
v -0.009642787 -0.021759508 0.018486934
v -0.009642787 -0.021739945 -0.01863762
v -0.009642787 -0.021739945 0.01863762
v -0.009642787 -0.021707503 -0.018786065
v -0.009642787 -0.021707503 0.018786065
v -0.009642787 -0.021662422 -0.018931171
v -0.009642787 -0.021662422 0.018931171
v -0.009642787 -0.021605032 -0.019071866
v -0.009642787 -0.021605032 0.019071866
v -0.009642787 -0.021535762 -0.019207107
v -0.009642787 -0.021535762 0.019207107
v -0.009642787 -0.021455122 -0.019335894
v -0.009642787 -0.021455122 0.019335894
v -0.009642787 -0.021363709 -0.019457271
v -0.009642787 -0.021363709 0.019457271
v -0.009642787 -0.021262202 -0.019570341
v -0.009642787 -0.021262202 0.019570341
v -0.009642787 -0.021151353 -0.019674268
v -0.009642787 -0.021151353 0.019674268
v -0.009642787 -0.021031979 -0.019768281
v -0.009642787 -0.021031979 0.019768281
v -0.009642787 -0.020904966 -0.019851685
v -0.009642787 -0.020904966 0.019851685
v -0.009642787 -0.020771254 -0.019923862
v -0.009642787 -0.020771254 0.019923862
v -0.009642787 -0.020399014 -0.020085366
v -0.009642787 -0.020399014 0.020085366
v -0.009642787 -0.020014385 -0.020214621
v -0.009642787 -0.020014385 0.020214621
v -0.009642787 -0.015 -0.021665304
v -0.009642787 -0.015 0.021665304
v -0.009628884 -0.015 -0.02167692
v -0.009628884 -0.015 0.02167692
v -0.009619525 -0.015 0.01514946
v -0.009617666 -0.015 -0.016547172
v -0.009617666 -0.015 0.015147172
v -0.009587978 -0.015 -0.021709596
v -0.009587978 -0.015 0.021709596
v -0.009587562 -0.015 -0.016506641
v -0.009587562 -0.015 0.015106641
v -0.009584224 -0.015 -0.016501719
v -0.009573576 -0.021819152 -0.018335126
v -0.009573576 -0.021819152 0.018335126
v -0.009573576 -0.021812418 -0.018491499
v -0.009573576 -0.021812418 0.018491499
v -0.009573576 -0.021792268 -0.018646715
v -0.009573576 -0.021792268 0.018646715
v -0.009573576 -0.021758851 -0.018799625
v -0.009573576 -0.021758851 0.018799625
v -0.009573576 -0.021712413 -0.018949095
v -0.009573576 -0.021712413 0.018949095
v -0.009573576 -0.021653296 -0.019094022
v -0.009573576 -0.021653296 0.019094022
v -0.009573576 -0.021581944 -0.019233329
v -0.009573576 -0.021581944 0.019233329
v -0.009573576 -0.021498879 -0.019365989
v -0.009573576 -0.021498879 0.019365989
v -0.009573576 -0.021404719 -0.019491015
v -0.009573576 -0.021404719 0.019491015
v -0.009573576 -0.021300159 -0.019607486
v -0.009573576 -0.021300159 0.019607486
v -0.009573576 -0.021185976 -0.019714538
v -0.009573576 -0.021185976 0.019714538
v -0.009573576 -0.021063013 -0.019811379
v -0.009573576 -0.021063013 0.019811379
v -0.009573576 -0.020932179 -0.01989729
v -0.009573576 -0.020932179 0.01989729
v -0.009573576 -0.020794446 -0.019971637
v -0.009573576 -0.020794446 0.019971637
v -0.009573576 -0.020418057 -0.020134941
v -0.009573576 -0.020418057 0.020134941
v -0.009573576 -0.020029142 -0.020265637
v -0.009573576 -0.020029142 0.020265637
v -0.009573576 -0.015 -0.02172059
v -0.009573576 -0.015 0.02172059
v -0.009558719 -0.015 -0.021730924
v -0.009558719 -0.015 0.021730924
v -0.009547493 -0.015 0.015054561
v -0.009543991 -0.015 -0.016449369
v -0.009543991 -0.015 0.01504937
v -0.009515299 -0.015 -0.021759721
v -0.009515299 -0.015 0.021759721
v -0.009509446 -0.015 -0.016400069
v -0.009509446 -0.015 0.015000069
v -0.009503493 -0.015 -0.016390993
v -0.009503493 -0.015 0.014990993
v -0.0095 -0.021866025 -0.018335126
v -0.0095 -0.021866025 0.018335126
v -0.0095 -0.021859119 -0.01849553
v -0.0095 -0.021859119 0.01849553
v -0.0095 -0.021838449 -0.018654745
v -0.0095 -0.021838449 0.018654745
v -0.0095 -0.021804171 -0.018811593
v -0.0095 -0.021804171 0.018811593
v -0.0095 -0.021756535 -0.018964916
v -0.0095 -0.021756535 0.018964916
v -0.0095 -0.021695897 -0.019113576
v -0.0095 -0.021695897 0.019113576
v -0.0095 -0.021622704 -0.019256473
v -0.0095 -0.021622704 0.019256473
v -0.0095 -0.0215375 -0.01939255
v -0.0095 -0.0215375 0.01939255
v -0.0095 -0.021440914 -0.019520799
v -0.0095 -0.021440914 0.019520799
v -0.0095 -0.021333661 -0.019640271
v -0.0095 -0.021333661 0.019640271
v -0.0095 -0.021216534 -0.019750081
v -0.0095 -0.021216534 0.019750081
v -0.0095 -0.021090403 -0.019849416
v -0.0095 -0.021090403 0.019849416
v -0.0095 -0.0209562 -0.019937541
v -0.0095 -0.0209562 0.019937541
v -0.0095 -0.020814916 -0.020013805
v -0.0095 -0.020814916 0.020013805
v -0.0095 -0.020434868 -0.020178696
v -0.0095 -0.020434868 0.020178696
v -0.0095 -0.02004217 -0.020310665
v -0.0095 -0.02004217 0.020310665
v -0.0095 -0.015 -0.021769386
v -0.0095 -0.015 0.021769386
v -0.009484302 -0.015 -0.021778351
v -0.009484302 -0.015 0.021778351
v -0.009473648 -0.015 0.014943899
v -0.009472846 -0.015 -0.016339203
v -0.009442462 -0.015 -0.016291061
v -0.009442462 -0.015 0.014891061
v -0.009438698 -0.015 -0.021803064
v -0.009438698 -0.015 0.021803064
v -0.009422618 -0.021906307 -0.018335126
v -0.009422618 -0.021906307 0.018335126
v -0.009422618 -0.021899251 -0.018498993
v -0.009422618 -0.021899251 0.018498993
v -0.009422618 -0.021878136 -0.018661644
v -0.009422618 -0.021878136 0.018661644
v -0.009422618 -0.021843117 -0.018821878
v -0.009422618 -0.021843117 0.018821878
v -0.009422618 -0.021794453 -0.018978512
v -0.009422618 -0.021794453 0.018978512
v -0.009422618 -0.021732507 -0.019130381
v -0.009422618 -0.021732507 0.019130381
v -0.009422618 -0.021657735 -0.019276362
v -0.009422618 -0.021657735 0.019276362
v -0.009422618 -0.02157069 -0.019415377
v -0.009422618 -0.02157069 0.019415377
v -0.009422618 -0.021472018 -0.019546393
v -0.009422618 -0.021472018 0.019546393
v -0.009422618 -0.02136245 -0.019668445
v -0.009422618 -0.02136245 0.019668445
v -0.009422618 -0.021242796 -0.019780625
v -0.009422618 -0.021242796 0.019780625
v -0.009422618 -0.021113941 -0.019882105
v -0.009422618 -0.021113941 0.019882105
v -0.009422618 -0.02097684 -0.019972133
v -0.009422618 -0.02097684 0.019972133
v -0.009422618 -0.020832509 -0.020050043
v -0.009422618 -0.020832509 0.020050043
v -0.009422618 -0.020449312 -0.020216299
v -0.009422618 -0.020449312 0.020216299
v -0.009422618 -0.020053364 -0.020349359
v -0.009422618 -0.020053364 0.020349359
v -0.009422618 -0.015 -0.021811319
v -0.009422618 -0.015 0.021811319
v -0.009416464 -0.015 -0.016245406
v -0.009416464 -0.015 0.014845406
v -0.009406201 -0.015 -0.021818839
v -0.009406201 -0.015 0.021818839
v -0.009401965 -0.015 -0.016217238
v -0.009401965 -0.015 0.014817238
v -0.009399032 -0.015 -0.016211218
v -0.009399032 -0.015 0.014811217
v -0.009380343 -0.015 -0.016169931
v -0.009376792 -0.015 0.01476745
v -0.009358755 -0.015 -0.021839299
v -0.009358755 -0.015 0.021839299
v -0.009358162 -0.015 -0.016126117
v -0.009358162 -0.015 0.014726118
v -0.00934202 -0.021939693 -0.018335126
v -0.00934202 -0.021939693 0.018335126
v -0.00934202 -0.021932513 -0.018501861
v -0.00934202 -0.021932513 0.018501861
v -0.00934202 -0.021911027 -0.018667363
v -0.00934202 -0.021911027 0.018667363
v -0.00934202 -0.021875395 -0.018830404
v -0.00934202 -0.021875395 0.018830404
v -0.00934202 -0.02182588 -0.018989779
v -0.00934202 -0.02182588 0.018989779
v -0.00934202 -0.021762848 -0.019144308
v -0.00934202 -0.021762848 0.019144308
v -0.00934202 -0.021686766 -0.019292846
v -0.00934202 -0.021686766 0.019292846
v -0.00934202 -0.021598198 -0.019434296
v -0.00934202 -0.021598198 0.019434296
v -0.00934202 -0.021497797 -0.019567607
v -0.00934202 -0.021497797 0.019567607
v -0.00934202 -0.02138631 -0.019691795
v -0.00934202 -0.02138631 0.019691795
v -0.00934202 -0.021264561 -0.01980594
v -0.00934202 -0.021264561 0.01980594
v -0.00934202 -0.021133449 -0.019909197
v -0.00934202 -0.021133449 0.019909197
v -0.00934202 -0.020993948 -0.020000802
v -0.00934202 -0.020993948 0.020000802
v -0.00934202 -0.020847088 -0.020080077
v -0.00934202 -0.020847088 0.020080077
v -0.00934202 -0.020461285 -0.020247465
v -0.00934202 -0.020461285 0.020247465
v -0.00934202 -0.020062642 -0.02038143
v -0.00934202 -0.020062642 0.02038143
v -0.00934202 -0.015 -0.021846074
v -0.00934202 -0.015 0.021846074
v -0.009339364 -0.015 -0.016084255
v -0.009339364 -0.015 0.014684256
v -0.009325012 -0.015 -0.021852084
v -0.009325012 -0.015 0.021852084
v -0.009319964 -0.015 -0.016034206
v -0.009319964 -0.015 0.014634207
v -0.009306974 -0.015 -0.015995351
v -0.009304342 -0.015 0.014594337
v -0.009291552 -0.015 -0.015955868
v -0.009291552 -0.015 0.014555868
v -0.009278754 -0.015 -0.015917842
v -0.009278754 -0.015 0.014517842
v -0.009276084 -0.015 -0.015909077
v -0.009276084 -0.015 0.014509077
v -0.009276078 -0.015 -0.021868146
v -0.009276078 -0.015 0.021868146
v -0.009259686 -0.015 -0.015847619
v -0.009259686 -0.015 0.014447618
v -0.009258819 -0.021965927 -0.018335126
v -0.009258819 -0.021965927 0.018335126
v -0.009258819 -0.021958649 -0.018504117
v -0.009258819 -0.021958649 0.018504117
v -0.009258819 -0.021936873 -0.018671855
v -0.009258819 -0.021936873 0.018671855
v -0.009258819 -0.021900758 -0.018837102
v -0.009258819 -0.021900758 0.018837102
v -0.009258819 -0.021850575 -0.018998632
v -0.009258819 -0.021850575 0.018998632
v -0.009258819 -0.02178669 -0.019155251
v -0.009258819 -0.02178669 0.019155251
v -0.009258819 -0.021709578 -0.019305799
v -0.009258819 -0.021709578 0.019305799
v -0.009258819 -0.021619812 -0.019449161
v -0.009258819 -0.021619812 0.019449161
v -0.009258819 -0.021518055 -0.019584276
v -0.009258819 -0.021518055 0.019584276
v -0.009258819 -0.02140506 -0.019710144
v -0.009258819 -0.02140506 0.019710144
v -0.009258819 -0.021281663 -0.019825833
v -0.009258819 -0.021281663 0.019825833
v -0.009258819 -0.021148778 -0.019930486
v -0.009258819 -0.021148778 0.019930486
v -0.009258819 -0.021007391 -0.020023329
v -0.009258819 -0.021007391 0.020023329
v -0.009258819 -0.020858545 -0.020103676
v -0.009258819 -0.020858545 0.020103676
v -0.009258819 -0.020470692 -0.020271953
v -0.009258819 -0.020470692 0.020271953
v -0.009258819 -0.020069933 -0.02040663
v -0.009258819 -0.020069933 0.02040663
v -0.009258819 -0.015 -0.021873382
v -0.009258819 -0.015 0.021873382
v -0.00925291 -0.015 -0.015816965
v -0.009249593 -0.015 0.01441186
v -0.009242986 -0.015 -0.015781717
v -0.009242986 -0.015 0.014381716
v -0.009241353 -0.015 -0.021877832
v -0.009241353 -0.015 0.021877832
v -0.009235121 -0.015 -0.015747477
v -0.009235121 -0.015 0.014347477
v -0.009221314 -0.015 -0.01566334
v -0.009221314 -0.015 0.01426334
v -0.009220182 -0.015 -0.015654102
v -0.009220182 -0.015 0.014254102
v -0.009218188 -0.015 -0.015636185
v -0.009214586 -0.015 0.014222547
v -0.009212666 -0.015 -0.015605001
v -0.009212666 -0.015 0.014205001
v -0.0092088 -0.015 -0.015574428
v -0.0092088 -0.015 0.014174428
v -0.00920651 -0.015 0.014144178
v -0.009202744 -0.015 -0.015454435
v -0.009200683 -0.015 -0.015427088
v -0.009200683 -0.015 0.014027088
v -0.0092 -0.015 -0.0154
v -0.0092 -0.015 -0.015336019
v -0.0092 -0.015 -0.0152149
v -0.0092 -0.015 -0.015080455
v -0.0092 -0.015 -0.014932501
v -0.0092 -0.015 -0.014771449
v -0.0092 -0.015 -0.014598193
v -0.0092 -0.015 -0.014414174
v -0.0092 -0.015 -0.014221413
v -0.0092 -0.015 -0.014022513
v -0.0092 -0.015 -0.013820599
v -0.0092 -0.015 -0.013619211
v -0.0092 -0.015 -0.013422131
v -0.0092 -0.015 -0.013233189
v -0.0092 -0.015 -0.0132
v -0.0092 -0.015 0.011799994
v -0.0092 -0.015 0.011800001
v -0.0092 -0.015 0.012022131
v -0.0092 -0.015 0.01221921
v -0.0092 -0.015 0.012420599
v -0.0092 -0.015 0.012622513
v -0.0092 -0.015 0.012821413
v -0.0092 -0.015 0.013014174
v -0.0092 -0.015 0.013198194
v -0.0092 -0.015 0.013371449
v -0.0092 -0.015 0.013532501
v -0.0092 -0.015 0.013680455
v -0.0092 -0.015 0.013814901
v -0.0092 -0.015 0.013935829
v -0.0092 -0.015 0.014
v -0.009191295 -0.015 -0.021889385
v -0.009191295 -0.015 0.021889385
v -0.009173648 -0.021984808 -0.018335126
v -0.009173648 -0.021984808 0.018335126
v -0.009173648 -0.021977462 -0.018505739
v -0.009173648 -0.021977462 0.018505739
v -0.009173648 -0.021955475 -0.018675089
v -0.009173648 -0.021955475 0.018675089
v -0.009173648 -0.021919016 -0.018841924
v -0.009173648 -0.021919016 0.018841924
v -0.009173648 -0.021868348 -0.019005004
v -0.009173648 -0.021868348 0.019005004
v -0.009173648 -0.02180385 -0.019163128
v -0.009173648 -0.02180385 0.019163128
v -0.009173648 -0.021725999 -0.019315122
v -0.009173648 -0.021725999 0.019315122
v -0.009173648 -0.02163537 -0.01945986
v -0.009173648 -0.02163537 0.01945986
v -0.009173648 -0.021532636 -0.019596273
v -0.009173648 -0.021532636 0.019596273
v -0.009173648 -0.021418555 -0.01972335
v -0.009173648 -0.021418555 0.01972335
v -0.009173648 -0.021293974 -0.019840149
v -0.009173648 -0.021293974 0.019840149
v -0.009173648 -0.021159813 -0.019945808
v -0.009173648 -0.021159813 0.019945808
v -0.009173648 -0.021017065 -0.020039544
v -0.009173648 -0.021017065 0.020039544
v -0.009173648 -0.020866791 -0.020120662
v -0.009173648 -0.020866791 0.020120662
v -0.009173648 -0.020477464 -0.020289579
v -0.009173648 -0.020477464 0.020289579
v -0.009173648 -0.02007518 -0.020424768
v -0.009173648 -0.02007518 0.020424768
v -0.009173648 -0.015 -0.021893039
v -0.009173648 -0.015 0.021893039
v -0.009155862 -0.015 -0.021895889
v -0.009155862 -0.015 0.021895889
v -0.009105051 -0.015 -0.021902852
v -0.009105051 -0.015 0.021902852
v -0.009087156 -0.021996194 -0.018335126
v -0.009087156 -0.021996194 0.018335126
v -0.009087156 -0.021988805 -0.018506719
v -0.009087156 -0.021988805 0.018506719
v -0.009087156 -0.021966694 -0.018677041
v -0.009087156 -0.021966694 0.018677041
v -0.009087156 -0.021930024 -0.01884483
v -0.009087156 -0.021930024 0.01884483
v -0.009087156 -0.021879068 -0.019008849
v -0.009087156 -0.021879068 0.019008849
v -0.009087156 -0.021814199 -0.019167878
v -0.009087156 -0.021814199 0.019167878
v -0.009087156 -0.021735901 -0.019320743
v -0.009087156 -0.021735901 0.019320743
v -0.009087156 -0.021644752 -0.019466313
v -0.009087156 -0.021644752 0.019466313
v -0.009087156 -0.021541428 -0.019603508
v -0.009087156 -0.021541428 0.019603508
v -0.009087156 -0.021426693 -0.019731315
v -0.009087156 -0.021426693 0.019731315
v -0.009087156 -0.021301396 -0.019848784
v -0.009087156 -0.021301396 0.019848784
v -0.009087156 -0.021166466 -0.019955048
v -0.009087156 -0.021166466 0.019955048
v -0.009087156 -0.021022901 -0.020049322
v -0.009087156 -0.021022901 0.020049322
v -0.009087156 -0.020871764 -0.020130904
v -0.009087156 -0.020871764 0.020130904
v -0.009087156 -0.020481547 -0.020300208
v -0.009087156 -0.020481547 0.020300208
v -0.009087156 -0.020078344 -0.020435706
v -0.009087156 -0.020078344 0.020435706
v -0.009087156 -0.015 -0.021904893
v -0.009087156 -0.015 0.021904893
v -0.00906919 -0.015 -0.021906118
v -0.00906919 -0.015 0.021906118
v -0.009018001 -0.015 -0.021908446
v -0.009018001 -0.015 0.021908446
v -0.009 -0.022 -0.018335126
v -0.009 -0.022 0.018335126
v -0.009 -0.021992598 -0.018507045
v -0.009 -0.021992598 0.018507045
v -0.009 -0.021988314 -0.018551016
v -0.009 -0.021988314 0.018551016
v -0.009 -0.021970443 -0.018677691
v -0.009 -0.021970443 0.018677691
v -0.009 -0.021963932 -0.018713247
v -0.009 -0.021963932 0.018713247
v -0.009 -0.021933703 -0.018845802
v -0.009 -0.021933703 0.018845802
v -0.009 -0.021926334 -0.018872933
v -0.009 -0.021926334 0.018872933
v -0.009 -0.02188265 -0.019010132
v -0.009 -0.02188265 0.019010132
v -0.009 -0.021875776 -0.019029003
v -0.009 -0.021875776 0.019029003
v -0.009 -0.021817656 -0.019169467
v -0.009 -0.021817656 0.019169467
v -0.009 -0.021812597 -0.019180402
v -0.009 -0.021812597 0.019180402
v -0.009 -0.021739209 -0.019322623
v -0.009 -0.021739209 0.019322623
v -0.009 -0.021647887 -0.01946847
v -0.009 -0.021647887 0.01946847
v -0.009 -0.021551995 -0.019596599
v -0.009 -0.021551995 0.019596599
v -0.009 -0.021544367 -0.019605925
v -0.009 -0.021544367 0.019605925
v -0.009 -0.021443386 -0.019719552
v -0.009 -0.021443386 0.019719552
v -0.009 -0.021429412 -0.019733975
v -0.009 -0.021429412 0.019733975
v -0.009 -0.021325067 -0.01983319
v -0.009 -0.021325067 0.01983319
v -0.009 -0.021303877 -0.01985167
v -0.009 -0.021303877 0.01985167
v -0.009 -0.021197831 -0.01993675
v -0.009 -0.021197831 0.01993675
v -0.009 -0.02116869 -0.019958137
v -0.009 -0.02116869 0.019958137
v -0.009 -0.021062536 -0.020029534
v -0.009 -0.021062536 0.020029534
v -0.009 -0.021024851 -0.020052589
v -0.009 -0.021024851 0.020052589
v -0.009 -0.020873426 -0.020134328
v -0.009 -0.020873426 0.020134328
v -0.009 -0.020482913 -0.02030376
v -0.009 -0.020482913 0.02030376
v -0.009 -0.020079402 -0.020439362
v -0.009 -0.020079402 0.020439362
v -0.009 -0.015 -0.021908855
v -0.009 -0.015 0.021908855
v -0.0083 -0.035 -0.008226692
v -0.0083 -0.035 -0.008203727
v -0.0083 -0.035 -0.003619851
v -0.0083 -0.035 -0.00354535
v -0.0083 -0.035 -0.003468079
v -0.0083 -0.035 -0.003388665
v -0.0083 -0.035 -0.003307818
v -0.0083 -0.035 -0.001929096
v -0.0083 -0.035 -0.00185938
v -0.0083 -0.035 -0.001824028
v -0.0083 -0.035 -0.00178845
v -0.0083 -0.035 -0.001752727
v -0.0083 -0.035 -0.001716941
v -0.0083 -0.035 -0.001681177
v -0.0083 -0.035 -0.001645516
v -0.0083 -0.035 -0.001610048
v -0.0083 -0.035 -0.001574855
v -0.0083 -0.035 -0.001540025
v -0.0083 -0.035 -0.00150564
v -0.0083 -0.035 -0.001471791
v -0.0083 -0.035 -0.001438557
v -0.0083 -0.035 -0.001406025
v -0.0083 -0.035 -0.001374271
v -0.0083 -0.035 -0.001343383
v -0.0083 -0.035 -0.001313429
v -0.0083 -0.035 -0.001284488
v -0.0083 -0.035 -0.001256635
v -0.0083 -0.035 -0.001229931
v -0.0083 -0.035 -0.001204448
v -0.0083 -0.035 -0.001180245
v -0.0083 -0.035 -0.001157376
v -0.0083 -0.035 -0.001135902
v -0.0083 -0.035 -0.001115863
v -0.0083 -0.035 -0.001097311
v -0.0083 -0.035 -0.00108028
v -0.0083 -0.035 -0.00106481
v -0.0083 -0.035 -0.001050927
v -0.0083 -0.035 -0.001038659
v -0.0083 -0.035 -0.001028023
v -0.0083 -0.035 -0.001019041
v -0.0083 -0.035 -0.001011717
v -0.0083 -0.035 -0.00100606
v -0.0083 -0.035 -0.001002071
v -0.0083 -0.035 -0.000999745
v -0.0083 -0.035 -0.000999074
v -0.0083 -0.035 0.000350343
v -0.0083 -0.035 0.000353908
v -0.0083 -0.035 0.000357675
v -0.0083 -0.035 0.000361639
v -0.0083 -0.035 0.000365791
v -0.0083 -0.035 0.000370123
v -0.0083 -0.035 0.000374626
v -0.0083 -0.035 0.00037929
v -0.0083 -0.035 0.000384106
v -0.0083 -0.035 0.000389063
v -0.0083 -0.035 0.00039415
v -0.0083 -0.035 0.000399356
v -0.0083 -0.035 0.000404668
v -0.0083 -0.035 0.000410074
v -0.0083 -0.035 0.000415562
v -0.0083 -0.035 0.000421119
v -0.0083 -0.035 0.000426732
v -0.0083 -0.035 0.000432386
v -0.0083 -0.035 0.000438069
v -0.0083 -0.035 0.000471972
v -0.0083 -0.035 0.000477819
v -0.0083 -0.035 0.00048367
v -0.0083 -0.035 0.000489509
v -0.0083 -0.035 0.000495323
v -0.0083 -0.035 0.000501098
v -0.0083 -0.035 0.000506821
v -0.0083 -0.035 0.000512477
v -0.0083 -0.035 0.000518054
v -0.0083 -0.035 0.000523539
v -0.0083 -0.035 0.000528919
v -0.0083 -0.035 0.000534183
v -0.0083 -0.035 0.000539318
v -0.0083 -0.035 0.000544313
v -0.0083 -0.035 0.000549157
v -0.0083 -0.035 0.000553841
v -0.0083 -0.035 0.000558355
v -0.0083 -0.035 0.000562689
v -0.0083 -0.035 0.000566835
v -0.0083 -0.035 0.000574533
v -0.0083 -0.035 0.000607276
v -0.0083 -0.035 0.000635804
v -0.0083 -0.035 0.000659948
v -0.0083 -0.035 0.000679587
v -0.0083 -0.035 0.000694649
v -0.0083 -0.035 0.000705101
v -0.0083 -0.035 0.000710954
v -0.0083 -0.035 0.002669332
v -0.0083 -0.035 0.002703712
v -0.0083 -0.035 0.006294297
v -0.0083 -0.035 0.007140058
v -0.0083 -0.035 0.008185316
v -0.0083 -0.035 0.008226692
v -0.0083 -0.03494351 0.008190655
v -0.0083 -0.033695459 0.0
v -0.0083 -0.033694744 -3.2715e-05
v -0.0083 -0.033694744 3.2715e-05
v -0.0083 -0.033692591 -6.5367e-05
v -0.0083 -0.033692591 6.5367e-05
v -0.0083 -0.033689007 -9.7895e-05
v -0.0083 -0.033689007 9.7895e-05
v -0.0083 -0.033684004 -0.000130236
v -0.0083 -0.033684004 0.000130236
v -0.0083 -0.033677582 -0.00016233
v -0.0083 -0.033677582 0.00016233
v -0.0083 -0.033669762 -0.000194114
v -0.0083 -0.033669762 0.000194114
v -0.0083 -0.033660553 -0.000225529
v -0.0083 -0.033660553 0.000225529
v -0.0083 -0.033649977 -0.000256515
v -0.0083 -0.033649977 0.000256515
v -0.0083 -0.033638049 -0.000287013
v -0.0083 -0.033638049 0.000287013
v -0.0083 -0.033624798 -0.000316964
v -0.0083 -0.033624798 0.000316964
v -0.0083 -0.033610243 -0.000346311
v -0.0083 -0.033610243 0.000346311
v -0.0083 -0.033594418 -0.000375
v -0.0083 -0.033594418 0.000375
v -0.0083 -0.033577345 -0.000402975
v -0.0083 -0.033577345 0.000402975
v -0.0083 -0.033559065 -0.000430182
v -0.0083 -0.033559065 0.000430182
v -0.0083 -0.033539608 -0.000456571
v -0.0083 -0.033539608 0.000456571
v -0.0083 -0.033519011 -0.000482091
v -0.0083 -0.033519011 0.000482091
v -0.0083 -0.033497315 -0.000506693
v -0.0083 -0.033497315 0.000506693
v -0.0083 -0.033474561 -0.00053033
v -0.0083 -0.033474561 0.00053033
v -0.0083 -0.03342605 -0.000574533
v -0.0083 -0.03342605 0.000574533
v -0.0083 -0.033373851 -0.000614364
v -0.0083 -0.033373851 0.000614364
v -0.0083 -0.033318359 -0.000649519
v -0.0083 -0.033318359 0.000649519
v -0.0083 -0.033259999 -0.000679731
v -0.0083 -0.033259999 0.000679731
v -0.0083 -0.033199213 -0.000704769
v -0.0083 -0.033199213 0.000704769
v -0.0083 -0.033136461 -0.000724444
v -0.0083 -0.033136461 0.000724444
v -0.0083 -0.033072226 -0.000738606
v -0.0083 -0.033072226 0.000738606
v -0.0083 -0.033006996 -0.000747146
v -0.0083 -0.033006996 0.000747146
v -0.0083 -0.032941263 -0.00075
v -0.0083 -0.032941263 0.00075
v -0.0083 -0.032878313 -0.008440637
v -0.0083 -0.032878313 0.008440637
v -0.0083 -0.03287553 -0.000747146
v -0.0083 -0.03287553 0.000747146
v -0.0083 -0.032810297 -0.000738606
v -0.0083 -0.032810297 0.000738606
v -0.0083 -0.032746062 -0.000724444
v -0.0083 -0.032746062 0.000724444
v -0.0083 -0.032683309 -0.000704769
v -0.0083 -0.032683309 0.000704769
v -0.0083 -0.032622524 -0.000679731
v -0.0083 -0.032622524 0.000679731
v -0.0083 -0.032564163 -0.000649519
v -0.0083 -0.032564163 0.000649519
v -0.0083 -0.032508671 -0.000614364
v -0.0083 -0.032508671 0.000614364
v -0.0083 -0.032456473 -0.000574533
v -0.0083 -0.032456473 0.000574533
v -0.0083 -0.032407962 -0.00053033
v -0.0083 -0.032407962 0.00053033
v -0.0083 -0.032385208 -0.000506693
v -0.0083 -0.032385208 0.000506693
v -0.0083 -0.032363512 -0.000482091
v -0.0083 -0.032363512 0.000482091
v -0.0083 -0.032342914 -0.000456571
v -0.0083 -0.032342914 0.000456571
v -0.0083 -0.032323457 -0.000430182
v -0.0083 -0.032323457 0.000430182
v -0.0083 -0.032305177 -0.000402975
v -0.0083 -0.032305177 0.000402975
v -0.0083 -0.032288108 -0.000375
v -0.0083 -0.032288108 0.000375
v -0.0083 -0.032272279 -0.000346311
v -0.0083 -0.032272279 0.000346311
v -0.0083 -0.032257725 -0.000316964
v -0.0083 -0.032257725 0.000316964
v -0.0083 -0.032244474 -0.000287013
v -0.0083 -0.032244474 0.000287013
v -0.0083 -0.032232545 -0.000256515
v -0.0083 -0.032232545 0.000256515
v -0.0083 -0.032221969 -0.000225529
v -0.0083 -0.032221969 0.000225529
v -0.0083 -0.03221276 -0.000194114
v -0.0083 -0.03221276 0.000194114
v -0.0083 -0.032204941 -0.00016233
v -0.0083 -0.032204941 0.00016233
v -0.0083 -0.032198522 -0.000130236
v -0.0083 -0.032198522 0.000130236
v -0.0083 -0.032193515 -9.7895e-05
v -0.0083 -0.032193515 9.7895e-05
v -0.0083 -0.032189932 -6.5367e-05
v -0.0083 -0.032189932 6.5367e-05
v -0.0083 -0.032187782 -3.2715e-05
v -0.0083 -0.032187782 3.2715e-05
v -0.0083 -0.032187063 0.0
v -0.0083 -0.029428231 -0.008947678
v -0.0083 -0.027936431 -0.009211643
v -0.0083 -0.027340813 0.009326709
v -0.0083 -0.024949955 -0.009857024
v -0.0083 -0.024949955 0.009857024
v -0.0083 -0.024533333 -0.009978866
v -0.0083 -0.024533333 0.009978866
v -0.0083 -0.024128327 -0.010135032
v -0.0083 -0.024128327 0.010135032
v -0.0083 -0.023737757 -0.010324433
v -0.0083 -0.023737757 0.010324433
v -0.0083 -0.023639478 0.0
v -0.0083 -0.023638761 -3.2715e-05
v -0.0083 -0.023638761 3.2715e-05
v -0.0083 -0.023636607 -6.5367e-05
v -0.0083 -0.023636607 6.5367e-05
v -0.0083 -0.023633026 -9.7895e-05
v -0.0083 -0.023633026 9.7895e-05
v -0.0083 -0.023628021 -0.000130236
v -0.0083 -0.023628021 0.000130236
v -0.0083 -0.0236216 -0.00016233
v -0.0083 -0.0236216 0.00016233
v -0.0083 -0.023613779 -0.000194114
v -0.0083 -0.023613779 0.000194114
v -0.0083 -0.023604572 -0.000225529
v -0.0083 -0.023604572 0.000225529
v -0.0083 -0.023593994 -0.000256515
v -0.0083 -0.023593994 0.000256515
v -0.0083 -0.023582067 -0.000287013
v -0.0083 -0.023582067 0.000287013
v -0.0083 -0.023568815 -0.000316964
v -0.0083 -0.023568815 0.000316964
v -0.0083 -0.023554262 -0.000346311
v -0.0083 -0.023554262 0.000346311
v -0.0083 -0.023538435 -0.000375
v -0.0083 -0.023538435 0.000375
v -0.0083 -0.023521364 -0.000402975
v -0.0083 -0.023521364 0.000402975
v -0.0083 -0.023503082 -0.000430182
v -0.0083 -0.023503082 0.000430182
v -0.0083 -0.023483625 -0.000456571
v -0.0083 -0.023483625 0.000456571
v -0.0083 -0.023463029 -0.000482091
v -0.0083 -0.023463029 0.000482091
v -0.0083 -0.023441333 -0.000506693
v -0.0083 -0.023441333 0.000506693
v -0.0083 -0.023418579 -0.00053033
v -0.0083 -0.023418579 0.00053033
v -0.0083 -0.023370069 -0.000574533
v -0.0083 -0.023370069 0.000574533
v -0.0083 -0.023364343 -0.010545747
v -0.0083 -0.023364343 0.010545747
v -0.0083 -0.02331787 -0.000614364
v -0.0083 -0.02331787 0.000614364
v -0.0083 -0.023262378 -0.000649519
v -0.0083 -0.023262378 0.000649519
v -0.0083 -0.023204017 -0.000679731
v -0.0083 -0.023204017 0.000679731
v -0.0083 -0.02314323 -0.000704769
v -0.0083 -0.02314323 0.000704769
v -0.0083 -0.023080481 -0.000724444
v -0.0083 -0.023080481 0.000724444
v -0.0083 -0.023016244 -0.000738606
v -0.0083 -0.023016244 0.000738606
v -0.0083 -0.023010688 -0.010797434
v -0.0083 -0.023010688 0.010797434
v -0.0083 -0.022951012 -0.000747146
v -0.0083 -0.022951012 0.000747146
v -0.0083 -0.02288528 -0.00075
v -0.0083 -0.02288528 0.00075
v -0.0083 -0.022819547 -0.000747146
v -0.0083 -0.022819547 0.000747146
v -0.0083 -0.022754313 -0.000738606
v -0.0083 -0.022754313 0.000738606
v -0.0083 -0.022690078 -0.000724444
v -0.0083 -0.022690078 0.000724444
v -0.0083 -0.022679256 -0.011077741
v -0.0083 -0.022679256 0.011077741
v -0.0083 -0.022627328 -0.000704769
v -0.0083 -0.022627328 0.000704769
v -0.0083 -0.022566542 -0.000679731
v -0.0083 -0.022566542 0.000679731
v -0.0083 -0.02250818 -0.000649519
v -0.0083 -0.02250818 0.000649519
v -0.0083 -0.02245269 -0.000614364
v -0.0083 -0.02245269 0.000614364
v -0.0083 -0.022400489 -0.000574533
v -0.0083 -0.022400489 0.000574533
v -0.0083 -0.022372358 -0.011384713
v -0.0083 -0.022372358 0.011384713
v -0.0083 -0.02235198 -0.00053033
v -0.0083 -0.02235198 0.00053033
v -0.0083 -0.022329226 -0.000506693
v -0.0083 -0.022329226 0.000506693
v -0.0083 -0.02230753 -0.000482091
v -0.0083 -0.02230753 0.000482091
v -0.0083 -0.022286933 -0.000456571
v -0.0083 -0.022286933 0.000456571
v -0.0083 -0.022267476 -0.000430182
v -0.0083 -0.022267476 0.000430182
v -0.0083 -0.022249194 -0.000402975
v -0.0083 -0.022249194 0.000402975
v -0.0083 -0.022232125 -0.000375
v -0.0083 -0.022232125 0.000375
v -0.0083 -0.022216298 -0.000346311
v -0.0083 -0.022216298 0.000346311
v -0.0083 -0.022201743 -0.000316964
v -0.0083 -0.022201743 0.000316964
v -0.0083 -0.02218849 -0.000287013
v -0.0083 -0.02218849 0.000287013
v -0.0083 -0.022176564 -0.000256515
v -0.0083 -0.022176564 0.000256515
v -0.0083 -0.022165988 -0.000225529
v -0.0083 -0.022165988 0.000225529
v -0.0083 -0.022156779 -0.000194114
v -0.0083 -0.022156779 0.000194114
v -0.0083 -0.022148957 -0.00016233
v -0.0083 -0.022148957 0.00016233
v -0.0083 -0.022142539 -0.000130236
v -0.0083 -0.022142539 0.000130236
v -0.0083 -0.022137534 -9.7895e-05
v -0.0083 -0.022137534 9.7895e-05
v -0.0083 -0.02213395 -6.5367e-05
v -0.0083 -0.02213395 6.5367e-05
v -0.0083 -0.022131799 -3.2715e-05
v -0.0083 -0.022131799 3.2715e-05
v -0.0083 -0.022131082 0.0
v -0.0083 -0.022092132 -0.011716211
v -0.0083 -0.022092132 0.011716211
v -0.0083 -0.022 -0.011838594
v -0.0083 -0.022 0.006294297
v -0.0083 -0.022 0.011838594
v -0.008299815 -0.024954585 -0.009875727
v -0.008299217 -0.035 -0.008246339
v -0.008298674 -0.027945958 0.009262232
v -0.008296797 -0.035 -0.00830704
v -0.008296797 -0.032888584 -0.008519945
v -0.008296797 -0.027951229 -0.009290224
v -0.008296194 -0.024970906 -0.009941624
v -0.008296194 -0.024970906 0.009941624
v -0.008296194 -0.024561269 -0.010061424
v -0.008296194 -0.024561269 0.010061424
v -0.008296194 -0.024163051 -0.010214972
v -0.008296194 -0.024163051 0.010214972
v -0.008296194 -0.023779025 -0.010401198
v -0.008296194 -0.023779025 0.010401198
v -0.008296194 -0.02341187 -0.010618804
v -0.008296194 -0.02341187 0.010618804
v -0.008296194 -0.023064142 -0.010866273
v -0.008296194 -0.023064142 0.010866273
v -0.008296194 -0.022738267 -0.011141881
v -0.008296194 -0.022738267 0.011141881
v -0.008296194 -0.022436513 -0.011443708
v -0.008296194 -0.022436513 0.011443708
v -0.008296194 -0.022160983 -0.011769651
v -0.008296194 -0.022160983 0.011769651
v -0.008296091 -0.022 -0.011990923
v -0.008296091 -0.022 0.011990923
v -0.008295404 -0.035 0.008310334
v -0.008295161 -0.035 -0.008321849
v -0.008293926 -0.035 0.008337252
v -0.008293926 -0.032892447 0.008549767
v -0.008293926 -0.027956795 0.009319779
v -0.008290078 -0.035 -0.008367862
v -0.008290078 -0.032896362 -0.008579981
v -0.008290078 -0.027962435 -0.00934972
v -0.008289614 -0.022 -0.012089283
v -0.008289614 -0.022 0.012089283
v -0.008287551 -0.035 -0.008382525
v -0.008287116 -0.035 0.008385096
v -0.008284937 -0.035 0.008400413
v -0.008284937 -0.032900523 0.00861211
v -0.008284937 -0.027968431 0.009381561
v -0.008284937 -0.024991522 0.010024867
v -0.008284808 -0.024991699 -0.010025579
v -0.008284808 -0.024991699 0.010025579
v -0.008284808 -0.024588991 -0.010143354
v -0.008284808 -0.024588991 0.010143354
v -0.008284808 -0.024197508 -0.010294304
v -0.008284808 -0.024197508 0.010294304
v -0.008284808 -0.023819979 -0.01047738
v -0.008284808 -0.023819979 0.01047738
v -0.008284808 -0.023459036 -0.010691304
v -0.008284808 -0.023459036 0.010691304
v -0.008284808 -0.02311719 -0.010934587
v -0.008284808 -0.02311719 0.010934587
v -0.008284808 -0.022796826 -0.011205533
v -0.008284808 -0.022796826 0.011205533
v -0.008284808 -0.022500178 -0.011502254
v -0.008284808 -0.022500178 0.011502254
v -0.008284808 -0.022229308 -0.011822682
v -0.008284808 -0.022229308 0.011822682
v -0.008284649 -0.022 -0.012144975
v -0.008284649 -0.022 0.012144975
v -0.008281843 -0.022 -0.012172661
v -0.008281843 -0.022 0.012172661
v -0.008279663 -0.035 -0.008428282
v -0.008279663 -0.032904085 -0.008639619
v -0.008279663 -0.027973564 -0.009408821
v -0.008279663 -0.02499819 -0.010051792
v -0.008276254 -0.035 -0.008442743
v -0.008275122 -0.035 0.008447719
v -0.008271995 -0.035 0.008462795
v -0.008271995 -0.032908499 0.008673685
v -0.008271995 -0.027979922 0.00944258
v -0.008265926 -0.025012173 -0.010108253
v -0.008265926 -0.025012173 0.010108253
v -0.008265926 -0.024616288 -0.010224031
v -0.008265926 -0.024616288 0.010224031
v -0.008265926 -0.024231439 -0.010372424
v -0.008265926 -0.024231439 0.010372424
v -0.008265926 -0.023860309 -0.010552397
v -0.008265926 -0.023860309 0.010552397
v -0.008265926 -0.023505481 -0.010762697
v -0.008265926 -0.023505481 0.010762697
v -0.008265926 -0.023169428 -0.011001857
v -0.008265926 -0.023169428 0.011001857
v -0.008265926 -0.022854494 -0.011268212
v -0.008265926 -0.022854494 0.011268212
v -0.008265926 -0.022562871 -0.011559905
v -0.008265926 -0.022562871 0.011559905
v -0.008265926 -0.022296593 -0.011874904
v -0.008265926 -0.022296593 0.011874904
v -0.008265926 -0.022057513 -0.012211014
v -0.008265926 -0.022057513 0.012211014
v -0.008265629 -0.022 -0.0123037
v -0.008265629 -0.022 0.0123037
v -0.008265566 -0.035 -0.008488069
v -0.008265566 -0.032911729 -0.008698632
v -0.008265566 -0.027984578 -0.009467304
v -0.008261289 -0.035 -0.008502274
v -0.008259233 -0.035 0.008509328
v -0.008255185 -0.035 0.008524091
v -0.008255185 -0.032916334 0.008734188
v -0.008255185 -0.027991215 0.009502539
v -0.008255185 -0.025021113 0.010144355
v -0.008253798 -0.022 -0.012381522
v -0.008253798 -0.022 0.012381522
v -0.00824782 -0.035 -0.008546993
v -0.00824782 -0.032919262 -0.008756794
v -0.00824782 -0.027995434 -0.009524942
v -0.00824782 -0.025026593 -0.010166482
v -0.008242691 -0.035 -0.00856089
v -0.008239693 -0.025032174 -0.010189014
v -0.008239693 -0.025032174 0.010189014
v -0.008239693 -0.024642956 -0.010302844
v -0.008239693 -0.024642956 0.010302844
v -0.008239693 -0.024264587 -0.010448737
v -0.008239693 -0.024264587 0.010448737
v -0.008239693 -0.023899706 -0.01062568
v -0.008239693 -0.023899706 0.01062568
v -0.008239693 -0.023550851 -0.010832438
v -0.008239693 -0.023550851 0.010832438
v -0.008239693 -0.023220459 -0.011067572
v -0.008239693 -0.023220459 0.011067572
v -0.008239693 -0.022910826 -0.011329441
v -0.008239693 -0.022910826 0.011329441
v -0.008239693 -0.022624115 -0.011616223
v -0.008239693 -0.022624115 0.011616223
v -0.008239693 -0.022362318 -0.011925918
v -0.008239693 -0.022362318 0.011925918
v -0.008239693 -0.022127265 -0.012256368
v -0.008239693 -0.022127265 0.012256368
v -0.008239539 -0.035 0.00856967
v -0.008239179 -0.022 -0.012466036
v -0.008239179 -0.022 0.012466036
v -0.008234598 -0.035 0.008584066
v -0.008234598 -0.032924004 0.008793388
v -0.008234598 -0.028002262 0.009561206
v -0.00822647 -0.035 -0.008604827
v -0.00822647 -0.032926656 -0.008813879
v -0.00822647 -0.028006086 -0.009581513
v -0.008220509 -0.035 -0.008618363
v -0.008216143 -0.035 0.008628514
v -0.008210341 -0.035 0.008642494
v -0.008210341 -0.032931473 0.008851059
v -0.008210341 -0.028013026 0.009618359
v -0.008210341 -0.025049444 0.010258747
v -0.008206308 -0.025051549 -0.010267248
v -0.008206308 -0.025051549 0.010267248
v -0.008206308 -0.024668789 -0.01037919
v -0.008206308 -0.024668789 0.01037919
v -0.008206308 -0.024296697 -0.010522663
v -0.008206308 -0.024296697 0.010522663
v -0.008206308 -0.02393787 -0.01069667
v -0.008206308 -0.02393787 0.01069667
v -0.008206308 -0.023594804 -0.010899998
v -0.008206308 -0.023594804 0.010899998
v -0.008206308 -0.023269892 -0.01113123
v -0.008206308 -0.023269892 0.01113123
v -0.008206308 -0.022965396 -0.011388755
v -0.008206308 -0.022965396 0.011388755
v -0.008206308 -0.022683442 -0.011670779
v -0.008206308 -0.022683442 0.011670779
v -0.008206308 -0.022425989 -0.011975336
v -0.008206308 -0.022425989 0.011975336
v -0.008206308 -0.022194834 -0.012300303
v -0.008206308 -0.022194834 0.012300303
v -0.008205469 -0.022 -0.012631602
v -0.008205469 -0.022 0.012631602
v -0.008202076 -0.022 -0.012646693
v -0.008202076 -0.022 0.012646693
v -0.008201577 -0.035 -0.008661342
v -0.008201577 -0.032933883 -0.008869664
v -0.008201577 -0.028016498 -0.009636796
v -0.008201577 -0.025053954 -0.010276957
v -0.008194806 -0.035 -0.008674468
v -0.008189162 -0.035 0.008685641
v -0.008182531 -0.035 0.008699153
v -0.008182531 -0.032938719 0.008906986
v -0.008182531 -0.028023463 0.009673782
v -0.008173213 -0.035 -0.008716318
v -0.008173213 -0.032940913 -0.008923928
v -0.008173213 -0.028026626 -0.009690572
v -0.008173067 -0.022 -0.012767549
v -0.008173067 -0.022 0.012767549
v -0.008166025 -0.025070151 -0.010342361
v -0.008166025 -0.025070151 0.010342361
v -0.008166025 -0.02469359 -0.010452488
v -0.008166025 -0.02469359 0.010452488
v -0.008166025 -0.024327526 -0.010593639
v -0.008166025 -0.024327526 0.010593639
v -0.008166025 -0.02397451 -0.010764827
v -0.008166025 -0.02397451 0.010764827
v -0.008166025 -0.023637 -0.010964861
v -0.008166025 -0.023637 0.010964861
v -0.008166025 -0.023317352 -0.011192349
v -0.008166025 -0.023317352 0.011192349
v -0.008166025 -0.023017788 -0.011445702
v -0.008166025 -0.023017788 0.011445702
v -0.008166025 -0.022740401 -0.011723158
v -0.008166025 -0.022740401 0.011723158
v -0.008166025 -0.022487119 -0.012022781
v -0.008166025 -0.022487119 0.012022781
v -0.008166025 -0.022259708 -0.012342486
v -0.008166025 -0.022259708 0.012342486
v -0.008166025 -0.022059755 -0.012680043
v -0.008166025 -0.022059755 0.012680043
v -0.008165802 -0.022 -0.012795895
v -0.008165802 -0.022 0.012795895
v -0.008165659 -0.035 -0.008728984
v -0.008158724 -0.035 0.008740834
v -0.0081513 -0.035 0.008753835
v -0.0081513 -0.032945707 0.00896096
v -0.0081513 -0.028033536 0.009727269
v -0.0081513 -0.025076084 0.010366317
v -0.008141469 -0.035 -0.008769534
v -0.008141469 -0.032947715 -0.008976456
v -0.008141469 -0.028036429 -0.009742626
v -0.008133159 -0.035 -0.008781694
v -0.00812497 -0.035 0.008793891
v -0.008119152 -0.025087839 -0.01041378
v -0.008119152 -0.025087839 0.01041378
v -0.008119152 -0.024717173 -0.010522183
v -0.008119152 -0.024717173 0.010522183
v -0.008119152 -0.024356838 -0.010661123
v -0.008119152 -0.024356838 0.010661123
v -0.008119152 -0.024009349 -0.010829632
v -0.008119152 -0.024009349 0.010829632
v -0.008119152 -0.023677124 -0.011026535
v -0.008119152 -0.023677124 0.011026535
v -0.008119152 -0.023362478 -0.011250461
v -0.008119152 -0.023362478 0.011250461
v -0.008119152 -0.023067605 -0.011499849
v -0.008119152 -0.023067605 0.011499849
v -0.008119152 -0.02279456 -0.01177296
v -0.008119152 -0.02279456 0.01177296
v -0.008119152 -0.022545243 -0.012067894
v -0.008119152 -0.022545243 0.012067894
v -0.008119152 -0.022321392 -0.012382593
v -0.008119152 -0.022321392 0.012382593
v -0.008119152 -0.02212457 -0.012714866
v -0.008119152 -0.02212457 0.012714866
v -0.008118323 -0.022 -0.012967308
v -0.008118323 -0.022 0.012967308
v -0.008116791 -0.035 0.008806336
v -0.008116791 -0.03295242 0.009012782
v -0.008116791 -0.028043209 0.009778625
v -0.008106447 -0.035 -0.008820776
v -0.008106447 -0.032954268 -0.009027035
v -0.008106447 -0.028045869 -0.009792751
v -0.008106447 -0.025092101 -0.010430991
v -0.008097412 -0.035 -0.008832385
v -0.00808805 -0.035 0.008844618
v -0.008083602 -0.022 -0.013081124
v -0.008083602 -0.022 0.013081124
v -0.008079156 -0.035 0.008856467
v -0.008079156 -0.032958832 0.009062264
v -0.008079156 -0.028052444 0.009827662
v -0.008079156 -0.025100639 0.010465472
v -0.00807246 -0.022 -0.013116061
v -0.00807246 -0.022 0.013116061
v -0.008068261 -0.035 -0.008869836
v -0.008068261 -0.032960538 -0.009075461
v -0.008068261 -0.028054906 -0.00984074
v -0.008066044 -0.025104476 -0.010480962
v -0.008066044 -0.025104476 0.010480962
v -0.008066044 -0.024739355 -0.010587743
v -0.008066044 -0.024739355 0.010587743
v -0.008066044 -0.024384413 -0.010724605
v -0.008066044 -0.024384413 0.010724605
v -0.008066044 -0.024042122 -0.010890593
v -0.008066044 -0.024042122 0.010890593
v -0.008066044 -0.023714866 -0.01108455
v -0.008066044 -0.023714866 0.01108455
v -0.008066044 -0.023404928 -0.011305126
v -0.008066044 -0.023404928 0.011305126
v -0.008066044 -0.023114465 -0.011550783
v -0.008066044 -0.023114465 0.011550783
v -0.008066044 -0.022845505 -0.011819809
v -0.008066044 -0.022845505 0.011819809
v -0.008066044 -0.022599917 -0.01211033
v -0.008066044 -0.022599917 0.01211033
v -0.008066044 -0.022379417 -0.012420322
v -0.008066044 -0.022379417 0.012420322
v -0.008066044 -0.022185538 -0.012747623
v -0.008066044 -0.022185538 0.012747623
v -0.008066044 -0.022019632 -0.013089955
v -0.008066044 -0.022019632 0.013089955
v -0.008065745 -0.022 -0.013136786
v -0.008065745 -0.022 0.013136786
v -0.008058536 -0.035 -0.00888085
v -0.008048129 -0.035 0.008892831
v -0.008038562 -0.035 0.008904045
v -0.008038562 -0.032964915 0.009109227
v -0.008038562 -0.028061207 0.009874203
v -0.00802704 -0.035 -0.008916513
v -0.00802704 -0.032966506 -0.009121533
v -0.00802704 -0.028063504 -0.009886398
v -0.008016675 -0.035 -0.008926877
v -0.008007106 -0.025119938 -0.010543395
v -0.008007106 -0.025119938 0.010543395
v -0.008007106 -0.024759971 -0.01064867
v -0.008007106 -0.024759971 0.01064867
v -0.008007106 -0.024410037 -0.0107836
v -0.008007106 -0.024410037 0.0107836
v -0.008007106 -0.024072576 -0.010947244
v -0.008007106 -0.024072576 0.010947244
v -0.008007106 -0.02374994 -0.011138464
v -0.008007106 -0.02374994 0.011138464
v -0.008007106 -0.023444377 -0.011355927
v -0.008007106 -0.023444377 0.011355927
v -0.008007106 -0.023158014 -0.011598117
v -0.008007106 -0.023158014 0.011598117
v -0.008007106 -0.02289285 -0.011863346
v -0.008007106 -0.02289285 0.011863346
v -0.008007106 -0.022650728 -0.012149767
v -0.008007106 -0.022650728 0.012149767
v -0.008007106 -0.022433339 -0.012455383
v -0.008007106 -0.022433339 0.012455383
v -0.008007106 -0.022242196 -0.012778065
v -0.008007106 -0.022242196 0.012778065
v -0.008007106 -0.022078633 -0.013115565
v -0.008007106 -0.022078633 0.013115565
v -0.008005439 -0.035 0.008938299
v -0.008004955 -0.022 -0.013314941
v -0.008004955 -0.022 0.013314941
v -0.00799526 -0.035 0.008948827
v -0.00799526 -0.032970637 0.00915343
v -0.00799526 -0.028069457 0.009918008
v -0.00799526 -0.025122739 0.010554705
v -0.007982992 -0.035 -0.008960551
v -0.007982992 -0.032972138 -0.009165002
v -0.007982992 -0.028071618 -0.009929475
v -0.007982992 -0.025125545 -0.010566031
v -0.007971996 -0.035 -0.008970255
v -0.007960064 -0.035 0.008980967
v -0.007949282 -0.035 0.008990813
v -0.007949282 -0.032976005 0.009194873
v -0.007949282 -0.028077193 0.009959077
v -0.007942982 -0.022 -0.013482774
v -0.007942982 -0.022 0.013482774
v -0.007942787 -0.025134107 -0.010600604
v -0.007942787 -0.025134107 0.010600604
v -0.007942787 -0.024778862 -0.010704498
v -0.007942787 -0.024778862 0.010704498
v -0.007942787 -0.024433518 -0.010837657
v -0.007942787 -0.024433518 0.010837657
v -0.007942787 -0.024100484 -0.010999156
v -0.007942787 -0.024100484 0.010999156
v -0.007942787 -0.02378208 -0.011187867
v -0.007942787 -0.02378208 0.011187867
v -0.007942787 -0.023480525 -0.011402478
v -0.007942787 -0.023480525 0.011402478
v -0.007942787 -0.023197919 -0.01164149
v -0.007942787 -0.023197919 0.01164149
v -0.007942787 -0.022936232 -0.01190324
v -0.007942787 -0.022936232 0.01190324
v -0.007942787 -0.022697287 -0.012185903
v -0.007942787 -0.022697287 0.012185903
v -0.007942787 -0.022482749 -0.012487511
v -0.007942787 -0.022482749 0.012487511
v -0.007942787 -0.022294115 -0.01280596
v -0.007942787 -0.022294115 0.01280596
v -0.007942787 -0.022132697 -0.013139033
v -0.007942787 -0.022132697 0.013139033
v -0.007940341 -0.022 -0.013489681
v -0.007940341 -0.022 0.013489681
v -0.007936144 -0.035 -0.009001889
v -0.007936144 -0.032977421 -0.009205805
v -0.007936144 -0.028079232 -0.009969912
v -0.007924571 -0.035 -0.009010881
v -0.007912215 -0.035 0.00902066
v -0.007900895 -0.035 0.009029778
v -0.007900895 -0.03298099 0.009233333
v -0.007900895 -0.028084369 0.009997192
v -0.007900895 -0.025142107 0.010632913
v -0.007886724 -0.035 -0.009040285
v -0.007886724 -0.032982331 -0.009243705
v -0.007886724 -0.028086305 -0.01000747
v -0.007886724 -0.025144622 -0.010643065
v -0.007874616 -0.035 -0.009048532
v -0.007873576 -0.025146874 -0.010652155
v -0.007873576 -0.025146874 0.010652155
v -0.007873576 -0.024795882 -0.010754803
v -0.007873576 -0.024795882 0.010754803
v -0.007873576 -0.024454676 -0.010886368
v -0.007873576 -0.024454676 0.010886368
v -0.007873576 -0.024125632 -0.011045933
v -0.007873576 -0.024125632 0.011045933
v -0.007873576 -0.02381104 -0.011232384
v -0.007873576 -0.02381104 0.011232384
v -0.007873576 -0.023513097 -0.011444423
v -0.007873576 -0.023513097 0.011444423
v -0.007873576 -0.023233876 -0.011680573
v -0.007873576 -0.023233876 0.011680573
v -0.007873576 -0.022975324 -0.011939188
v -0.007873576 -0.022975324 0.011939188
v -0.007873576 -0.022739241 -0.012218466
v -0.007873576 -0.022739241 0.012218466
v -0.007873576 -0.022527274 -0.01251646
v -0.007873576 -0.022527274 0.01251646
v -0.007873576 -0.022340897 -0.012831096
v -0.007873576 -0.022340897 0.012831096
v -0.007873576 -0.022181412 -0.013160179
v -0.007873576 -0.022181412 0.013160179
v -0.007873576 -0.02204993 -0.013501417
v -0.007873576 -0.02204993 0.013501417
v -0.007872596 -0.022 -0.013661224
v -0.007872596 -0.022 0.013661224
v -0.007862108 -0.035 0.009057225
v -0.007850295 -0.035 0.009065587
v -0.007850295 -0.032985568 0.00926868
v -0.007850295 -0.028090967 0.01003222
v -0.007847489 -0.022 -0.013722421
v -0.007847489 -0.022 0.013722421
v -0.007834908 -0.035 -0.009075573
v -0.007834908 -0.032986842 -0.009278537
v -0.007834908 -0.028092807 -0.010041988
v -0.00782231 -0.035 -0.009083042
v -0.007809949 -0.035 0.009090541
v -0.0078 -0.025158141 -0.010697654
v -0.0078 -0.025158141 0.010697654
v -0.0078 -0.024810906 -0.010799204
v -0.0078 -0.024810906 0.010799204
v -0.0078 -0.02447335 -0.010929361
v -0.0078 -0.02447335 0.010929361
v -0.0078 -0.024147825 -0.011087218
v -0.0078 -0.024147825 0.011087218
v -0.0078 -0.023836602 -0.011271674
v -0.0078 -0.023836602 0.011271674
v -0.0078 -0.023541845 -0.011481445
v -0.0078 -0.023541845 0.011481445
v -0.0078 -0.023265613 -0.011715068
v -0.0078 -0.023265613 0.011715068
v -0.0078 -0.023009825 -0.011970916
v -0.0078 -0.023009825 0.011970916
v -0.0078 -0.02277627 -0.012247206
v -0.0078 -0.02277627 0.012247206
v -0.0078 -0.02256657 -0.012542012
v -0.0078 -0.02256657 0.012542012
v -0.0078 -0.022382189 -0.012853281
v -0.0078 -0.022382189 0.012853281
v -0.0078 -0.02222441 -0.013178843
v -0.0078 -0.02222441 0.013178843
v -0.0078 -0.022094334 -0.01351643
v -0.0078 -0.022094334 0.01351643
v -0.007798004 -0.022 -0.013839936
v -0.007798004 -0.022 0.013839936
v -0.007797691 -0.035 0.009098124
v -0.007797691 -0.032989725 0.009300795
v -0.007797691 -0.028096961 0.010064047
v -0.00778769 -0.022 -0.013863968
v -0.00778769 -0.022 0.013863968
v -0.007780885 -0.035 -0.009107597
v -0.007780885 -0.032990936 -0.009310146
v -0.007780885 -0.028098706 -0.010073313
v -0.007780885 -0.025160728 -0.010708096
v -0.007767843 -0.035 -0.009114258
v -0.007755947 -0.035 0.009120498
v -0.007743293 -0.035 0.009127282
v -0.007743293 -0.032993454 0.009329577
v -0.007743293 -0.028102333 0.010092569
v -0.007743293 -0.025165437 0.010727114
v -0.007724854 -0.035 -0.009136209
v -0.007724854 -0.032994594 -0.009338388
v -0.007724854 -0.028103976 -0.010101302
v -0.007722618 -0.025167825 -0.010736754
v -0.007722618 -0.025167825 0.010736754
v -0.007722618 -0.024823816 -0.010837361
v -0.007722618 -0.024823816 0.010837361
v -0.007722618 -0.024489399 -0.010966308
v -0.007722618 -0.024489399 0.010966308
v -0.007722618 -0.024166901 -0.011122699
v -0.007722618 -0.024166901 0.011122699
v -0.007722618 -0.023858568 -0.01130544
v -0.007722618 -0.023858568 0.01130544
v -0.007722618 -0.023566552 -0.011513261
v -0.007722618 -0.023566552 0.011513261
v -0.007722618 -0.023292886 -0.011744713
v -0.007722618 -0.023292886 0.011744713
v -0.007722618 -0.023039477 -0.011998183
v -0.007722618 -0.023039477 0.011998183
v -0.007722618 -0.022808092 -0.012271904
v -0.007722618 -0.022808092 0.012271904
v -0.007722618 -0.022600342 -0.012563971
v -0.007722618 -0.022600342 0.012563971
v -0.007722618 -0.022417674 -0.012872347
v -0.007722618 -0.022417674 0.012872347
v -0.007722618 -0.022261361 -0.013194882
v -0.007722618 -0.022261361 0.013194882
v -0.007722618 -0.022132494 -0.013529331
v -0.007722618 -0.022132494 0.013529331
v -0.007722618 -0.02203197 -0.013873364
v -0.007722618 -0.02203197 0.013873364
v -0.007718518 -0.022 -0.014021658
v -0.007718518 -0.022 0.014021658
v -0.007711414 -0.035 -0.009142035
v -0.007700322 -0.035 0.009147003
v -0.007687321 -0.035 0.009152971
v -0.007687321 -0.03299674 0.009354933
v -0.007687321 -0.028107064 0.010117697
v -0.007667022 -0.035 -0.009161277
v -0.007667022 -0.032997802 -0.009363132
v -0.007667022 -0.028108595 -0.010125822
v -0.007653234 -0.035 -0.009166244
v -0.007643292 -0.035 0.009169976
v -0.00764202 -0.025175851 -0.01076916
v -0.00764202 -0.025175851 0.01076916
v -0.00764202 -0.024834517 -0.010868985
v -0.00764202 -0.024834517 0.010868985
v -0.00764202 -0.024502698 -0.01099693
v -0.00764202 -0.024502698 0.01099693
v -0.00764202 -0.024182709 -0.011152104
v -0.00764202 -0.024182709 0.011152104
v -0.00764202 -0.023876773 -0.011333425
v -0.00764202 -0.023876773 0.011333425
v -0.00764202 -0.023587028 -0.01153963
v -0.00764202 -0.023587028 0.01153963
v -0.00764202 -0.023315489 -0.011769282
v -0.00764202 -0.023315489 0.011769282
v -0.00764202 -0.023064051 -0.012020781
v -0.00764202 -0.023064051 0.012020781
v -0.00764202 -0.022834465 -0.012292374
v -0.00764202 -0.022834465 0.012292374
v -0.00764202 -0.02262833 -0.01258217
v -0.00764202 -0.02262833 0.01258217
v -0.00764202 -0.022447081 -0.012888147
v -0.00764202 -0.022447081 0.012888147
v -0.00764202 -0.022291984 -0.013208176
v -0.00764202 -0.022291984 0.013208176
v -0.00764202 -0.022164119 -0.013540025
v -0.00764202 -0.022164119 0.013540025
v -0.00764202 -0.022064378 -0.013881382
v -0.00764202 -0.022064378 0.013881382
v -0.007637033 -0.022 -0.014201056
v -0.007637033 -0.022 0.014201056
v -0.007629994 -0.035 0.009175113
v -0.007629994 -0.032999571 0.009376789
v -0.007629994 -0.028111143 0.010139355
v -0.007629994 -0.025176881 0.010773324
v -0.007624457 -0.022 -0.014228251
v -0.007624457 -0.022 0.014228251
v -0.007607606 -0.035 -0.009182679
v -0.007607606 -0.033000536 -0.009384257
v -0.007607606 -0.028112536 -0.010146757
v -0.007607606 -0.025178691 -0.010780634
v -0.00759352 -0.035 -0.009186765
v -0.007585082 -0.035 0.00918935
v -0.007571538 -0.035 0.009193644
v -0.007571538 -0.033001941 0.009395081
v -0.007571538 -0.028114557 0.010157483
v -0.007558819 -0.025182156 -0.010794624
v -0.007558819 -0.025182156 0.010794624
v -0.007558819 -0.024842925 -0.010893834
v -0.007558819 -0.024842925 0.010893834
v -0.007558819 -0.02451315 -0.011020991
v -0.007558819 -0.02451315 0.011020991
v -0.007558819 -0.024195129 -0.01117521
v -0.007558819 -0.024195129 0.01117521
v -0.007558819 -0.02389108 -0.011355414
v -0.007558819 -0.02389108 0.011355414
v -0.007558819 -0.023603117 -0.01156035
v -0.007558819 -0.023603117 0.01156035
v -0.007558819 -0.023333251 -0.011788587
v -0.007558819 -0.023333251 0.011788587
v -0.007558819 -0.023083361 -0.012038537
v -0.007558819 -0.023083361 0.012038537
v -0.007558819 -0.022855189 -0.012308459
v -0.007558819 -0.022855189 0.012308459
v -0.007558819 -0.022650322 -0.012596469
v -0.007558819 -0.022650322 0.012596469
v -0.007558819 -0.022470191 -0.012900563
v -0.007558819 -0.022470191 0.012900563
v -0.007558819 -0.02231605 -0.013218621
v -0.007558819 -0.02231605 0.013218621
v -0.007558819 -0.022188971 -0.013548426
v -0.007558819 -0.022188971 0.013548426
v -0.007558819 -0.022089843 -0.013887681
v -0.007558819 -0.022089843 0.013887681
v -0.007558819 -0.022019355 -0.014234022
v -0.007558819 -0.022019355 0.014234022
v -0.007554044 -0.022 -0.014378554
v -0.007554044 -0.022 0.014378554
v -0.007546832 -0.035 -0.009200306
v -0.007546832 -0.03300279 -0.009401656
v -0.007546832 -0.028115785 -0.010163999
v -0.0075325 -0.035 -0.009203492
v -0.00752592 -0.035 0.009205074
v -0.007512179 -0.035 0.009208517
v -0.007512179 -0.033003841 0.009409761
v -0.007512179 -0.028117297 0.010172031
v -0.007512179 -0.025184873 0.010805598
v -0.007484932 -0.035 -0.009214063
v -0.007484932 -0.033004548 -0.009415235
v -0.007484932 -0.028118318 -0.010177457
v -0.007484932 -0.025186202 -0.010810956
v -0.007473648 -0.025186695 -0.010812952
v -0.007473648 -0.025186695 0.010812952
v -0.007473648 -0.024848977 -0.01091172
v -0.007473648 -0.024848977 0.01091172
v -0.007473648 -0.024520673 -0.01103831
v -0.007473648 -0.024520673 0.01103831
v -0.007473648 -0.02420407 -0.01119184
v -0.007473648 -0.02420407 0.01119184
v -0.007473648 -0.023901377 -0.011371241
v -0.007473648 -0.023901377 0.011371241
v -0.007473648 -0.023614699 -0.011575263
v -0.007473648 -0.023614699 0.011575263
v -0.007473648 -0.023346037 -0.011802483
v -0.007473648 -0.023346037 0.011802483
v -0.007473648 -0.02309726 -0.012051319
v -0.007473648 -0.02309726 0.012051319
v -0.007473648 -0.022870105 -0.012320036
v -0.007473648 -0.022870105 0.012320036
v -0.007473648 -0.022666153 -0.012606762
v -0.007473648 -0.022666153 0.012606762
v -0.007473648 -0.022486825 -0.0129095
v -0.007473648 -0.022486825 0.0129095
v -0.007473648 -0.022333371 -0.013226139
v -0.007473648 -0.022333371 0.013226139
v -0.007473648 -0.022206858 -0.013554474
v -0.007473648 -0.022206858 0.013554474
v -0.007473648 -0.022108173 -0.013892216
v -0.007473648 -0.022108173 0.013892216
v -0.007473648 -0.022037998 -0.014237012
v -0.007473648 -0.022037998 0.014237012
v -0.007470405 -0.035 -0.009216332
v -0.007469981 -0.022 -0.014554603
v -0.007469981 -0.022 0.014554603
v -0.007466033 -0.035 0.00921711
v -0.007455296 -0.022 -0.014585075
v -0.007455296 -0.022 0.014585075
v -0.007452146 -0.035 0.009219696
v -0.007452146 -0.033005271 0.009420795
v -0.007452146 -0.028119355 0.010182966
v -0.007422145 -0.035 -0.00922387
v -0.007422145 -0.033005804 -0.009424916
v -0.007422145 -0.028120125 -0.010187049
v -0.007407481 -0.035 -0.009225209
v -0.007405652 -0.035 0.009225436
v -0.007391667 -0.035 0.009227163
v -0.007391667 -0.033006225 0.009428166
v -0.007391667 -0.028120732 0.010190271
v -0.007387156 -0.025189433 -0.010824005
v -0.007387156 -0.025189433 0.010824005
v -0.007387156 -0.024852626 -0.010922506
v -0.007387156 -0.024852626 0.010922506
v -0.007387156 -0.02452521 -0.011048755
v -0.007387156 -0.02452521 0.011048755
v -0.007387156 -0.024209462 -0.01120187
v -0.007387156 -0.024209462 0.01120187
v -0.007387156 -0.023907585 -0.011380786
v -0.007387156 -0.023907585 0.011380786
v -0.007387156 -0.023621682 -0.011584257
v -0.007387156 -0.023621682 0.011584257
v -0.007387156 -0.023353746 -0.011810862
v -0.007387156 -0.023353746 0.011810862
v -0.007387156 -0.023105642 -0.012059026
v -0.007387156 -0.023105642 0.012059026
v -0.007387156 -0.022879099 -0.012327018
v -0.007387156 -0.022879099 0.012327018
v -0.007387156 -0.022675699 -0.01261297
v -0.007387156 -0.022675699 0.01261297
v -0.007387156 -0.022496855 -0.012914889
v -0.007387156 -0.022496855 0.012914889
v -0.007387156 -0.022343814 -0.013230674
v -0.007387156 -0.022343814 0.013230674
v -0.007387156 -0.022217646 -0.013558121
v -0.007387156 -0.022217646 0.013558121
v -0.007387156 -0.022119226 -0.013894951
v -0.007387156 -0.022119226 0.013894951
v -0.007387156 -0.022049241 -0.014238816
v -0.007387156 -0.022049241 0.014238816
v -0.007387156 -0.022008181 -0.014587319
v -0.007387156 -0.022008181 0.014587319
v -0.007385228 -0.022 -0.014729675
v -0.007385228 -0.022 0.014729675
v -0.007358787 -0.025189932 -0.010826021
v -0.007358697 -0.035 -0.009229661
v -0.007358687 -0.033006541 -0.009430632
v -0.007358676 -0.028121192 -0.010192716
v -0.007344972 -0.035 0.009230046
v -0.007336967 -0.035 -0.009212742
v -0.007330973 -0.025190232 0.010827233
v -0.007330949 -0.035 0.009230912
v -0.007330931 -0.033006702 0.009431867
v -0.007330927 -0.028121416 0.010193939
v -0.007321784 -0.035 0.009221321
v -0.007305684 -0.022 -0.014892887
v -0.007305684 -0.022 0.014892887
v -0.0073 -0.035 -0.009213868
v -0.0073 -0.035 0.009221698
v -0.0073 -0.033006772 -0.009432394
v -0.0073 -0.033006772 0.009432394
v -0.0073 -0.031888716 0.009583032
v -0.0073 -0.029715693 -0.009913656
v -0.0073 -0.028121615 -0.01019492
v -0.0073 -0.0281216 0.010194923
v -0.0073 -0.026688123 0.01048286
v -0.0073 -0.025190348 -0.010827699
v -0.0073 -0.025190348 0.010827699
v -0.0073 -0.024853846 -0.010926111
v -0.0073 -0.024853846 0.010926111
v -0.0073 -0.024766807 -0.010956631
v -0.0073 -0.024766807 0.010956631
v -0.0073 -0.024526726 -0.011052244
v -0.0073 -0.024526726 0.011052244
v -0.0073 -0.024433265 -0.011094202
v -0.0073 -0.024433265 0.011094202
v -0.0073 -0.024211265 -0.011205222
v -0.0073 -0.024211265 0.011205222
v -0.0073 -0.024112761 -0.011259892
v -0.0073 -0.024112761 0.011259892
v -0.0073 -0.02390966 -0.011383976
v -0.0073 -0.02390966 0.011383976
v -0.0073 -0.02380766 -0.011452478
v -0.0073 -0.02380766 0.011452478
v -0.0073 -0.023624016 -0.011587262
v -0.0073 -0.023624016 0.011587262
v -0.0073 -0.023520213 -0.011670539
v -0.0073 -0.023520213 0.011670539
v -0.0073 -0.023356322 -0.011813663
v -0.0073 -0.023356322 0.011813663
v -0.0073 -0.023252541 -0.011912465
v -0.0073 -0.023252541 0.011912465
v -0.0073 -0.023108443 -0.012061602
v -0.0073 -0.023108443 0.012061602
v -0.0073 -0.023006622 -0.012176472
v -0.0073 -0.023006622 0.012176472
v -0.0073 -0.022882106 -0.012329351
v -0.0073 -0.022882106 0.012329351
v -0.0073 -0.022784268 -0.012460611
v -0.0073 -0.022784268 0.012460611
v -0.0073 -0.022678889 -0.012615044
v -0.0073 -0.022678889 0.012615044
v -0.0073 -0.022587121 -0.012762785
v -0.0073 -0.022587121 0.012762785
v -0.0073 -0.022500208 -0.012916691
v -0.0073 -0.022500208 0.012916691
v -0.0073 -0.022416634 -0.013080764
v -0.0073 -0.022416634 0.013080764
v -0.0073 -0.022347305 -0.013232188
v -0.0073 -0.022347305 0.013232188
v -0.0073 -0.022274068 -0.013412202
v -0.0073 -0.022274068 0.013412202
v -0.0073 -0.02222125 -0.01355934
v -0.0073 -0.02222125 0.01355934
v -0.0073 -0.022160474 -0.013754653
v -0.0073 -0.022160474 0.013754653
v -0.0073 -0.02212292 -0.013895865
v -0.0073 -0.02212292 0.013895865
v -0.0073 -0.022076691 -0.014105589
v -0.0073 -0.022076691 0.014105589
v -0.0073 -0.022053 -0.014239418
v -0.0073 -0.022053 0.014239418
v -0.0073 -0.022023335 -0.014462422
v -0.0073 -0.022023335 0.014462422
v -0.0073 -0.022011975 -0.014587606
v -0.0073 -0.022011975 0.014587606
v -0.0073 -0.022 -0.014904536
v -0.0073 -0.022 0.014904536
v -0.00483052 -0.035 0.009216157
v -0.00436923 -0.035 0.009212936
v -0.00416219 -0.035 -0.009211883
v -0.004143806 -0.035 -0.00921182
v -0.003530616 -0.035 0.009226984
v -0.003480618 -0.035 0.009226548
v -0.003433288 -0.035 0.009226172
v -0.003431012 -0.035 0.009226155
v -0.003386541 -0.035 0.009225838
v -0.003382034 -0.035 0.009225808
v -0.003340806 -0.035 0.009225549
v -0.003334264 -0.035 0.00922551
v -0.003296577 -0.035 0.009225305
v -0.003288201 -0.035 0.009225263
v -0.003254433 -0.035 0.009225111
v -0.002233274 -0.035 -0.009254738
v -0.00220778 -0.035 -0.009254569
v -0.002185793 -0.035 -0.009254442
v -0.002165978 -0.035 -0.009254344
v -0.002159001 -0.035 -0.009254313
v 0.000558722 -0.015 0.021908854
v 0.000901039 -0.02883137 -0.010065103
v 0.000901039 -0.02883137 0.010065103
v 0.001448235 -0.029367223 -0.009972042
v 0.001448235 -0.029367223 0.009972042
v 0.001448235 -0.028295515 -0.010162389
v 0.001448235 -0.028295515 0.010162389
v 0.001494068 -0.029408554 0.009965031
v 0.001494126 -0.028254138 -0.010170085
v 0.001496708 -0.028252006 -0.010170483
v 0.001496709 -0.029410733 0.009964663
v 0.001496786 -0.029410796 -0.009964651
v 0.00149686 -0.028251881 0.010170506
v 0.00154313 -0.029445965 0.009958706
v 0.001543157 -0.028216755 -0.010177062
v 0.001546274 -0.029448152 -0.009958337
v 0.001546421 -0.028214486 0.010177487
v 0.001548774 -0.028212866 -0.010177789
v 0.001548775 -0.029449875 0.009958046
v 0.001548776 -0.029449875 -0.009958046
v 0.001548776 -0.028212864 0.010177789
v 0.001594874 -0.028183654 -0.010183259
v 0.001594914 -0.029479107 0.009953118
v 0.001598644 -0.029481269 -0.009952754
v 0.001598832 -0.028181361 0.010183689
v 0.00160404 -0.02817839 -0.010184246
v 0.001604041 -0.029484348 0.009952235
v 0.001604042 -0.02948435 -0.009952235
v 0.001604042 -0.02817839 0.010184246
v 0.001649133 -0.028154893 -0.010188657
v 0.001649252 -0.029507903 0.009948275
v 0.001653545 -0.029509941 -0.009947932
v 0.001653725 -0.028152714 0.010189067
v 0.00166209 -0.028148841 -0.010189795
v 0.001662091 -0.029513899 0.009947267
v 0.001662091 -0.028148839 0.010189795
v 0.001662092 -0.029513899 -0.009947267
v 0.001705465 -0.028130703 -0.010193208
v 0.001705763 -0.029532149 0.009944205
v 0.001710385 -0.029533895 -0.009943913
v 0.001710484 -0.028128807 0.010193565
v 0.001722485 -0.028124439 -0.010194387
v 0.001722486 -0.0295383 0.009943174
v 0.001722486 -0.028124439 0.010194387
v 0.001722487 -0.0295383 -0.009943174
v 0.001763388 -0.028111251 -0.010196874
v 0.001763905 -0.029551638 0.00994094
v 0.001768846 -0.029553054 -0.009940703
v 0.001768869 -0.028109679 0.01019717
v 0.001784771 -0.028105369 -0.010197983
v 0.001784771 -0.028105369 0.010197983
v 0.001784772 -0.02955737 -0.009939981
v 0.001784772 -0.02955737 0.009939981
v 0.001822678 -0.028096585 -0.010199642
v 0.001823388 -0.029566299 0.009938488
v 0.001828601 -0.028095398 0.010199866
v 0.001828696 -0.029567359 -0.00993831
v 0.001848207 -0.028091822 0.010200541
v 0.001848476 -0.028091777 -0.010200551
v 0.001848477 -0.029570963 0.009937707
v 0.00184848 -0.029570963 -0.009937707
v 0.001848901 -0.029571034 -0.009937696
v 0.001882984 -0.028086789 -0.010201493
v 0.001883938 -0.029576065 0.009936855
v 0.001908669 -0.028084133 0.010201995
v 0.001909645 -0.029578691 -0.009936417
v 0.001913122 -0.029578978 0.009936369
v 0.001913122 -0.028083764 -0.010202065
v 0.001913123 -0.029578976 -0.009936368
v 0.001913123 -0.028083762 0.010202065
v 0.0019433 -0.035 -0.009254317
v 0.001943925 -0.028081935 -0.010202411
v 0.001945122 -0.029580854 0.009936055
v 0.001954752 -0.018887039 -0.020217836
v 0.001954752 -0.018887039 0.020217836
v 0.001969601 -0.02808138 0.010202516
v 0.001970786 -0.029581368 -0.009935969
v 0.001974616 -0.035 -0.009254187
v 0.001978219 -0.029581353 0.009935971
v 0.001978219 -0.029581351 -0.009935971
v 0.001978219 -0.028081389 -0.010202513
v 0.001978219 -0.028081389 0.010202514
v 0.001982468 -0.035 -0.009254166
v 0.002004957 -0.028082052 -0.010202388
v 0.002006411 -0.029580625 0.009936093
v 0.002013178 -0.035 -0.009254122
v 0.002023302 -0.035 -0.009254121
v 0.002030639 -0.028083591 0.010202098
v 0.002032014 -0.029579043 -0.009936358
v 0.002043276 -0.029578069 -0.00993652
v 0.002043276 -0.029578069 0.00993652
v 0.002043276 -0.028084673 0.010201893
v 0.002043276 -0.028084671 -0.010201893
v 0.002052925 -0.035 -0.009254154
v 0.002065412 -0.035 -0.009254183
v 0.002065722 -0.028087126 -0.010201429
v 0.002067417 -0.0295754 0.009936966
v 0.002091408 -0.028090779 0.010200739
v 0.002092938 -0.029571714 -0.009937583
v 0.002093506 -0.035 -0.009254281
v 0.002107802 -0.029569153 -0.00993801
v 0.002107802 -0.029569153 0.00993801
v 0.002107803 -0.028093586 -0.010200208
v 0.002107803 -0.028093586 0.010200208
v 0.002108394 -0.035 -0.009254351
v 0.002126205 -0.028097188 -0.010199528
v 0.002127971 -0.02956518 0.009938674
v 0.00213459 -0.035 -0.009254504
v 0.002151396 -0.028102899 0.01019845
v 0.002151835 -0.035 -0.009254624
v 0.002153144 -0.029559409 -0.00993964
v 0.002171312 -0.029554673 0.009940432
v 0.002171312 -0.029554671 -0.009940432
v 0.002171312 -0.028108068 -0.010197475
v 0.002171313 -0.028108068 0.010197474
v 0.002176038 -0.035 -0.009254821
v 0.002185822 -0.028112205 -0.010196694
v 0.002187703 -0.029549977 0.009941218
v 0.00219532 -0.035 -0.009255
v 0.002196486 -0.035 0.009225072
v 0.002202982 -0.035 0.009225032
v 0.002209979 -0.028119799 0.010195262
v 0.002211951 -0.02954228 -0.009942507
v 0.002217337 -0.035 -0.00925523
v 0.002223451 -0.035 0.009224927
v 0.002227762 -0.035 0.00922491
v 0.0022319 -0.035 0.009224894
v 0.002233325 -0.029534735 0.009943771
v 0.002233325 -0.028128006 -0.010193716
v 0.002233326 -0.029534735 -0.009943771
v 0.002233327 -0.028128006 0.010193715
v 0.00224403 -0.028132061 -0.010192952
v 0.002245976 -0.029529922 0.009944579
v 0.002256783 -0.035 0.009224824
v 0.002262734 -0.035 0.009224813
v 0.002266322 -0.028141115 0.010191248
v 0.002266728 -0.029521452 -0.009946
v 0.002287307 -0.035 0.009224789
v 0.002293373 -0.029509492 0.009948008
v 0.002293373 -0.028153246 -0.010188966
v 0.002293376 -0.02950949 -0.009948008
v 0.002293377 -0.02815325 0.010188966
v 0.002295174 -0.035 0.009224788
v 0.002300353 -0.02815659 -0.010188338
v 0.002302327 -0.02950519 0.00994873
v 0.002318968 -0.035 0.009224806
v 0.00232176 -0.028167401 0.010186308
v 0.002322246 -0.029495083 -0.009950429
v 0.002328887 -0.035 0.009224822
v 0.002351004 -0.029479135 0.009953113
v 0.002351004 -0.028183604 -0.010183268
v 0.002351008 -0.029479133 -0.009953113
v 0.00235101 -0.028183607 0.010183267
v 0.002351607 -0.035 0.009224875
v 0.00235477 -0.028185816 -0.010182854
v 0.002356629 -0.029475819 0.009953671
v 0.002363525 -0.035 0.009224912
v 0.002375063 -0.028198257 0.010180523
v 0.002375587 -0.02946415 -0.009955638
v 0.002384929 -0.035 0.009224995
v 0.002398729 -0.035 0.009225059
v 0.002405783 -0.028218847 -0.010176672
v 0.002405784 -0.029443892 0.009959056
v 0.002405789 -0.029443888 -0.009959056
v 0.00240579 -0.028218852 0.010176671
v 0.002406895 -0.028219635 -0.010176525
v 0.002408627 -0.029441873 0.009959397
v 0.00241861 -0.035 0.009225166
v 0.002425603 -0.028233344 0.010173963
v 0.002426214 -0.029428933 -0.009961584
v 0.002434137 -0.035 0.009225261
v 0.002452125 -0.035 0.009225384
v 0.002456103 -0.028257702 -0.010169421
v 0.002457298 -0.029404029 0.009965798
v 0.002457299 -0.028258711 -0.010169233
v 0.002457304 -0.029404024 -0.009965799
v 0.002457305 -0.028258717 0.010169232
v 0.002457691 -0.029403696 0.009965854
v 0.002473193 -0.028272539 0.010166659
v 0.002473756 -0.029389694 -0.009968228
v 0.002501949 -0.019422894 -0.020074254
v 0.002501949 -0.019422894 0.020074254
v 0.002501949 -0.018351186 -0.020361418
v 0.002501949 -0.018351186 0.020361418
v 0.002502039 -0.028299769 -0.010161599
v 0.002503452 -0.029361561 0.009973004
v 0.002505162 -0.029359844 0.009973296
v 0.002505163 -0.028302895 -0.010161019
v 0.002505166 -0.02935984 -0.009973297
v 0.002505167 -0.0283029 0.010161018
v 0.002517593 -0.028315715 0.010158641
v 0.002518073 -0.029346516 -0.009975564
v 0.002544449 -0.028345648 -0.0101531
v 0.002545629 -0.029315699 0.009980815
v 0.002549011 -0.029311674 0.009981502
v 0.002549012 -0.028351067 -0.010152098
v 0.002549014 -0.02931167 -0.009981502
v 0.002549014 -0.028351068 0.010152098
v 0.002550424 -0.019466406 -0.020062596
v 0.002550424 -0.019466406 0.020062596
v 0.002550424 -0.018307675 -0.020373076
v 0.002550424 -0.018307675 0.020373076
v 0.002558459 -0.028362628 0.010149962
v 0.002558835 -0.029299639 -0.009983556
v 0.002576032 -0.019486541 -0.0200572
v 0.002576032 -0.019486541 0.0200572
v 0.002576032 -0.018287539 -0.020378472
v 0.002576032 -0.018287539 0.020378472
v 0.002583093 -0.028395176 -0.010143962
v 0.002584066 -0.029266199 0.009989277
v 0.002588515 -0.029259879 0.00999036
v 0.002588515 -0.028402859 -0.010142547
v 0.002588516 -0.029259877 -0.009990361
v 0.002588516 -0.028402861 0.010142547
v 0.002595314 -0.028412797 0.01014072
v 0.00259563 -0.029249473 -0.009992144
v 0.002602491 -0.019505545 -0.020052107
v 0.002602491 -0.019505545 0.020052107
v 0.002602491 -0.018268533 -0.020383565
v 0.002602491 -0.018268533 0.020383565
v 0.002609971 -0.028435457 0.010136558
v 0.002611035 -0.029225564 -0.009996249
v 0.002617362 -0.028447604 -0.01013433
v 0.002618149 -0.029213808 0.00999827
v 0.002623375 -0.029204853 0.009999813
v 0.002623376 -0.028457886 -0.010132446
v 0.002623377 -0.029204849 -0.009999813
v 0.002623377 -0.028457889 0.010132446
v 0.00262975 -0.019523384 -0.020047328
v 0.00262975 -0.019523384 0.020047328
v 0.00262975 -0.018250696 -0.020388344
v 0.00262975 -0.018250696 0.020388344
v 0.002640716 -0.028489854 0.010126599
v 0.002641563 -0.029171223 -0.010005609
v 0.002647249 -0.028502941 -0.010124209
v 0.002647869 -0.029158521 0.010007803
v 0.002653329 -0.02914701 0.010009794
v 0.002653329 -0.028515728 -0.010121878
v 0.00265333 -0.029147007 -0.010009794
v 0.00265333 -0.02851573 0.010121877
v 0.002657759 -0.019540021 -0.02004287
v 0.002657759 -0.019540021 0.02004287
v 0.002657759 -0.018234059 -0.020392802
v 0.002657759 -0.018234059 0.020392802
v 0.002666909 -0.028546823 0.010116218
v 0.002667552 -0.029114341 -0.010015452
v 0.002672397 -0.028560594 -0.010113716
v 0.002672867 -0.029100928 0.01001778
v 0.002678151 -0.029086785 0.010020236
v 0.002678151 -0.028575953 0.010110929
v 0.002678151 -0.028575951 -0.01011093
v 0.002678152 -0.029086784 -0.010020236
v 0.002686463 -0.019555427 -0.020038743
v 0.002686463 -0.019555427 0.020038743
v 0.002686463 -0.018218653 -0.020396929
v 0.002686463 -0.018218653 0.020396929
v 0.002688323 -0.028606007 0.010105486
v 0.002688785 -0.029055262 -0.010025723
v 0.002692681 -0.028620338 -0.010102895
v 0.00269302 -0.029041242 0.010028168
v 0.002697653 -0.028638102 -0.010099689
v 0.002697653 -0.028638102 0.010099689
v 0.002697654 -0.029024636 0.010031067
v 0.002697654 -0.029024635 -0.010031067
v 0.002704707 -0.028666811 0.010094515
v 0.002705014 -0.028994557 -0.010036329
v 0.002707875 -0.028681591 -0.010091857
v 0.002708104 -0.028980017 0.010038877
v 0.00271169 -0.028961029 -0.010042209
v 0.00271169 -0.028961029 0.010042209
v 0.00271169 -0.028701708 -0.010088244
v 0.00271169 -0.028701708 0.010088244
v 0.002715809 -0.019569572 -0.020034952
v 0.002715809 -0.019569572 0.020034952
v 0.002715809 -0.018204508 -0.02040072
v 0.002715809 -0.018204508 0.02040072
v 0.002715939 -0.028728822 0.010083385
v 0.002716112 -0.028932652 -0.010047198
v 0.002717868 -0.028743926 -0.010080682
v 0.002718 -0.028917681 0.010049836
v 0.002718102 -0.035 -0.009208692
v 0.002720154 -0.028896444 -0.010053582
v 0.002720154 -0.028896444 0.010053582
v 0.002720154 -0.028766293 -0.010076687
v 0.002720154 -0.028766293 0.010076687
v 0.00272193 -0.028791644 0.010072166
v 0.002721991 -0.028869918 -0.010058271
v 0.002722582 -0.028806852 -0.01006946
v 0.002722619 -0.028854724 0.010060961
v 0.002722983 -0.028831368 -0.010065103
v 0.002722983 -0.028831368 0.010065103
v 0.002730734 -0.035 -0.00920876
v 0.002740439 -0.035 -0.009208817
v 0.002745742 -0.019582428 -0.020031506
v 0.002745742 -0.019582428 0.020031506
v 0.002745742 -0.018191652 -0.020404164
v 0.002745742 -0.018191652 0.020404164
v 0.002756216 -0.035 -0.009208919
v 0.002764522 -0.035 -0.009208977
v 0.002776204 -0.019593973 -0.020028414
v 0.002776204 -0.019593973 0.020028414
v 0.002776204 -0.018180108 -0.020407258
v 0.002776204 -0.018180108 0.020407258
v 0.002781154 -0.035 -0.009209102
v 0.002788088 -0.035 -0.009209159
v 0.002805301 -0.035 -0.00920931
v 0.002807139 -0.019604184 -0.020025678
v 0.002807139 -0.019604184 0.020025678
v 0.002807139 -0.018169897 -0.020409994
v 0.002807139 -0.018169897 0.020409994
v 0.002810942 -0.035 -0.009209362
v 0.002828432 -0.035 -0.009209538
v 0.002832799 -0.035 -0.009209585
v 0.002838489 -0.019613041 -0.020023305
v 0.002838489 -0.019613041 0.020023305
v 0.002838489 -0.018161038 -0.020412367
v 0.002838489 -0.018161038 0.020412367
v 0.002850343 -0.035 -0.009209787
v 0.002870194 -0.01962053 -0.020021297
v 0.002870194 -0.01962053 0.020021297
v 0.002870194 -0.01815355 -0.020414373
v 0.002870194 -0.01815355 0.020414373
v 0.002902193 -0.019626634 -0.020019662
v 0.002902193 -0.019626634 0.020019662
v 0.002902193 -0.018147446 -0.02041601
v 0.002902193 -0.018147446 0.02041601
v 0.002934428 -0.019631343 -0.020018401
v 0.002934428 -0.019631343 0.020018401
v 0.002934428 -0.018142737 -0.020417271
v 0.002934428 -0.018142737 0.020417271
v 0.002966837 -0.019634647 -0.020017514
v 0.002966837 -0.019634647 0.020017514
v 0.002966837 -0.018139433 -0.020418156
v 0.002966837 -0.018139433 0.020418156
v 0.002999359 -0.019636542 -0.020017007
v 0.002999359 -0.019636542 0.020017007
v 0.002999359 -0.018137539 -0.020418664
v 0.002999359 -0.018137539 0.020418664
v 0.003031932 -0.019637022 -0.020016879
v 0.003031932 -0.019637022 0.020016879
v 0.003031932 -0.018137058 -0.020418793
v 0.003031932 -0.018137058 0.020418793
v 0.003054161 -0.035 0.009197129
v 0.00306048 -0.035 0.009197153
v 0.003064496 -0.019636087 -0.020017128
v 0.003064496 -0.019636087 0.020017128
v 0.003064496 -0.018137993 -0.020418542
v 0.003064496 -0.018137993 0.020418542
v 0.003066362 -0.035 0.009197178
v 0.003073266 -0.035 0.00919721
v 0.00307845 -0.035 0.009197236
v 0.003085819 -0.035 0.009197276
v 0.003090302 -0.035 0.009197302
v 0.003096988 -0.019633738 -0.020017758
v 0.003096988 -0.019633738 0.020017758
v 0.003096988 -0.018140342 -0.020417914
v 0.003096988 -0.018140342 0.020417914
v 0.003098005 -0.035 0.00919735
v 0.00310176 -0.035 0.009197375
v 0.003109702 -0.035 0.009197432
v 0.003112735 -0.035 0.009197456
v 0.003120803 -0.035 0.009197522
v 0.003123173 -0.035 0.009197542
v 0.003129348 -0.019629981 -0.020018766
v 0.003129348 -0.019629981 0.020018766
v 0.003129348 -0.018144097 -0.020416906
v 0.003129348 -0.018144097 0.020416906
v 0.003131217 -0.035 0.009197617
v 0.003132991 -0.035 0.009197635
v 0.003136073 -0.035 0.009197666
v 0.003140866 -0.035 0.009197718
v 0.003144907 -0.035 0.009197765
v 0.003149688 -0.035 0.009197824
v 0.003152984 -0.035 0.009197868
v 0.003157635 -0.035 0.009197934
v 0.003160265 -0.035 0.009197974
v 0.003161513 -0.019624824 -0.020020148
v 0.003161513 -0.019624824 0.020020148
v 0.003161513 -0.018149257 -0.020415524
v 0.003161513 -0.018149257 0.020415524
v 0.003164675 -0.035 0.009198047
v 0.003166717 -0.035 0.009198083
v 0.003193425 -0.019618273 -0.020021902
v 0.003193425 -0.019618273 0.020021902
v 0.003193425 -0.018155808 -0.020413769
v 0.003193425 -0.018155808 0.020413769
v 0.003225022 -0.019610344 -0.020024028
v 0.003225022 -0.019610344 0.020024028
v 0.003225022 -0.018163737 -0.020411644
v 0.003225022 -0.018163737 0.020411644
v 0.003256245 -0.019601049 -0.020026518
v 0.003256245 -0.019601049 0.020026518
v 0.003256245 -0.018173032 -0.020409154
v 0.003256245 -0.018173032 0.020409154
v 0.003273159 -0.015 -0.021908854
v 0.003287035 -0.019590406 -0.02002937
v 0.003287035 -0.019590406 0.02002937
v 0.003287035 -0.018183675 -0.020406302
v 0.003287035 -0.018183675 0.020406302
v 0.003317333 -0.019578438 -0.020032577
v 0.003317333 -0.019578438 0.020032577
v 0.003317333 -0.018195642 -0.020403095
v 0.003317333 -0.018195642 0.020403095
v 0.003347083 -0.019565163 -0.020036133
v 0.003347083 -0.019565163 0.020036133
v 0.003347083 -0.018208915 -0.020399539
v 0.003347083 -0.018208915 0.020399539
v 0.003366733 -0.035 0.009200076
v 0.003366985 -0.035 -0.009207713
v 0.003376229 -0.019550612 -0.020040032
v 0.003376229 -0.019550612 0.020040032
v 0.003376229 -0.018223468 -0.020395638
v 0.003376229 -0.018223468 0.020395638
v 0.003404715 -0.019534806 -0.020044267
v 0.003404715 -0.019534806 0.020044267
v 0.003404715 -0.018239273 -0.020391405
v 0.003404715 -0.018239273 0.020391405
v 0.003432488 -0.019517779 -0.020048829
v 0.003432488 -0.019517779 0.020048829
v 0.003432488 -0.018256299 -0.020386841
v 0.003432488 -0.018256299 0.020386841
v 0.003435491 -0.034362033 0.009264604
v 0.003451278 -0.035 -0.009205699
v 0.003456152 -0.035 -0.00920815
v 0.003459496 -0.019499563 -0.020053711
v 0.003459496 -0.019499563 0.020053711
v 0.003459496 -0.018274518 -0.020381961
v 0.003459496 -0.018274518 0.020381961
v 0.003485687 -0.019480191 -0.020058902
v 0.003485687 -0.019480191 0.020058902
v 0.003485687 -0.018293889 -0.02037677
v 0.003485687 -0.018293889 0.02037677
v 0.003501249 -0.035 -0.009222094
v 0.003511012 -0.019459698 -0.020064391
v 0.003511012 -0.019459698 0.020064391
v 0.003511012 -0.01831438 -0.020371279
v 0.003511012 -0.01831438 0.020371279
v 0.003528544 -0.035 -0.009220318
v 0.003544653 -0.035 0.009207707
v 0.003551197 -0.033295564 -0.009395353
v 0.003558874 -0.019415516 -0.02007623
v 0.003558874 -0.019415516 0.02007623
v 0.003558874 -0.018358564 -0.02035944
v 0.003558874 -0.018358564 0.02035944
v 0.003584521 -0.035 0.009214306
v 0.003602723 -0.019367347 -0.020089138
v 0.003602723 -0.019367347 0.020089138
v 0.003602723 -0.018406734 -0.020346534
v 0.003602723 -0.018406734 0.020346534
v 0.003610239 -0.035 0.009212617
v 0.003636798 -0.035 -0.00921277
v 0.003638435 -0.035 0.00921262
v 0.003642226 -0.019315552 -0.020103017
v 0.003642226 -0.019315552 0.020103017
v 0.003642226 -0.018458527 -0.020332655
v 0.003642226 -0.018458527 0.020332655
v 0.00366431 -0.035 -0.009209718
v 0.003677086 -0.019260528 -0.02011776
v 0.003677086 -0.019260528 0.02011776
v 0.003677086 -0.018513553 -0.020317912
v 0.003677086 -0.018513553 0.020317912
v 0.003683229 -0.033308953 -0.00939069
v 0.003704253 -0.031889491 0.009582864
v 0.003707041 -0.019202685 -0.020133259
v 0.003707041 -0.019202685 0.020133259
v 0.003707041 -0.018571395 -0.020302413
v 0.003707041 -0.018571395 0.020302413
v 0.003731863 -0.019142462 -0.020149395
v 0.003731863 -0.019142462 0.020149395
v 0.003731863 -0.018631618 -0.020286275
v 0.003731863 -0.018631618 0.020286275
v 0.0037489 -0.035 0.009199772
v 0.003751366 -0.019080311 -0.020166049
v 0.003751366 -0.019080311 0.020166049
v 0.003751366 -0.018693769 -0.020269623
v 0.003751366 -0.018693769 0.020269623
v 0.003765403 -0.019016704 -0.020183092
v 0.003765403 -0.019016704 0.020183092
v 0.003765403 -0.018757377 -0.020252578
v 0.003765403 -0.018757377 0.020252578
v 0.003772391 -0.033432156 0.009368809
v 0.003773868 -0.018952116 -0.020200398
v 0.003773868 -0.018952116 0.020200398
v 0.003773868 -0.018821962 -0.020235272
v 0.003773868 -0.018821962 0.020235272
v 0.003773979 -0.035 -0.009197039
v 0.00377646 -0.035 0.009196695
v 0.003776697 -0.018887039 -0.020217836
v 0.003776697 -0.018887039 0.020217836
v 0.003801529 -0.035 -0.009192681
v 0.003817426 -0.03332182 -0.009379956
v 0.003819046 -0.033321969 0.009379789
v 0.00388806 -0.035 0.009178421
v 0.003912332 -0.035 -0.009174647
v 0.003915664 -0.035 0.009174026
v 0.003939838 -0.035 -0.009168957
v 0.003942293 -0.029715743 -0.009913662
v 0.003949451 -0.029650657 -0.009924444
v 0.003953201 -0.033334039 -0.00936289
v 0.003955658 -0.033334251 0.009362523
v 0.004011476 -0.035 0.0
v 0.004012542 -0.035 -5.166e-06
v 0.004015745 -0.035 -1.0308e-05
v 0.00402802 -0.035 0.009150126
v 0.004034329 -0.035 5.5141e-05
v 0.004035386 -0.035 6.0261e-05
v 0.004038564 -0.035 -6.5367e-05
v 0.004038564 -0.035 6.5367e-05
v 0.004043832 -0.035 -7.0434e-05
v 0.004051148 -0.035 -7.544e-05
v 0.004051405 -0.035 -0.009145372
v 0.004055584 -0.035 0.009144386
v 0.004076912 -0.028494945 0.010125555
v 0.004078782 -0.035 -0.009138329
v 0.004090217 -0.033345554 -0.009339243
v 0.004093517 -0.033345822 0.009338593
v 0.004107342 -0.035 0.000120409
v 0.004112482 -0.035 0.000125348
v 0.004119619 -0.035 -0.000130236
v 0.004119619 -0.035 0.000130236
v 0.004128712 -0.035 -0.000135051
v 0.004131932 -0.029203417 -0.009997087
v 0.004132729 -0.029203493 0.009997037
v 0.004139683 -0.035 -0.000139772
v 0.004168286 -0.035 0.009114695
v 0.004190713 -0.035 -0.00910903
v 0.004195726 -0.035 0.009107588
v 0.004217873 -0.035 -0.009100619
v 0.004223696 -0.027172821 -0.01038106
v 0.004228029 -0.03335629 -0.009308799
v 0.004232171 -0.0333566 0.009307779
v 0.004234806 -0.035 0.000184988
v 0.004243509 -0.035 0.000189592
v 0.004254008 -0.035 -0.000194114
v 0.004254008 -0.035 0.000194114
v 0.004265734 -0.02921566 -0.009985863
v 0.004266237 -0.035 -0.000198535
v 0.004267351 -0.029215802 0.009985691
v 0.004277785 -0.026688483 0.010482537
v 0.004280105 -0.035 -0.000202836
v 0.004308341 -0.035 0.009071979
v 0.004329743 -0.035 -0.009065478
v 0.004335568 -0.035 0.00906349
v 0.004355279 -0.027185619 -0.010375458
v 0.004356075 -0.027185693 0.010375407
v 0.004356595 -0.035 -0.009055693
v 0.004366162 -0.033366174 -0.009271382
v 0.004371135 -0.033366513 0.009269903
v 0.004401173 -0.029226996 -0.009968371
v 0.004403623 -0.029227192 0.009967998
v 0.004416345 -0.035 0.000248367
v 0.004427771 -0.035 0.000252493
v 0.004440726 -0.035 -0.000256515
v 0.004440726 -0.035 0.000256515
v 0.004446404 -0.025190348 -0.010827699
v 0.004446404 -0.025190348 0.010827699
v 0.004447637 -0.035 0.009021877
v 0.004455127 -0.035 -0.000260416
v 0.004460826 -0.025110953 0.010848193
v 0.004467957 -0.035 -0.009014623
v 0.004470869 -0.035 -0.000264183
v 0.004472834 -0.025044844 0.010866536
v 0.004474561 -0.035 0.009011997
v 0.004488855 -0.027197411 -0.010363907
v 0.004490469 -0.027197545 0.010363731
v 0.004494099 -0.024927776 -0.010901914
v 0.004494412 -0.035 -0.009003464
v 0.004498986 -0.024900874 -0.010910574
v 0.00450411 -0.033375137 -0.009226858
v 0.004509892 -0.033375494 0.009224831
v 0.004510493 -0.024837527 0.010931755
v 0.004523324 -0.024766887 -0.010956714
v 0.004523326 -0.024766877 0.010956713
v 0.00453784 -0.029237341 -0.009944371
v 0.004541132 -0.029237578 0.009943713
v 0.00455038 -0.024617938 -0.011014042
v 0.00455437 -0.024595972 -0.01102305
v 0.004555329 -0.025200741 -0.010823065
v 0.004570006 -0.024509897 0.011059743
v 0.004577711 -0.025202759 -0.010821632
v 0.004578506 -0.025202829 0.010821578
v 0.004581536 -0.025055071 -0.010861567
v 0.004583906 -0.024433373 -0.011094302
v 0.004583908 -0.024433363 0.011094298
v 0.00458561 -0.035 0.008964339
v 0.004600274 -0.024343263 0.011137364
v 0.004600299 -0.024343127 -0.011137439
v 0.004604703 -0.025056953 0.010860025
v 0.0046048 -0.035 -0.008956421
v 0.004607501 -0.024910705 -0.010905317
v 0.00461214 -0.035 0.008953069
v 0.004612148 -0.024277899 -0.01117028
v 0.004624058 -0.027208103 -0.010346141
v 0.004626504 -0.027208285 0.010345763
v 0.00462766 -0.024192503 0.011215445
v 0.004630627 -0.02491254 0.010903709
v 0.004630767 -0.035 -0.008943898
v 0.004633167 -0.024767991 -0.010954225
v 0.004641344 -0.033383112 -0.009175139
v 0.004642132 -0.024112832 -0.011259907
v 0.004642134 -0.024112821 0.011259904
v 0.004647904 -0.033383466 0.009172475
v 0.004648483 -0.024077866 -0.011280142
v 0.004651102 -0.035 0.000310031
v 0.004656252 -0.024769772 0.010952554
v 0.0046585 -0.024627108 -0.011008215
v 0.004664124 -0.035 0.000313555
v 0.004667175 -0.023974964 -0.011342358
v 0.004675297 -0.029246612 -0.009913654
v 0.004678354 -0.035 -0.000316964
v 0.004678354 -0.035 0.000316964
v 0.004679427 -0.029246872 0.009912627
v 0.004681544 -0.024628827 0.011006483
v 0.004682597 -0.023890065 0.011396804
v 0.004683468 -0.024488237 -0.01106721
v 0.004693707 -0.035 -0.000320244
v 0.004697555 -0.023807717 -0.011452465
v 0.004697558 -0.023807706 0.011452465
v 0.004702314 -0.02521324 0.010810645
v 0.004702318 -0.025213251 -0.010810685
v 0.00470804 -0.024351556 -0.011131132
v 0.004710079 -0.035 -0.000323386
v 0.004715492 -0.025066029 -0.01085019
v 0.004719671 -0.023685968 -0.011540147
v 0.004721681 -0.035 0.008899374
v 0.004731006 -0.024353134 0.011129294
v 0.004732181 -0.024217246 -0.011199907
v 0.004734075 -0.023606673 0.011600913
v 0.00473856 -0.025067592 0.010847637
v 0.004738635 -0.023581568 -0.011620792
v 0.004739704 -0.035 -0.008890885
v 0.004741209 -0.024921108 -0.010893633
v 0.004747725 -0.035 0.008886721
v 0.004749759 -0.023520332 -0.011670592
v 0.004749759 -0.023520328 0.011670592
v 0.004755862 -0.024085484 -0.011273459
v 0.004756968 -0.025217438 -0.010804209
v 0.004760482 -0.027217602 -0.010321926
v 0.004763768 -0.027217817 0.010321264
v 0.004764236 -0.024922572 0.010891035
v 0.004765092 -0.035 -0.008877015
v 0.00476663 -0.024777815 -0.010942264
v 0.004768925 -0.023414815 -0.011761033
v 0.004777316 -0.033390034 -0.00911619
v 0.004778757 -0.024086898 0.011271535
v 0.004779049 -0.023956455 -0.011351709
v 0.004780109 -0.023353247 0.011816682
v 0.004780154 -0.023352999 -0.01181691
v 0.004782267 -0.023341365 0.011827678
v 0.004784612 -0.033390377 0.0091128
v 0.004789616 -0.024779174 0.010939628
v 0.004791724 -0.024636328 -0.010996009
v 0.004798378 -0.02325267 0.011912513
v 0.004798379 -0.023252666 -0.011912513
v 0.004801712 -0.023830332 -0.01143458
v 0.004801911 -0.02395778 0.011349754
v 0.004808388 -0.024925612 -0.010885563
v 0.004813069 -0.029254729 -0.009876049
v 0.00481432 -0.023164909 -0.012001528
v 0.004814669 -0.024637582 0.010993338
v 0.004816457 -0.024496835 -0.011054792
v 0.004818029 -0.029254999 0.009874565
v 0.004819023 -0.023139015 -0.012028828
v 0.004824541 -0.023831561 0.0114326
v 0.004824873 -0.025222311 -0.010794828
v 0.004827049 -0.023094835 0.012076572
v 0.004840799 -0.024359515 -0.01111854
v 0.004843063 -0.023006674 0.012176454
v 0.004843064 -0.02300667 -0.012176448
v 0.004845351 -0.023587422 -0.011613711
v 0.004848377 -0.025223907 0.010791222
v 0.004854996 -0.022940984 0.012255241
v 0.004855267 -0.035 0.008827047
v 0.00485559 -0.022937709 -0.012259264
v 0.004858658 -0.024640083 -0.010987754
v 0.004863665 -0.024360541 0.011115817
v 0.004863822 -0.022892391 0.012316152
v 0.004864716 -0.02422455 -0.011187175
v 0.004866569 -0.02287727 -0.012335584
v 0.004868119 -0.023588451 0.011611703
v 0.004872097 -0.035 -0.008818085
v 0.004874035 -0.025076648 0.010829117
v 0.004876032 -0.024929658 -0.010875949
v 0.004880733 -0.035 0.008813028
v 0.004883453 -0.022784323 0.012460582
v 0.004883454 -0.022784317 -0.012460578
v 0.00488657 -0.023357932 -0.011809814
v 0.004887951 -0.02275956 0.012495587
v 0.004887987 -0.022759361 -0.01249586
v 0.004888179 -0.024092121 -0.011260626
v 0.004893419 -0.025226841 -0.010783792
v 0.004896818 -0.035 -0.008802892
v 0.00489769 -0.027225824 -0.010291058
v 0.004899451 -0.024930809 0.010872317
v 0.004900441 -0.022690799 0.012596969
v 0.004901813 -0.027226049 0.010290028
v 0.004902987 -0.022676786 -0.012618424
v 0.004909283 -0.023358749 0.011807809
v 0.00491097 -0.024092911 0.011257878
v 0.004911153 -0.02396241 -0.011338817
v 0.004911467 -0.033395845 -0.009050027
v 0.004917688 -0.022595854 0.012748354
v 0.00491925 -0.022587253 0.012762805
v 0.004919251 -0.022587249 -0.012762801
v 0.004919445 -0.033396158 0.00904583
v 0.004924576 -0.024786573 0.010920751
v 0.004925163 -0.023143027 -0.012021841
v 0.004926051 -0.02464327 -0.010978007
v 0.00493269 -0.022513265 0.012892865
v 0.004933609 -0.023835599 -0.01142167
v 0.004933909 -0.023963077 0.011336065
v 0.004934971 -0.022500705 -0.012916041
v 0.004937759 -0.035 0.00036947
v 0.00494407 -0.022450615 0.013012175
v 0.004944098 -0.022450462 -0.013012464
v 0.00494431 -0.024933245 -0.010864737
v 0.004947825 -0.023143627 0.012019867
v 0.004949378 -0.024644127 0.010974343
v 0.00495022 -0.022416757 0.013080775
v 0.004950221 -0.022416752 -0.01308077
v 0.004950658 -0.029261617 -0.009831427
v 0.004950983 -0.035 0.000372292
v 0.004954652 -0.024094293 -0.011252239
v 0.00495633 -0.023836141 0.011418923
v 0.004956339 -0.025230652 -0.010772263
v 0.004956339 -0.025230652 0.010772263
v 0.004956425 -0.029261878 0.009829397
v 0.004960553 -0.022359874 0.013203727
v 0.00496092 -0.022943873 -0.012248741
v 0.004962189 -0.022350868 -0.01322417
v 0.004965078 -0.035 -0.000375
v 0.004965078 -0.035 0.000375
v 0.004966964 -0.022324583 0.013285682
v 0.004966987 -0.022324452 -0.01328597
v 0.00497465 -0.02436479 -0.011100382
v 0.004976134 -0.022274097 0.013412174
v 0.004976136 -0.022274088 -0.013412169
v 0.004976853 -0.023591295 -0.01160089
v 0.004979967 -0.035 -0.000377585
v 0.004983537 -0.022944257 0.012246829
v 0.004983624 -0.022232866 0.013525463
v 0.004984729 -0.022226781 -0.013543061
v 0.004985317 -0.025232295 0.010766499
v 0.004985785 -0.035 0.008747486
v 0.004986253 -0.022218395 -0.013567788
v 0.00499364 -0.022761602 -0.012489447
v 0.004994071 -0.024645887 -0.010966715
v 0.004995552 -0.035 -0.00038004
v 0.004996765 -0.022160521 0.013754639
v 0.004996767 -0.022160511 -0.013754633
v 0.004997888 -0.024365343 0.011096711
v 0.004999509 -0.023591584 0.011598174
v 0.004999869 -0.023836954 -0.011413347
v 0.005001407 -0.035 -0.008738149
v 0.005001644 -0.022133663 0.013853672
v 0.005002538 -0.02212874 -0.013872894
v 0.005010583 -0.035 0.008732123
v 0.00501072 -0.025084015 0.010804239
v 0.00501197 -0.022076819 0.014105599
v 0.005011971 -0.022076814 -0.014105595
v 0.005012969 -0.024936348 -0.010851913
v 0.005013499 -0.022068398 0.014150376
v 0.005013509 -0.022068344 -0.01415064
v 0.005014717 -0.022061693 0.014188092
v 0.005015377 -0.022058057 -0.014209392
v 0.005016217 -0.022761777 0.012487623
v 0.005017704 -0.023360409 -0.011797249
v 0.005021574 -0.024095692 -0.011242484
v 0.005021667 -0.022023436 0.014462425
v 0.005021667 -0.022023434 -0.014462424
v 0.005022856 -0.022016885 0.014529243
v 0.005023157 -0.022015231 -0.014548075
v 0.005023165 -0.022597106 -0.012742686
v 0.005025373 -0.035 -0.008721665
v 0.005025394 -0.022002913 0.014748723
v 0.005025396 -0.022002902 -0.014748991
v 0.005025777 -0.022000808 0.014822515
v 0.005025864 -0.022000328 0.014852347
v 0.005025923 -0.022 -0.014904536
v 0.005025923 -0.022 0.014904536
v 0.005029127 -0.022 -0.014949095
v 0.005029527 -0.022 0.014960418
v 0.005031496 -0.025234764 -0.010756715
v 0.005035175 -0.022 -0.015270429
v 0.005035212 -0.02723268 -0.010253369
v 0.005035868 -0.024937134 0.010847333
v 0.00503672 -0.022 0.015402962
v 0.005040162 -0.0272329 0.010251883
v 0.005040299 -0.023360442 0.011794592
v 0.005043228 -0.033400498 -0.008976729
v 0.005044728 -0.024095934 0.011238836
v 0.005045706 -0.022597082 0.012740975
v 0.005048486 -0.022000002 -0.017080504
v 0.00504936 -0.022451138 -0.013007077
v 0.005049725 -0.022 0.017326094
v 0.005051826 -0.033400763 0.008971643
v 0.005054252 -0.022 -0.018335126
v 0.005054252 -0.022 0.018335126
v 0.005054536 -0.021999998 -0.018338064
v 0.005054737 -0.021999996 0.018338846
v 0.005055448 -0.021999991 -0.018341454
v 0.005055853 -0.021999987 0.018342253
v 0.005055955 -0.023144128 -0.012009695
v 0.005056882 -0.021999978 -0.018342236
v 0.005057554 -0.02199997 -0.018346187
v 0.005058597 -0.021999961 0.018347681
v 0.005059433 -0.02199995 -0.018349398
v 0.005060729 -0.024791844 0.010895707
v 0.005061444 -0.021999929 0.018352022
v 0.005062274 -0.021999916 -0.018353503
v 0.005062466 -0.024647906 -0.010953864
v 0.005066263 -0.021999868 0.018358214
v 0.005066553 -0.02199986 -0.018358804
v 0.005066573 -0.023837445 -0.011403726
v 0.005067443 -0.023965208 0.011317126
v 0.005071871 -0.02245093 0.013005503
v 0.005072092 -0.022324458 -0.01328124
v 0.005073813 -0.021999752 -0.018366568
v 0.005074959 -0.021999735 0.018367702
v 0.005078494 -0.023143908 0.012007126
v 0.00508184 -0.024938945 -0.010837463
v 0.005085273 -0.024648333 0.010949288
v 0.005087539 -0.029267207 -0.009779704
v 0.005089646 -0.023837375 0.011400132
v 0.005091225 -0.022217821 -0.013563799
v 0.005091398 -0.022943642 -0.012237175
v 0.005094082 -0.02926744 0.009777041
v 0.005094576 -0.022324082 0.013279827
v 0.0051008 -0.025238128 -0.010740644
v 0.005102488 -0.02199916 -0.018393101
v 0.005104174 -0.021999117 0.018394526
v 0.005106645 -0.022131875 -0.013853338
v 0.005109411 -0.023591416 -0.011583333
v 0.005110563 -0.024367332 -0.011076321
v 0.005112661 -0.035 0.008660877
v 0.005113687 -0.022217298 0.013562567
v 0.005113886 -0.022943176 0.012234723
v 0.005118295 -0.022066932 -0.014148332
v 0.005123014 -0.025239117 0.010735136
v 0.005123834 -0.022760108 -0.012478622
v 0.00512613 -0.022023259 -0.014447238
v 0.005127071 -0.035 -0.008651266
v 0.005129091 -0.022131225 0.013852305
v 0.005130102 -0.022001114 -0.014748512
v 0.005131071 -0.024649309 -0.010939441
v 0.005131899 -0.015 -0.0132
v 0.005131899 -0.015 0.011797465
v 0.005131899 -0.015 0.0118
v 0.005132409 -0.023591034 0.011579824
v 0.005133281 -0.024367396 0.011071779
v 0.005136703 -0.035 0.008644204
v 0.00514073 -0.022066182 0.014147511
v 0.005146275 -0.022759406 0.012476314
v 0.005148174 -0.025089586 0.010772806
v 0.005148558 -0.022022432 0.014446634
v 0.005149882 -0.023358826 -0.011780261
v 0.0051502 -0.035 -0.008633532
v 0.005150866 -0.024941022 -0.010821364
v 0.005152529 -0.022000238 0.014748124
v 0.005153051 -0.021997323 0.015352833
v 0.005153103 -0.022594431 -0.01273275
v 0.005157009 -0.024096124 -0.011218703
v 0.005160398 -0.021997126 -0.018442323
v 0.0051702 -0.025241077 -0.010722855
v 0.005172034 -0.033403948 -0.008896424
v 0.00517281 -0.023358138 0.011776868
v 0.005173048 -0.024941441 0.010815891
v 0.005175504 -0.022593509 0.012730611
v 0.005179074 -0.022447387 -0.012998165
v 0.005179641 -0.024095822 0.011214228
v 0.005181179 -0.033404149 0.008890377
v 0.00518778 -0.023140889 -0.011993455
v 0.005199829 -0.02465008 -0.010923426
v 0.005201439 -0.02244626 0.01299622
v 0.005201552 -0.023835771 -0.011380434
v 0.005201611 -0.022319747 -0.013273474
v 0.005206608 -0.025242453 -0.010712835
v 0.005206608 -0.025242453 0.010712835
v 0.005210642 -0.023139901 0.011990208
v 0.005217844 -0.015 0.011881548
v 0.005219986 -0.024942568 -0.010803598
v 0.005220581 -0.022212287 -0.013557287
v 0.00522192 -0.024650082 0.010917992
v 0.005222899 -0.022938816 -0.012221861
v 0.005223168 -0.029271433 -0.009720847
v 0.005223946 -0.022318438 0.013271744
v 0.005224103 -0.023835104 0.01137606
v 0.005230445 -0.029271621 0.009717466
v 0.00523534 -0.035 0.008567469
v 0.005235869 -0.022125669 -0.013848174
v 0.005242891 -0.022210818 0.013555793
v 0.005243961 -0.023587661 -0.011560738
v 0.005245701 -0.02293754 0.012218789
v 0.005247411 -0.02436699 -0.011046212
v 0.005247421 -0.022060212 -0.014144589
v 0.005248544 -0.035 -0.008557682
v 0.005255039 -0.022753784 -0.012464405
v 0.00525519 -0.022016186 -0.014444965
v 0.0052561 -0.025244134 -0.010698444
v 0.005257922 -0.021991158 -0.018522978
v 0.005258161 -0.022124063 0.013846933
v 0.00525854 -0.035 0.008549525
v 0.005259129 -0.021993861 -0.014747735
v 0.005259637 -0.021990983 -0.016569691
v 0.005259645 -0.021990934 -0.015355027
v 0.005261039 -0.025244288 0.01069696
v 0.005261081 -0.02524429 0.010696947
v 0.005266436 -0.023586635 0.011556497
v 0.005269415 -0.024366572 0.011040852
v 0.005269699 -0.022058498 0.014143613
v 0.005270756 -0.035 -0.008538745
v 0.005272662 -0.015003305 -0.0132
v 0.005273259 -0.015 -0.013333029
v 0.005273525 -0.015003346 0.0118
v 0.00527413 -0.015 0.011935472
v 0.005274508 -0.035 0.000426181
v 0.00527746 -0.022014393 0.014444264
v 0.005277787 -0.022752238 0.012461538
v 0.005280315 -0.021989247 0.018542251
v 0.005281396 -0.021992017 0.014747312
v 0.005281905 -0.021989124 0.016570939
v 0.005281914 -0.021989075 0.015355162
v 0.00528403 -0.02335304 -0.011758566
v 0.005284044 -0.022586722 -0.012719793
v 0.005285925 -0.025093269 0.010734658
v 0.00528633 -0.035 0.000428232
v 0.005289139 -0.024943568 -0.010784147
v 0.005289763 -0.015 0.011976517
v 0.005291214 -0.021988286 0.018551273
v 0.005292179 -0.021988302 -0.018551119
v 0.005293364 -0.02409327 -0.011189149
v 0.005297327 -0.033406161 -0.008809308
v 0.005298594 -0.015 0.012005468
v 0.005298699 -0.035 -0.000430182
v 0.005298699 -0.035 0.000430182
v 0.005299316 -0.015 -0.013406699
v 0.005306433 -0.023351664 0.011754493
v 0.005306744 -0.022584924 0.012717159
v 0.005306937 -0.03340628 0.008802233
v 0.005309782 -0.022438418 -0.012986613
v 0.005310523 -0.024943627 0.010777839
v 0.005311549 -0.035 -0.000432029
v 0.005315285 -0.024092436 0.011183899
v 0.005321554 -0.023133144 -0.011972857
v 0.005324808 -0.035 -0.000433768
v 0.005332117 -0.022309665 -0.013263457
v 0.005332439 -0.02243639 0.012984236
v 0.00533744 -0.023830431 -0.011351665
v 0.005337561 -0.024649676 -0.01088655
v 0.005343892 -0.023131428 0.011968982
v 0.005350919 -0.022201253 -0.01354892
v 0.005353289 -0.035 0.008467567
v 0.005354739 -0.022307428 0.013261358
v 0.00535633 -0.022929206 -0.012202553
v 0.00535699 -0.029274242 -0.009654879
v 0.005358856 -0.024649266 0.010880315
v 0.005359281 -0.023829186 0.011346559
v 0.005363421 -0.021980898 0.01861088
v 0.00536495 -0.029274365 0.009650696
v 0.005365306 -0.035 -0.0084577
v 0.005366072 -0.022113858 -0.013841558
v 0.005370909 -0.015 0.01207448
v 0.005373511 -0.022198835 0.013547122
v 0.005375567 -0.035 0.0084484
v 0.005377521 -0.022047808 -0.014139801
v 0.005378341 -0.025247322 -0.010659022
v 0.005378607 -0.022927167 0.012198908
v 0.005379409 -0.023579884 -0.011532985
v 0.005383045 -0.015010532 -0.0132
v 0.005383045 -0.015010532 0.0118
v 0.005384623 -0.024363639 -0.011009922
v 0.005385221 -0.022003379 -0.014442058
v 0.005386526 -0.035 -0.008437615
v 0.005388158 -0.02274243 -0.012446575
v 0.005388641 -0.022111289 0.013840077
v 0.005389126 -0.021980846 -0.014746742
v 0.005389629 -0.021977942 -0.016580237
v 0.005389638 -0.021977894 -0.015357881
v 0.005393117 -0.025247615 -0.010653876
v 0.005398952 -0.025247723 0.010651819
v 0.005400074 -0.022045121 0.01413865
v 0.005401175 -0.023578238 0.01152806
v 0.005405833 -0.024362762 0.011003799
v 0.005407764 -0.022000603 0.014441248
v 0.00541038 -0.022740087 0.012443193
v 0.005411665 -0.021978017 0.01474628
v 0.00541217 -0.021975096 0.016581882
v 0.005412178 -0.021975048 0.015358121
v 0.005416849 -0.015008367 -0.013406497
v 0.005416883 -0.02257376 -0.012703616
v 0.005418351 -0.015 -0.013519356
v 0.005418567 -0.033407111 -0.008715627
v 0.005418593 -0.015008595 0.012005266
v 0.005419065 -0.0233429 -0.011732053
v 0.005420135 -0.015 0.012121901
v 0.005427287 -0.024943892 -0.010740142
v 0.00542855 -0.033407129 0.008707468
v 0.005430078 -0.024087001 -0.011153696
v 0.005439057 -0.022571135 0.012700524
v 0.005440762 -0.023340862 0.011727344
v 0.005442373 -0.022424001 -0.012972246
v 0.005447795 -0.024943605 0.010733061
v 0.005449779 -0.015 0.012169431
v 0.005451208 -0.024085658 0.011147723
v 0.005451276 -0.025248557 -0.0106328
v 0.005451276 -0.025248557 0.0106328
v 0.005451444 -0.021969806 -0.01868134
v 0.005456207 -0.02312074 -0.011947799
v 0.005464496 -0.022293963 -0.013251039
v 0.005464504 -0.022421122 0.01296947
v 0.00546601 -0.035 0.008361532
v 0.005473681 -0.023821292 -0.011317303
v 0.005474982 -0.015 0.012210125
v 0.005475168 -0.024646595 -0.010843121
v 0.005476868 -0.035 -0.008351678
v 0.005477012 -0.015 -0.013612581
v 0.005477838 -0.023118326 0.01194334
v 0.005483118 -0.022184458 -0.013538576
v 0.005486591 -0.022290856 0.013248601
v 0.005487287 -0.035 0.008341197
v 0.005488444 -0.029275589 -0.009581873
v 0.005488505 -0.021963913 0.01871334
v 0.005490431 -0.021963956 -0.01871312
v 0.00549063 -0.022914659 -0.01217916
v 0.005494734 -0.023819497 0.011311517
v 0.005495591 -0.02464579 0.010836148
v 0.005497023 -0.029275624 0.009576811
v 0.005497025 -0.035 -0.008330507
v 0.005498128 -0.022096174 -0.013833393
v 0.005505183 -0.022181151 0.013536497
v 0.005509469 -0.022029448 -0.014133899
v 0.005512202 -0.022911889 0.012174983
v 0.005515205 -0.02356795 -0.01149997
v 0.00551639 -0.025249224 -0.010607631
v 0.005517096 -0.021984559 -0.014438477
v 0.005520032 -0.021959163 -0.018737221
v 0.005520169 -0.022092702 0.013831692
v 0.005520964 -0.021961791 -0.014745519
v 0.005521463 -0.021958856 -0.016593238
v 0.005521471 -0.021958807 -0.015361398
v 0.00552171 -0.024357177 -0.010967347
v 0.005522138 -0.022725886 -0.012425051
v 0.005529433 -0.025249306 -0.010602386
v 0.00553037 -0.015 0.012263597
v 0.005531494 -0.022025846 0.014132589
v 0.005535235 -0.033406779 -0.008615687
v 0.00553595 -0.025249342 0.01059974
v 0.005536006 -0.025249342 0.010599717
v 0.005536185 -0.023565711 0.011494408
v 0.005539111 -0.021980863 0.014437571
v 0.005540808 -0.021955252 0.018755829
v 0.005542052 -0.02435586 0.010960521
v 0.005542976 -0.021958036 0.014745022
v 0.005543476 -0.021955084 0.016595222
v 0.005543483 -0.021955036 0.015361728
v 0.005543656 -0.022722784 0.012421189
v 0.005545494 -0.033406686 0.008606397
v 0.005550575 -0.022555381 -0.01268415
v 0.005554444 -0.023328271 -0.011700628
v 0.005561254 -0.015030885 -0.0132
v 0.00556216 -0.015025791 -0.013406598
v 0.005563919 -0.015031272 0.0118
v 0.005564785 -0.024941912 -0.01068927
v 0.005564814 -0.015026238 0.012005372
v 0.005564866 -0.015010565 -0.013612706
v 0.005566667 -0.024077207 -0.011112249
v 0.005566744 -0.015 -0.013698472
v 0.005567488 -0.015011193 0.012210263
v 0.005569476 -0.015 0.012301682
v 0.005572046 -0.022551972 0.012680631
v 0.005573043 -0.035 0.008249775
v 0.005575356 -0.023325605 0.011695329
v 0.005575812 -0.02240397 -0.012955004
v 0.005582779 -0.035 -0.008240022
v 0.005584344 -0.024941297 0.010681489
v 0.005586932 -0.024075385 0.011105611
v 0.005591197 -0.023103537 -0.011918198
v 0.005593248 -0.035 0.008228334
v 0.005597241 -0.022400282 0.012951856
v 0.005597716 -0.022272479 -0.013236172
v 0.005601809 -0.035 -0.008217833
v 0.005609798 -0.023808245 -0.011277265
v 0.005611187 -0.015 0.012358589
v 0.005612047 -0.023100464 0.011913196
v 0.005612131 -0.024640754 -0.010793071
v 0.005616155 -0.022161737 -0.013526214
v 0.005616969 -0.029275434 -0.009501965
v 0.005619109 -0.022268545 0.013233418
v 0.005625264 -0.022895031 -0.012151608
v 0.005626095 -0.029275363 0.009495949
v 0.005629989 -0.023805927 0.011270853
v 0.005631017 -0.022072451 -0.01382365
v 0.005631612 -0.024639577 0.010785431
v 0.005632441 -0.015042054 -0.0132
v 0.005632441 -0.015042054 0.0118
v 0.005637519 -0.022157589 0.013523876
v 0.005642246 -0.022004964 -0.014126862
v 0.005646056 -0.022891572 0.012146937
v 0.005646843 -0.033405162 -0.008509845
v 0.005649799 -0.021959558 -0.014434212
v 0.005650876 -0.023551745 -0.011461616
v 0.005652223 -0.015 0.01241498
v 0.005652358 -0.022068126 0.013821746
v 0.00565363 -0.021936525 -0.014744061
v 0.005654124 -0.021933556 -0.016608717
v 0.005654132 -0.021933505 -0.015365586
v 0.005655603 -0.015 -0.013818673
v 0.005656448 -0.022704005 -0.012399768
v 0.005657274 -0.033404939 0.008499388
v 0.00565816 -0.02434752 -0.010918422
v 0.00565911 -0.035 0.000479677
v 0.005660374 -0.021932045 0.01885204
v 0.005663571 -0.022000499 0.014125408
v 0.005667763 -0.035 0.000480919
v 0.005670998 -0.02354895 0.01145547
v 0.005671115 -0.021954991 0.014433216
v 0.005673973 -0.035 0.008132753
v 0.005674942 -0.021931896 0.014743532
v 0.005675437 -0.02192891 0.016611012
v 0.005675445 -0.02192886 0.015365998
v 0.005676688 -0.035 -0.000482091
v 0.005676688 -0.035 0.000482091
v 0.005677188 -0.022700187 0.012395461
v 0.005677564 -0.024345789 0.010910962
v 0.005682633 -0.035 -0.008123183
v 0.005684595 -0.02253144 -0.012661335
v 0.005685835 -0.035 -0.00048319
v 0.005686579 -0.021926332 0.018872939
v 0.005687113 -0.021926379 -0.018872771
v 0.005688541 -0.025248919 -0.010532747
v 0.005688541 -0.025248919 0.010532747
v 0.005689699 -0.023309033 -0.011664221
v 0.005692413 -0.015 0.012454293
v 0.005693039 -0.035 0.008110275
v 0.005695162 -0.035 -0.000484215
v 0.005700478 -0.035 -0.008100049
v 0.005701086 -0.024937565 -0.010631502
v 0.005702627 -0.024063807 -0.011064752
v 0.005705289 -0.022527292 0.012657422
v 0.005708137 -0.015055864 -0.0132
v 0.00570903 -0.015050775 -0.013407064
v 0.005709575 -0.02237818 -0.012934838
v 0.005709756 -0.023305777 0.011658381
v 0.005711701 -0.015035566 -0.013613642
v 0.005711722 -0.015056568 0.0118
v 0.005712605 -0.01505154 0.012005846
v 0.005715243 -0.01503651 0.012211215
v 0.005716132 -0.01501032 -0.013819256
v 0.005717943 -0.015 -0.013879122
v 0.00571962 -0.015011563 0.012415636
v 0.005719634 -0.024936641 0.010623105
v 0.005721649 -0.015 0.012483129
v 0.005721958 -0.024061533 0.011057515
v 0.005726065 -0.023081418 -0.011883991
v 0.005727186 -0.02191704 -0.018905178
v 0.005727186 -0.02191704 0.018905178
v 0.005727186 -0.021875776 -0.019029003
v 0.005727186 -0.021875776 0.019029003
v 0.005727186 -0.021850595 0.019093612
v 0.005727186 -0.021850593 -0.019093612
v 0.005727186 -0.021812597 -0.019180402
v 0.005727186 -0.021812597 0.019180402
v 0.005727186 -0.021760996 0.019283224
v 0.005727186 -0.021737223 -0.019326113
v 0.005727186 -0.021737223 0.019326113
v 0.005727186 -0.021708803 -0.019374352
v 0.005727186 -0.02165016 -0.019465158
v 0.005727186 -0.02165016 0.019465158
v 0.005727186 -0.021590458 0.019547746
v 0.005727186 -0.021551995 -0.019596599
v 0.005727186 -0.021551995 0.019596599
v 0.005727186 -0.021524534 -0.019629652
v 0.005727186 -0.021443386 -0.019719552
v 0.005727186 -0.021443386 0.019719552
v 0.005727186 -0.02138041 0.019782353
v 0.005727186 -0.021380404 -0.019782359
v 0.005727186 -0.021325067 -0.01983319
v 0.005727186 -0.021325067 0.01983319
v 0.005727186 -0.02122115 0.019919043
v 0.005727186 -0.021221142 -0.019919049
v 0.005727186 -0.021197831 -0.01993675
v 0.005727186 -0.021197831 0.01993675
v 0.005727186 -0.021136373 0.019980926
v 0.005727186 -0.021136364 -0.019980932
v 0.005727186 -0.021062536 -0.020029534
v 0.005727186 -0.021062536 0.020029534
v 0.005727186 -0.0209578 0.020090865
v 0.005727186 -0.020957788 -0.020090871
v 0.005727186 -0.020920092 -0.020110916
v 0.005727186 -0.020920092 0.020110916
v 0.005727186 -0.020873426 -0.020134328
v 0.005727186 -0.020873426 0.020134328
v 0.005730229 -0.022373732 0.012931347
v 0.005731258 -0.022245066 -0.013218813
v 0.005742014 -0.029273754 -0.009415343
v 0.005745293 -0.0237912 -0.011231498
v 0.005746062 -0.023077726 0.011878491
v 0.005747914 -0.024632085 -0.010736376
v 0.005749512 -0.022132946 -0.013511802
v 0.005751605 -0.029273558 0.009408311
v 0.005751877 -0.022240354 0.013215767
v 0.005752942 -0.033402264 -0.008398506
v 0.005755976 -0.020806266 0.02016631
v 0.005759776 -0.022870207 -0.012119843
v 0.005763438 -0.033401899 0.008386857
v 0.005764224 -0.022042545 -0.013812304
v 0.005764554 -0.023788398 0.011224524
v 0.005766388 -0.024630561 0.010728147
v 0.005768438 -0.035 0.008010962
v 0.005770102 -0.022128006 0.013509224
v 0.005774415 -0.015 0.01255021
v 0.005775341 -0.021974208 -0.014118677
v 0.005776074 -0.035 -0.008001651
v 0.005779718 -0.022866102 0.012114719
v 0.005782819 -0.021928228 -0.014429252
v 0.005784793 -0.022037417 0.013810213
v 0.005785931 -0.023531182 -0.011417875
v 0.005786305 -0.035 0.007987522
v 0.005786612 -0.021904903 -0.014742367
v 0.005787101 -0.021901894 -0.016626712
v 0.005787109 -0.021901844 -0.015370455
v 0.005788289 -0.025247298 -0.010483523
v 0.005790635 -0.022676675 -0.012370677
v 0.005792684 -0.035 -0.00797765
v 0.005793444 -0.0243346 -0.010863129
v 0.005795894 -0.021968931 0.014117086
v 0.005798758 -0.02089623 0.020122262
v 0.005798766 -0.020896232 -0.02012226
v 0.005803362 -0.021922845 0.014428173
v 0.00580404 -0.021156149 0.019965038
v 0.005804041 -0.021156142 -0.019965045
v 0.005804387 -0.020688199 0.020219589
v 0.005804423 -0.020688117 -0.020219628
v 0.005805128 -0.02352787 0.011411206
v 0.005805484 -0.021070415 0.020023037
v 0.005805484 -0.021070406 -0.020023042
v 0.005805815 -0.025246898 0.01047441
v 0.005806811 -0.020981723 0.020076435
v 0.005806811 -0.020981712 -0.020076443
v 0.005807152 -0.021899452 0.014741808
v 0.005807642 -0.021896427 0.016629292
v 0.00580765 -0.021896379 0.015370942
v 0.005807907 -0.0208991 0.020120598
v 0.005807908 -0.0208991 -0.020120597
v 0.005810528 -0.022672188 0.012365963
v 0.005811848 -0.024332486 0.01085511
v 0.005818492 -0.022501823 -0.012635131
v 0.00581889 -0.021893458 -0.018976752
v 0.005819323 -0.021893339 0.018977078
v 0.005824342 -0.023285102 -0.011622792
v 0.00582796 -0.020628311 0.020245224
v 0.005829757 -0.015 0.012621067
v 0.005834496 -0.015 -0.014026027
v 0.005835634 -0.024930796 -0.010566861
v 0.005837434 -0.024046734 -0.011011189
v 0.00583834 -0.022496985 0.012630858
v 0.005841868 -0.021816997 0.019165877
v 0.005841869 -0.021816997 -0.019165879
v 0.005843216 -0.022346513 -0.012911712
v 0.005843478 -0.023281302 0.011616467
v 0.005846525 -0.021771614 -0.019257326
v 0.005846525 -0.021771614 0.019257324
v 0.005851057 -0.021721628 0.019346364
v 0.005851058 -0.021721626 -0.019346368
v 0.005853115 -0.024929583 0.010557936
v 0.005853124 -0.033398099 -0.008282119
v 0.005855456 -0.021667205 0.0194328
v 0.005855456 -0.021667203 -0.019432804
v 0.005855771 -0.024044046 0.011003425
v 0.005856127 -0.035 0.00788493
v 0.005856313 -0.015 0.012647423
v 0.005856919 -0.015083618 -0.013407913
v 0.005859553 -0.015068391 -0.013615344
v 0.005859711 -0.021608513 0.019516423
v 0.005859712 -0.021608509 -0.019516427
v 0.005860327 -0.023054296 -0.011845143
v 0.005861412 -0.015084802 0.012006706
v 0.005862799 -0.035 -0.007875947
v 0.005863026 -0.022341359 0.012907907
v 0.005863041 -0.029270533 -0.009322256
v 0.005863574 -0.033397574 0.008269268
v 0.005863811 -0.021545716 0.019597033
v 0.005863812 -0.021545712 -0.019597037
v 0.005863925 -0.015043116 -0.013821814
v 0.005864013 -0.015069756 0.012212938
v 0.005864678 -0.022211604 -0.013198933
v 0.005867747 -0.021478985 0.019674424
v 0.005867748 -0.021478979 -0.01967443
v 0.005868331 -0.015044778 0.012418226
v 0.005870016 -0.015007876 -0.01402685
v 0.00587064 -0.020743208 0.020194121
v 0.005870678 -0.020743128 -0.02019416
v 0.005871377 -0.015 -0.014062307
v 0.005871508 -0.021408482 0.019748395
v 0.005871509 -0.021408476 -0.019748401
v 0.005872743 -0.035 0.007860607
v 0.00587283 -0.020919198 0.020107986
v 0.005872857 -0.020919207 -0.020107981
v 0.005873008 -0.029270193 0.009314151
v 0.005874193 -0.020506131 -0.02029472
v 0.005874349 -0.015009951 0.012622107
v 0.005875084 -0.021334376 0.019818742
v 0.005875085 -0.021334369 -0.019818747
v 0.005876068 -0.015 0.012667185
v 0.00587813 -0.035 -0.007851162
v 0.005878324 -0.015094345 -0.0132
v 0.005878324 -0.015094345 0.0118
v 0.005878463 -0.021256834 0.019885261
v 0.005878464 -0.021256827 -0.019885268
v 0.005878781 -0.020493656 -0.020299563
v 0.005879406 -0.023050034 0.011839198
v 0.005879647 -0.023770096 -0.011179991
v 0.005881637 -0.021176022 0.019947749
v 0.005881638 -0.021176014 -0.019947756
v 0.005881966 -0.024620542 -0.010673061
v 0.005882746 -0.022097966 -0.013495316
v 0.005884455 -0.02220617 0.013195621
v 0.005884594 -0.021092108 0.020006003
v 0.005884595 -0.021092098 -0.020006008
v 0.005887324 -0.021005256 0.020059818
v 0.005887325 -0.021005247 -0.020059824
v 0.005887914 -0.020468619 0.020309167
v 0.00588959 -0.020924309 0.020104503
v 0.005893686 -0.022840098 -0.012083833
v 0.005894261 -0.02187174 0.019032162
v 0.00589731 -0.022006333 -0.013799338
v 0.005897919 -0.023766851 0.011172524
v 0.00589938 -0.024618698 0.010664328
v 0.005902496 -0.022092292 0.013492519
v 0.005908315 -0.021937063 -0.014109327
v 0.005908871 -0.021867281 -0.019042581
v 0.005912713 -0.0228354 0.012078306
v 0.005914881 -0.020393223 0.020337181
v 0.005914907 -0.020393159 -0.020337209
v 0.005915717 -0.021890452 -0.014423589
v 0.005916655 -0.025243538 -0.010413414
v 0.005916655 -0.025243538 0.010413414
v 0.005917038 -0.02200046 0.013797075
v 0.005919472 -0.021866804 -0.014740434
v 0.005919859 -0.0235062 -0.011368743
v 0.005919956 -0.021863753 -0.016647249
v 0.005919964 -0.021863703 -0.015376011
v 0.005921336 -0.021863414 0.019051393
v 0.005921734 -0.021863289 -0.019051675
v 0.005924226 -0.022643805 -0.012337752
v 0.005927019 -0.024318375 -0.010801496
v 0.005928028 -0.021931035 0.014107613
v 0.005934561 -0.020336764 -0.020357272
v 0.005935422 -0.021884311 0.014422434
v 0.005936791 -0.035 0.00775521
v 0.005936828 -0.020797078 0.020166179
v 0.005936869 -0.020796997 -0.020166218
v 0.00593807 -0.023502419 0.011361615
v 0.005939113 -0.015 0.012744598
v 0.005939174 -0.021860594 0.014739846
v 0.005939659 -0.021857528 0.016650088
v 0.005939667 -0.021857478 0.015376565
v 0.005942563 -0.035 -0.007746615
v 0.005943207 -0.022638706 0.012332676
v 0.005944369 -0.024315914 0.010793001
v 0.005947032 -0.03339269 -0.008161172
v 0.00595033 -0.020290613 0.020373125
v 0.005950345 -0.020290574 -0.02037314
v 0.005951797 -0.022466442 -0.012605517
v 0.005952109 -0.035 0.007730091
v 0.005952216 -0.021853574 0.019072918
v 0.005952221 -0.021853572 -0.019072922
v 0.005953008 -0.020552361 0.020275099
v 0.005953044 -0.020552283 -0.020275136
v 0.005956578 -0.035 -0.007721132
v 0.005957215 -0.021826072 0.019136757
v 0.005957216 -0.021826072 -0.019136759
v 0.005957325 -0.033391997 0.008147118
v 0.005957871 -0.023256419 -0.011576337
v 0.005964391 -0.021113362 0.019986702
v 0.005964393 -0.021113355 -0.019986708
v 0.005964593 -0.02094681 -0.020087749
v 0.00596665 -0.021782903 0.019226005
v 0.005966651 -0.021782903 -0.019226007
v 0.005967863 -0.024921572 -0.010495426
v 0.005968595 -0.021028323 0.020040845
v 0.005968597 -0.021028314 -0.020040851
v 0.005970554 -0.024025947 -0.010951591
v 0.005970736 -0.022460975 0.012600923
v 0.005972099 -0.02094903 -0.020085968
v 0.00597585 -0.021735337 0.019313036
v 0.005975851 -0.021735335 -0.019313037
v 0.005976025 -0.023252126 0.011569588
v 0.005976269 -0.022308884 -0.012885609
v 0.005979537 -0.029265769 -0.009223003
v 0.005983472 -0.020952381 0.020083232
v 0.005984231 -0.024920097 0.010486064
v 0.005984795 -0.02168352 0.019397656
v 0.005984796 -0.021683518 -0.019397659
v 0.0059851 -0.020185983 0.020407226
v 0.005985106 -0.020185966 -0.020407232
v 0.005987843 -0.024022885 0.010943379
v 0.005989782 -0.029265266 0.009213779
v 0.005993464 -0.021627605 0.019479677
v 0.005993465 -0.021627603 -0.019479681
v 0.005993484 -0.023022117 -0.011801651
v 0.005995172 -0.022303084 0.012881525
v 0.005996415 -0.020151064 -0.020418042
v 0.005997512 -0.022172011 -0.013176518
v 0.006001837 -0.021567745 0.019558908
v 0.006001838 -0.021567741 -0.019558914
v 0.006002893 -0.020849764 0.020135807
v 0.006002938 -0.020849686 -0.020135846
v 0.006004369 -0.015129674 -0.0132
v 0.006005238 -0.015124565 -0.01340916
v 0.006007736 -0.015 0.012829449
v 0.006007835 -0.015109289 -0.01361784
v 0.006009778 -0.015131324 0.0118
v 0.006009895 -0.021504089 0.019635161
v 0.006009896 -0.021504086 -0.019635165
v 0.006010238 -0.035 0.007622372
v 0.006010636 -0.015126274 0.012007967
v 0.006011587 -0.023017339 0.01179532
v 0.006012145 -0.01508393 -0.013825562
v 0.006012334 -0.0237449 -0.011122775
v 0.006013201 -0.015111178 0.012215461
v 0.006013731 -0.024606097 -0.010603203
v 0.00601384 -0.015 -0.014235728
v 0.006015179 -0.035 -0.007614219
v 0.006015398 -0.022056712 -0.013476745
v 0.006016384 -0.022165921 0.013172969
v 0.006017458 -0.015086113 0.012422015
v 0.006017617 -0.021436788 0.019708242
v 0.006017619 -0.021436784 -0.019708248
v 0.006017818 -0.021831438 -0.019117258
v 0.006018153 -0.015048566 -0.014031852
v 0.006018715 -0.021831125 0.019117853
v 0.006019201 -0.020079402 -0.020439362
v 0.006019201 -0.020079402 0.020439362
v 0.006021603 -0.015 0.012843435
v 0.006023391 -0.015051163 0.012627163
v 0.006024223 -0.035 0.007596544
v 0.006024983 -0.021365995 0.019777965
v 0.006024985 -0.021365989 -0.01977797
v 0.006025842 -0.015003286 -0.014236236
v 0.0060264 -0.015 -0.014248281
v 0.006026502 -0.022804651 -0.012043579
v 0.006027182 -0.020609755 0.020247689
v 0.006027221 -0.020609677 -0.020247726
v 0.006027851 -0.035 -0.007588126
v 0.006027976 -0.020965366 0.020072095
v 0.006028027 -0.020965381 -0.020072082
v 0.006029564 -0.023741256 0.011114891
v 0.006029814 -0.021963736 -0.013784741
v 0.006030039 -0.024603967 0.010594058
v 0.006030986 -0.015006408 0.012830437
v 0.006031974 -0.021291859 0.019844135
v 0.006031976 -0.021291852 -0.019844141
v 0.006032073 -0.015 0.012854074
v 0.006034244 -0.022050368 0.013473753
v 0.006034359 -0.03338607 -0.008036181
v 0.006038569 -0.021214532 0.019906566
v 0.006038571 -0.021214524 -0.019906571
v 0.006040709 -0.021893447 -0.014098807
v 0.006044384 -0.033385195 0.008020936
v 0.006044556 -0.022799419 0.0120377
v 0.006044749 -0.021134164 0.019965064
v 0.006044751 -0.021134155 -0.019965069
v 0.006046684 -0.02182116 0.019136192
v 0.006048037 -0.021846147 -0.01441722
v 0.006048641 -0.021957185 0.013782325
v 0.006050492 -0.021050906 0.020019442
v 0.006050494 -0.021050896 -0.020019447
v 0.006050785 -0.025237437 -0.010331396
v 0.006051754 -0.021822149 -0.014738259
v 0.006052138 -0.023476768 -0.01131425
v 0.006052234 -0.021819053 -0.016670343
v 0.006052241 -0.021819003 -0.015382258
v 0.006055295 -0.020973237 0.020064918
v 0.006055296 -0.020973239 -0.020064918
v 0.006056732 -0.022605348 -0.012300995
v 0.006056859 -0.025237106 -0.010327457
v 0.006058338 -0.024298824 -0.010733601
v 0.006059521 -0.021886736 0.014096983
v 0.006066064 -0.025236594 0.010321449
v 0.006066842 -0.021839319 0.014415997
v 0.006068779 -0.020901231 0.020103039
v 0.006068827 -0.020901155 -0.020103078
v 0.006069313 -0.023472568 0.011306734
v 0.006070305 -0.020248558 0.020385507
v 0.006070311 -0.020248542 -0.020385513
v 0.006070556 -0.02181525 0.014737646
v 0.006070937 -0.020512236 0.02028661
v 0.006070965 -0.020512175 -0.020286638
v 0.006071037 -0.021812137 0.01667341
v 0.006071044 -0.021812085 0.015382872
v 0.006074588 -0.024296055 0.010724717
v 0.006074743 -0.022599697 0.012295603
v 0.006076339 -0.035 0.007486995
v 0.006078219 -0.019997966 -0.020462921
v 0.006078433 -0.019997828 0.020462962
v 0.006080519 -0.035 -0.007479329
v 0.006080614 -0.021808652 -0.019158013
v 0.006084024 -0.022425249 -0.012572494
v 0.006086915 -0.021793641 0.019188274
v 0.006086917 -0.021793641 -0.019188276
v 0.006088874 -0.035 0.000529488
v 0.00608896 -0.035 0.00746055
v 0.006089768 -0.023222959 -0.011524887
v 0.006091018 -0.029259473 -0.009117938
v 0.006091828 -0.035 -0.007452717
v 0.006092502 -0.035 0.000529923
v 0.006096198 -0.035 -0.00053033
v 0.006096198 -0.035 0.00053033
v 0.00609721 -0.024909876 -0.010417329
v 0.006100814 -0.015 -0.014337411
v 0.006100884 -0.021748377 0.019273011
v 0.006100886 -0.021748375 -0.019273015
v 0.006101193 -0.020665865 0.02021734
v 0.006101235 -0.020665789 -0.02021738
v 0.00610144 -0.029258789 0.009107561
v 0.006101445 -0.024001438 -0.010886033
v 0.006101997 -0.022419214 0.012567621
v 0.006103727 -0.035 0.000531057
v 0.006104902 -0.015 0.012942077
v 0.006106891 -0.023218226 0.01151778
v 0.006107666 -0.020142907 -0.020418806
v 0.006107672 -0.020142963 0.020418979
v 0.00610825 -0.022265248 -0.012856531
v 0.006112222 -0.021796579 0.019177925
v 0.006112429 -0.024908166 0.01040763
v 0.006112764 -0.021796368 -0.019178264
v 0.006113686 -0.020412246 0.020324113
v 0.006113703 -0.020412207 -0.020324131
v 0.006114486 -0.021699043 0.019355528
v 0.006114488 -0.021699041 -0.019355532
v 0.006114857 -0.033378281 -0.007907686
v 0.006117641 -0.023998044 0.010877457
v 0.006118965 -0.015167038 -0.0132
v 0.006118965 -0.015167038 0.0118
v 0.006124505 -0.033377219 0.007891275
v 0.006125026 -0.022984859 -0.011753548
v 0.006125539 -0.021154491 0.019941017
v 0.006125541 -0.021154482 -0.019941023
v 0.00612619 -0.02225887 0.012852205
v 0.006127693 -0.021645779 0.01943565
v 0.006127696 -0.021645775 -0.019435653
v 0.006129283 -0.022126244 -0.013151572
v 0.006130755 -0.019912504 -0.020487646
v 0.006131104 -0.019912271 0.020487713
v 0.006132883 -0.021072984 0.019995535
v 0.006132885 -0.021072974 -0.01999554
v 0.006133937 -0.025232449 -0.01027568
v 0.006133937 -0.025232449 0.01027568
v 0.006135024 -0.035 0.007349659
v 0.006138515 -0.035 -0.007342517
v 0.006139046 -0.020996913 -0.020041278
v 0.006140476 -0.021588719 0.019513195
v 0.006140478 -0.021588715 -0.019513199
v 0.006142102 -0.022979625 0.011746889
v 0.006142653 -0.024588745 -0.010526936
v 0.00614282 -0.023715604 -0.011059927
v 0.00614626 -0.035 0.007322691
v 0.00614699 -0.022009144 -0.013456091
v 0.006147193 -0.022119565 0.013147817
v 0.006148449 -0.035 -0.007315478
v 0.006152805 -0.021528 0.01958799
v 0.006152808 -0.021527994 -0.019587994
v 0.006153359 -0.015173811 -0.013410819
v 0.006155387 -0.020309862 0.020360051
v 0.006155392 -0.020309843 -0.020360058
v 0.006155919 -0.015158451 -0.013621157
v 0.006157718 -0.022763852 -0.011999112
v 0.006157821 -0.024586363 0.010517471
v 0.006158964 -0.023711612 0.011051702
v 0.006159635 -0.015176152 0.012009642
v 0.006160168 -0.015132949 -0.013830537
v 0.006161264 -0.021914713 -0.013768518
v 0.006162163 -0.01516097 0.012218811
v 0.006164653 -0.021463759 0.019659856
v 0.006164656 -0.021463756 -0.01965986
v 0.006164878 -0.022002203 0.01345293
v 0.006166091 -0.015097383 -0.014038485
v 0.006166359 -0.015135762 0.01242704
v 0.00617205 -0.021843322 -0.014087121
v 0.006172209 -0.015100608 0.012633861
v 0.006173673 -0.01505184 -0.014244525
v 0.00617475 -0.022758149 0.011992937
v 0.006174965 -0.020720644 0.020184107
v 0.00617501 -0.020720568 -0.020184144
v 0.006175988 -0.021396136 0.019728616
v 0.006175991 -0.02139613 -0.01972862
v 0.006176696 -0.019823536 -0.020513384
v 0.006177085 -0.025229473 -0.010245197
v 0.00617711 -0.019823244 0.020513469
v 0.006179133 -0.021907559 0.013765969
v 0.006179307 -0.021795278 -0.014410147
v 0.006179696 -0.015055587 0.012838809
v 0.006182241 -0.023442892 -0.011254468
v 0.006182298 -0.015 -0.014434966
v 0.006182988 -0.0217709 -0.014735844
v 0.006183463 -0.021767756 -0.016695986
v 0.00618347 -0.021767704 -0.015389196
v 0.00618628 -0.035 0.007210941
v 0.00618642 -0.015 0.013041255
v 0.006186784 -0.021325264 0.019794092
v 0.006186787 -0.021325259 -0.019794097
v 0.00618685 -0.024275955 -0.01065957
v 0.006187651 -0.022561289 -0.012260435
v 0.00618785 -0.015 0.013042723
v 0.006188334 -0.033369374 -0.007776244
v 0.006188807 -0.015000785 0.013041416
v 0.006188937 -0.015 0.013043847
v 0.006189156 -0.035 -0.007204351
v 0.006189907 -0.021836 0.0140852
v 0.006191069 -0.025228448 0.010235077
v 0.006191151 -0.025228443 0.010235017
v 0.00619229 -0.015 -0.014448978
v 0.00619595 -0.020205127 -0.02039429
v 0.006196002 -0.020205259 0.020394605
v 0.00619612 -0.035 0.007183543
v 0.006197009 -0.021251284 0.019856108
v 0.006197012 -0.021251276 -0.019856114
v 0.006197038 -0.029251665 -0.009007461
v 0.006197156 -0.021787837 0.014408864
v 0.006197501 -0.033368118 0.007758703
v 0.006197711 -0.035 -0.007176977
v 0.006198336 -0.023438325 0.011246638
v 0.006199782 -0.021000335 0.020030474
v 0.006199835 -0.02100026 -0.020030513
v 0.006200834 -0.021763386 0.014735208
v 0.006201311 -0.021760223 0.016699251
v 0.006201318 -0.021760171 0.01538986
v 0.006201968 -0.024272915 0.010650389
v 0.006203836 -0.021759242 -0.019233434
v 0.006204644 -0.022555156 0.012254777
v 0.006206636 -0.021174328 0.019914487
v 0.006206639 -0.021174319 -0.019914493
v 0.006207529 -0.029250786 0.008995906
v 0.006212181 -0.021755664 0.01923833
v 0.006214678 -0.022378236 -0.01253609
v 0.006215635 -0.021094535 0.019969052
v 0.006215638 -0.021094527 -0.019969057
v 0.006215925 -0.019731581 -0.020539988
v 0.006216343 -0.019731263 0.020540079
v 0.00621704 -0.021018362 0.020016987
v 0.006219513 -0.023184732 -0.011468511
v 0.006222112 -0.021019736 -0.020015331
v 0.006223119 -0.024895711 -0.010332758
v 0.00622321 -0.021020034 0.02001497
v 0.006226255 -0.02062599 0.020223293
v 0.006226288 -0.02062593 -0.020223321
v 0.006228943 -0.021021586 -0.020013083
v 0.006229567 -0.023973219 -0.010814642
v 0.006230152 -0.035 0.007071401
v 0.006231636 -0.022371706 0.012530982
v 0.006231728 -0.021747166 -0.019249696
v 0.006232486 -0.035 -0.007065385
v 0.006235562 -0.023179619 0.011461116
v 0.006237165 -0.024893798 0.010322823
v 0.006238592 -0.035 0.00704367
v 0.00623867 -0.022215601 -0.012824503
v 0.006239665 -0.035 -0.007037768
v 0.006243814 -0.021713721 0.019305991
v 0.006243817 -0.021713719 -0.019305995
v 0.006244637 -0.023969542 0.010805788
v 0.006248164 -0.021739895 -0.019259142
v 0.006248326 -0.019637158 -0.020567305
v 0.006248471 -0.020773962 -0.020148071
v 0.006248697 -0.019636841 0.020567397
v 0.006254439 -0.022942536 -0.011700899
v 0.006254656 -0.033359405 -0.007642417
v 0.006255597 -0.022208717 0.012819973
v 0.006259499 -0.022074303 -0.013124114
v 0.006261649 -0.021662964 0.019383892
v 0.006261652 -0.021662962 -0.019383896
v 0.006263242 -0.033357948 0.007623794
v 0.006265125 -0.020111067 -0.02042144
v 0.006265406 -0.020111024 0.020421807
v 0.006266739 -0.035 0.006931582
v 0.006268183 -0.024568502 -0.010444439
v 0.006268601 -0.035 -0.006926156
v 0.006270445 -0.02293691 0.011693978
v 0.00627057 -0.023682237 -0.010991564
v 0.006271363 -0.015 0.013142998
v 0.006273782 -0.035 0.006903612
v 0.006273784 -0.019540787 -0.020595185
v 0.006274066 -0.019540492 0.020595269
v 0.006274416 -0.035 -0.006898385
v 0.006276217 -0.020528544 0.02026137
v 0.006276235 -0.020528505 -0.020261388
v 0.0062764 -0.022067107 0.013120187
v 0.006277037 -0.021955263 -0.013433373
v 0.006278942 -0.021608559 0.019459425
v 0.006278946 -0.021608556 -0.019459428
v 0.006282186 -0.024565903 0.010434756
v 0.006285595 -0.023677949 0.010983082
v 0.006286824 -0.02271772 -0.011950492
v 0.006287913 -0.021193655 0.019885404
v 0.006287917 -0.021193646 -0.01988541
v 0.006291174 -0.021859268 -0.013750682
v 0.006292183 -0.019442987 -0.020623479
v 0.006292331 -0.021719761 0.019284023
v 0.006292344 -0.019442732 0.020623554
v 0.006292547 -0.021719661 -0.019284144
v 0.006293917 -0.021947803 0.01343007
v 0.006295657 -0.021550629 0.019532425
v 0.006295661 -0.021550626 -0.019532429
v 0.006296182 -0.035 0.006792005
v 0.006297194 -0.02924238 -0.008892016
v 0.006297643 -0.035 -0.006787177
v 0.006298619 -0.021115541 0.019939916
v 0.006298622 -0.021115532 -0.019939922
v 0.006300616 -0.015231485 -0.013412898
v 0.006301841 -0.035 0.006763887
v 0.006301858 -0.021786692 -0.014074277
v 0.006302113 -0.035 -0.00675934
v 0.006302792 -0.022711614 0.01194408
v 0.006303139 -0.015216006 -0.013625314
v 0.006303408 -0.019344276 -0.020652037
v 0.006303423 -0.019344073 0.020652095
v 0.006306896 -0.015239683 0.0118
v 0.006307329 -0.015190301 -0.01383677
v 0.006307644 -0.02924129 0.00887927
v 0.006307656 -0.021042578 0.019985922
v 0.006307659 -0.021042578 -0.01998592
v 0.00630773 -0.015234566 0.01201174
v 0.006308038 -0.021851588 0.013748021
v 0.006309045 -0.021737849 -0.014402374
v 0.006309641 -0.023404604 -0.011189513
v 0.006310223 -0.015219264 0.012223008
v 0.006311756 -0.021489298 0.019602729
v 0.00631176 -0.021489294 -0.019602735
v 0.006312017 -0.024249794 -0.010579583
v 0.006312691 -0.021713065 -0.014733192
v 0.006313161 -0.021709869 -0.016724158
v 0.006313168 -0.015154452 -0.014046787
v 0.006313169 -0.021709815 -0.015396818
v 0.006313748 -0.033348441 -0.007506773
v 0.006314359 -0.015193853 0.012433331
v 0.006316479 -0.022511659 -0.012216127
v 0.006318672 -0.035 0.006653158
v 0.00631871 -0.021778841 0.014072275
v 0.006319798 -0.035 -0.00664893
v 0.006320126 -0.015158411 0.012642242
v 0.006320644 -0.01510854 -0.01425489
v 0.006321491 -0.020825995 0.020109165
v 0.006321541 -0.020825921 -0.020109203
v 0.00632166 -0.033346783 0.007487123
v 0.006322949 -0.035 -0.006621112
v 0.006322966 -0.035 0.006624984
v 0.006324623 -0.023399731 0.011181446
v 0.006324759 -0.020428386 0.020298179
v 0.006324763 -0.020428369 -0.020298187
v 0.006325891 -0.021729875 0.014401041
v 0.006325978 -0.024246531 0.010570198
v 0.006326749 -0.020012477 -0.020449892
v 0.006327174 -0.02001231 0.020450301
v 0.006327202 -0.021424692 0.019670174
v 0.006327205 -0.021424687 -0.019670179
v 0.006327508 -0.015113019 0.012849271
v 0.006329535 -0.021705016 0.014732535
v 0.006329739 -0.015052649 -0.014460604
v 0.006330007 -0.021701802 0.016727585
v 0.006330014 -0.021701749 0.015397522
v 0.006332412 -0.022505112 0.012210258
v 0.006334436 -0.035 0.006515499
v 0.006335291 -0.035 -0.006511868
v 0.006336491 -0.015057761 0.013053952
v 0.006337154 -0.035 -0.006484149
v 0.006337391 -0.035 0.006487356
v 0.006338302 -0.015 -0.014622955
v 0.006338786 -0.025215739 -0.010120558
v 0.006338786 -0.025215739 0.010120558
v 0.006341266 -0.035 0.006373155
v 0.006341957 -0.021356933 0.019734593
v 0.00634196 -0.021356925 -0.019734597
v 0.006343256 -0.022325436 -0.012496354
v 0.006344376 -0.035 -0.006376407
v 0.006344988 -0.035 -0.006348864
v 0.006345048 -0.024879096 -0.010241955
v 0.006345875 -0.015 0.013233228
v 0.006346584 -0.023141779 -0.011407319
v 0.006347338 -0.035 -0.006235702
v 0.006347338 -0.035 -0.00594251
v 0.006347338 -0.035 -0.00564216
v 0.006347338 -0.035 -0.005638142
v 0.006347338 -0.035 -0.005633323
v 0.006347338 -0.035 -0.005627724
v 0.006347338 -0.035 -0.005621377
v 0.006347338 -0.035 -0.005614317
v 0.006347338 -0.035 -0.005606592
v 0.006347338 -0.035 -0.005598252
v 0.006347338 -0.035 -0.005589359
v 0.006347338 -0.035 -0.00557998
v 0.006347338 -0.035 -0.005570188
v 0.006347338 -0.035 -0.005560063
v 0.006347338 -0.035 -0.005549692
v 0.006347338 -0.035 -0.005539165
v 0.006347338 -0.035 -0.005528575
v 0.006347338 -0.035 -0.004179433
v 0.006347338 -0.035 -0.004148063
v 0.006347338 -0.035 -0.003788672
v 0.006347338 -0.035 -0.00375075
v 0.006347338 -0.035 -0.00371317
v 0.006347338 -0.035 -0.000717729
v 0.006347338 -0.035 -0.000714606
v 0.006347338 -0.035 -0.000711475
v 0.006347338 -0.035 -0.000708346
v 0.006347338 -0.035 -0.000699665
v 0.006347338 -0.035 -0.000685386
v 0.006347338 -0.035 -0.000665509
v 0.006347338 -0.035 -0.000640088
v 0.006347338 -0.035 -0.000609231
v 0.006347338 -0.035 -0.000573106
v 0.006347338 -0.035 -0.000554579
v 0.006347338 -0.035 0.000554579
v 0.006347338 -0.035 0.000574935
v 0.006347338 -0.035 0.000615408
v 0.006347338 -0.035 0.000650864
v 0.006347338 -0.035 0.000681087
v 0.006347338 -0.035 0.004185687
v 0.006347338 -0.035 0.004196522
v 0.006347338 -0.035 0.00420424
v 0.006347338 -0.035 0.004208814
v 0.006347338 -0.035 0.00421024
v 0.006347338 -0.035 0.005208059
v 0.006347338 -0.035 0.005208678
v 0.006347338 -0.035 0.005232354
v 0.006347338 -0.035 0.005446435
v 0.006347338 -0.035 0.005892917
v 0.006347338 -0.035 0.006223683
v 0.006349633 -0.034978345 -0.000574533
v 0.006349633 -0.034978345 0.000574533
v 0.006352675 -0.015259623 -0.0132
v 0.006352675 -0.015259623 0.0118
v 0.006354386 -0.023941334 -0.010737585
v 0.006354634 -0.015 0.013245376
v 0.006355102 -0.034926724 -0.000614364
v 0.006355102 -0.034926724 0.000614364
v 0.006355983 -0.021286145 0.019795822
v 0.006355987 -0.021286137 -0.019795828
v 0.006356954 -0.020584499 -0.020225009
v 0.006357909 -0.024877012 0.010231888
v 0.006359158 -0.022318486 0.012491059
v 0.006360917 -0.03487185 -0.000649519
v 0.006360917 -0.03487185 0.000649519
v 0.006361189 -0.021056538 0.019966083
v 0.006361226 -0.02105655 -0.01996607
v 0.006361527 -0.023136351 0.011399709
v 0.006363536 -0.015 0.013257798
v 0.006365592 -0.033336546 -0.00736987
v 0.006367028 -0.022159979 -0.01278957
v 0.006367032 -0.034814138 -0.000679731
v 0.006367032 -0.034814138 0.000679731
v 0.006368306 -0.023937425 0.010728545
v 0.006369244 -0.021212453 0.019853698
v 0.006369248 -0.021212446 -0.019853702
v 0.006370397 -0.015 -0.014667038
v 0.006371696 -0.020325545 -0.020333599
v 0.006371784 -0.020325771 0.020334141
v 0.006372745 -0.033334687 0.00734926
v 0.006373265 -0.021680588 0.019327741
v 0.006373402 -0.034754027 -0.000704769
v 0.006373402 -0.034754027 0.000704769
v 0.006378816 -0.02167779 -0.019330651
v 0.006379545 -0.021677421 0.019331032
v 0.006379977 -0.034691971 -0.000724444
v 0.006379977 -0.034691971 0.000724444
v 0.006380152 -0.020734036 0.020147651
v 0.006380704 -0.019909933 -0.020479485
v 0.006381199 -0.019909685 0.020479925
v 0.006381205 -0.022895204 -0.011643806
v 0.006381701 -0.021135982 0.019908056
v 0.006381705 -0.021135973 -0.019908061
v 0.006382903 -0.022152668 0.012784878
v 0.006386708 -0.034628451 -0.000738606
v 0.006386708 -0.034628451 0.000738606
v 0.006387667 -0.022016225 -0.013094185
v 0.006389789 -0.024545407 -0.01035595
v 0.006391129 -0.029231662 -0.00877208
v 0.006392246 -0.021064524 0.019954054
v 0.006392249 -0.021064524 -0.019954054
v 0.006393543 -0.03456394 -0.000747146
v 0.006393543 -0.03456394 0.000747146
v 0.006395058 -0.023644852 -0.010917851
v 0.006396111 -0.022889255 0.011636688
v 0.006400431 -0.034498937 -0.00075
v 0.006400431 -0.034498937 0.00075
v 0.006400726 -0.021666607 -0.019342026
v 0.006401079 -0.021666426 0.019342206
v 0.006401428 -0.029230351 0.008758144
v 0.006402615 -0.024542633 0.010346147
v 0.006403519 -0.022008598 0.01309012
v 0.006405046 -0.021895114 -0.013408623
v 0.006407319 -0.034433935 -0.000747146
v 0.006407319 -0.034433935 0.000747146
v 0.006408941 -0.023640323 0.010909198
v 0.006410224 -0.033323798 -0.007232256
v 0.00641331 -0.022666318 -0.011897813
v 0.006414154 -0.034369428 -0.000738606
v 0.006414154 -0.034369428 0.000738606
v 0.006416291 -0.021658525 -0.019349998
v 0.006416449 -0.021627193 0.019397132
v 0.006416453 -0.02162719 -0.019397134
v 0.006416542 -0.033321738 0.007210758
v 0.00641681 -0.019351693 -0.020647587
v 0.006416834 -0.019351548 0.020647844
v 0.006417049 -0.02520749 -0.010053764
v 0.006419055 -0.021797448 -0.013731257
v 0.006420879 -0.021887217 0.013405207
v 0.006420885 -0.034305904 -0.000724444
v 0.006420885 -0.034305904 0.000724444
v 0.006426875 -0.019804005 -0.020510053
v 0.006427377 -0.01980372 0.020510513
v 0.00642746 -0.034243852 -0.000704769
v 0.00642746 -0.034243852 0.000704769
v 0.006428182 -0.022659881 0.011891224
v 0.00642872 -0.025206162 0.010043409
v 0.006429642 -0.021723608 -0.014060294
v 0.006433311 -0.024220401 -0.010493866
v 0.006433818 -0.023361973 -0.011119538
v 0.00643383 -0.034183741 -0.000679731
v 0.00643383 -0.034183741 0.000679731
v 0.006434874 -0.021789327 0.013728509
v 0.006436765 -0.021673912 -0.014393914
v 0.006437161 -0.020639015 0.020185351
v 0.006437181 -0.020638976 -0.02018537
v 0.006437627 -0.021571893 0.019467983
v 0.006437631 -0.02157189 -0.019467987
v 0.006438031 -0.015 0.013347729
v 0.006439945 -0.034126025 -0.000649519
v 0.006439945 -0.034126025 0.000649519
v 0.006440202 -0.021076687 0.019934714
v 0.006440378 -0.021648694 -0.014730304
v 0.006440844 -0.021645442 -0.016754819
v 0.006440852 -0.021645388 -0.015405113
v 0.006442711 -0.022456523 -0.012168159
v 0.006444586 -0.021077789 -0.019932898
v 0.006445451 -0.021715311 0.014058227
v 0.006445484 -0.01530288 -0.0132
v 0.00644576 -0.034071151 -0.000614364
v 0.00644576 -0.034071151 0.000614364
v 0.006446104 -0.024216957 0.010484373
v 0.006446317 -0.015297651 -0.013415406
v 0.006447664 -0.023356853 0.011111315
v 0.006447732 -0.033310272 -0.007094456
v 0.006448805 -0.015282015 -0.013630326
v 0.006450501 -0.021230707 0.019819295
v 0.006450505 -0.021230699 -0.019819299
v 0.006450963 -0.020218894 -0.020364197
v 0.00645123 -0.03401953 -0.000574533
v 0.00645123 -0.03401953 0.000574533
v 0.006451294 -0.020218911 0.020364802
v 0.006452568 -0.021665493 0.01439254
v 0.006452936 -0.015256049 -0.013844281
v 0.006453146 -0.033308014 0.00707215
v 0.006453394 -0.015306747 0.0118
v 0.006454216 -0.015301577 0.012014271
v 0.00645618 -0.0216402 0.01472963
v 0.006456313 -0.033971559 -0.00053033
v 0.006456313 -0.033971559 0.00053033
v 0.006456648 -0.021636928 0.016758369
v 0.006456655 -0.021636873 0.015405847
v 0.006456673 -0.015286117 0.012228064
v 0.006457552 -0.022449639 0.012162133
v 0.006458067 -0.021513309 0.019536363
v 0.006458072 -0.021513306 -0.019536367
v 0.006458695 -0.015219831 -0.014056786
v 0.006459013 -0.020383656 -0.020297512
v 0.006460752 -0.015260442 0.012440909
v 0.00646097 -0.033927605 -0.000482091
v 0.00646097 -0.033927605 0.000482091
v 0.006462464 -0.021633862 0.019373124
v 0.006462479 -0.024860075 -0.010145216
v 0.006464751 -0.021155836 0.019873396
v 0.006464756 -0.021155829 -0.019873401
v 0.006465148 -0.019695269 -0.020541433
v 0.006465167 -0.033887994 -0.000430182
v 0.006465167 -0.033887994 0.000430182
v 0.006465603 -0.019694984 0.020541901
v 0.006466067 -0.015173443 -0.014267365
v 0.006466153 -0.020925403 0.020023251
v 0.006466208 -0.020925332 -0.020023288
v 0.006466439 -0.015224629 0.01265233
v 0.006468872 -0.033853035 -0.000375
v 0.006468872 -0.033853035 0.000375
v 0.006469259 -0.022266923 -0.012453365
v 0.006470468 -0.023094183 -0.011341455
v 0.006472055 -0.033822991 -0.000316964
v 0.006472055 -0.033822991 0.000316964
v 0.006473719 -0.01517876 0.012861857
v 0.006474154 -0.024857851 0.010135122
v 0.006474693 -0.033798091 -0.000256515
v 0.006474693 -0.033798091 0.000256515
v 0.006475037 -0.015116969 -0.014475537
v 0.006475382 -0.023905857 -0.010655083
v 0.006476767 -0.033778526 -0.000194114
v 0.006476767 -0.033778526 0.000194114
v 0.006477726 -0.021451555 0.019602118
v 0.006477731 -0.02145155 -0.019602122
v 0.00647825 -0.033296045 -0.006956977
v 0.006478259 -0.033764444 -0.000130236
v 0.006478259 -0.033764444 0.000130236
v 0.006478538 -0.029219564 -0.008648163
v 0.006479159 -0.033755951 -6.5367e-05
v 0.006479159 -0.033755951 6.5367e-05
v 0.006479459 -0.033753112 0.0
v 0.006482577 -0.015122916 0.01306902
v 0.006482703 -0.033293594 0.006933946
v 0.006484074 -0.022259632 0.012447933
v 0.006484282 -0.023088505 0.011333703
v 0.00648559 -0.015050498 -0.014680827
v 0.006488142 -0.023901766 0.010645946
v 0.006488576 -0.029218024 0.00863305
v 0.006492376 -0.020541029 0.020222103
v 0.006492829 -0.022098463 -0.012751798
v 0.006492998 -0.015057182 0.013273349
v 0.006493603 -0.015 -0.014814329
v 0.006495405 -0.019584298 -0.02057346
v 0.006495771 -0.019584049 0.020573925
v 0.006496558 -0.021386743 0.019665098
v 0.006496563 -0.021386737 -0.019665102
v 0.006498501 -0.033573408 -0.006376593
v 0.006501954 -0.0332812 -0.006820292
v 0.006502059 -0.015 0.013425531
v 0.006504818 -0.022842953 -0.011582404
v 0.006505398 -0.033278558 0.006796623
v 0.006506959 -0.024519522 -0.010261755
v 0.00650762 -0.022090808 0.012746987
v 0.006513294 -0.021952098 -0.013061841
v 0.006514517 -0.021318985 0.019725149
v 0.006514522 -0.021318978 -0.019725153
v 0.006515772 -0.023603538 -0.010838994
v 0.006516821 -0.020691877 -0.020142525
v 0.006517532 -0.019471666 -0.020605966
v 0.006517774 -0.019471481 0.020606419
v 0.006518601 -0.022836749 0.01157516
v 0.006518607 -0.024516612 0.010251933
v 0.006519061 -0.03326581 -0.006684844
v 0.006521296 -0.015 0.013451987
v 0.006521457 -0.03326299 0.006660627
v 0.006521611 -0.020107212 -0.020396234
v 0.006522096 -0.020107074 0.020396894
v 0.006528066 -0.021944124 0.013057675
v 0.0065285 -0.023598827 0.010830255
v 0.006529578 -0.021596128 0.019405337
v 0.006529694 -0.025193529 -0.009949192
v 0.006529694 -0.025193529 0.009949192
v 0.006529816 -0.033249956 -0.006551042
v 0.006530527 -0.021828787 -0.013381888
v 0.006531413 -0.019357944 -0.020638792
v 0.006531509 -0.019357855 0.020639218
v 0.006531558 -0.021248395 0.019782122
v 0.006531563 -0.021248387 -0.019782128
v 0.006534495 -0.033233717 0.006419258
v 0.006536673 -0.022609746 -0.0118412
v 0.006541805 -0.015 0.013480363
v 0.006544236 -0.021587582 -0.019412151
v 0.006544418 -0.021729346 -0.013710284
v 0.006544653 -0.021587338 0.019412342
v 0.006545282 -0.02182054 0.013378389
v 0.006545521 -0.020440089 -0.020257812
v 0.00654563 -0.02044037 0.020258494
v 0.006547637 -0.021175085 0.019835865
v 0.006547642 -0.021175077 -0.019835869
v 0.006550076 -0.015 -0.014891238
v 0.00655023 -0.024187855 -0.010402693
v 0.006550428 -0.022603054 0.011834498
v 0.006554264 -0.023315102 -0.01104474
v 0.006554917 -0.021654164 -0.014045199
v 0.006559161 -0.021720873 0.013707469
v 0.006559173 -0.029206157 -0.008520796
v 0.006561313 -0.02110653 0.019881565
v 0.006561317 -0.02110653 -0.019881563
v 0.006561852 -0.024184279 0.010393189
v 0.00656198 -0.021603566 -0.014384784
v 0.006565563 -0.021577887 -0.014727188
v 0.006565847 -0.022395993 -0.012116643
v 0.006566026 -0.021574575 -0.016787907
v 0.006566033 -0.021574521 -0.015414065
v 0.006566964 -0.023309801 0.011036442
v 0.006568843 -0.029204376 0.00850453
v 0.006569651 -0.021645514 0.014043084
v 0.006574926 -0.024838706 -0.010042886
v 0.00657671 -0.021594791 0.014383378
v 0.006577814 -0.015371447 -0.0132
v 0.006577814 -0.015371447 0.0118
v 0.006579575 -0.022388851 0.012110517
v 0.006580293 -0.021569038 0.014726501
v 0.006580757 -0.021565707 0.016791545
v 0.006580764 -0.021565652 0.015414818
v 0.006581113 -0.021565588 -0.019428933
v 0.006583524 -0.019991126 -0.020429533
v 0.006584085 -0.019990887 0.020430233
v 0.006585425 -0.02483638 0.010032867
v 0.006589749 -0.015372299 -0.013418344
v 0.006590665 -0.02304206 -0.011271104
v 0.00659206 -0.023866886 -0.010567398
v 0.006592191 -0.022202816 -0.012407224
v 0.006592204 -0.015356469 -0.013636199
v 0.006593574 -0.021557992 -0.019434489
v 0.006594909 -0.021557173 0.019435082
v 0.006595757 -0.020743174 0.020096516
v 0.006595778 -0.020743137 -0.020096537
v 0.00659628 -0.015330178 -0.013853077
v 0.006598366 -0.015377169 0.012017234
v 0.00660079 -0.015361514 0.012233987
v 0.006601961 -0.015293506 -0.014068494
v 0.006602728 -0.021535695 0.01946025
v 0.006602733 -0.021535691 -0.019460252
v 0.006603337 -0.023036201 0.011263286
v 0.006603657 -0.023862667 0.010558255
v 0.006604373 -0.015 0.013556669
v 0.006604814 -0.015335513 0.01244978
v 0.006605897 -0.022195267 0.012401704
v 0.006608343 -0.02101846 0.019926745
v 0.006608404 -0.021018391 -0.019926781
v 0.006609235 -0.015246533 -0.014281964
v 0.006610424 -0.015299244 0.012664137
v 0.006615581 -0.022031181 -0.012711278
v 0.006617606 -0.015252787 0.01287658
v 0.006618086 -0.015189345 -0.014493004
v 0.006619212 -0.024490932 -0.010162187
v 0.006623531 -0.021539388 0.019447604
v 0.006623602 -0.021539344 -0.019447636
v 0.006624782 -0.022785909 -0.011516863
v 0.006626347 -0.015196225 0.013086637
v 0.006626666 -0.021476617 0.019523926
v 0.006626671 -0.021476613 -0.019523928
v 0.006628499 -0.01512203 -0.014701135
v 0.006629267 -0.022023264 0.012706392
v 0.006629693 -0.024487928 0.010152444
v 0.006631576 -0.020495074 -0.020214345
v 0.00663222 -0.023558414 -0.010755244
v 0.006632843 -0.029191509 -0.008390527
v 0.006634754 -0.020320943 -0.020291708
v 0.006635119 -0.02032098 0.020292465
v 0.006635891 -0.021882055 -0.013027159
v 0.006636588 -0.019871265 -0.020463914
v 0.00663663 -0.015129643 0.01329383
v 0.006636826 -0.02517765 -0.009839238
v 0.006637156 -0.019870978 0.020464642
v 0.006637429 -0.022779526 0.011509561
v 0.006640459 -0.015044675 -0.014905873
v 0.006642039 -0.029189486 0.008373144
v 0.006642905 -0.01936283 -0.020626094
v 0.006642983 -0.019362781 0.02062667
v 0.006643794 -0.02355358 0.010746506
v 0.006645484 -0.015 -0.021908854
v 0.006645484 -0.015 0.021908854
v 0.006646183 -0.025176128 0.009829093
v 0.006647363 -0.015 -0.015008703
v 0.00664844 -0.015053131 0.013497691
v 0.006649561 -0.021873821 0.013022931
v 0.006649653 -0.021414574 0.019585067
v 0.006649659 -0.021414571 -0.019585071
v 0.006651442 -0.021127932 0.0198378
v 0.006652993 -0.02175642 -0.013353232
v 0.00665473 -0.021128701 -0.019836131
v 0.006656423 -0.022548145 -0.011780811
v 0.006656637 -0.015 0.013620819
v 0.0066574 -0.020647259 0.020132316
v 0.006657403 -0.020647241 -0.020132327
v 0.006662296 -0.024152264 -0.010306386
v 0.00666665 -0.021747911 0.013349681
v 0.00666678 -0.021655105 -0.01368781
v 0.006669048 -0.022541273 0.011774059
v 0.006670495 -0.023264125 -0.010965354
v 0.006671637 -0.02134967 0.019643534
v 0.006671643 -0.021349665 -0.019643538
v 0.00667276 -0.024148604 0.010296964
v 0.006673865 -0.015 -0.02190828
v 0.00667387 -0.015 0.021908334
v 0.006673936 -0.020792734 0.020047437
v 0.0066772 -0.021578507 -0.014029029
v 0.006680427 -0.021646371 0.013684954
v 0.006680687 -0.019748257 -0.020499196
v 0.006680961 -0.021502336 0.019471785
v 0.006681207 -0.019747971 0.020499939
v 0.006681934 -0.024815071 -0.009935357
v 0.006682047 -0.023258707 0.01095706
v 0.006684211 -0.021526955 -0.014375003
v 0.006685401 -0.022330219 -0.012061721
v 0.006687254 -0.015 0.013662976
v 0.006687767 -0.021500792 -0.014723851
v 0.006688226 -0.021497419 -0.016823346
v 0.006688233 -0.021497363 -0.015423652
v 0.00669084 -0.021569597 0.014026882
v 0.006691283 -0.024812676 0.009925513
v 0.006692567 -0.021282006 0.019699188
v 0.006692573 -0.021281999 -0.019699192
v 0.006697847 -0.021517918 0.014373577
v 0.006698005 -0.022322901 0.012055553
v 0.006699411 -0.029175704 -0.008257911
v 0.006700855 -0.021489063 -0.019479863
v 0.006701403 -0.02149168 0.014723152
v 0.006701863 -0.021488288 0.016827032
v 0.006701871 -0.021488231 0.015424415
v 0.006703948 -0.023824554 -0.010474835
v 0.006705253 -0.025165981 -0.009762845
v 0.006705253 -0.025165981 0.009762845
v 0.006706693 -0.022985561 -0.011196485
v 0.006708035 -0.029173438 0.008239456
v 0.006708077 -0.021484189 0.019482756
v 0.006711571 -0.022133276 -0.012358056
v 0.00671239 -0.021211686 0.01975189
v 0.006712396 -0.021211678 -0.019751893
v 0.00671431 -0.020196268 -0.020327173
v 0.006714393 -0.023820261 0.010465776
v 0.006714837 -0.020196123 0.020327991
v 0.006715704 -0.019622728 -0.020535205
v 0.006716132 -0.01962249 0.020535948
v 0.006716511 -0.020548191 -0.020167457
v 0.006716621 -0.020548489 0.020168191
v 0.006718224 -0.022979589 0.011188676
v 0.006721535 -0.015 0.013710459
v 0.006724157 -0.022125551 0.012352501
v 0.006726101 -0.024459744 -0.010057623
v 0.006729322 -0.021145878 0.019796899
v 0.006729326 -0.021145878 -0.019796897
v 0.006729382 -0.015460708 -0.0132
v 0.006730192 -0.015455338 -0.013421712
v 0.006731299 -0.015 -0.01512313
v 0.006732616 -0.015439277 -0.013642929
v 0.006734807 -0.021958297 -0.012668122
v 0.006735438 -0.024456685 0.010048055
v 0.006735701 -0.025160361 -0.009727127
v 0.006736639 -0.0154126 -0.013863158
v 0.00673803 -0.02515992 -0.009724349
v 0.006738645 -0.01546656 0.0118
v 0.006739445 -0.015461247 0.01202063
v 0.006740621 -0.022724243 -0.011447388
v 0.006741525 -0.01949531 -0.020571759
v 0.006741827 -0.019495165 0.020572484
v 0.006741839 -0.01544536 0.012240773
v 0.006742249 -0.015375387 -0.014081907
v 0.006742297 -0.021460667 -0.019496186
v 0.006743937 -0.023509631 -0.010666889
v 0.006745811 -0.015418971 0.012459945
v 0.00674624 -0.025158351 0.009714499
v 0.006747377 -0.02195021 0.012663205
v 0.006747455 -0.02110476 0.019820035
v 0.006747521 -0.021104693 -0.019820066
v 0.006749431 -0.015327721 -0.014298683
v 0.006751242 -0.020840531 0.019995326
v 0.006751264 -0.020840494 -0.019995345
v 0.00675135 -0.01538216 0.01267766
v 0.006752133 -0.022717753 0.011440097
v 0.006754367 -0.023504732 0.010658236
v 0.006754984 -0.021806272 -0.012990235
v 0.006758034 -0.019366629 -0.02060868
v 0.00675817 -0.015269686 -0.014512999
v 0.006758188 -0.01936662 0.020609371
v 0.006758441 -0.015335006 0.012893437
v 0.006758803 -0.029158831 -0.008123504
v 0.006766762 -0.029156318 0.008104035
v 0.006767071 -0.015277593 0.013106795
v 0.006767541 -0.021797866 0.012985981
v 0.006768453 -0.015201371 -0.014724366
v 0.00676907 -0.024113761 -0.010205305
v 0.006769764 -0.015 0.013770266
v 0.006770816 -0.015 -0.021906126
v 0.006770821 -0.015 0.021906213
v 0.006771974 -0.021678194 -0.013322733
v 0.006772088 -0.022481693 -0.01171683
v 0.006776042 -0.021436781 0.019508965
v 0.006777225 -0.015210009 0.013317254
v 0.006778397 -0.024110064 0.010196058
v 0.006780103 -0.021433858 -0.01951047
v 0.006780263 -0.015122867 -0.0149323
v 0.006782052 -0.023209212 -0.01088165
v 0.006783097 -0.024789268 -0.00982306
v 0.006783583 -0.022474721 0.011710092
v 0.006784077 -0.020066747 -0.020364013
v 0.006784521 -0.021669516 0.013319161
v 0.006784681 -0.020066483 0.020364881
v 0.006785671 -0.021574911 -0.013663896
v 0.006788888 -0.015132342 0.013524337
v 0.006791328 -0.024786837 0.009813487
v 0.006792466 -0.02320374 0.010873443
v 0.006792801 -0.015501729 -0.0132
v 0.006792801 -0.015501729 0.0118
v 0.00679358 -0.015034297 -0.01513632
v 0.006796023 -0.021496827 -0.014011826
v 0.00679821 -0.021566009 0.013661023
v 0.006798734 -0.015 -0.015205897
v 0.006800909 -0.022259392 -0.012003561
v 0.006801052 -0.020600118 0.020117523
v 0.00680204 -0.01504471 0.013727572
v 0.006802988 -0.021444274 -0.0143646
v 0.006806522 -0.021417605 -0.014720302
v 0.006806978 -0.021414164 -0.01686104
v 0.006806985 -0.021414107 -0.01543385
v 0.006808557 -0.02148775 0.014009666
v 0.006808746 -0.015 0.013818906
v 0.00681061 -0.023779012 -0.010377736
v 0.006810996 -0.029140981 -0.007987858
v 0.006812387 -0.022251979 0.011997408
v 0.006814749 -0.021408508 0.019523045
v 0.006814753 -0.021408504 -0.019523047
v 0.00681552 -0.021435071 0.014363163
v 0.006815522 -0.020416707 -0.020204486
v 0.006815901 -0.020416724 0.020205304
v 0.006817214 -0.015 -0.02190331
v 0.006818099 -0.02292487 -0.01111785
v 0.006818206 -0.029138226 0.007967438
v 0.006818992 -0.020746531 -0.020029325
v 0.006819054 -0.021408327 0.014719595
v 0.006819511 -0.021404866 0.016864736
v 0.006819518 -0.02140481 0.01543461
v 0.006819927 -0.023774698 0.01036885
v 0.006826371 -0.02137807 0.019550418
v 0.006826378 -0.021378065 -0.019550422
v 0.006826936 -0.022058504 -0.012306013
v 0.006827222 -0.02442608 -0.009948476
v 0.00682758 -0.020886505 0.01994024
v 0.006828499 -0.022918856 0.011110124
v 0.006835449 -0.024423011 0.009939177
v 0.006838401 -0.02205069 0.012300473
v 0.006843938 -0.019933064 -0.020402035
v 0.006844549 -0.019932739 0.020402938
v 0.006847169 -0.021384085 0.019534351
v 0.006847942 -0.015 0.021900869
v 0.006849622 -0.021382209 0.019535189
v 0.006850046 -0.021880027 -0.012622458
v 0.006850183 -0.021172715 0.019727351
v 0.006850494 -0.023457363 -0.010574254
v 0.006851257 -0.02131314 0.01960432
v 0.006851264 -0.021313135 -0.019604323
v 0.006851812 -0.015 0.013878793
v 0.006851819 -0.021173071 -0.019726356
v 0.006851886 -0.022658153 -0.011374211
v 0.006856025 -0.029122252 -0.007851509
v 0.0068598 -0.023452461 0.01056577
v 0.0068615 -0.021871854 0.012617555
v 0.006862273 -0.02265163 0.011367002
v 0.006862408 -0.029119257 0.007830209
v 0.006864172 -0.025133301 -0.00956289
v 0.006864172 -0.025133301 0.00956289
v 0.006866124 -0.015552059 -0.0132
v 0.006866924 -0.015546598 -0.013425507
v 0.006867022 -0.019369051 -0.020588135
v 0.006867186 -0.019369069 0.020588918
v 0.006869319 -0.015530269 -0.01365051
v 0.006870115 -0.021724965 -0.01295118
v 0.00687015 -0.024072498 -0.010099847
v 0.006873296 -0.015503144 -0.01387451
v 0.006874906 -0.021245619 0.019655539
v 0.006874913 -0.021245612 -0.019655541
v 0.00687593 -0.015559035 0.0118
v 0.006876721 -0.015553634 0.012024455
v 0.006878052 -0.024761407 -0.009706462
v 0.006878374 -0.02406881 0.010090862
v 0.006878839 -0.015465306 -0.014097006
v 0.006879086 -0.015537476 0.012248414
v 0.006881558 -0.021716479 0.012946938
v 0.006883011 -0.015510638 0.012471386
v 0.006883224 -0.022410607 -0.011649472
v 0.006883749 -0.020649284 -0.020063058
v 0.006883836 -0.020649556 0.02006376
v 0.006885211 -0.024758976 0.009697251
v 0.006885937 -0.015416837 -0.014317499
v 0.006887014 -0.021594334 -0.013290484
v 0.006888485 -0.015473199 0.012692879
v 0.006888508 -0.023150561 -0.010793936
v 0.006893598 -0.022403613 0.011642812
v 0.006893777 -0.019795898 -0.020441048
v 0.006893972 -0.029102741 -0.007714978
v 0.006894312 -0.015 -0.021897968
v 0.006894338 -0.019795578 0.020441968
v 0.006894348 -0.015 0.021898129
v 0.006894575 -0.015357825 -0.014535493
v 0.006895178 -0.02118239 0.019699451
v 0.006895182 -0.021182392 -0.019699449
v 0.006895494 -0.01542524 0.012912403
v 0.006897805 -0.0231451 0.010785892
v 0.00689845 -0.021585582 0.01328692
v 0.006899461 -0.029099513 0.007692877
v 0.006900638 -0.021488996 -0.013638616
v 0.006902576 -0.015 0.013949793
v 0.006902854 -0.020930596 0.019882238
v 0.006902878 -0.020930558 -0.019882258
v 0.006903817 -0.020279206 -0.020243205
v 0.006904024 -0.015366846 0.013129468
v 0.006904364 -0.020279014 0.020244094
v 0.006904739 -0.015288358 -0.014750492
v 0.006910935 -0.021409357 -0.013993642
v 0.006911651 -0.023730442 -0.010276482
v 0.006911926 -0.022183742 -0.011942358
v 0.006912068 -0.021480022 0.013635749
v 0.006913926 -0.015 -0.015364463
v 0.00691406 -0.015298106 0.013343588
v 0.006916413 -0.015208528 -0.014962004
v 0.006917216 -0.025120288 -0.009487654
v 0.006917863 -0.021355759 -0.014353606
v 0.006918273 -0.021328045 -0.019557539
v 0.006919871 -0.02372616 0.010267851
v 0.006920206 -0.021326473 0.019558137
v 0.006921253 -0.025119247 -0.009481724
v 0.006921378 -0.021328561 -0.014716551
v 0.006921832 -0.021325052 -0.016900875
v 0.006921839 -0.021324994 -0.015444626
v 0.006922218 -0.024390088 -0.009835199
v 0.006922289 -0.022176316 0.011936276
v 0.006922362 -0.02140021 0.013991485
v 0.00692446 -0.022860207 -0.011035486
v 0.006924969 -0.029082546 -0.007578761
v 0.006925588 -0.015219109 0.013554277
v 0.006927353 -0.02511766 0.009472704
v 0.006929289 -0.021346487 0.014352168
v 0.006929379 -0.024387047 0.009826254
v 0.006929506 -0.029079093 0.007555941
v 0.006929577 -0.015118461 -0.015169539
v 0.006932805 -0.021319214 0.014715839
v 0.00693326 -0.021315686 0.016904542
v 0.006933267 -0.021315627 0.015445374
v 0.00693348 -0.019655937 -0.020480858
v 0.006933486 -0.015 0.013988991
v 0.006933749 -0.022854218 0.011027915
v 0.006933945 -0.019655677 0.020481778
v 0.00693598 -0.021313537 0.019562958
v 0.006936731 -0.029437654 0.006971254
v 0.006937847 -0.021978742 -0.012251267
v 0.006938589 -0.015129974 0.013761057
v 0.006939318 -0.015 -0.021893429
v 0.006944194 -0.015018385 -0.015372634
v 0.006946878 -0.015 -0.015405809
v 0.006948201 -0.021970922 0.012245792
v 0.006949187 -0.029061768 -0.007443325
v 0.006951496 -0.023401815 -0.010477697
v 0.006952724 -0.029058101 0.007419872
v 0.006953027 -0.015030924 0.013963466
v 0.006954997 -0.021261537 0.019602537
v 0.006957532 -0.015 0.014019667
v 0.006958159 -0.022587875 -0.011297596
v 0.006959713 -0.023396965 0.01046946
v 0.006960864 -0.02179662 -0.012574438
v 0.00696293 -0.019513858 -0.020521278
v 0.006963267 -0.019513721 0.020522173
v 0.006965183 -0.02402865 -0.009990442
v 0.006966116 -0.020697482 0.020006139
v 0.006966491 -0.024731617 -0.009586059
v 0.006966838 -0.029040504 -0.007309108
v 0.00696744 -0.022581393 0.011290533
v 0.006969336 -0.029036634 0.00728511
v 0.006971201 -0.015 0.021889278
v 0.00697121 -0.02178845 0.012569593
v 0.006972347 -0.024025017 0.009981804
v 0.006972633 -0.02472922 0.009577293
v 0.006976307 -0.020838352 -0.019913603
v 0.006978163 -0.029018851 -0.007176512
v 0.006979288 -0.021277089 0.019575585
v 0.006980851 -0.021638399 -0.012910122
v 0.00698128 -0.020136427 -0.020283408
v 0.006981906 -0.020136097 0.020284353
v 0.006982014 -0.019370347 -0.020562109
v 0.006982202 -0.019370388 0.02056296
v 0.006989138 -0.021268601 -0.019578328
v 0.006989414 -0.02233514 -0.011578978
v 0.006989473 -0.023088399 -0.010702547
v 0.006991191 -0.021629924 0.012905929
v 0.006992294 -0.020505683 -0.020103043
v 0.006992664 -0.020505641 0.020103838
v 0.006996125 -0.015649552 -0.0132
v 0.006996125 -0.015649552 0.0118
v 0.006997683 -0.021505112 -0.013256588
v 0.006997687 -0.023083011 0.010694738
v 0.006998689 -0.0223282 0.011572455
v 0.006999238 -0.015645832 -0.013429718
v 0.007001608 -0.015629195 -0.013658924
v 0.007005278 -0.025095725 -0.009350799
v 0.007005278 -0.025095725 0.009350799
v 0.007005542 -0.015601563 -0.013887107
v 0.007006719 -0.023679046 -0.010171478
v 0.007008018 -0.021496374 0.013253065
v 0.007009472 -0.015654067 0.012028697
v 0.00701078 -0.02435193 -0.009718264
v 0.007011028 -0.015563016 -0.01411376
v 0.007011252 -0.021397633 -0.013612051
v 0.007011811 -0.015637603 0.012256891
v 0.007013886 -0.023674846 0.010163182
v 0.007014211 -0.015 0.014099864
v 0.007015696 -0.015610255 0.012484078
v 0.007016155 -0.015 -0.021884579
v 0.007016185 -0.015 0.021884805
v 0.00701693 -0.024348954 0.009709756
v 0.007018042 -0.022103537 -0.011878328
v 0.007018052 -0.015513638 -0.01433837
v 0.007021113 -0.015572105 0.012709758
v 0.007021507 -0.021316379 -0.013974538
v 0.007021583 -0.02138868 0.013609214
v 0.007025391 -0.022791818 -0.010949704
v 0.0070266 -0.015453518 -0.014560436
v 0.00702731 -0.022096178 0.011872372
v 0.007028049 -0.015523233 0.012933431
v 0.007028408 -0.021261696 -0.014342055
v 0.007031837 -0.021307256 0.013972401
v 0.007031909 -0.021233946 -0.01471261
v 0.00703236 -0.021230366 -0.016942721
v 0.007032368 -0.021230306 -0.015455947
v 0.007033601 -0.022785923 0.010942358
v 0.00703649 -0.015463729 0.0131546
v 0.007036658 -0.015382747 -0.014779451
v 0.007038738 -0.02125245 0.014340626
v 0.00704224 -0.021224625 0.014711898
v 0.007042693 -0.021221027 0.016946321
v 0.0070427 -0.021220967 0.015456672
v 0.007043896 -0.021894267 -0.012194011
v 0.007046318 -0.0207428 -0.019945139
v 0.007046359 -0.020743003 0.019945726
v 0.007046423 -0.015393682 0.013372767
v 0.007046597 -0.023343217 -0.010377602
v 0.007047796 -0.019989103 -0.020324888
v 0.007048159 -0.024700042 -0.009462367
v 0.007048212 -0.015301419 -0.014994914
v 0.007048427 -0.019988708 0.020325871
v 0.007049832 -0.02101288 0.01975771
v 0.007049857 -0.021012845 -0.019757731
v 0.007050004 -0.021214174 0.019594282
v 0.007050016 -0.02121417 -0.019594284
v 0.00705316 -0.021886528 0.012188649
v 0.007053348 -0.024697708 0.009454123
v 0.007053766 -0.023338474 0.010369686
v 0.007053864 -0.023982406 -0.009877544
v 0.007057833 -0.015313182 0.013587439
v 0.007059057 -0.022513676 -0.011217831
v 0.007060022 -0.023978872 0.009869328
v 0.00706124 -0.015209663 -0.015206328
v 0.007062514 -0.015 -0.021878027
v 0.007064258 -0.015 -0.015570168
v 0.007066854 -0.021708367 -0.012524231
v 0.007067265 -0.022507304 0.011210979
v 0.0070707 -0.015222353 0.013798129
v 0.007072948 -0.028152119 -0.007196287
v 0.007075707 -0.015107709 -0.015413217
v 0.007076113 -0.021700287 0.012519485
v 0.007077103 -0.025072306 -0.009225499
v 0.007081377 -0.025070796 0.009217577
v 0.007084605 -0.023022976 -0.010607841
v 0.007084814 -0.015 0.014200316
v 0.00708499 -0.01512142 0.014004365
v 0.00708679 -0.021546872 -0.012867204
v 0.007087929 -0.019370377 -0.020534109
v 0.007088182 -0.019370429 0.020534985
v 0.007089099 -0.02035559 -0.020144831
v 0.007089642 -0.020355312 0.020145703
v 0.007090282 -0.022255573 -0.011505611
v 0.007090982 -0.015 -0.015607564
v 0.007091776 -0.023017721 0.01060034
v 0.007092608 -0.015 0.021872492
v 0.007092657 -0.024311777 -0.009598171
v 0.007094765 -0.015 0.014213287
v 0.007095512 -0.023625042 -0.010063157
v 0.007096045 -0.021538496 0.012863096
v 0.007097225 -0.015 -0.015617275
v 0.007097858 -0.024308905 0.009590171
v 0.007098488 -0.022248762 0.011499283
v 0.007100665 -0.015010635 0.014205684
v 0.007101677 -0.023620972 0.01005527
v 0.007102169 -0.015 0.014222995
v 0.00710325 -0.019837976 -0.020367442
v 0.007103578 -0.021410832 -0.013221165
v 0.007103827 -0.019837584 0.020368442
v 0.007112831 -0.021402201 0.013217712
v 0.007117112 -0.021301139 -0.013584292
v 0.007118881 -0.022019073 -0.011811708
v 0.007120549 -0.022719976 -0.010860839
v 0.007125661 -0.015758382 -0.0132
v 0.007126364 -0.021292297 0.013581509
v 0.007126447 -0.015752705 -0.013434334
v 0.007127085 -0.022011857 0.011805931
v 0.007127342 -0.02121821 -0.013954578
v 0.007127532 -0.025053537 -0.009128135
v 0.007127532 -0.025053537 0.009128135
v 0.007127722 -0.022714237 0.010853782
v 0.007128795 -0.015735727 -0.013668145
v 0.007132694 -0.015707528 -0.013900911
v 0.007134225 -0.021162404 -0.014329988
v 0.007135496 -0.023281813 -0.010274378
v 0.00713594 -0.023933977 -0.009761627
v 0.007136227 -0.015767824 0.0118
v 0.007136594 -0.021209205 0.013952477
v 0.007137002 -0.015762204 0.012033346
v 0.007137717 -0.021134084 -0.014708494
v 0.007138131 -0.015668189 -0.014132114
v 0.007138167 -0.021130431 -0.016986433
v 0.007138174 -0.02113037 -0.015467774
v 0.007138925 -0.015 -0.021865717
v 0.007138987 -0.015 0.021865992
v 0.007139321 -0.015745398 0.012266177
v 0.007141154 -0.023930583 0.009753904
v 0.007141668 -0.023277231 0.010266853
v 0.007143172 -0.015717482 0.01249798
v 0.007143477 -0.021153279 0.014328578
v 0.00714471 -0.021805396 -0.012134456
v 0.007145092 -0.015617799 -0.014361233
v 0.007146972 -0.021124886 0.014707782
v 0.007147423 -0.021121213 0.016989931
v 0.007147431 -0.021121154 0.015468465
v 0.007147529 -0.019683778 -0.020410862
v 0.007147765 -0.02504535 0.009086424
v 0.007148005 -0.019683463 0.020411858
v 0.00714854 -0.015678538 0.012728244
v 0.007152912 -0.021797815 0.012129254
v 0.007153565 -0.015556446 -0.014587752
v 0.00715424 -0.022435848 -0.011135225
v 0.007155415 -0.015628653 0.012956457
v 0.007161415 -0.022429656 0.011128644
v 0.007163533 -0.015484225 -0.014811155
v 0.007163782 -0.015567913 0.013182112
v 0.00716409 -0.020587366 -0.01998789
v 0.007164426 -0.020587221 0.019988578
v 0.007167645 -0.021615593 -0.01247202
v 0.007167652 -0.024269821 -0.00947543
v 0.007171974 -0.024267083 0.009468003
v 0.007173602 -0.022954565 -0.010510204
v 0.007173627 -0.01549641 0.013404702
v 0.007173642 -0.015 0.014326566
v 0.007174051 -0.020199794 -0.020188205
v 0.007174674 -0.020199364 0.020189136
v 0.007174984 -0.015401232 -0.015030932
v 0.007175846 -0.021607686 0.012467415
v 0.007177778 -0.023568669 -0.009951971
v 0.007179781 -0.0229495 0.010503073
v 0.007180516 -0.019527247 -0.020454943
v 0.007180859 -0.019527083 0.02045591
v 0.007182721 -0.015 -0.021857756
v 0.007183003 -0.023564775 0.009944558
v 0.00718459 -0.02108347 0.019629104
v 0.007184937 -0.015414242 0.013623721
v 0.007185488 -0.02217222 -0.011429653
v 0.00718636 -0.015813878 -0.0132
v 0.00718636 -0.015813878 0.0118
v 0.007187561 -0.021450721 -0.012822583
v 0.007187898 -0.015307597 -0.015246575
v 0.007189681 -0.021078182 -0.019630535
v 0.007192665 -0.02216561 0.011423574
v 0.007195761 -0.021442527 0.012818594
v 0.007197692 -0.01532153 0.013838672
v 0.007202097 -0.019369124 -0.020499481
v 0.007202238 -0.015203559 -0.015457598
v 0.007202289 -0.019369181 0.020500392
v 0.007203269 -0.020828262 0.01981462
v 0.007203301 -0.020828174 -0.019814227
v 0.007204248 -0.02502005 -0.008960096
v 0.007204332 -0.021311842 -0.013184343
v 0.007209638 -0.022644978 -0.010769247
v 0.007211858 -0.015218507 0.014049074
v 0.007212534 -0.021303404 0.013180987
v 0.007214108 -0.02193068 -0.011742755
v 0.007214816 -0.015 0.021850267
v 0.007215824 -0.022639457 0.010762541
v 0.007217853 -0.021199862 -0.013555441
v 0.007217941 -0.023217868 -0.010168449
v 0.007217967 -0.01508938 -0.01566352
v 0.007218651 -0.021047588 0.019638775
v 0.007221287 -0.021923685 0.011737203
v 0.007223177 -0.023213498 0.010161377
v 0.007226055 -0.021191221 0.013552734
v 0.007227397 -0.01510543 0.014254455
v 0.007228073 -0.02111521 -0.013933835
v 0.007230033 -0.025007041 -0.008896538
v 0.007230033 -0.025007041 0.008896538
v 0.007230271 -0.015 -0.015807865
v 0.007234948 -0.021058243 -0.014317448
v 0.007235624 -0.024226254 -0.009350558
v 0.007236276 -0.021106411 0.013931786
v 0.007238437 -0.021029336 -0.014704216
v 0.007238887 -0.021025609 -0.017031858
v 0.007238894 -0.021025548 -0.015480063
v 0.007239142 -0.024223683 0.00934376
v 0.007239955 -0.021712469 -0.012072828
v 0.007241875 -0.015 0.014425975
v 0.007243154 -0.021049328 0.014316067
v 0.007243414 -0.022354709 -0.011050107
v 0.007246645 -0.021020351 0.014703509
v 0.007247037 -0.020039089 -0.020232946
v 0.007247096 -0.021016603 0.017035218
v 0.007247103 -0.021016542 0.015480711
v 0.007247122 -0.015872613 -0.0132
v 0.007247135 -0.021705126 0.012067828
v 0.00724766 -0.020038586 0.020233914
v 0.007247901 -0.015866812 -0.013439338
v 0.007249605 -0.022348762 0.011043851
v 0.007250232 -0.015849458 -0.013678139
v 0.007251624 -0.024995269 -0.008839768
v 0.00725239 -0.015 0.014442872
v 0.007253321 -0.023510177 -0.009838381
v 0.007254103 -0.015820635 -0.013915872
v 0.007256216 -0.022883456 -0.010410032
v 0.007256897 -0.024992257 -0.008825345
v 0.007257673 -0.0235065 0.009831501
v 0.007257884 -0.015883369 0.0118
v 0.007258545 -0.015 -0.021842032
v 0.007258611 -0.015 0.021842347
v 0.007258655 -0.015877625 0.012038383
v 0.007258924 -0.024991082 0.008819737
v 0.007258985 -0.024991047 0.008819567
v 0.007259501 -0.015780427 -0.014152003
v 0.007260957 -0.015860442 0.012276239
v 0.007261463 -0.022878634 0.010403331
v 0.007262905 -0.021518655 -0.012418003
v 0.007264779 -0.015831901 0.012513041
v 0.007265768 -0.015 0.014464477
v 0.007266412 -0.015728924 -0.014386003
v 0.007269126 -0.020424979 -0.020032551
v 0.007269639 -0.020424575 0.020033319
v 0.007270087 -0.021511002 0.012413575
v 0.00727011 -0.015792087 0.012748268
v 0.007274739 -0.022085417 -0.011351403
v 0.007274824 -0.015666218 -0.014617341
v 0.007276936 -0.015741086 0.012981396
v 0.007278276 -0.015 -0.015884127
v 0.007280936 -0.022079073 0.011345624
v 0.007282834 -0.021350309 -0.012776426
v 0.007284721 -0.015592406 -0.01484549
v 0.007285245 -0.015678989 0.013211904
v 0.007290019 -0.021342384 0.012772588
v 0.007292409 -0.022567136 -0.010675299
v 0.007295021 -0.015605894 0.013439273
v 0.007296091 -0.015507586 -0.015069928
v 0.00729649 -0.024181278 -0.009224072
v 0.007297666 -0.022561889 0.010668996
v 0.007299285 -0.024178902 0.009217951
v 0.007299616 -0.021208514 -0.013146259
v 0.007303429 -0.021838712 -0.011671735
v 0.007304392 -0.019366829 -0.020464413
v 0.007304678 -0.015 -0.02183175
v 0.007304709 -0.019366881 0.020465266
v 0.007306251 -0.015521894 0.013662987
v 0.007306803 -0.021200353 0.013143026
v 0.007307941 -0.019874264 -0.020278834
v 0.007308504 -0.01987377 0.020279817
v 0.007308913 -0.015411893 -0.015290135
v 0.007309631 -0.021832006 0.011666456
v 0.007312027 -0.024956584 -0.008657715
v 0.007312027 -0.024956584 0.008657715
v 0.007313146 -0.021094186 -0.013525606
v 0.007318917 -0.015427121 0.013882536
v 0.007320336 -0.021085832 0.013522994
v 0.007321997 -0.023449825 -0.009722857
v 0.007323152 -0.01530557 -0.015505614
v 0.007323372 -0.021007763 -0.013912384
v 0.007325551 -0.023446403 0.009716561
v 0.007326331 -0.022270598 -0.010962817
v 0.00732923 -0.015 0.014559238
v 0.007329338 -0.021615855 -0.012009365
v 0.007329938 -0.020661252 -0.019859543
v 0.007330211 -0.020660959 0.01986004
v 0.007330252 -0.020949608 -0.014304482
v 0.007330564 -0.020999257 0.013910403
v 0.007331596 -0.022264952 0.010956937
v 0.00733225 -0.022809956 -0.010307734
v 0.007332985 -0.015321809 0.01409743
v 0.007333684 -0.015 0.021823263
v 0.007333742 -0.020920098 -0.014699793
v 0.007334193 -0.020916292 -0.017078824
v 0.0073342 -0.020916229 -0.015492769
v 0.007335545 -0.021608822 0.012004609
v 0.007335932 -0.024937915 -0.008572103
v 0.00733663 -0.022805424 0.010301515
v 0.007337447 -0.020940989 0.014303138
v 0.00733877 -0.015188889 -0.015715875
v 0.007340516 -0.024934024 -0.008554434
v 0.007340941 -0.020911412 0.014699095
v 0.007341393 -0.020907586 0.017082013
v 0.0073414 -0.020907523 0.015493366
v 0.007341541 -0.024933139 0.008550424
v 0.007341588 -0.0249331 0.008550239
v 0.007346619 -0.020901313 -0.019678112
v 0.007346619 -0.020901313 0.019678112
v 0.007348416 -0.015206224 0.014307183
v 0.007350222 -0.0241351 -0.009096487
v 0.007352343 -0.021417934 -0.012362388
v 0.007352377 -0.024132943 0.00909108
v 0.007355727 -0.015062121 -0.015920429
v 0.007356649 -0.019706108 -0.020325651
v 0.007357105 -0.019705709 0.020326626
v 0.007357789 -0.021995518 -0.011271171
v 0.007358555 -0.021410607 0.012358173
v 0.007361311 -0.020256482 -0.02007889
v 0.007361901 -0.02025591 0.020079717
v 0.00736217 -0.015993552 -0.0132
v 0.00736217 -0.015993552 0.0118
v 0.007362996 -0.01598767 -0.013444708
v 0.007363063 -0.021989506 0.011265739
v 0.007364031 -0.015 -0.016010649
v 0.007365173 -0.015080635 0.014511319
v 0.007365315 -0.01596991 -0.013688866
v 0.007369165 -0.015940409 -0.013931928
v 0.00737232 -0.021246035 -0.012728911
v 0.007372909 -0.024902536 -0.008413426
v 0.007372909 -0.024902536 0.008413426
v 0.007373816 -0.015999831 0.012043787
v 0.007374535 -0.015899258 -0.014173348
v 0.007375116 -0.025300434 0.0
v 0.007375417 -0.025297595 -6.5367e-05
v 0.007375417 -0.025297595 6.5367e-05
v 0.007375925 -0.015 0.014629325
v 0.007376107 -0.01598224 0.012287033
v 0.007376317 -0.025289103 -0.000130236
v 0.007376317 -0.025289103 0.000130236
v 0.007377809 -0.02527502 -0.000194114
v 0.007377809 -0.02527502 0.000194114
v 0.007378536 -0.02123845 0.012725255
v 0.007379751 -0.015 -0.021812664
v 0.007379828 -0.015 0.021813011
v 0.007379882 -0.025255455 -0.000256515
v 0.007379882 -0.025255455 0.000256515
v 0.00737991 -0.015953021 0.012529199
v 0.00738141 -0.015846547 -0.01441258
v 0.00738252 -0.025230555 -0.000316964
v 0.00738252 -0.025230555 0.000316964
v 0.007383719 -0.023387879 -0.009605868
v 0.007385214 -0.015912261 0.012769748
v 0.007385704 -0.025200512 -0.000375
v 0.007385704 -0.025200512 0.000375
v 0.007386551 -0.023384744 0.009600199
v 0.0073866 -0.02174354 -0.01159893
v 0.007389142 -0.021101253 -0.013107059
v 0.007389409 -0.025165552 -0.000430182
v 0.007389409 -0.025165552 0.000430182
v 0.007389778 -0.015782373 -0.014649083
v 0.007391882 -0.02173719 0.011593966
v 0.007392006 -0.015860053 0.013008143
v 0.007393049 -0.019535415 -0.020373181
v 0.007393367 -0.019535195 0.020374117
v 0.007393606 -0.025125943 -0.000482091
v 0.007393606 -0.025125943 0.000482091
v 0.007395362 -0.021093447 0.013103976
v 0.007396044 -0.024873178 -0.008284991
v 0.007396447 -0.024872582 0.008282413
v 0.007396845 -0.024087925 -0.008968303
v 0.007398263 -0.025081987 -0.00053033
v 0.007398263 -0.025081987 0.00053033
v 0.007398447 -0.024086006 0.008963637
v 0.007399625 -0.015706835 -0.014882317
v 0.007400272 -0.015796486 0.01324385
v 0.007401558 -0.022734379 -0.010203724
v 0.007402703 -0.020984523 -0.013494899
v 0.007402793 -0.022183862 -0.010873704
v 0.007403346 -0.025034016 -0.000574533
v 0.007403346 -0.025034016 0.000574533
v 0.007405143 -0.022730183 0.010198032
v 0.007405342 -0.015 0.014677967
v 0.007407197 -0.022178575 0.010868245
v 0.007408816 -0.024982397 -0.000614364
v 0.007408816 -0.024982397 0.000614364
v 0.007408928 -0.020976534 0.013492402
v 0.00741 -0.015721664 0.013476338
v 0.007410936 -0.015620037 -0.015111743
v 0.007412231 -0.024845295 0.008165469
v 0.007412238 -0.024845295 -0.00816547
v 0.007412617 -0.021515945 -0.011944317
v 0.007412952 -0.020896288 -0.01389031
v 0.007414631 -0.024927521 -0.000649519
v 0.007414631 -0.024927521 0.000649519
v 0.007417026 -0.019362975 -0.020421203
v 0.00741719 -0.019363018 0.020422071
v 0.007419181 -0.020888153 0.013888408
v 0.007419848 -0.020836914 -0.014291139
v 0.007420746 -0.024869807 -0.000679731
v 0.007420746 -0.024869807 0.000679731
v 0.007421174 -0.015635682 0.013705076
v 0.007422193 -0.015 -0.021801448
v 0.007423138 -0.020803871 -0.019704219
v 0.007423347 -0.020806789 -0.014695242
v 0.007423691 -0.015522114 -0.015336831
v 0.007423798 -0.020802906 -0.017127154
v 0.007423806 -0.020802841 -0.015505845
v 0.007426081 -0.020828675 0.014289841
v 0.007427115 -0.024809696 -0.000704769
v 0.007427115 -0.024809696 0.000704769
v 0.007429583 -0.020798484 0.014694554
v 0.007429702 -0.024785282 -0.007915673
v 0.007429702 -0.024785282 0.007915673
v 0.007430036 -0.02079458 0.01713014
v 0.007430043 -0.020794515 0.01550638
v 0.007433691 -0.024747642 -0.000724444
v 0.007433691 -0.024747642 0.000724444
v 0.007433776 -0.015538677 0.013929541
v 0.007435717 -0.021313833 -0.012305391
v 0.007436435 -0.024039958 -0.008840001
v 0.007437569 -0.024038294 0.008836096
v 0.007437857 -0.01541332 -0.015557072
v 0.007438451 -0.023324607 -0.009487879
v 0.007440422 -0.02468412 -0.000738606
v 0.007440422 -0.02468412 0.000738606
v 0.007440533 -0.020082721 -0.020126676
v 0.007440644 -0.023321789 0.009482871
v 0.007441013 -0.021306902 0.012301421
v 0.007441119 -0.020082075 0.020127539
v 0.007442866 -0.020486934 -0.019906864
v 0.007443282 -0.024657127 -0.007948674
v 0.007443283 -0.024657113 0.007948677
v 0.00744332 -0.020486362 0.019907443
v 0.007445691 -0.015 0.014745011
v 0.007447257 -0.024619611 -0.000747146
v 0.007447257 -0.024619611 0.000747146
v 0.007447774 -0.015430888 0.014149232
v 0.007453395 -0.015293931 -0.015771963
v 0.007453982 -0.015 0.021790621
v 0.007454145 -0.024554608 -0.00075
v 0.007454145 -0.024554608 0.00075
v 0.007460104 -0.015 -0.01616764
v 0.007461032 -0.024489606 -0.000747146
v 0.007461032 -0.024489606 0.000747146
v 0.007463129 -0.015312592 0.014363652
v 0.007463422 -0.021645559 -0.011524627
v 0.007464049 -0.022657046 -0.010098417
v 0.007466916 -0.022653222 0.010093289
v 0.007467847 -0.021639621 0.011520013
v 0.007467868 -0.024425097 -0.000738606
v 0.007467868 -0.024425097 0.000738606
v 0.007469114 -0.023991399 -0.008712044
v 0.007469865 -0.023990003 0.008708908
v 0.007470266 -0.015164228 -0.015981006
v 0.007470408 -0.016120821 -0.0132
v 0.007471181 -0.016114736 -0.013450421
v 0.007472653 -0.022094866 -0.010783125
v 0.007472665 -0.020990483 -0.013066894
v 0.007473493 -0.016096536 -0.013700278
v 0.007474599 -0.024361575 -0.000724444
v 0.007474599 -0.024361575 0.000724444
v 0.007476266 -0.022089984 0.010778124
v 0.007477331 -0.016066307 -0.013949007
v 0.007477974 -0.020983106 0.013063982
v 0.007479803 -0.015184064 0.014572312
v 0.007480043 -0.015 0.014798181
v 0.007481169 -0.016134294 0.0118
v 0.007481174 -0.024299521 -0.000704769
v 0.007481174 -0.024299521 0.000704769
v 0.007481308 -0.020723844 -0.019725652
v 0.007481934 -0.016128264 0.012049533
v 0.007482685 -0.016024143 -0.014196049
v 0.007484218 -0.016110234 0.012298511
v 0.007486211 -0.023260277 -0.009369344
v 0.007487544 -0.02423941 -0.000679731
v 0.007487544 -0.02423941 0.000679731
v 0.007487849 -0.023257798 0.009365021
v 0.00748801 -0.016080286 0.012546378
v 0.007488431 -0.015024493 -0.016183708
v 0.007489539 -0.015970139 -0.014440845
v 0.007490787 -0.020710262 0.019729313
v 0.007491613 -0.015 -0.0162158
v 0.007493299 -0.016038513 0.012792584
v 0.007493659 -0.024181696 -0.000649519
v 0.007493659 -0.024181696 0.000649519
v 0.007495045 -0.023942441 -0.008584867
v 0.007495497 -0.023941323 0.008582502
v 0.007496353 -0.015 -0.021779058
v 0.007496457 -0.015 0.021779414
v 0.007496572 -0.020781221 -0.013867696
v 0.007497759 -0.01504558 0.014774725
v 0.007497882 -0.015904391 -0.014682837
v 0.007499474 -0.02412682 -0.000614364
v 0.007499474 -0.02412682 0.000614364
v 0.007500072 -0.015985008 0.013036576
v 0.007500624 -0.024115965 -0.008116531
v 0.007500625 -0.024115952 0.008116536
v 0.007501891 -0.020773534 0.013865887
v 0.007503665 -0.015 0.014834926
v 0.007504943 -0.024075201 -0.000574533
v 0.007504943 -0.024075201 0.000574533
v 0.00750668 -0.019904541 -0.020175679
v 0.007507008 -0.020689856 -0.01469058
v 0.007507197 -0.019903911 0.02017655
v 0.007507461 -0.020685891 -0.017176664
v 0.007507469 -0.020685824 -0.015519238
v 0.007507699 -0.015827004 -0.01492147
v 0.007508315 -0.015919866 0.013277806
v 0.007510026 -0.02402723 -0.00053033
v 0.007510026 -0.02402723 0.00053033
v 0.007512335 -0.020682003 0.014689904
v 0.00751279 -0.020678019 0.01717942
v 0.007512798 -0.020677952 0.015519707
v 0.007512827 -0.021206774 -0.012247236
v 0.007514417 -0.02389333 -0.00845905
v 0.007514665 -0.023892438 0.008457273
v 0.007514684 -0.023983274 -0.000482091
v 0.007514684 -0.023983274 0.000482091
v 0.007515177 -0.019358426 -0.020379445
v 0.00751551 -0.019358443 0.020380171
v 0.007517271 -0.021200301 0.012243538
v 0.007518014 -0.015843192 0.013515728
v 0.007518881 -0.023943665 -0.000430182
v 0.007518881 -0.023943665 0.000430182
v 0.007518975 -0.015738083 -0.015156192
v 0.007519682 -0.022578279 -0.009992225
v 0.00752191 -0.022574862 0.00998769
v 0.00752232 -0.016187318 -0.0132
v 0.00752232 -0.016187318 0.0118
v 0.007522585 -0.023908705 -0.000375
v 0.007522585 -0.023908705 0.000375
v 0.007525769 -0.023878662 -0.000316964
v 0.007525769 -0.023878662 0.000316964
v 0.007527064 -0.023195149 -0.0092507
v 0.00752823 -0.023193032 0.00924708
v 0.007528407 -0.023853762 -0.000256515
v 0.007528407 -0.023853762 0.000256515
v 0.007529157 -0.015755089 0.013749796
v 0.007530481 -0.023834197 -0.000194114
v 0.007530481 -0.023834197 0.000194114
v 0.007531692 -0.01563777 -0.015386458
v 0.007531973 -0.023820115 -0.000130236
v 0.007531973 -0.023820115 0.000130236
v 0.007532873 -0.023811622 -6.5367e-05
v 0.007532873 -0.023811622 6.5367e-05
v 0.007533173 -0.023808785 0.0
v 0.007533748 -0.021545164 -0.011449118
v 0.007535817 -0.022003978 -0.010691433
v 0.007537385 -0.021539694 0.011444885
v 0.007538714 -0.021999544 0.010686924
v 0.007541724 -0.015655691 0.013979474
v 0.007541976 -0.02030612 -0.019955946
v 0.007542068 -0.015 -0.021765035
v 0.007542504 -0.020305369 0.019956581
v 0.007545816 -0.015526327 -0.015611745
v 0.007549989 -0.020876646 -0.013025921
v 0.007551376 -0.015 -0.016316945
v 0.007552854 -0.015 0.014919212
v 0.007554448 -0.02086976 0.013023199
v 0.007555683 -0.015545252 0.014204247
v 0.007558566 -0.020608177 -0.019756624
v 0.007559639 -0.019722786 -0.020225666
v 0.007559657 -0.023558849 -0.008340138
v 0.007559658 -0.023558838 0.008340144
v 0.00756004 -0.019722268 0.02022652
v 0.00756112 -0.023129487 -0.009132368
v 0.007561306 -0.015404041 -0.015831541
v 0.007561899 -0.02312774 0.009129459
v 0.007568467 -0.022498401 -0.009885548
v 0.007569531 -0.015 0.021753784
v 0.007570138 -0.022495415 0.00988163
v 0.007570995 -0.015424054 0.014423608
v 0.007571199 -0.016253646 -0.0132
v 0.007571971 -0.016247405 -0.01345645
v 0.007574033 -0.020663017 -0.013844629
v 0.007574282 -0.016228737 -0.013712319
v 0.007578117 -0.016197735 -0.013967028
v 0.007578127 -0.015271198 -0.016045334
v 0.007578504 -0.020655846 0.013842923
v 0.007581756 -0.016268488 0.0118
v 0.007582519 -0.016262302 0.012055594
v 0.007583467 -0.016154494 -0.014220001
v 0.007583526 -0.021097183 -0.012188145
v 0.007584529 -0.020569757 -0.014685825
v 0.007584802 -0.016243804 0.012310617
v 0.007584984 -0.020565709 -0.017227162
v 0.007584992 -0.020565642 -0.015532901
v 0.007587184 -0.021091226 0.012184746
v 0.007587622 -0.015292383 0.014637053
v 0.007588532 -0.023063533 -0.009014742
v 0.007588593 -0.016213084 0.012564496
v 0.007589005 -0.023062168 0.009012545
v 0.007589008 -0.020562427 0.014685163
v 0.007589465 -0.020558361 0.017229665
v 0.007589473 -0.020558294 0.015533294
v 0.007590316 -0.016099112 -0.014470664
v 0.007592238 -0.021911565 -0.010598982
v 0.007593879 -0.016170233 0.012816666
v 0.007594497 -0.021907615 0.010594988
v 0.007596238 -0.015128091 -0.016252618
v 0.007597479 -0.021442765 -0.011372694
v 0.007598653 -0.016031694 -0.014718441
v 0.007599298 -0.019538298 -0.020276409
v 0.007599554 -0.019537989 0.020277215
v 0.007600402 -0.021437805 0.01136887
v 0.007600648 -0.016115351 0.013066557
v 0.007601428 -0.020538591 -0.019775257
v 0.007605528 -0.015150524 0.014844086
v 0.007606461 -0.020530133 0.019777574
v 0.007608462 -0.015952341 -0.014962764
v 0.007608887 -0.016048538 0.013313607
v 0.007609474 -0.022997599 -0.008898356
v 0.007609736 -0.022996547 0.0088967
v 0.007610459 -0.022417724 -0.009778772
v 0.007611656 -0.022415191 0.009775485
v 0.00761244 -0.015 -0.016420197
v 0.007615155 -0.015 -0.021739399
v 0.007615235 -0.015 0.021739772
v 0.007616049 -0.023026653 -0.008606739
v 0.00761605 -0.023026641 0.008606746
v 0.007618582 -0.015969899 0.013557252
v 0.00761973 -0.015861169 -0.015203063
v 0.007620965 -0.020760193 -0.012984295
v 0.007624516 -0.015 0.015042582
v 0.00762464 -0.020753859 0.01298178
v 0.007625058 -0.015 0.015043611
v 0.007625544 -0.019351922 -0.020327676
v 0.007625644 -0.01935192 0.020328403
v 0.007625853 -0.015 0.015045126
v 0.007627159 -0.020119706 -0.02000655
v 0.007627673 -0.020118879 0.020007214
v 0.00762972 -0.015879542 0.013796932
v 0.007632438 -0.015758321 -0.015438779
v 0.007639804 -0.015 -0.016471452
v 0.007641921 -0.021817995 -0.010506112
v 0.00764228 -0.015777607 0.014032095
v 0.007643621 -0.021814557 0.010502654
v 0.007645187 -0.020542145 -0.013821197
v 0.007645761 -0.022336558 -0.009672269
v 0.00764655 -0.015644066 -0.015669376
v 0.007646565 -0.022334492 0.009669622
v 0.007647713 -0.020985501 -0.012128348
v 0.007648875 -0.020535547 0.013819603
v 0.007650658 -0.020980107 0.012125266
v 0.007654566 -0.021338768 -0.011295644
v 0.007655759 -0.020446964 -0.014680994
v 0.007656077 -0.015718913 -0.02149366
v 0.007656089 -0.01571879 0.021493696
v 0.007656218 -0.020442834 -0.017278457
v 0.007656225 -0.020442765 -0.015546778
v 0.007656232 -0.015664356 0.014262212
v 0.007656851 -0.021334358 0.011292249
v 0.007659457 -0.020440217 0.014680349
v 0.007659917 -0.020436069 0.017280687
v 0.007659925 -0.020436 0.015547091
v 0.007662029 -0.015518705 -0.015894327
v 0.007664952 -0.016385026 -0.013462764
v 0.007665686 -0.016393809 -0.0132
v 0.007665686 -0.016393809 0.0118
v 0.007667267 -0.016365867 -0.01372493
v 0.007670032 -0.022517193 -0.008917172
v 0.007670033 -0.02251718 0.00891718
v 0.007671109 -0.016334049 -0.013985901
v 0.007671535 -0.015540083 0.014486765
v 0.007674512 -0.022255193 -0.00956639
v 0.007675005 -0.022253605 0.009564383
v 0.007675159 -0.016401278 0.01206194
v 0.007676467 -0.016289674 -0.014245084
v 0.007677447 -0.016382288 0.012323289
v 0.007678627 -0.020401284 -0.019812016
v 0.007678837 -0.015382535 -0.01611311
v 0.007681245 -0.016350752 0.012583462
v 0.007683328 -0.016232841 -0.014501888
v 0.007684913 -0.021723626 -0.010413157
v 0.007685489 -0.020641584 -0.012942174
v 0.007686136 -0.021720722 0.010410248
v 0.007686542 -0.016306767 0.012841872
v 0.007688154 -0.015405081 0.014705236
v 0.007688453 -0.020635851 0.012939881
v 0.007691678 -0.01616366 -0.014755721
v 0.007693324 -0.016250437 0.013097936
v 0.007693899 -0.015 0.015166797
v 0.007696874 -0.022174006 -0.009461612
v 0.007696934 -0.015235854 -0.016325204
v 0.00769715 -0.022172803 0.00946009
v 0.007698302 -0.019928589 -0.020058429
v 0.007698738 -0.019927789 0.020059096
v 0.007701504 -0.01608224 -0.015005996
v 0.007701579 -0.016181862 0.013351073
v 0.007702561 -0.015 -0.021705912
v 0.007702565 -0.015 0.021705911
v 0.007705008 -0.021233575 -0.01121825
v 0.007705335 -0.020872161 -0.012068064
v 0.00770605 -0.015259646 0.014917117
v 0.007706734 -0.021229746 0.011215299
v 0.007706853 -0.020346487 -0.019826686
v 0.007707642 -0.020867368 0.012065316
v 0.007709929 -0.020419076 -0.013797487
v 0.007711292 -0.016101157 0.013600703
v 0.00771279 -0.015988696 -0.015252128
v 0.007712906 -0.020413101 0.013796015
v 0.007716281 -0.015078967 -0.016530098
v 0.00771905 -0.01934519 -0.020279599
v 0.007719328 -0.01934514 0.02028011
v 0.007721058 -0.020317743 -0.017330358
v 0.007721066 -0.020317672 -0.015560819
v 0.007721115 -0.020317703 0.019834481
v 0.007721308 -0.021628806 -0.010320435
v 0.007721336 -0.022033019 -0.009270753
v 0.007721337 -0.02203301 0.009270761
v 0.007722134 -0.021626452 0.010318081
v 0.00772245 -0.016008429 0.013846249
v 0.007723582 -0.020315845 0.014675479
v 0.007724047 -0.020311613 0.017332295
v 0.007724055 -0.020311542 0.015561047
v 0.007725184 -0.015104076 0.015121901
v 0.007725518 -0.015883179 -0.01549354
v 0.007726015 -0.015 -0.016623454
v 0.007726232 -0.015 -0.021696419
v 0.007726232 -0.015 0.021696419
v 0.007735035 -0.015903827 0.014087142
v 0.00773798 -0.015 0.015245972
v 0.007739653 -0.015765971 -0.015729684
v 0.007743509 -0.020521276 -0.012899715
v 0.007745835 -0.020516183 0.012897654
v 0.007748846 -0.021127582 -0.011140784
v 0.00774901 -0.016533488 -0.0132
v 0.007749013 -0.01578762 0.01432284
v 0.007749408 -0.015 -0.021685915
v 0.007749787 -0.01652691 -0.013469332
v 0.007750093 -0.021124355 0.01113829
v 0.007751236 -0.021533867 -0.010228246
v 0.007751746 -0.021532074 0.010226449
v 0.007752111 -0.016507234 -0.013738046
v 0.007755157 -0.015637375 -0.015960017
v 0.007755296 -0.019733666 -0.020111345
v 0.007755606 -0.019732999 0.020111982
v 0.00775597 -0.016474565 -0.01400553
v 0.007756386 -0.020757597 -0.012007513
v 0.007758134 -0.02075344 0.012005112
v 0.007758751 -0.016551008 0.0118
v 0.007759519 -0.016544487 0.012068536
v 0.007761349 -0.016429003 -0.014271171
v 0.007761753 -0.015 0.01529314
v 0.007761817 -0.016524982 0.012336463
v 0.007764345 -0.015660115 0.01455281
v 0.007765633 -0.016492594 0.012603176
v 0.007768204 -0.020294279 -0.013773588
v 0.007768238 -0.016370658 -0.014534359
v 0.007768583 -0.015714459 -0.021447424
v 0.007768595 -0.015714336 0.021447459
v 0.007769257 -0.021580763 -0.009662498
v 0.007769258 -0.021580754 0.009662507
v 0.007770544 -0.020288972 0.013772242
v 0.007770953 -0.016447425 0.012868073
v 0.00777199 -0.015497706 -0.016184006
v 0.007774848 -0.021439243 -0.010137005
v 0.007775137 -0.0214379 0.010135627
v 0.007776622 -0.016299637 -0.014794487
v 0.007777765 -0.01638958 0.013130551
v 0.007779448 -0.020190913 -0.017382674
v 0.007779456 -0.020190842 -0.015574972
v 0.007780994 -0.015521613 0.014776524
v 0.0077818 -0.020185461 0.017384306
v 0.007781808 -0.020185389 0.015575111
v 0.007782901 -0.020182971 -0.019870475
v 0.007786056 -0.016319171 0.013390013
v 0.007786166 -0.021021169 -0.01106351
v 0.007786487 -0.016216058 -0.015050948
v 0.007787013 -0.021018565 0.011061477
v 0.007790115 -0.015347272 -0.016401118
v 0.007791261 -0.016611576 -0.0132
v 0.007791261 -0.016611576 0.0118
v 0.007795014 -0.020399721 -0.012857068
v 0.007795811 -0.016236307 0.013645859
v 0.007796779 -0.020395305 0.012855249
v 0.007797819 -0.016120039 -0.015303138
v 0.007798031 -0.019535834 -0.020165052
v 0.007798187 -0.019535406 0.02016563
v 0.007798922 -0.015372423 0.014993458
v 0.007800045 -0.015 0.015369438
v 0.007800905 -0.02064223 -0.011946907
v 0.007802171 -0.020638732 0.01194486
v 0.007806663 -0.02012597 0.019885849
v 0.007807018 -0.016141105 0.013897494
v 0.007809492 -0.015186385 -0.016610825
v 0.007809802 -0.021198124 -0.01005095
v 0.007809802 -0.021198124 0.01005095
v 0.007810598 -0.016011735 -0.015550464
v 0.007816203 -0.015 -0.016799907
v 0.00781633 -0.015 0.021658238
v 0.007817093 -0.020914705 -0.010986674
v 0.007817619 -0.020912731 0.010985103
v 0.007818091 -0.015212853 0.015203093
v 0.007819656 -0.01603372 0.014144334
v 0.00782 -0.020168222 -0.013749583
v 0.00782178 -0.020163618 0.01374837
v 0.00782479 -0.01589144 -0.015792364
v 0.007826218 -0.016672339 -0.013476119
v 0.007826392 -0.019335909 0.020219794
v 0.007826395 -0.019335989 -0.020219307
v 0.007827416 -0.015 0.01542088
v 0.007828558 -0.016652131 -0.013751601
v 0.007830082 -0.01501536 -0.016812608
v 0.007831377 -0.020062819 -0.017435217
v 0.007831384 -0.020062746 -0.015589188
v 0.007831931 -0.015 -0.016829028
v 0.007832441 -0.016618578 -0.014025813
v 0.007833168 -0.020058079 0.017436532
v 0.007833175 -0.020058006 0.015589234
v 0.007833694 -0.015914431 0.014385821
v 0.007834573 -0.016697897 0.0118
v 0.007835347 -0.016691195 0.012075348
v 0.007837662 -0.016671158 0.012350067
v 0.007837856 -0.016571786 -0.014298125
v 0.007838462 -0.015043213 0.015404915
v 0.00783897 -0.020526471 -0.011886448
v 0.007839419 -0.015 -0.021647774
v 0.007839419 -0.015 0.021647775
v 0.007839834 -0.020523651 0.011884759
v 0.007840038 -0.020277364 -0.012814384
v 0.007840354 -0.015759474 -0.016028283
v 0.007841322 -0.020273648 0.012812811
v 0.007841503 -0.016637888 0.012623535
v 0.007841765 -0.020808667 -0.010910617
v 0.007842066 -0.020807195 0.010909395
v 0.00784365 -0.015 0.015451522
v 0.00784479 -0.016511869 -0.01456791
v 0.00784686 -0.016591491 0.012895131
v 0.007849092 -0.015783554 0.01462141
v 0.007850283 -0.020816088 -0.01050571
v 0.007850283 -0.020816088 0.010505711
v 0.007850811 -0.015 -0.01686793
v 0.007853228 -0.016438942 -0.014834538
v 0.007853718 -0.016532078 0.013164232
v 0.007857254 -0.015616153 -0.01625767
v 0.007858085 -0.019989511 -0.019922309
v 0.007861957 -0.015 -0.021636335
v 0.007862066 -0.016459765 0.013430221
v 0.007863156 -0.016353125 -0.015097386
v 0.007865351 -0.020041363 -0.013725556
v 0.007865812 -0.015641404 0.014850557
v 0.007866647 -0.020037485 0.013724479
v 0.0078707 -0.020410711 -0.011826327
v 0.007871239 -0.020408578 0.011824998
v 0.007871888 -0.016374666 0.013692482
v 0.00787308 -0.019945493 -0.019934107
v 0.007873408 -0.0199445 0.019934483
v 0.007874561 -0.016254539 -0.015355831
v 0.007875449 -0.015461804 -0.01647998
v 0.007876874 -0.01993392 -0.017487809
v 0.007876882 -0.019933848 -0.015603416
v 0.007878182 -0.019929919 0.017488802
v 0.00787819 -0.019929845 0.015603368
v 0.007878658 -0.020154633 -0.012771801
v 0.00787917 -0.01570862 -0.021396929
v 0.007879182 -0.015708499 0.021396963
v 0.007879538 -0.020151636 0.012770478
v 0.007883169 -0.016276905 0.013950402
v 0.007883814 -0.015488302 0.015072726
v 0.007886826 -0.020471219 -0.01099338
v 0.007886826 -0.020471219 0.010993381
v 0.007887421 -0.01614335 -0.015609262
v 0.00788967 -0.019893972 0.019948024
v 0.007890171 -0.015 0.015548815
v 0.007894071 -0.016820587 -0.01348309
v 0.007894901 -0.015296751 -0.016694674
v 0.007895892 -0.016166637 0.014203375
v 0.007896226 -0.020295465 -0.01176681
v 0.007896432 -0.016799828 -0.013765522
v 0.007896538 -0.020293878 0.011765752
v 0.007898163 -0.016839094 -0.0132
v 0.007898163 -0.016839094 0.0118
v 0.00790035 -0.016765364 -0.014046646
v 0.007901703 -0.016019858 -0.0158571
v 0.007902477 -0.016840661 0.012082341
v 0.007903063 -0.015324567 0.015287383
v 0.007904327 -0.019914141 -0.013701588
v 0.007904812 -0.016820075 0.012364034
v 0.007905219 -0.019911008 0.013700647
v 0.007905813 -0.016717305 -0.01432581
v 0.007908689 -0.016785895 0.012644435
v 0.007910023 -0.016044155 0.014450831
v 0.007910987 -0.020031938 -0.012729455
v 0.007911539 -0.020029671 0.012728382
v 0.007912808 -0.016655771 -0.014602367
v 0.007914095 -0.016738236 0.012922904
v 0.007914777 -0.019327141 -0.020165278
v 0.00791491 -0.019326994 0.020165497
v 0.007915569 -0.015121317 -0.016901214
v 0.007916013 -0.019804666 -0.017540276
v 0.00791602 -0.019804591 -0.01561761
v 0.007916914 -0.019801421 0.017540941
v 0.007916923 -0.019801345 0.015617468
v 0.007917366 -0.015884396 -0.016098777
v 0.007918928 -0.02016826 -0.011507278
v 0.007918928 -0.02016826 0.011507279
v 0.007921017 -0.01667721 0.013198801
v 0.007921319 -0.016580882 -0.014875669
v 0.007923517 -0.015150516 0.015494001
v 0.007925523 -0.015909787 0.014692211
v 0.007928031 -0.015 0.021605782
v 0.007928723 -0.019757587 -0.019984486
v 0.00792944 -0.016602939 0.01347149
v 0.007929857 -0.015 -0.017030617
v 0.007931335 -0.016492762 -0.015145074
v 0.007933847 -0.019737666 0.019989925
v 0.007934371 -0.015737297 -0.016333729
v 0.007937042 -0.01978698 -0.013677752
v 0.00793715 -0.019909825 -0.01268753
v 0.007937472 -0.019908136 0.012686647
v 0.007937604 -0.019784601 0.013676947
v 0.007939351 -0.016515542 0.013740333
v 0.007941201 -0.015 0.015655977
v 0.007942353 -0.015763864 0.014926957
v 0.007942839 -0.016391534 -0.015409938
v 0.00794623 -0.019910596 -0.012040031
v 0.00794623 -0.019910596 0.012040032
v 0.007948902 -0.019675484 -0.017592454
v 0.007948909 -0.019675408 -0.015631726
v 0.007949473 -0.019673005 0.017592791
v 0.007949481 -0.019672927 0.015631489
v 0.007950458 -0.015 -0.0215944
v 0.007950458 -0.015 0.021594399
v 0.007950735 -0.016415145 0.014004697
v 0.007951454 -0.015 0.015679933
v 0.007952454 -0.01697805 -0.0132
v 0.007952679 -0.015578896 -0.016561396
v 0.007952861 -0.019658158 0.020011237
v 0.007953254 -0.016970918 -0.013490209
v 0.00795564 -0.016949596 -0.01377974
v 0.00795581 -0.016277375 -0.015669631
v 0.007959601 -0.016914198 -0.014067921
v 0.007960474 -0.015606713 0.015154517
v 0.007960822 -0.016992137 0.012089479
v 0.007963185 -0.016970988 0.012378288
v 0.007963574 -0.016301913 0.014263961
v 0.007963615 -0.019660441 -0.01365415
v 0.007963946 -0.019658661 0.01365345
v 0.007965125 -0.016864846 -0.014354082
v 0.007967107 -0.016935881 0.012665765
v 0.007968816 -0.019697445 -0.012592452
v 0.007968816 -0.019697445 0.012592453
v 0.007969802 -0.015 0.015722968
v 0.007970215 -0.016150594 -0.015923562
v 0.007972197 -0.016801657 -0.014637554
v 0.00797225 -0.015409528 -0.016781226
v 0.007972279 -0.015 -0.021582079
v 0.007972575 -0.016886929 0.012951249
v 0.007973695 -0.019557474 -0.020038152
v 0.007975659 -0.019546943 -0.017644124
v 0.007975668 -0.019546865 -0.015645705
v 0.007976 -0.019545067 0.017644202
v 0.007976009 -0.019544989 0.015645392
v 0.007977831 -0.016176149 0.014517537
v 0.007979033 -0.019528465 -0.020045931
v 0.007979128 -0.019527892 0.020046148
v 0.007979575 -0.016824255 0.013234083
v 0.007979847 -0.015438667 0.015374346
v 0.007980802 -0.01672476 -0.014917671
v 0.007985573 -0.015 -0.0171587
v 0.007985643 -0.017074764 -0.0132
v 0.007985643 -0.017074764 0.0118
v 0.007986013 -0.016011536 -0.016171144
v 0.007986503 -0.019530531 -0.013161081
v 0.007986503 -0.019530529 0.013161082
v 0.007987649 -0.015701402 -0.021342238
v 0.007987661 -0.015701279 0.021342274
v 0.007988093 -0.016747981 0.013513606
v 0.007990927 -0.016634282 -0.015193769
v 0.007993044 -0.015229532 -0.016992664
v 0.00799347 -0.016038192 0.014764851
v 0.007996576 -0.019418646 0.020075416
v 0.007998116 -0.016658235 0.013789164
v 0.007999226 -0.019410454 -0.013744241
v 0.007999226 -0.019410454 0.013744242
v 0.008000433 -0.015260058 0.015585898
v 0.008002555 -0.016530355 -0.015465184
v 0.008003163 -0.015860548 -0.016411802
v 0.008003752 -0.017122604 -0.013497441
v 0.00800617 -0.01710071 -0.013794183
v 0.008006883 -0.019338192 -0.014342648
v 0.008006883 -0.019338192 0.014342647
v 0.008009201 -0.019316318 -0.020102812
v 0.008009208 -0.019316241 -0.018171711
v 0.008009208 -0.019316241 0.018171735
v 0.008009215 -0.019316185 -0.016745914
v 0.008009215 -0.019316185 0.016745921
v 0.008009219 -0.019316144 -0.015693197
v 0.008009219 -0.019316144 0.015693197
v 0.008009222 -0.019316114 -0.014915942
v 0.008009222 -0.019316114 0.014915939
v 0.008009222 -0.019316114 0.020102866
v 0.008009233 -0.015 0.01581069
v 0.008009627 -0.016555147 0.014060103
v 0.008010184 -0.017064365 -0.014089532
v 0.008010385 -0.017144885 0.012096724
v 0.008010449 -0.015888387 0.015005333
v 0.008012779 -0.017123165 0.012392757
v 0.008015023 -0.015039244 -0.017195165
v 0.008015668 -0.016413158 -0.015731269
v 0.00801578 -0.017013693 -0.014382799
v 0.008016754 -0.017087113 0.012687418
v 0.008019554 -0.015 -0.017233008
v 0.008021626 -0.015697978 -0.016644958
v 0.008022194 -0.015071221 0.015788637
v 0.008022294 -0.01703685 0.012980024
v 0.00802261 -0.016438885 0.014325782
v 0.008022944 -0.016948825 -0.014673295
v 0.008028729 -0.015727075 0.015238416
v 0.008029388 -0.016972499 0.013269897
v 0.008030228 -0.016283013 -0.015991412
v 0.008030398 -0.015 0.015857962
v 0.008031661 -0.016869886 -0.014960333
v 0.008037027 -0.016309766 0.014585597
v 0.008037466 -0.015 0.021548615
v 0.008038021 -0.016894192 0.013556357
v 0.008041361 -0.015524177 -0.016870048
v 0.008041915 -0.016777014 -0.015243228
v 0.008045631 -0.01727494 -0.013504751
v 0.008046196 -0.01614028 -0.016245019
v 0.008048086 -0.017252468 -0.013808778
v 0.008048176 -0.016802059 0.01383873
v 0.008048272 -0.015554601 0.015463539
v 0.008051237 -0.017298186 0.012104043
v 0.00805131 -0.015 -0.017310995
v 0.00805216 -0.017215163 -0.014111374
v 0.008052838 -0.016168144 0.014838963
v 0.008053085 -0.017316928 -0.0132
v 0.008053085 -0.017316928 0.0118
v 0.008053669 -0.01727589 0.012407373
v 0.008053694 -0.016670343 -0.015521295
v 0.008057704 -0.017238883 0.012709288
v 0.008057839 -0.017163159 -0.014411822
v 0.008059152 -0.015 -0.021536371
v 0.008059152 -0.015 0.021536372
v 0.008059841 -0.016696237 0.01411634
v 0.008062328 -0.015339492 -0.0170865
v 0.008063329 -0.017187294 0.013009086
v 0.008063529 -0.015985318 -0.016491495
v 0.008064266 -0.015 0.015942608
v 0.008065109 -0.01709659 -0.014709417
v 0.008066976 -0.016550057 -0.015793867
v 0.008069036 -0.015371311 0.015680144
v 0.008070005 -0.016014373 0.015085291
v 0.008070531 -0.017121252 0.013306068
v 0.008072994 -0.016576899 0.014388528
v 0.008073955 -0.017015589 -0.015003448
v 0.008078192 -0.01743496 -0.0132
v 0.008079028 -0.017427245 -0.013512103
v 0.008079293 -0.01704089 0.013599535
v 0.008080175 -0.015 0.021523235
v 0.008081523 -0.017404187 -0.013823461
v 0.008081722 -0.016416492 -0.016060321
v 0.008082187 -0.015818488 -0.016730251
v 0.008082703 -0.017459007 0.0118
v 0.00808353 -0.017451353 0.012111398
v 0.008084361 -0.016920295 -0.015293211
v 0.008084488 -0.015144273 -0.017293759
v 0.008085664 -0.017365919 -0.014133343
v 0.008086002 -0.017428478 0.012422063
v 0.0080876 -0.016444372 0.014654675
v 0.008088485 -0.015848812 0.015324002
v 0.008089602 -0.016946347 0.013888789
v 0.008090106 -0.017390512 0.01273127
v 0.008090983 -0.015177548 0.015887676
v 0.008091437 -0.017312577 -0.014441015
v 0.008093836 -0.015692808 -0.021283422
v 0.008093848 -0.015692685 0.021283455
v 0.008095826 -0.017337589 0.013038298
v 0.008096312 -0.016810849 -0.015578001
v 0.008097892 -0.016270023 -0.01632004
v 0.008098826 -0.017244298 -0.01474575
v 0.008100017 -0.017563889 -0.0132
v 0.008100017 -0.017563889 0.0118
v 0.008100861 -0.015 -0.017432533
v 0.008101441 -0.016837763 0.014173136
v 0.00810213 -0.015640154 -0.016960699
v 0.008103147 -0.017269846 0.013342426
v 0.008103618 -0.016299026 0.014914176
v 0.00810414 -0.01757887 -0.013519464
v 0.008106681 -0.017555229 -0.013838162
v 0.008107476 -0.017603735 0.01211876
v 0.008107816 -0.017161222 -0.015046815
v 0.00810824 -0.015671816 0.015554518
v 0.008109787 -0.016687442 -0.015857128
v 0.008109993 -0.017580278 0.012436763
v 0.008110896 -0.017515996 -0.01415534
v 0.00811109 -0.015 0.016060066
v 0.008112055 -0.017187422 0.013642935
v 0.008114171 -0.017541355 0.012753267
v 0.008114791 -0.016715316 0.014451895
v 0.008115184 -0.018316114 -0.0132
v 0.008115184 -0.018316114 0.0118
v 0.008115444 -0.016111022 -0.01657242
v 0.008116771 -0.017461313 -0.014470248
v 0.008117225 -0.015 0.016077416
v 0.008117332 -0.018295836 -0.013737717
v 0.008118055 -0.018289018 0.012424058
v 0.008118391 -0.017063493 -0.015343485
v 0.008119995 -0.017487099 0.01306753
v 0.008121007 -0.01614123 0.015166434
v 0.008121229 -0.017729213 -0.013526805
v 0.008122535 -0.017090457 0.013939107
v 0.008123316 -0.015450678 -0.017182263
v 0.008123348 -0.017754721 0.012126094
v 0.008123817 -0.01770499 -0.013852821
v 0.00812429 -0.017391322 -0.014782131
v 0.0081247 -0.018226309 -0.01433097
v 0.008124748 -0.016550422 -0.016129952
v 0.008125914 -0.017730687 0.01245141
v 0.008125949 -0.018193981 0.012147659
v 0.008126108 -0.017813912 -0.0132
v 0.008126108 -0.017813912 0.0118
v 0.008126648 -0.018207915 0.013043522
v 0.008127448 -0.017417654 0.013378808
v 0.008127644 -0.018167222 -0.013548417
v 0.008128111 -0.017664796 -0.014177275
v 0.008128676 -0.018168256 0.012494476
v 0.008129228 -0.015483743 0.015776265
v 0.008129615 -0.016579349 0.014724432
v 0.008129694 -0.015 0.016112805
v 0.008130172 -0.017690808 0.012775186
v 0.008130392 -0.018141292 -0.013895981
v 0.008130536 -0.016951257 -0.015635036
v 0.008130602 -0.017877715 -0.013534094
v 0.008131175 -0.018065242 -0.0132
v 0.008131175 -0.018065242 0.0118
v 0.00813147 -0.017903753 0.012133373
v 0.008132203 -0.018050322 0.012140569
v 0.008132611 -0.018023867 -0.013541306
v 0.008133199 -0.018125579 0.012839629
v 0.008133241 -0.017852915 -0.013867378
v 0.008133438 -0.017306171 -0.01509024
v 0.008134087 -0.017879147 0.012465946
v 0.008134098 -0.017608777 -0.014499394
v 0.008134337 -0.015939863 -0.016816854
v 0.008134571 -0.016979096 0.014230225
v 0.008134875 -0.018025152 0.012480318
v 0.008134952 -0.018098276 -0.014241859
v 0.008135305 -0.0179985 -0.013881781
v 0.008136107 -0.017635226 0.013096656
v 0.008136516 -0.017333167 0.013686365
v 0.008137176 -0.018108567 -0.014914567
v 0.008137621 -0.017811768 -0.014199059
v 0.008138429 -0.017838322 0.012796937
v 0.008139306 -0.017983394 0.012818443
v 0.008139502 -0.018066112 0.013182297
v 0.008139727 -0.015971351 0.015410852
v 0.008139772 -0.01795641 -0.014220611
v 0.008140906 -0.018073365 0.013653823
v 0.008141153 -0.016400175 -0.016395848
v 0.008141306 -0.01803834 -0.014585217
v 0.008141758 -0.017537083 -0.014818407
v 0.008143702 -0.01756409 0.013415061
v 0.008143724 -0.017754424 -0.014528341
v 0.0081442 -0.017206008 -0.015393828
v 0.00814423 -0.016824709 -0.015920755
v 0.008144432 -0.015 -0.021486815
v 0.008144482 -0.017781425 0.013125562
v 0.008145006 -0.015 -0.017554972
v 0.008145481 -0.017925201 0.013154141
v 0.008145705 -0.015250422 -0.017394364
v 0.008145872 -0.016430242 0.01499013
v 0.008145999 -0.01789776 -0.014556981
v 0.008147183 -0.017233782 0.013989458
v 0.008147568 -0.017990019 0.013521657
v 0.008148141 -0.016853526 0.014515588
v 0.008149436 -0.017961647 -0.014925224
v 0.008151078 -0.017449865 -0.01513354
v 0.00815141 -0.015284953 0.015988678
v 0.008151534 -0.017681042 -0.014854433
v 0.008152227 -0.017708614 0.013451039
v 0.008152942 -0.01747755 0.013729638
v 0.008153384 -0.017850734 0.013486611
v 0.008153967 -0.017822709 -0.014890079
v 0.008154503 -0.017945044 -0.015481123
v 0.008154529 -0.015756926 -0.017052744
v 0.008156558 -0.01709098 -0.015692146
v 0.008157377 -0.017897464 0.013856888
v 0.008158959 -0.016237091 -0.016654192
v 0.008159325 -0.017868364 -0.015261045
v 0.008159432 -0.016684216 -0.016199987
v 0.008159433 -0.017119646 0.014287351
v 0.008159734 -0.015789764 0.015646836
v 0.008160728 -0.017886294 0.014250442
v 0.008161035 -0.017591773 -0.015176543
v 0.008161649 -0.017620038 0.013772586
v 0.008162039 -0.017347274 -0.015444025
v 0.008162997 -0.017760154 0.01381505
v 0.008163209 -0.016714102 0.014794548
v 0.008163517 -0.016268378 0.015248373
v 0.008163658 -0.017731417 -0.015219092
v 0.008163811 -0.017375754 0.014039629
v 0.008165304 -0.015 0.021473774
v 0.008165305 -0.015 -0.021473774
v 0.008165968 -0.015 0.016210985
v 0.008168914 -0.017788611 0.014187168
v 0.00816925 -0.015039796 -0.017596459
v 0.008170491 -0.016961291 -0.015984466
v 0.008170954 -0.017758656 -0.015591848
v 0.00817221 -0.017486777 -0.01549388
v 0.008172731 -0.017515857 0.014089423
v 0.008173245 -0.016990954 0.014579323
v 0.008173698 -0.015 -0.017631054
v 0.008174303 -0.017653614 0.014138659
v 0.008174627 -0.017229468 -0.015749093
v 0.008174741 -0.015075839 0.016191211
v 0.008175055 -0.017624045 -0.015543209
v 0.008175978 -0.015562581 -0.017279489
v 0.0081761 -0.016530173 -0.016472094
v 0.008176291 -0.017258858 0.014344274
v 0.008176796 -0.017734654 -0.016034573
v 0.008178122 -0.016061559 -0.01690436
v 0.008179731 -0.016561216 0.015066472
v 0.008180991 -0.015596837 0.015873799
v 0.008182162 -0.017663624 0.014511677
v 0.008182512 -0.016094141 0.015498551
v 0.008183201 -0.015 0.016257798
v 0.008184307 -0.017632693 -0.0159168
v 0.008185042 -0.017366214 -0.015805654
v 0.008185457 -0.017396223 0.014400771
v 0.008185463 -0.015 0.021459883
v 0.008185958 -0.01681732 -0.016270116
v 0.008185977 -0.017648002 0.014828934
v 0.008187285 -0.017531281 0.014456633
v 0.008188143 -0.017500758 -0.015861619
v 0.00818858 -0.016848071 0.01486471
v 0.008188819 -0.017096652 -0.016047996
v 0.008190363 -0.017127058 0.014642833
v 0.00819419 -0.016362984 -0.016736431
v 0.008194217 -0.015 -0.017693161
v 0.008197097 -0.017522717 0.014829612
v 0.00819754 -0.015682841 -0.021220539
v 0.008197553 -0.015682718 0.021220572
v 0.008197664 -0.016395265 0.01533073
v 0.008198601 -0.015873969 -0.017145742
v 0.008198641 -0.015357209 -0.0174965
v 0.00819936 -0.017490696 -0.016235095
v 0.008199507 -0.017230295 -0.016111095
v 0.008199804 -0.017261343 0.014705867
v 0.008201921 -0.017393364 0.014768196
v 0.008202811 -0.015907917 0.015740054
v 0.008202897 -0.017361777 -0.01617353
v 0.008202916 -0.016659478 -0.01654844
v 0.008203452 -0.015392944 0.016091155
v 0.008204147 -0.017476529 -0.016573643
v 0.008204572 -0.016949216 -0.016340043
v 0.008205394 -0.016691405 0.015142865
v 0.008205986 -0.016980734 0.014934625
v 0.008211581 -0.015 0.016345566
v 0.008213658 -0.016183054 -0.01699237
v 0.008213676 -0.017366307 0.015140251
v 0.008215565 -0.017079424 -0.0164095
v 0.008215733 -0.017111609 0.015004016
v 0.008216067 -0.017333094 -0.016546
v 0.008216478 -0.017360158 0.015384957
v 0.008216966 -0.016216651 0.015586695
v 0.008218168 -0.017240262 0.015072635
v 0.008219274 -0.017207513 -0.016478227
v 0.008220353 -0.015674707 -0.017377719
v 0.008221318 -0.016488181 -0.016818782
v 0.008221841 -0.016787589 -0.01662457
v 0.008222473 -0.015141232 -0.017703218
v 0.008223114 -0.016820308 0.015218988
v 0.008223643 -0.01652137 0.015413141
v 0.008224375 -0.015710089 0.015972277
v 0.008227075 -0.015178491 0.016298348
v 0.008231848 -0.017194858 0.015442892
v 0.008233166 -0.016914045 -0.016700186
v 0.008233194 -0.016947456 0.015294545
v 0.008234378 -0.017160358 -0.016848803
v 0.00823446 -0.015990784 -0.017239271
v 0.008235979 -0.01707243 0.015369263
v 0.008236224 -0.01717381 -0.017090715
v 0.008237224 -0.017038427 -0.016775014
v 0.008237593 -0.016025767 0.015833743
v 0.008238055 -0.015 -0.017825673
v 0.008240581 -0.016612202 -0.016900901
v 0.008241121 -0.01630385 -0.017080495
v 0.008241702 -0.016646206 0.015495264
v 0.008243281 -0.016338376 0.015674898
v 0.008243335 -0.015464165 -0.017599687
v 0.008246736 -0.015 0.016454659
v 0.008247159 -0.015501044 0.016194623
v 0.008248733 -0.015 -0.021420454
v 0.008251564 -0.017008834 0.015736831
v 0.008252013 -0.017024795 0.015914302
v 0.008252142 -0.016769323 0.015576778
v 0.008252265 -0.0167346 -0.016982468
v 0.008254244 -0.016972959 -0.017142789
v 0.008254514 -0.015 0.016482497
v 0.008255305 -0.016890321 0.01565739
v 0.008256553 -0.015786577 -0.017476512
v 0.008256698 -0.016854974 -0.017063187
v 0.008259501 -0.015823014 0.016071254
v 0.008260745 -0.016423486 -0.017168373
v 0.008261705 -0.016458852 0.015762795
v 0.008262279 -0.0161069 -0.017332926
v 0.008264267 -0.016142836 0.015927497
v 0.0082675 -0.015242783 -0.017811073
v 0.008268719 -0.015 -0.021406685
v 0.008268719 -0.015 0.021406685
v 0.00827112 -0.015281201 0.016406516
v 0.008272531 -0.016577652 0.015850043
v 0.00827254 -0.016831081 -0.017578792
v 0.008272776 -0.016808704 0.016021367
v 0.008272813 -0.016541537 -0.017255664
v 0.008272818 -0.015 0.016548218
v 0.008275614 -0.016771371 -0.017427251
v 0.008276097 -0.016694384 0.01593633
v 0.00827765 -0.016657613 -0.017342051
v 0.008279893 -0.01557084 -0.017703462
v 0.008282286 -0.016221872 -0.017426323
v 0.008282648 -0.015608793 0.016298613
v 0.008283076 -0.016258676 0.016020926
v 0.008284747 -0.015897745 -0.017575435
v 0.008286554 -0.01593516 0.016170299
v 0.008287512 -0.015 -0.017998376
v 0.008287951 -0.015 -0.02139211
v 0.00829233 -0.01664431 0.016412923
v 0.008292781 -0.015011141 -0.01801141
v 0.008293316 -0.015 0.01661876
v 0.008293997 -0.015 -0.018020129
v 0.008294313 -0.016372878 0.016113669
v 0.008294763 -0.016335297 -0.017519096
v 0.008295435 -0.01659493 0.016295798
v 0.008296194 -0.015051127 0.016607493
v 0.00829749 -0.015 -0.018033887
v 0.00829831 -0.016485073 0.016205395
v 0.008298438 -0.016556062 -0.017701473
v 0.008298576 -0.015671505 -0.021153657
v 0.008298589 -0.015671382 0.021153688
v 0.008300029 -0.016446803 -0.017610913
v 0.008301766 -0.015 0.016647938
v 0.00830443 -0.015344025 -0.017919539
v 0.008305159 -0.01600779 -0.017674087
v 0.008305771 -0.016046099 0.016269004
v 0.008306988 -0.015383538 0.016515229
v 0.00830848 -0.015676809 -0.017807378
v 0.008310099 -0.015715763 0.016402673
v 0.008312622 -0.016452808 -0.018033054
v 0.008317442 -0.016155444 0.016366988
v 0.008318068 -0.016116327 -0.017772084
v 0.008319489 -0.016367979 0.016559424
v 0.008321893 -0.016262842 0.0164639
v 0.008322666 -0.016327506 -0.017964747
v 0.008323787 -0.016223002 -0.017869078
v 0.008327999 -0.015 0.01675424
v 0.008329319 -0.015781675 -0.017911006
v 0.008329745 -0.01582155 0.016506379
v 0.0083301 -0.015106727 -0.018124267
v 0.008332455 -0.015147829 0.01672063
v 0.008333429 -0.015444556 -0.018028151
v 0.008334853 -0.015485095 0.016624015
v 0.008337137 -0.016221449 0.016876962
v 0.008341645 -0.015 -0.018207581
v 0.00834187 -0.015925789 0.016609332
v 0.00834268 -0.015885072 -0.018013952
v 0.008344891 -0.01612832 0.016811542
v 0.0083468 -0.016028143 0.016711164
v 0.00834825 -0.016086174 -0.018216362
v 0.008348426 -0.015 0.016837272
v 0.008348875 -0.01598667 -0.01811585
v 0.008350169 -0.015 0.021349608
v 0.008354712 -0.015544006 -0.018136466
v 0.008354947 -0.015585493 0.016732434
v 0.008356477 -0.016038932 -0.018454069
v 0.008359489 -0.015 0.016891329
v 0.008359526 -0.015201602 -0.018237276
v 0.008360752 -0.015243752 0.016833846
v 0.008367549 -0.015684389 0.016840069
v 0.008368302 -0.015 -0.018333506
v 0.008368547 -0.015642028 -0.018244073
v 0.008369203 -0.015 -0.021335188
v 0.008369203 -0.015 0.021335187
v 0.008371586 -0.015876453 0.017051496
v 0.008372977 -0.015781468 0.016946539
v 0.008375132 -0.01583259 -0.01845566
v 0.00837524 -0.015738316 -0.018350586
v 0.008381182 -0.015 -0.018394263
v 0.008381272 -0.015295414 -0.018349979
v 0.008381312 -0.015338542 0.016946681
v 0.008386106 -0.015759306 0.017302796
v 0.008386909 -0.015 0.017025707
v 0.008387442 -0.015 0.021320008
v 0.008387586 -0.015 0.01702984
v 0.008389532 -0.015 0.017041745
v 0.008394408 -0.015431876 0.017058704
v 0.008395599 -0.015387846 -0.018461948
v 0.008396756 -0.015658803 -0.021082839
v 0.008396769 -0.015658682 0.021082873
v 0.008399505 -0.015613044 0.017278768
v 0.008399692 -0.015 -0.018502546
v 0.008400356 -0.015523463 0.01716952
v 0.00840281 -0.015478605 -0.018572787
v 0.00840324 -0.015567436 -0.018682133
v 0.008404745 -0.015583402 -0.018846121
v 0.00840877 -0.015081347 0.017148662
v 0.008408928 -0.015036562 -0.018551083
v 0.008410385 -0.015 0.017164596
v 0.008412835 -0.015 -0.01857672
v 0.008417454 -0.015 0.017206372
v 0.008417503 -0.015 -0.018611052
v 0.008422379 -0.015168918 0.017264774
v 0.008423764 -0.015123201 -0.018667111
v 0.008428574 -0.015338791 0.017492894
v 0.008428866 -0.015254813 0.017379642
v 0.008429469 -0.015 0.017299645
v 0.008431511 -0.015208233 -0.018781975
v 0.008432499 -0.015291422 -0.0188953
v 0.008436876 -0.015 -0.018753299
v 0.008438876 -0.0152613 0.017687056
v 0.008440347 -0.015 0.017384338
v 0.00844487 -0.015 0.01743519
v 0.008447424 -0.015 -0.018863017
v 0.008448534 -0.015 -0.021274364
v 0.008453616 -0.015 -0.018927342
v 0.008455907 -0.015 0.017559631
v 0.008456339 -0.015096487 -0.019199157
v 0.008456473 -0.015 0.017570958
v 0.008458519 -0.015 0.017612037
v 0.008458718 -0.015054394 0.017693397
v 0.008462728 -0.015 -0.019086734
v 0.008462834 -0.015005258 -0.019094685
v 0.008463215 -0.015 0.017703211
v 0.008463392 -0.015 -0.019097978
v 0.008463431 -0.015 -0.01909987
v 0.008464483 -0.015 0.017727905
v 0.008465481 -0.015 0.017787639
v 0.008466563 -0.015 -0.021259365
v 0.008466563 -0.015 -0.020545345
v 0.008466563 -0.015 -0.020116706
v 0.008466563 -0.015 -0.019257594
v 0.008466563 -0.015 0.019857548
v 0.008466563 -0.015 0.02027971
v 0.008466564 -0.015 -0.020863417
v 0.008466564 -0.015 -0.020751482
v 0.008466564 -0.015 0.017854449
v 0.008466564 -0.015 0.018912511
v 0.008466564 -0.015 0.021259366
f 3824 3775 5892
f 861 1894 1992
f 861 1894 807
f 805 767 1808
f 805 1851 1808
f 805 1851 807
f 2120 861 1992
f 2120 861 3176
f 5439 3775 5892
f 3825 3823 5896
f 875 821 873
f 4 2 89
f 91 973 89
f 91 4 89
f 1854 1894 807
f 1854 1851 807
f 1312 212 248
f 330 291 328
f 2429 2120 3176
f 2429 3305 3176
f 3771 5439 3775
f 3771 5439 3770
f 5846 5886 5892
f 5846 5439 5892
f 3464 3372 3459
f 3229 871 869
f 679 1799 767
f 420 378 376
f 418 420 376
f 3175 1900 862
f 97 8 10
f 97 95 8
f 97 12 10
f 97 12 99
f 97 135 99
f 127 129 973
f 127 91 973
f 93 95 129
f 93 127 129
f 93 127 91
f 93 8 6
f 93 95 8
f 93 4 6
f 93 91 4
f 170 172 134
f 136 172 174
f 136 172 134
f 90 88 877
f 90 126 877
f 128 130 877
f 128 126 877
f 128 94 130
f 1802 767 1808
f 1802 1799 767
f 1315 1323 248
f 1315 1312 248
f 250 1323 248
f 250 291 1323
f 250 212 248
f 1387 291 328
f 863 861 807
f 863 865 807
f 809 867 869
f 809 865 867
f 809 865 807
f 773 809 771
f 681 631 629
f 681 679 629
f 3310 3305 3176
f 3310 3372 3459
f 3181 865 867
f 3454 3310 3459
f 3454 3310 3305
f 3454 3305 2447
f 2434 3305 2447
f 2434 2429 3305
f 5830 5757 5439
f 5378 5273 4974
f 5191 5058 5017
f 3296 3229 871
f 4334 4243 4580
f 4334 4203 4409
f 4553 4505 4669
f 4553 4592 4409
f 5008 4535 4943
f 5008 4535 4632
f 5008 4719 4632
f 5008 4719 5072
f 4164 3898 4254
f 4164 3898 4141
f 426 420 458
f 216 252 254
f 216 250 252
f 815 821 873
f 502 547 506
f 581 631 629
f 16 103 18
f 16 103 14
f 101 103 14
f 101 12 14
f 101 12 99
f 101 135 99
f 105 103 18
f 22 109 24
f 22 20 109
f 1471 1460 411
f 2168 3175 1900
f 3695 4142 876
f 874 3695 876
f 874 3430 3391
f 3433 3361 5239
f 5064 3214 3130
f 5064 3016 4936
f 131 95 129
f 131 97 95
f 131 129 973
f 119 30 32
f 119 30 117
f 1351 292 1359
f 329 1393 1359
f 329 292 1359
f 92 90 126
f 92 128 126
f 92 128 94
f 210 1281 174
f 210 1281 212
f 1285 1312 212
f 1285 1281 212
f 1248 172 174
f 1391 1396 328
f 1391 1387 328
f 364 330 328
f 364 408 1431
f 364 1425 1431
f 364 1425 1396
f 364 1396 328
f 685 635 633
f 811 809 869
f 811 773 809
f 769 679 767
f 769 681 679
f 769 805 807
f 769 805 767
f 769 809 807
f 769 809 771
f 3315 3310 3372
f 3177 3310 3176
f 3177 861 3176
f 3177 863 861
f 3184 867 869
f 3184 3181 867
f 2482 3454 3614
f 4957 4769 5017
f 5343 5741 5757
f 5343 5757 5439
f 5872 5830 5439
f 5872 5846 5886
f 5872 5846 5439
f 5490 5158 5614
f 5082 5378 4974
f 5082 5058 4974
f 5082 5058 5158
f 5082 5490 5378
f 5082 5490 5158
f 5358 5191 5302
f 5358 3680 3702
f 5358 3680 3673
f 4857 4535 4943
f 4043 3898 4027
f 4043 4361 4417
f 4359 4203 4409
f 4359 4553 4409
f 4359 4505 4312
f 4359 4553 4505
f 4619 4334 4580
f 4430 4334 4409
f 4430 4592 4409
f 4225 4334 4243
f 4225 4334 4203
f 4521 4243 4580
f 4617 4719 4632
f 4617 4535 4632
f 4617 4769 4592
f 4617 4430 4592
f 4617 4430 4535
f 4850 5174 5273
f 4850 5273 4974
f 4724 4769 4592
f 4724 4553 4592
f 4724 4553 4669
f 4724 4957 4769
f 3677 3652 5362
f 3762 5428 3823
f 5412 3762 5428
f 5448 5428 3823
f 5448 3823 5896
f 5448 5847 5896
f 3359 871 873
f 3359 871 3344
f 3711 3898 4141
f 3711 3693 3898
f 3711 4141 875
f 422 420 378
f 214 250 212
f 214 216 250
f 293 252 254
f 293 295 254
f 293 250 291
f 293 250 252
f 293 330 291
f 293 332 330
f 293 295 332
f 122 154 156
f 118 31 67
f 118 120 67
f 118 122 120
f 118 122 154
f 192 154 156
f 813 871 873
f 813 815 873
f 813 811 773
f 813 871 869
f 813 811 869
f 500 502 547
f 589 557 547
f 1720 679 1717
f 1720 1758 679
f 1762 679 1799
f 1762 1758 679
f 374 418 376
f 374 338 376
f 137 101 135
f 137 1245 135
f 107 20 18
f 107 105 18
f 107 20 109
f 113 115 149
f 28 113 115
f 28 30 117
f 28 115 117
f 2441 3175 2448
f 2441 2168 3175
f 866 3179 3182
f 814 874 872
f 814 870 872
f 3492 874 3430
f 3492 874 3695
f 4007 3681 4055
f 4007 3918 3681
f 3499 3433 5239
f 3499 5303 3554
f 3499 5303 5239
f 2960 3016 4936
f 3074 5064 3130
f 3074 5064 3016
f 133 97 135
f 133 131 97
f 133 1245 135
f 133 1245 973
f 133 131 973
f 123 119 121
f 87 119 121
f 87 85 32
f 87 119 32
f 365 1393 1427
f 365 329 1393
f 365 1460 1427
f 1253 1281 174
f 1253 1248 174
f 1220 170 172
f 1220 1248 172
f 1220 170 134
f 1220 132 134
f 1220 132 130
f 1327 291 1323
f 1327 1354 291
f 1357 1387 291
f 1357 1354 291
f 366 332 330
f 366 364 330
f 366 364 408
f 410 1463 408
f 410 448 1477
f 410 366 408
f 410 448 412
f 1434 408 1431
f 1434 1463 408
f 1511 448 492
f 683 773 771
f 683 685 773
f 683 681 631
f 683 631 633
f 683 685 633
f 683 769 771
f 683 769 681
f 3180 3177 863
f 3180 863 865
f 3180 3181 865
f 3348 3440 3511
f 3235 3184 3181
f 4057 4199 4046
f 2486 2490 3614
f 2486 2482 3614
f 2453 3454 2447
f 2453 2482 3454
f 3691 2490 3614
f 3691 3849 2490
f 5292 3547 5302
f 5141 4957 5085
f 5141 5191 5302
f 5141 5191 5017
f 5141 4957 5017
f 5141 5292 5302
f 5141 5292 5085
f 2556 2542 4199
f 2556 4199 4341
f 2538 4199 4046
f 2538 2542 4199
f 4450 4341 4512
f 4450 2627 4512
f 4450 2627 4341
f 2593 2585 4341
f 2593 2627 4341
f 2637 2677 4512
f 2637 2627 4512
f 3011 5016 3024
f 3605 5358 5302
f 3605 5358 3618
f 3070 5016 3024
f 5256 5343 5741
f 5256 5158 5614
f 5405 5358 5191
f 5405 3708 3735
f 5405 3708 3702
f 5405 5358 3702
f 3649 5358 3618
f 4011 3898 4027
f 3862 4085 3905
f 3330 871 3344
f 3365 3296 3229
f 3365 3330 3525
f 3745 3682 3525
f 4881 4773 4669
f 4881 4724 4669
f 4881 4724 4957
f 4881 4957 5085
f 4323 4199 4341
f 4238 3975 4096
f 4238 3975 4109
f 4296 4043 4361
f 4296 3898 4254
f 4296 4043 3898
f 4138 4476 4417
f 4138 4043 4417
f 4138 4521 4476
f 4138 4521 4243
f 4138 4225 4243
f 4138 4043 4027
f 4138 4225 4203
f 4138 4011 4027
f 4138 4011 4203
f 4131 4085 3905
f 4686 4619 4334
f 4448 4430 4535
f 4448 4798 4720
f 4448 4430 4334
f 4448 4798 4857
f 4448 4857 4535
f 4448 4686 4720
f 4448 4686 4334
f 4818 4617 4719
f 4818 4617 4769
f 4818 4850 4719
f 4818 4850 4974
f 4818 5058 4974
f 4818 5058 5017
f 4818 4769 5017
f 5145 4719 5072
f 5145 4850 4719
f 5145 4850 5174
f 5319 3612 3554
f 5319 5303 3554
f 5319 3612 3652
f 5319 3652 5362
f 4884 5086 5009
f 5384 5412 3706
f 5384 3677 3706
f 5384 3677 5362
f 3742 5412 3706
f 3742 5412 3762
f 5831 5847 5896
f 5831 5448 5847
f 5831 5820 5448
f 344 378 376
f 340 342 308
f 340 344 342
f 340 344 376
f 340 338 376
f 462 502 458
f 462 467 502
f 504 502 506
f 504 467 502
f 424 426 420
f 424 422 420
f 372 334 336
f 372 338 336
f 372 374 338
f 372 416 418
f 372 374 418
f 299 258 260
f 303 340 338
f 303 305 308
f 303 340 308
f 190 192 228
f 190 228 226
f 190 192 154
f 775 815 777
f 775 813 815
f 775 777 689
f 775 685 773
f 775 813 773
f 819 815 821
f 819 817 815
f 781 815 777
f 781 779 777
f 655 643 689
f 655 691 689
f 697 691 689
f 456 416 454
f 456 416 418
f 456 420 458
f 456 418 420
f 456 502 458
f 456 500 502
f 545 500 547
f 511 547 506
f 511 549 547
f 551 557 547
f 551 549 547
f 1583 537 492
f 579 537 1592
f 452 496 454
f 452 416 454
f 141 105 103
f 111 109 24
f 111 113 24
f 26 113 24
f 26 28 113
f 449 1471 411
f 449 1471 1508
f 1542 449 1508
f 540 580 538
f 1626 1588 538
f 1626 580 538
f 1848 806 768
f 1714 1675 628
f 3304 3175 2448
f 3309 3304 3175
f 3314 3309 3371
f 3318 3247 872
f 3318 3329 872
f 864 866 3179
f 864 808 862
f 864 808 866
f 868 866 3182
f 384 379 377
f 421 459 457
f 421 384 423
f 421 384 377
f 638 590 604
f 503 459 457
f 4165 3899 4255
f 3712 3695 4142
f 3712 3899 3695
f 3712 4165 4142
f 3712 4165 3899
f 812 814 870
f 4687 4581 4335
f 4944 4634 5073
f 5162 3292 3361
f 5162 3361 5239
f 5162 5064 5009
f 5162 3292 3214
f 5162 5064 3214
f 5162 5086 5239
f 5162 5086 5009
f 2898 2960 4936
f 191 195 193
f 151 115 149
f 151 187 149
f 409 1460 411
f 409 365 1460
f 249 1317 1351
f 249 1317 1287
f 3 88 1
f 3 90 88
f 3 92 90
f 3 5 92
f 7 92 94
f 7 5 92
f 17 15 102
f 96 7 9
f 96 7 94
f 96 132 130
f 96 94 130
f 96 132 134
f 96 98 134
f 11 96 9
f 11 96 98
f 138 136 174
f 1218 130 877
f 1218 1220 130
f 368 366 332
f 368 334 332
f 368 410 412
f 368 410 366
f 1467 410 1477
f 1467 410 1463
f 1506 448 1477
f 1506 1511 448
f 1514 1546 492
f 1514 1511 492
f 3232 3180 3181
f 3232 3180 3315
f 3232 3235 3181
f 3227 3315 3310
f 3227 3180 3315
f 3227 3177 3310
f 3227 3180 3177
f 3187 3229 869
f 3378 3464 3372
f 3378 3315 3372
f 3378 3471 3464
f 4212 4323 4199
f 3866 3691 3849
f 2492 3849 2490
f 2492 2507 3849
f 3941 4046 2522
f 3941 2507 3849
f 3941 4057 4046
f 3629 3454 3614
f 3629 3691 3614
f 5221 3354 3366
f 5221 5151 3274
f 5221 5292 3493
f 5221 5292 5085
f 3502 5292 3547
f 3502 5292 3493
f 2563 2585 4341
f 2563 2556 4341
f 2524 4046 2522
f 2524 2538 4046
f 3557 3547 5302
f 3557 3605 5302
f 3220 5151 3274
f 3220 3209 5151
f 5651 5256 5614
f 5651 5256 5741
f 5233 5405 5191
f 5233 5256 5158
f 5233 5256 5343
f 5233 5058 5158
f 5233 5191 5058
f 3654 5358 3673
f 3654 3649 5358
f 3969 3905 3898
f 3969 4011 3898
f 3969 4131 3905
f 3518 3610 3669
f 3518 3862 3905
f 3485 3365 3440
f 3485 3365 3525
f 3485 3682 3525
f 3485 3440 3511
f 3485 3682 3511
f 3306 3365 3296
f 3306 3365 3330
f 3306 3296 871
f 3306 3330 871
f 3643 3682 3511
f 3643 3581 3511
f 3404 3581 3479
f 3404 3294 3348
f 3404 3348 3511
f 3404 3581 3511
f 4026 4125 3919
f 4026 3919 3739
f 4026 3975 4096
f 4026 3975 3739
f 4054 4125 3919
f 4446 4505 4312
f 4740 4698 4603
f 4366 4341 4512
f 4366 4323 4341
f 2853 4762 2838
f 2853 4762 2892
f 4858 4762 2892
f 5344 5820 5758
f 5344 5820 5448
f 5344 5650 5758
f 5344 5650 5255
f 5344 5448 5428
f 5344 5412 5428
f 5142 5319 5303
f 5142 5303 5239
f 5142 5086 5239
f 3562 3745 3525
f 460 426 458
f 460 462 458
f 301 299 260
f 301 303 338
f 301 338 336
f 301 299 336
f 297 299 258
f 297 295 254
f 297 295 332
f 297 334 332
f 297 334 336
f 297 299 336
f 218 216 254
f 224 258 260
f 224 190 226
f 262 305 264
f 262 303 305
f 262 228 264
f 262 228 226
f 262 224 226
f 262 224 260
f 262 301 260
f 262 301 303
f 116 118 154
f 687 685 635
f 687 775 685
f 687 635 689
f 687 775 689
f 783 817 815
f 783 781 815
f 745 777 689
f 745 697 689
f 745 779 777
f 587 589 635
f 587 589 547
f 587 545 547
f 595 603 589
f 637 643 689
f 637 603 589
f 637 635 689
f 637 589 635
f 1586 537 1592
f 1586 1583 537
f 1550 1546 492
f 1550 1583 492
f 627 581 629
f 627 579 581
f 627 679 629
f 627 1712 1679
f 627 1673 1679
f 627 1712 1717
f 627 679 1717
f 627 1673 1669
f 627 579 1669
f 450 448 412
f 583 581 631
f 539 579 581
f 539 579 537
f 539 583 581
f 539 583 541
f 543 545 500
f 543 541 496
f 139 141 103
f 139 101 103
f 139 137 101
f 143 107 105
f 143 141 105
f 143 107 109
f 1552 1588 538
f 495 453 451
f 495 453 497
f 495 449 451
f 495 540 538
f 1664 1626 580
f 1664 1675 628
f 1664 580 628
f 1856 1900 862
f 1856 808 862
f 1856 808 806
f 1856 1848 806
f 1804 1764 768
f 1804 1848 768
f 3178 3309 3175
f 3178 864 3179
f 3178 3175 862
f 3178 864 862
f 3231 3179 3182
f 3231 3314 3179
f 3231 3316 3314
f 3231 3234 3182
f 3231 3316 3234
f 3226 3314 3179
f 3226 3314 3309
f 3226 3178 3179
f 3226 3178 3309
f 3364 3318 3247
f 3364 3287 3247
f 3358 3481 3391
f 3358 3481 3329
f 3358 3329 872
f 3358 874 3391
f 3358 874 872
f 3519 3430 3391
f 3519 3481 3391
f 3519 3492 3430
f 3642 3510 3681
f 3642 3580 3510
f 3642 3918 3681
f 3403 3580 3510
f 3228 3287 3247
f 3228 3287 3199
f 3228 3199 870
f 3228 3247 872
f 3228 870 872
f 3239 3234 3293
f 3188 3199 870
f 3188 3186 870
f 3183 868 870
f 3183 3186 870
f 3183 3234 3182
f 3183 868 3182
f 3183 3239 3234
f 3183 3239 3186
f 345 379 377
f 427 421 459
f 427 461 459
f 225 187 189
f 225 191 189
f 339 337 302
f 265 263 229
f 341 343 309
f 341 345 343
f 341 345 377
f 341 339 377
f 698 692 690
f 822 874 876
f 816 822 874
f 816 814 874
f 499 544 497
f 501 503 457
f 501 499 457
f 501 499 544
f 644 638 690
f 548 503 507
f 548 501 503
f 4245 4581 4335
f 776 688 686
f 776 688 690
f 776 816 814
f 636 638 690
f 636 688 690
f 636 638 590
f 636 688 686
f 810 868 870
f 810 812 870
f 810 808 866
f 810 868 866
f 3679 3899 3695
f 3661 3492 3695
f 3661 3679 3695
f 3661 3636 3899
f 3661 3679 3899
f 4447 4538 4377
f 4206 4007 4055
f 4268 4447 4313
f 4268 4202 4377
f 4268 4447 4377
f 4721 4634 5073
f 5159 5650 5255
f 4536 4944 4799
f 4536 4944 4634
f 4508 4447 4313
f 2753 2680 4621
f 4888 5064 5009
f 4888 5064 4936
f 4888 4741 4936
f 159 191 193
f 153 191 189
f 153 115 117
f 153 151 115
f 153 187 189
f 153 151 187
f 227 195 229
f 227 191 195
f 227 263 229
f 227 225 263
f 227 225 191
f 251 1351 292
f 251 249 1351
f 100 11 98
f 100 138 136
f 100 138 102
f 100 136 134
f 100 98 134
f 140 138 102
f 180 214 216
f 180 178 214
f 180 218 216
f 180 178 142
f 106 17 19
f 370 372 334
f 370 368 334
f 3288 3187 3229
f 3288 3348 3440
f 3288 3365 3229
f 3288 3365 3440
f 3185 3184 869
f 3185 3187 869
f 3317 3232 3235
f 3317 3294 3235
f 3317 3232 3315
f 3317 3378 3315
f 3443 3471 3479
f 3443 3378 3471
f 4235 4212 4323
f 2510 3941 2522
f 2510 3941 2507
f 3968 3866 3849
f 3968 3941 3849
f 3968 3941 4057
f 3968 4066 4057
f 3535 3454 3459
f 3535 3629 3454
f 3717 3975 3739
f 3301 5221 3274
f 3301 5221 3354
f 3420 5221 3366
f 5411 5233 5343
f 5411 5233 5405
f 5411 5343 5439
f 5411 3761 3759
f 5411 3741 3759
f 5411 3761 3770
f 5411 5439 3770
f 5411 3741 3735
f 5411 5405 3735
f 4169 4011 4203
f 4169 3969 4011
f 4169 3969 4131
f 4169 4359 4203
f 4169 4359 4312
f 4169 4131 4312
f 3748 3518 3669
f 3748 3518 3862
f 3748 3942 3669
f 3635 3905 3898
f 3635 3518 3905
f 3660 3643 3581
f 3660 3919 3739
f 3660 3581 3479
f 3851 3745 3961
f 3851 3942 3961
f 3851 3562 3745
f 3851 3562 3610
f 3851 3610 3669
f 3851 3942 3669
f 4128 4054 3961
f 4128 4054 4125
f 4128 4125 4294
f 4266 4446 4312
f 4266 4446 4375
f 4266 4131 4312
f 4266 4131 4085
f 4611 4505 4669
f 4611 4446 4505
f 4611 4773 4669
f 4611 4698 4773
f 4454 4375 4294
f 4454 4351 4294
f 4205 4351 4294
f 4205 4125 4294
f 4299 4238 4096
f 4299 4238 4442
f 4885 4740 5016
f 4885 4698 4773
f 4885 4740 4698
f 4501 4454 4603
f 4501 4454 4351
f 4501 4299 4442
f 4501 4299 4351
f 4374 4235 4323
f 4374 4238 4442
f 4374 4238 4109
f 4374 4235 4109
f 4510 4374 4442
f 4510 4366 4512
f 4510 4366 4323
f 4510 4374 4323
f 2907 4858 2956
f 2907 4858 2892
f 4925 2969 2956
f 4925 4858 2956
f 4925 2969 3011
f 4925 3011 5016
f 4925 4740 5016
f 4925 4858 4740
f 4774 4884 4674
f 4774 4884 5009
f 4774 4888 5009
f 5234 5344 5412
f 5234 5344 5255
f 5234 5384 5412
f 5234 5159 5255
f 3482 3518 3610
f 3482 3562 3610
f 3482 3359 3344
f 3482 3562 3525
f 3482 3330 3344
f 3482 3330 3525
f 256 297 254
f 256 297 258
f 256 218 254
f 256 218 220
f 29 116 27
f 29 118 31
f 29 116 118
f 114 116 27
f 591 589 557
f 591 595 589
f 639 637 643
f 639 637 603
f 1596 579 1592
f 1596 1631 579
f 1634 579 1669
f 1634 1631 579
f 494 541 496
f 494 539 541
f 494 452 496
f 494 450 452
f 494 448 492
f 494 450 448
f 494 537 492
f 494 539 537
f 498 543 500
f 498 456 454
f 498 456 500
f 498 496 454
f 498 543 496
f 585 635 633
f 585 587 635
f 585 587 545
f 585 543 545
f 585 631 633
f 585 583 631
f 585 583 541
f 585 543 541
f 175 139 137
f 493 1552 1542
f 493 1552 538
f 493 1542 449
f 493 495 538
f 493 495 449
f 582 580 628
f 582 540 580
f 630 582 628
f 630 582 632
f 3377 3314 3371
f 3377 3316 3314
f 3377 3387 3316
f 2539 2559 4198
f 3453 3304 2448
f 3453 3309 3304
f 2491 2508 3848
f 3628 3453 3613
f 4373 4635 4502
f 4373 4635 4509
f 3439 3364 3287
f 3852 3945 4055
f 3541 3519 3492
f 3478 3738 3580
f 3478 3403 3580
f 3478 3387 3403
f 3620 3478 3470
f 3620 3478 3738
f 3347 3403 3510
f 3347 3439 3510
f 3347 3439 3287
f 3347 3239 3293
f 3223 3239 3186
f 3223 3188 3186
f 3223 3188 3199
f 3223 3287 3199
f 3223 3347 3287
f 3223 3347 3239
f 425 421 423
f 425 427 421
f 261 263 302
f 261 225 263
f 331 329 292
f 331 365 329
f 413 449 411
f 413 449 451
f 335 298 337
f 419 421 457
f 419 421 377
f 419 417 457
f 746 698 690
f 820 816 818
f 820 816 822
f 596 590 604
f 596 592 590
f 558 592 590
f 558 548 590
f 558 548 552
f 640 638 604
f 640 644 638
f 656 692 690
f 656 644 690
f 505 503 507
f 505 468 503
f 463 461 459
f 463 503 459
f 463 468 503
f 512 548 507
f 4477 4363 4139
f 4477 4245 4581
f 4477 4245 4139
f 4044 4363 4255
f 4044 3899 4255
f 4044 4363 4139
f 4204 4412 4335
f 546 548 501
f 546 501 544
f 634 636 686
f 774 810 812
f 774 776 686
f 774 812 814
f 774 776 814
f 684 634 686
f 684 634 632
f 684 774 686
f 4295 4202 4377
f 4154 4007 3918
f 4154 4206 4007
f 5491 5159 5471
f 5491 5159 5650
f 4449 4536 4799
f 4449 4687 4799
f 4449 4687 4335
f 4362 4508 4313
f 4362 4204 4412
f 4511 2680 4621
f 4511 4509 4621
f 4511 4365 4509
f 2629 4511 2680
f 4648 4509 4621
f 4648 4635 4509
f 4648 2753 2847
f 4648 2753 4621
f 155 159 157
f 155 159 191
f 155 153 191
f 155 123 157
f 155 123 119
f 155 119 117
f 155 153 117
f 13 100 11
f 13 15 102
f 13 100 102
f 176 178 142
f 176 140 142
f 176 138 174
f 176 140 138
f 176 210 174
f 176 210 212
f 176 214 212
f 176 178 214
f 182 180 218
f 108 106 142
f 108 23 110
f 108 106 19
f 104 140 102
f 104 17 102
f 104 106 17
f 104 140 142
f 104 106 142
f 414 372 416
f 414 370 372
f 414 452 416
f 414 450 412
f 414 450 452
f 414 368 412
f 414 370 368
f 3224 3185 3187
f 3224 3288 3348
f 3224 3288 3187
f 3373 3404 3294
f 3373 3317 3294
f 3930 3975 4109
f 3930 4066 4109
f 3930 3968 3866
f 3930 3968 4066
f 4151 4066 4109
f 4151 4235 4109
f 4151 4235 4212
f 4151 4066 4057
f 4151 4057 4199
f 4151 4212 4199
f 3634 3535 3629
f 3441 5221 3493
f 3441 3420 5221
f 4034 3862 4085
f 4034 3748 3862
f 4034 3748 3942
f 4034 3942 3961
f 4034 4128 3961
f 3659 3635 3898
f 3659 3711 3693
f 3429 3659 3635
f 3429 875 873
f 3429 3711 875
f 3429 3659 3711
f 3834 3660 3919
f 3834 3660 3643
f 3834 3643 3682
f 3834 3745 3961
f 3834 3745 3682
f 3834 4054 3961
f 3834 4054 3919
f 4200 4375 4294
f 4200 4128 4294
f 4200 4266 4375
f 4200 4034 4128
f 4200 4266 4085
f 4200 4034 4085
f 4537 4454 4375
f 4537 4446 4375
f 4537 4611 4446
f 4537 4611 4698
f 4537 4698 4603
f 4537 4454 4603
f 4155 4299 4096
f 4155 4026 4096
f 4155 4205 4351
f 4155 4299 4351
f 4155 4026 4125
f 4155 4205 4125
f 5062 4885 5016
f 5062 3077 3121
f 5062 3077 3070
f 5062 3070 5016
f 5007 5221 5085
f 5007 5221 5151
f 5007 4885 4773
f 5007 4881 5085
f 5007 4881 4773
f 4636 4858 4762
f 4636 4858 4740
f 4636 4740 4603
f 4636 4501 4603
f 4636 4501 4442
f 4636 4510 4442
f 4628 4510 4512
f 4628 4636 4762
f 4628 4636 4510
f 4628 2688 2750
f 4628 2770 2750
f 4628 2688 2677
f 4628 2677 4512
f 4628 2770 2838
f 4628 4762 2838
f 4612 4774 4674
f 4612 4447 4538
f 4612 4508 4674
f 4612 4508 4447
f 4604 4635 4502
f 4604 4635 4741
f 4959 4884 5086
f 4959 5142 5086
f 112 114 27
f 112 23 110
f 211 1255 1287
f 211 175 1255
f 173 137 1245
f 173 175 137
f 173 1245 1255
f 173 175 1255
f 584 582 540
f 584 582 632
f 680 630 628
f 680 1752 1714
f 680 1714 628
f 680 1752 1764
f 680 1764 768
f 3319 3387 3403
f 3319 3347 3293
f 3319 3347 3403
f 3319 3387 3316
f 3319 3234 3293
f 3319 3316 3234
f 3463 3377 3371
f 3463 3377 3470
f 3463 3620 3470
f 3463 3620 3542
f 4045 2539 4198
f 3534 3628 3453
f 2483 2491 3613
f 2483 3453 2448
f 2483 3453 3613
f 3690 2491 3848
f 3690 2491 3613
f 3690 3628 3613
f 4318 4365 4509
f 4318 4373 4509
f 3484 3510 3681
f 3484 3439 3510
f 3484 3439 3364
f 3744 3681 4055
f 3744 3852 4055
f 3586 3661 3636
f 3586 3519 3636
f 3586 3541 3519
f 3586 3661 3492
f 3586 3541 3492
f 3611 3561 3481
f 3611 3519 3481
f 3611 3852 3561
f 3442 3478 3470
f 3442 3478 3387
f 3442 3377 3470
f 3442 3377 3387
f 3703 3690 3628
f 294 331 292
f 294 251 292
f 369 413 411
f 369 335 371
f 415 453 451
f 415 413 451
f 415 417 453
f 415 369 371
f 415 369 413
f 455 417 453
f 455 453 497
f 455 499 497
f 455 499 457
f 455 417 457
f 375 339 377
f 375 419 377
f 267 265 263
f 304 306 309
f 304 341 309
f 304 263 302
f 304 267 306
f 304 267 263
f 304 339 302
f 304 341 339
f 778 782 780
f 778 782 816
f 778 746 780
f 778 746 690
f 778 776 690
f 778 776 816
f 784 816 818
f 784 782 816
f 550 548 552
f 550 512 548
f 4012 4204 4139
f 4226 4245 4335
f 4226 4204 4335
f 4226 4245 4139
f 4226 4204 4139
f 4086 4268 4202
f 588 636 590
f 588 548 590
f 588 546 548
f 772 774 810
f 772 684 774
f 4129 4295 4202
f 4129 3945 4055
f 4129 4206 4055
f 4129 4295 4206
f 3861 3738 3580
f 3861 3642 3918
f 3861 3642 3580
f 5274 5246 4975
f 5274 5357 4975
f 5083 5159 5471
f 5083 5357 4975
f 5146 4721 5073
f 4851 5175 5246
f 4851 5246 4975
f 4851 4819 4975
f 4851 4819 4721
f 4851 5146 5175
f 4851 5146 4721
f 4431 4412 4335
f 4431 4449 4335
f 4431 4449 4536
f 4431 4594 4412
f 4618 4536 4634
f 4618 4721 4634
f 4618 4431 4536
f 4618 4431 4594
f 4618 4819 4721
f 4618 4594 4770
f 4618 4819 4770
f 4725 4594 4770
f 4725 4959 4770
f 4725 4884 4674
f 4725 4959 4884
f 4171 4362 4313
f 4171 4362 4204
f 4171 4012 4204
f 4555 4362 4508
f 4555 4725 4594
f 4555 4594 4412
f 4555 4362 4412
f 4555 4508 4674
f 4555 4725 4674
f 4425 4511 4365
f 4425 2629 4511
f 4763 4648 4635
f 4763 4741 4936
f 4763 4635 4741
f 4763 2898 4936
f 4763 2898 2847
f 4763 4648 2847
f 259 261 225
f 188 224 190
f 21 108 19
f 21 108 23
f 3240 3294 3348
f 3240 3224 3348
f 3240 3294 3235
f 3240 3235 3184
f 3240 3185 3184
f 3240 3224 3185
f 3381 3404 3479
f 3381 3373 3404
f 3381 3443 3479
f 3381 3443 3378
f 3381 3317 3378
f 3381 3373 3317
f 3840 3717 3975
f 3548 3471 3464
f 3548 3471 3479
f 3548 3660 3479
f 3548 3660 3739
f 3548 3621 3739
f 3644 3634 3717
f 3644 3717 3739
f 3644 3621 3739
f 3678 3693 3898
f 3678 3659 3898
f 3678 3659 3693
f 3540 3429 3635
f 3392 3359 873
f 3392 3482 3359
f 3392 3482 3518
f 5125 5062 4885
f 5125 5007 4885
f 5125 5007 5151
f 5125 5062 3121
f 5125 3132 3121
f 5125 3132 3209
f 5125 3209 5151
f 4699 4604 4538
f 4699 4612 4538
f 4699 4612 4774
f 4699 4774 4888
f 4699 4888 4741
f 4699 4604 4741
f 5020 4959 5142
f 5020 4959 4770
f 5020 4819 4770
f 25 112 27
f 25 112 23
f 146 112 110
f 146 108 110
f 146 182 180
f 177 211 175
f 177 143 141
f 177 139 141
f 177 175 139
f 542 584 540
f 542 495 497
f 542 495 540
f 542 544 497
f 682 680 630
f 682 630 632
f 682 684 632
f 4056 4149 4198
f 4056 4045 4198
f 2523 4045 2539
f 3458 3534 3542
f 3458 3463 3371
f 3458 3463 3542
f 3458 3534 3453
f 3458 3309 3371
f 3458 3453 3309
f 4234 4318 4373
f 3524 3484 3681
f 3524 3744 3681
f 3524 3852 3561
f 3524 3744 3852
f 3524 3481 3329
f 3524 3561 3481
f 3524 3484 3364
f 3524 3318 3329
f 3524 3364 3318
f 3670 3611 3519
f 3670 3852 3945
f 3670 3611 3852
f 3633 3703 3628
f 3633 3534 3542
f 3633 3534 3628
f 3865 3690 3848
f 3865 3703 3690
f 3974 3861 3738
f 253 294 251
f 367 369 411
f 367 331 365
f 367 409 411
f 367 409 365
f 373 419 417
f 373 375 419
f 373 339 337
f 373 375 339
f 373 335 337
f 373 335 371
f 373 415 371
f 373 415 417
f 4028 4044 3899
f 4028 4012 3899
f 4028 4044 4139
f 4028 4012 4139
f 4035 4086 4202
f 4035 4129 3945
f 4035 4129 4202
f 4035 4086 3863
f 4134 4268 4313
f 4134 4086 4268
f 4134 4171 4313
f 586 634 636
f 586 588 636
f 586 546 544
f 586 588 546
f 586 542 544
f 586 542 584
f 586 634 632
f 586 584 632
f 770 810 808
f 770 772 810
f 770 772 684
f 770 682 684
f 770 806 768
f 770 808 806
f 770 680 768
f 770 682 680
f 4280 4295 4206
f 4280 4154 4206
f 4455 4604 4538
f 4455 4280 4352
f 4455 4280 4295
f 4455 4538 4377
f 4455 4295 4377
f 4308 4373 4502
f 4308 4234 4149
f 4308 4234 4373
f 5379 5083 5471
f 5379 5083 5357
f 4340 2587 2629
f 4340 4425 2629
f 4340 4425 4365
f 4340 4318 4365
f 4340 2587 2559
f 4340 2559 4198
f 4340 4318 4198
f 300 261 302
f 300 259 261
f 300 337 302
f 300 298 337
f 300 259 298
f 147 111 109
f 147 113 149
f 147 111 113
f 222 224 258
f 222 256 258
f 222 256 220
f 152 190 154
f 152 188 190
f 152 116 154
f 152 114 116
f 3874 3930 3975
f 3874 3840 3975
f 3874 3930 3866
f 3704 3634 3717
f 3704 3840 3717
f 3704 3866 3691
f 3704 3874 3866
f 3704 3874 3840
f 3704 3629 3691
f 3704 3634 3629
f 3639 3644 3621
f 3639 3644 3634
f 3584 3635 3518
f 3584 3540 3518
f 3584 3540 3635
f 3491 3429 3518
f 3491 3540 3518
f 3491 3540 3429
f 3399 3429 873
f 3399 3392 873
f 3399 3429 3518
f 3399 3392 3518
f 5192 5020 5142
f 5192 5319 5362
f 5192 5142 5319
f 5192 5384 5362
f 5192 5234 5384
f 5059 5234 5159
f 5059 5083 5159
f 5059 5192 5234
f 5059 5192 5020
f 5059 5083 4975
f 5059 4819 4975
f 5059 5020 4819
f 148 112 114
f 148 146 112
f 144 108 142
f 144 146 108
f 144 180 142
f 144 146 180
f 217 253 251
f 179 177 143
f 3940 4056 4045
f 3940 2508 3848
f 3940 2523 2508
f 3940 2523 4045
f 4211 4149 4198
f 4211 4234 4149
f 4211 4318 4198
f 4211 4234 4318
f 3716 3633 3703
f 3716 3974 3738
f 4065 4056 4149
f 257 221 219
f 257 259 298
f 333 294 331
f 333 296 294
f 333 369 335
f 333 335 298
f 333 296 298
f 333 367 331
f 333 367 369
f 3749 4035 3863
f 3749 3863 3519
f 3749 3670 3519
f 3749 3670 3945
f 3749 4035 3945
f 3972 4171 4012
f 3972 4134 4171
f 3972 4012 3899
f 4433 4308 4502
f 4433 4455 4352
f 4433 4604 4502
f 4433 4455 4604
f 4166 4280 4154
f 4166 4280 4352
f 185 183 219
f 185 221 219
f 185 221 187
f 185 187 149
f 185 147 149
f 185 147 183
f 223 259 225
f 223 225 187
f 223 221 187
f 223 257 259
f 223 257 221
f 3543 3548 3621
f 3543 3639 3621
f 3543 3639 3634
f 3543 3548 3464
f 3543 3464 3459
f 3543 3535 3459
f 3543 3634 3535
f 150 152 114
f 150 148 114
f 184 146 182
f 184 148 146
f 184 218 220
f 184 182 218
f 213 177 211
f 213 249 1287
f 213 211 1287
f 213 251 249
f 181 147 183
f 181 179 143
f 181 183 219
f 181 217 219
f 3967 3865 3848
f 3967 3940 3848
f 3967 3940 4056
f 3967 4065 4056
f 3641 3716 3633
f 3641 3620 3738
f 3641 3716 3738
f 3873 3865 3703
f 255 296 294
f 255 253 294
f 255 296 298
f 255 257 298
f 255 257 219
f 255 217 219
f 255 217 253
f 3906 3972 4134
f 3906 4086 3863
f 3906 4134 4086
f 3906 3972 3899
f 3906 3636 3899
f 3906 3519 3636
f 3906 3863 3519
f 4095 4166 4154
f 4095 4166 3974
f 4095 3974 3861
f 4095 4154 3918
f 4095 3861 3918
f 4237 4166 4352
f 4237 4433 4352
f 4237 4433 4308
f 186 152 188
f 186 150 152
f 186 150 148
f 186 184 148
f 186 188 224
f 186 222 224
f 186 222 220
f 186 184 220
f 215 179 177
f 215 213 177
f 215 181 217
f 215 181 179
f 215 217 251
f 215 213 251
f 145 181 143
f 145 181 147
f 145 143 109
f 145 147 109
f 3637 3620 3542
f 3637 3641 3620
f 3637 3633 3542
f 3637 3641 3633
f 3839 3716 3974
f 3839 3873 3974
f 3839 3716 3703
f 3839 3873 3703
f 3925 3873 3974
f 3925 3967 4065
f 3925 3967 3865
f 3925 3873 3865
f 4108 4166 3974
f 4108 4237 4166
f 4108 3925 3974
f 4108 3925 4065
f 4108 4237 4308
f 4108 4308 4149
f 4108 4065 4149
f 88 973 877
f 88 973 89
f 88 2 1
f 88 2 89
f 3825 5896 5892
f 3825 3824 5892
f 3825 3823 3775
f 3825 3824 3775
f 25 85 32
f 25 67 85
f 25 2 1
f 25 22 24
f 25 16 18
f 25 4 2
f 25 8 10
f 25 12 10
f 25 4 6
f 25 8 6
f 25 30 32
f 25 31 67
f 25 12 14
f 25 20 18
f 25 7 9
f 25 16 14
f 25 22 20
f 25 13 15
f 25 26 24
f 25 28 30
f 25 3 1
f 25 17 19
f 25 11 9
f 25 26 28
f 25 3 5
f 25 7 5
f 25 17 15
f 25 29 31
f 25 21 19
f 25 29 27
f 25 13 11
f 25 21 23
f 2523 3761 3770
f 2523 2453 2447
f 2523 2434 2447
f 2523 1894 1992
f 2523 3762 3823
f 2523 973 877
f 2523 3680 3673
f 2523 1854 1894
f 2523 2120 1992
f 2523 1393 1359
f 2523 1245 973
f 2523 3708 3735
f 2523 1552 1588
f 2523 1851 1808
f 2523 1391 1396
f 2523 3823 3775
f 2523 3301 3274
f 2523 3771 3775
f 2523 3074 3130
f 2523 1471 1508
f 2523 1245 1255
f 2523 3292 3361
f 2523 1315 1323
f 2523 1285 1312
f 2523 2637 2677
f 2523 3612 3554
f 2523 3680 3702
f 2523 1434 1431
f 2523 3214 3130
f 2523 1351 1359
f 2523 1854 1851
f 2523 3677 3706
f 2523 1802 1808
f 2523 1317 1351
f 2523 2539 2559
f 2523 2486 2490
f 2523 2770 2838
f 2523 2429 2120
f 2523 3741 3735
f 2523 3771 3770
f 2523 3708 3702
f 2523 1460 1427
f 2523 1393 1427
f 2523 1762 1799
f 2523 2441 2448
f 2523 1255 1287
f 2523 1802 1799
f 2523 1550 1546
f 2523 1315 1312
f 2523 1752 1764
f 2523 1253 1281
f 2523 1425 1396
f 2523 1218 877
f 2523 3502 3547
f 2523 2593 2585
f 2523 3077 3121
f 2523 2753 2847
f 2523 2434 2429
f 2523 3741 3759
f 2523 3761 3759
f 2523 2969 2956
f 2523 1720 1717
f 2523 3742 3706
f 2523 1471 1460
f 2523 2853 2838
f 2523 2168 1900
f 2523 3433 3361
f 2523 3499 3554
f 2523 1714 1675
f 2523 1317 1287
f 2523 1712 1717
f 2523 1285 1281
f 2523 1673 1669
f 2523 1425 1431
f 2523 1391 1387
f 2523 1327 1323
f 2523 1357 1387
f 2523 1467 1477
f 2523 3354 3366
f 2523 2563 2585
f 2523 2688 2677
f 2523 3011 3024
f 2523 3654 3673
f 2523 2492 2490
f 2523 3070 3024
f 2523 3677 3652
f 2523 3612 3652
f 2523 3132 3121
f 2523 1720 1758
f 2523 1762 1758
f 2523 1542 1508
f 2523 1664 1675
f 2523 2441 2168
f 2523 3499 3433
f 2523 3292 3214
f 2523 2960 3016
f 2523 3074 3016
f 2523 2898 2847
f 2523 1712 1679
f 2523 1673 1679
f 2523 1253 1248
f 2523 1220 1248
f 2523 1327 1354
f 2523 1357 1354
f 2523 1434 1463
f 2523 1506 1477
f 2523 2486 2482
f 2523 2453 2482
f 2523 1514 1546
f 2523 2510 2522
f 2523 2556 2542
f 2523 2538 2542
f 2523 2593 2627
f 2523 2637 2627
f 2523 2688 2750
f 2523 2770 2750
f 2523 2524 2522
f 2523 3420 3366
f 2523 3605 3618
f 2523 3557 3547
f 2523 3220 3274
f 2523 3649 3618
f 2523 3742 3762
f 2523 1586 1592
f 2523 2907 2956
f 2523 1626 1588
f 2523 1856 1900
f 2523 1804 1764
f 2523 2898 2960
f 2523 3441 3493
f 2523 1218 1220
f 2523 1467 1463
f 2523 1506 1511
f 2523 1514 1511
f 2523 2492 2507
f 2523 3502 3493
f 2523 2563 2556
f 2523 2524 2538
f 2523 2969 3011
f 2523 3557 3605
f 2523 3077 3070
f 2523 3220 3209
f 2523 3132 3209
f 2523 3654 3649
f 2523 2853 2892
f 2523 1586 1583
f 2523 1550 1583
f 2523 1596 1592
f 2523 1552 1542
f 2523 1664 1626
f 2523 1856 1848
f 2523 1804 1848
f 2523 1752 1714
f 2523 1634 1669
f 2523 2753 2680
f 2523 2510 2507
f 2523 3301 3354
f 2523 2483 2448
f 2523 2907 2892
f 2523 1596 1631
f 2523 1634 1631
f 2523 2587 2559
f 2523 2491 2508
f 2523 2629 2680
f 2523 3441 3420
f 2523 2483 2491
f 2523 2587 2629
f 5379 875 821
f 5379 5896 5892
f 5379 4141 875
f 5379 4944 5073
f 5379 591 557
f 5379 5886 5892
f 5379 4619 4580
f 5379 5008 4943
f 5379 67 85
f 5379 5831 5896
f 5379 4142 876
f 5379 5490 5614
f 5379 656 692
f 5379 4164 4254
f 5379 228 264
f 5379 551 557
f 5379 343 309
f 5379 120 67
f 5379 5872 5886
f 5379 5174 5273
f 5379 781 779
f 5379 822 876
f 5379 195 229
f 5379 4857 4943
f 5379 4798 4720
f 5379 4521 4580
f 5379 4363 4255
f 5379 422 378
f 5379 192 156
f 5379 639 643
f 5379 123 157
f 5379 305 264
f 5379 5741 5757
f 5379 5830 5757
f 5379 5378 5273
f 5379 4361 4417
f 5379 4476 4417
f 5379 5008 5072
f 5379 5651 5614
f 5379 4164 4141
f 5379 5145 5072
f 5379 5274 5246
f 5379 122 156
f 5379 424 426
f 5379 783 817
f 5379 5146 5073
f 5379 4687 4581
f 5379 306 309
f 5379 820 818
f 5379 5872 5830
f 5379 5490 5378
f 5379 87 85
f 5379 4296 4254
f 5379 4521 4476
f 5379 4686 4720
f 5379 5820 5758
f 5379 342 308
f 5379 344 378
f 5379 504 506
f 5379 305 308
f 5379 122 120
f 5379 192 228
f 5379 819 821
f 5379 655 643
f 5379 511 506
f 5379 384 423
f 5379 345 379
f 5379 4165 4255
f 5379 123 121
f 5379 87 121
f 5379 4798 4857
f 5379 4296 4361
f 5379 4686 4619
f 5379 5145 5174
f 5379 5831 5820
f 5379 344 342
f 5379 462 467
f 5379 504 467
f 5379 424 422
f 5379 819 817
f 5379 460 426
f 5379 655 691
f 5379 697 691
f 5379 745 779
f 5379 511 549
f 5379 551 549
f 5379 384 379
f 5379 159 157
f 5379 558 552
f 5379 265 229
f 5379 746 780
f 5379 463 461
f 5379 4165 4142
f 5379 4687 4799
f 5379 4944 4799
f 5379 195 193
f 5379 5651 5741
f 5379 5650 5758
f 5379 460 462
f 5379 783 781
f 5379 745 697
f 5379 595 603
f 5379 345 343
f 5379 427 461
f 5379 425 423
f 5379 698 692
f 5379 782 780
f 5379 596 604
f 5379 640 604
f 5379 505 507
f 5379 512 507
f 5379 4477 4581
f 5379 159 193
f 5379 591 595
f 5379 639 603
f 5379 425 427
f 5379 5491 5471
f 5379 746 698
f 5379 267 265
f 5379 820 822
f 5379 596 592
f 5379 558 592
f 5379 640 644
f 5379 656 644
f 5379 505 468
f 5379 463 468
f 5379 784 818
f 5379 4477 4363
f 5379 550 552
f 5379 5175 5246
f 5379 5491 5650
f 5379 267 306
f 5379 784 782
f 5379 550 512
f 5379 5274 5357
f 5379 5146 5175
